source_n,image_gap,gap_parity,derivative_approximation,floor_error
1,4,0,3,1
3,6,0,3,3
5,7,1,6,1
7,9,1,6,3
9,9,1,9,0
11,10,0,9,1
13,12,0,9,3
15,12,0,9,3
17,12,0,12,0
19,14,0,12,2
21,14,0,12,2
23,15,1,12,3
25,15,1,15,0
27,16,0,15,1
29,16,0,15,1
31,17,1,15,2
33,18,0,15,3
35,18,0,15,3
37,18,0,18,0
39,19,1,18,1
41,19,1,18,1
43,20,0,18,2
45,21,1,18,3
47,21,1,18,3
49,21,1,21,0
51,21,1,21,0
53,22,0,21,1
55,23,1,21,2
57,23,1,21,2
59,23,1,21,2
61,24,0,21,3
63,24,0,21,3
65,24,0,24,0
67,25,1,24,1
69,25,1,24,1
71,25,1,24,1
73,26,0,24,2
75,26,0,24,2
77,27,1,24,3
79,27,1,24,3
81,27,1,27,0
83,27,1,27,0
85,28,0,27,1
87,28,0,27,1
89,29,1,27,2
91,28,0,27,1
93,29,1,27,2
95,30,0,27,3
97,30,0,27,3
99,30,0,27,3
101,30,0,30,0
103,30,0,30,0
105,31,1,30,1
107,31,1,30,1
109,32,0,30,2
111,32,0,30,2
113,32,0,30,2
115,32,0,30,2
117,33,1,30,3
119,33,1,30,3
121,33,1,33,0
123,33,1,33,0
125,34,0,33,1
127,34,0,33,1
129,34,0,33,1
131,34,0,33,1
133,35,1,33,2
135,35,1,33,2
137,35,1,33,2
139,36,0,33,3
141,36,0,33,3
143,36,0,33,3
145,36,0,36,0
147,36,0,36,0
149,37,1,36,1
151,37,1,36,1
153,37,1,36,1
155,38,0,36,2
157,37,1,36,1
159,38,0,36,2
161,39,1,36,3
163,38,0,36,2
165,39,1,36,3
167,39,1,36,3
169,39,1,39,0
171,39,1,39,0
173,40,0,39,1
175,39,1,39,0
177,40,0,39,1
179,41,1,39,2
181,40,0,39,1
183,41,1,39,2
185,41,1,39,2
187,41,1,39,2
189,41,1,39,2
191,42,0,39,3
193,42,0,39,3
195,42,0,39,3
197,42,0,42,0
199,42,0,42,0
201,43,1,42,1
203,43,1,42,1
205,43,1,42,1
207,43,1,42,1
209,43,1,42,1
211,44,0,42,2
213,44,0,42,2
215,44,0,42,2
217,44,0,42,2
219,45,1,42,3
221,45,1,42,3
223,45,1,42,3
225,45,1,45,0
227,45,1,45,0
229,45,1,45,0
231,46,0,45,1
233,46,0,45,1
235,46,0,45,1
237,46,0,45,1
239,47,1,45,2
241,46,0,45,1
243,47,1,45,2
245,47,1,45,2
247,48,0,45,3
249,47,1,45,2
251,48,0,45,3
253,48,0,45,3
255,48,0,45,3
257,48,0,48,0
259,48,0,48,0
261,49,1,48,1
263,48,0,48,0
265,49,1,48,1
267,49,1,48,1
269,50,0,48,2
271,49,1,48,1
273,50,0,48,2
275,50,0,48,2
277,50,0,48,2
279,50,0,48,2
281,50,0,48,2
283,51,1,48,3
285,51,1,48,3
287,51,1,48,3
289,51,1,51,0
291,51,1,51,0
293,51,1,51,0
295,52,0,51,1
297,52,0,51,1
299,52,0,51,1
301,52,0,51,1
303,52,0,51,1
305,53,1,51,2
307,52,0,51,1
309,53,1,51,2
311,53,1,51,2
313,53,1,51,2
315,54,0,51,3
317,53,1,51,2
319,54,0,51,3
321,54,0,51,3
323,54,0,51,3
325,54,0,54,0
327,54,0,54,0
329,55,1,54,1
331,54,0,54,0
333,55,1,54,1
335,55,1,54,1
337,55,1,54,1
339,55,1,54,1
341,56,0,54,2
343,56,0,54,2
345,55,1,54,1
347,56,0,54,2
349,56,0,54,2
351,57,1,54,3
353,56,0,54,2
355,57,1,54,3
357,57,1,54,3
359,57,1,54,3
361,57,1,57,0
363,57,1,57,0
365,57,1,57,0
367,58,0,57,1
369,57,1,57,0
371,58,0,57,1
373,58,0,57,1
375,59,1,57,2
377,58,0,57,1
379,58,0,57,1
381,59,1,57,2
383,59,1,57,2
385,59,1,57,2
387,59,1,57,2
389,59,1,57,2
391,59,1,57,2
393,60,0,57,3
395,60,0,57,3
397,60,0,57,3
399,60,0,57,3
401,60,0,60,0
403,60,0,60,0
405,60,0,60,0
407,61,1,60,1
409,61,1,60,1
411,61,1,60,1
413,61,1,60,1
415,61,1,60,1
417,61,1,60,1
419,62,0,60,2
421,61,1,60,1
423,62,0,60,2
425,62,0,60,2
427,62,0,60,2
429,62,0,60,2
431,63,1,60,3
433,62,0,60,2
435,63,1,60,3
437,63,1,60,3
439,63,1,60,3
441,63,1,63,0
443,63,1,63,0
445,63,1,63,0
447,64,0,63,1
449,63,1,63,0
451,64,0,63,1
453,64,0,63,1
455,64,0,63,1
457,64,0,63,1
459,65,1,63,2
461,64,0,63,1
463,65,1,63,2
465,64,0,63,1
467,65,1,63,2
469,65,1,63,2
471,66,0,63,3
473,65,1,63,2
475,65,1,63,2
477,66,0,63,3
479,66,0,63,3
481,66,0,63,3
483,66,0,63,3
485,66,0,66,0
487,66,0,66,0
489,66,0,66,0
491,67,1,66,1
493,67,1,66,1
495,66,0,66,0
497,67,1,66,1
499,67,1,66,1
501,68,0,66,2
503,67,1,66,1
505,67,1,66,1
507,68,0,66,2
509,68,0,66,2
511,68,0,66,2
513,68,0,66,2
515,68,0,66,2
517,68,0,66,2
519,69,1,66,3
521,68,0,66,2
523,69,1,66,3
525,69,1,66,3
527,69,1,66,3
529,69,1,69,0
531,69,1,69,0
533,69,1,69,0
535,70,0,69,1
537,69,1,69,0
539,70,0,69,1
541,70,0,69,1
543,70,0,69,1
545,70,0,69,1
547,70,0,69,1
549,70,0,69,1
551,71,1,69,2
553,70,0,69,1
555,71,1,69,2
557,71,1,69,2
559,71,1,69,2
561,71,1,69,2
563,71,1,69,2
565,72,0,69,3
567,71,1,69,2
569,72,0,69,3
571,72,0,69,3
573,72,0,69,3
575,72,0,69,3
577,72,0,72,0
579,72,0,72,0
581,72,0,72,0
583,73,1,72,1
585,72,0,72,0
587,73,1,72,1
589,73,1,72,1
591,73,1,72,1
593,73,1,72,1
595,73,1,72,1
597,74,0,72,2
599,73,1,72,1
601,74,0,72,2
603,74,0,72,2
605,73,1,72,1
607,74,0,72,2
609,74,0,72,2
611,75,1,72,3
613,74,0,72,2
615,74,0,72,2
617,75,1,72,3
619,75,1,72,3
621,75,1,72,3
623,75,1,72,3
625,75,1,75,0
627,75,1,75,0
629,75,1,75,0
631,75,1,75,0
633,76,0,75,1
635,76,0,75,1
637,75,1,75,0
639,76,0,75,1
641,76,0,75,1
643,76,0,75,1
645,77,1,75,2
647,76,0,75,1
649,77,1,75,2
651,76,0,75,1
653,77,1,75,2
655,77,1,75,2
657,77,1,75,2
659,77,1,75,2
661,77,1,75,2
663,77,1,75,2
665,78,0,75,3
667,77,1,75,2
669,78,0,75,3
671,78,0,75,3
673,78,0,75,3
675,78,0,75,3
677,78,0,78,0
679,78,0,78,0
681,78,0,78,0
683,79,1,78,1
685,78,0,78,0
687,79,1,78,1
689,79,1,78,1
691,79,1,78,1
693,79,1,78,1
695,79,1,78,1
697,79,1,78,1
699,79,1,78,1
701,80,0,78,2
703,80,0,78,2
705,79,1,78,1
707,80,0,78,2
709,80,0,78,2
711,80,0,78,2
713,80,0,78,2
715,81,1,78,3
717,80,0,78,2
719,80,0,78,2
721,81,1,78,3
723,81,1,78,3
725,81,1,78,3
727,81,1,78,3
729,81,1,81,0
731,81,1,81,0
733,81,1,81,0
735,81,1,81,0
737,82,0,81,1
739,81,1,81,0
741,82,0,81,1
743,82,0,81,1
745,82,0,81,1
747,82,0,81,1
749,82,0,81,1
751,82,0,81,1
753,83,1,81,2
755,82,0,81,1
757,83,1,81,2
759,83,1,81,2
761,82,0,81,1
763,83,1,81,2
765,83,1,81,2
767,84,0,81,3
769,83,1,81,2
771,83,1,81,2
773,84,0,81,3
775,83,1,81,2
777,84,0,81,3
779,84,0,81,3
781,84,0,81,3
783,84,0,81,3
785,84,0,84,0
787,84,0,84,0
789,84,0,84,0
791,85,1,84,1
793,84,0,84,0
795,85,1,84,1
797,85,1,84,1
799,84,0,84,0
801,85,1,84,1
803,85,1,84,1
805,86,0,84,2
807,85,1,84,1
809,85,1,84,1
811,86,0,84,2
813,85,1,84,1
815,86,0,84,2
817,86,0,84,2
819,86,0,84,2
821,86,0,84,2
823,86,0,84,2
825,86,0,84,2
827,86,0,84,2
829,87,1,84,3
831,86,0,84,2
833,87,1,84,3
835,87,1,84,3
837,87,1,84,3
839,87,1,84,3
841,87,1,87,0
843,87,1,87,0
845,87,1,87,0
847,87,1,87,0
849,88,0,87,1
851,87,1,87,0
853,88,0,87,1
855,88,0,87,1
857,88,0,87,1
859,88,0,87,1
861,88,0,87,1
863,88,0,87,1
865,88,0,87,1
867,89,1,87,2
869,88,0,87,1
871,89,1,87,2
873,88,0,87,1
875,89,1,87,2
877,89,1,87,2
879,89,1,87,2
881,89,1,87,2
883,89,1,87,2
885,90,0,87,3
887,89,1,87,2
889,90,0,87,3
891,89,1,87,2
893,90,0,87,3
895,90,0,87,3
897,90,0,87,3
899,90,0,87,3
901,90,0,90,0
903,90,0,90,0
905,90,0,90,0
907,91,1,90,1
909,90,0,90,0
911,91,1,90,1
913,90,0,90,0
915,91,1,90,1
917,91,1,90,1
919,91,1,90,1
921,91,1,90,1
923,91,1,90,1
925,92,0,90,2
927,91,1,90,1
929,91,1,90,1
931,92,0,90,2
933,92,0,90,2
935,91,1,90,1
937,92,0,90,2
939,92,0,90,2
941,92,0,90,2
943,93,1,90,3
945,92,0,90,2
947,92,0,90,2
949,93,1,90,3
951,92,0,90,2
953,93,1,90,3
955,93,1,90,3
957,93,1,90,3
959,93,1,90,3
961,93,1,93,0
963,93,1,93,0
965,93,1,93,0
967,93,1,93,0
969,94,0,93,1
971,93,1,93,0
973,94,0,93,1
975,94,0,93,1
977,93,1,93,0
979,94,0,93,1
981,94,0,93,1
983,94,0,93,1
985,95,1,93,2
987,94,0,93,1
989,94,0,93,1
991,95,1,93,2
993,94,0,93,1
995,95,1,93,2
997,95,1,93,2
999,95,1,93,2
1001,95,1,93,2
1003,95,1,93,2
1005,95,1,93,2
1007,95,1,93,2
1009,95,1,93,2
1011,96,0,93,3
1013,95,1,93,2
1015,96,0,93,3
1017,96,0,93,3
1019,96,0,93,3
1021,96,0,93,3
1023,96,0,93,3
1025,96,0,96,0
1027,96,0,96,0
1029,96,0,96,0
1031,96,0,96,0
1033,97,1,96,1
1035,96,0,96,0
1037,97,1,96,1
1039,97,1,96,1
1041,97,1,96,1
1043,97,1,96,1
1045,97,1,96,1
1047,97,1,96,1
1049,97,1,96,1
1051,97,1,96,1
1053,98,0,96,2
1055,97,1,96,1
1057,98,0,96,2
1059,97,1,96,1
1061,98,0,96,2
1063,98,0,96,2
1065,98,0,96,2
1067,98,0,96,2
1069,98,0,96,2
1071,98,0,96,2
1073,99,1,96,3
1075,98,0,96,2
1077,99,1,96,3
1079,98,0,96,2
1081,99,1,96,3
1083,99,1,96,3
1085,99,1,96,3
1087,99,1,96,3
1089,99,1,99,0
1091,99,1,99,0
1093,99,1,99,0
1095,99,1,99,0
1097,100,0,99,1
1099,99,1,99,0
1101,100,0,99,1
1103,99,1,99,0
1105,100,0,99,1
1107,100,0,99,1
1109,100,0,99,1
1111,100,0,99,1
1113,100,0,99,1
1115,100,0,99,1
1117,101,1,99,2
1119,100,0,99,1
1121,101,1,99,2
1123,100,0,99,1
1125,101,1,99,2
1127,101,1,99,2
1129,100,0,99,1
1131,101,1,99,2
1133,101,1,99,2
1135,101,1,99,2
1137,102,0,99,3
1139,101,1,99,2
1141,101,1,99,2
1143,102,0,99,3
1145,101,1,99,2
1147,102,0,99,3
1149,102,0,99,3
1151,102,0,99,3
1153,102,0,99,3
1155,102,0,99,3
1157,102,0,102,0
1159,102,0,102,0
1161,102,0,102,0
1163,102,0,102,0
1165,103,1,102,1
1167,102,0,102,0
1169,103,1,102,1
1171,103,1,102,1
1173,102,0,102,0
1175,103,1,102,1
1177,103,1,102,1
1179,103,1,102,1
1181,104,0,102,2
1183,103,1,102,1
1185,103,1,102,1
1187,103,1,102,1
1189,104,0,102,2
1191,104,0,102,2
1193,103,1,102,1
1195,104,0,102,2
1197,104,0,102,2
1199,104,0,102,2
1201,104,0,102,2
1203,104,0,102,2
1205,104,0,102,2
1207,104,0,102,2
1209,105,1,102,3
1211,104,0,102,2
1213,105,1,102,3
1215,104,0,102,2
1217,105,1,102,3
1219,105,1,102,3
1221,105,1,102,3
1223,105,1,102,3
1225,105,1,105,0
1227,105,1,105,0
1229,105,1,105,0
1231,105,1,105,0
1233,106,0,105,1
1235,105,1,105,0
1237,106,0,105,1
1239,105,1,105,0
1241,106,0,105,1
1243,106,0,105,1
1245,106,0,105,1
1247,106,0,105,1
1249,106,0,105,1
1251,106,0,105,1
1253,106,0,105,1
1255,106,0,105,1
1257,107,1,105,2
1259,106,0,105,1
1261,107,1,105,2
1263,107,1,105,2
1265,106,0,105,1
1267,107,1,105,2
1269,107,1,105,2
1271,107,1,105,2
1273,107,1,105,2
1275,107,1,105,2
1277,108,0,105,3
1279,107,1,105,2
1281,107,1,105,2
1283,108,0,105,3
1285,107,1,105,2
1287,108,0,105,3
1289,108,0,105,3
1291,108,0,105,3
1293,108,0,105,3
1295,108,0,105,3
1297,108,0,108,0
1299,108,0,108,0
1301,108,0,108,0
1303,108,0,108,0
1305,109,1,108,1
1307,108,0,108,0
1309,109,1,108,1
1311,109,1,108,1
1313,108,0,108,0
1315,109,1,108,1
1317,109,1,108,1
1319,109,1,108,1
1321,109,1,108,1
1323,109,1,108,1
1325,109,1,108,1
1327,110,0,108,2
1329,109,1,108,1
1331,110,0,108,2
1333,109,1,108,1
1335,110,0,108,2
1337,110,0,108,2
1339,109,1,108,1
1341,110,0,108,2
1343,110,0,108,2
1345,110,0,108,2
1347,111,1,108,3
1349,110,0,108,2
1351,110,0,108,2
1353,110,0,108,2
1355,111,1,108,3
1357,111,1,108,3
1359,110,0,108,2
1361,111,1,108,3
1363,111,1,108,3
1365,111,1,108,3
1367,111,1,108,3
1369,111,1,111,0
1371,111,1,111,0
1373,111,1,111,0
1375,111,1,111,0
1377,112,0,111,1
1379,111,1,111,0
1381,111,1,111,0
1383,112,0,111,1
1385,112,0,111,1
1387,112,0,111,1
1389,111,1,111,0
1391,112,0,111,1
1393,112,0,111,1
1395,112,0,111,1
1397,113,1,111,2
1399,112,0,111,1
1401,112,0,111,1
1403,113,1,111,2
1405,112,0,111,1
1407,113,1,111,2
1409,112,0,111,1
1411,113,1,111,2
1413,113,1,111,2
1415,113,1,111,2
1417,113,1,111,2
1419,113,1,111,2
1421,113,1,111,2
1423,113,1,111,2
1425,113,1,111,2
1427,114,0,111,3
1429,113,1,111,2
1431,114,0,111,3
1433,113,1,111,2
1435,114,0,111,3
1437,114,0,111,3
1439,114,0,111,3
1441,114,0,111,3
1443,114,0,111,3
1445,114,0,114,0
1447,114,0,114,0
1449,114,0,114,0
1451,114,0,114,0
1453,115,1,114,1
1455,114,0,114,0
1457,115,1,114,1
1459,114,0,114,0
1461,115,1,114,1
1463,115,1,114,1
1465,115,1,114,1
1467,115,1,114,1
1469,115,1,114,1
1471,115,1,114,1
1473,115,1,114,1
1475,115,1,114,1
1477,116,0,114,2
1479,115,1,114,1
1481,115,1,114,1
1483,116,0,114,2
1485,116,0,114,2
1487,115,1,114,1
1489,116,0,114,2
1491,116,0,114,2
1493,116,0,114,2
1495,116,0,114,2
1497,116,0,114,2
1499,116,0,114,2
1501,117,1,114,3
1503,116,0,114,2
1505,116,0,114,2
1507,117,1,114,3
1509,116,0,114,2
1511,117,1,114,3
1513,117,1,114,3
1515,117,1,114,3
1517,117,1,114,3
1519,117,1,114,3
1521,117,1,117,0
1523,117,1,117,0
1525,117,1,117,0
1527,117,1,117,0
1529,117,1,117,0
1531,118,0,117,1
1533,117,1,117,0
1535,118,0,117,1
1537,118,0,117,1
1539,117,1,117,0
1541,118,0,117,1
1543,118,0,117,1
1545,118,0,117,1
1547,118,0,117,1
1549,118,0,117,1
1551,118,0,117,1
1553,119,1,117,2
1555,118,0,117,1
1557,118,0,117,1
1559,119,1,117,2
1561,118,0,117,1
1563,119,1,117,2
1565,119,1,117,2
1567,119,1,117,2
1569,118,0,117,1
1571,119,1,117,2
1573,119,1,117,2
1575,119,1,117,2
1577,120,0,117,3
1579,119,1,117,2
1581,119,1,117,2
1583,120,0,117,3
1585,119,1,117,2
1587,120,0,117,3
1589,119,1,117,2
1591,120,0,117,3
1593,120,0,117,3
1595,120,0,117,3
1597,120,0,117,3
1599,120,0,117,3
1601,120,0,120,0
1603,120,0,120,0
1605,120,0,120,0
1607,120,0,120,0
1609,121,1,120,1
1611,120,0,120,0
1613,121,1,120,1
1615,120,0,120,0
1617,121,1,120,1
1619,121,1,120,1
1621,120,0,120,0
1623,121,1,120,1
1625,121,1,120,1
1627,121,1,120,1
1629,121,1,120,1
1631,122,0,120,2
1633,121,1,120,1
1635,121,1,120,1
1637,122,0,120,2
1639,121,1,120,1
1641,122,0,120,2
1643,121,1,120,1
1645,122,0,120,2
1647,122,0,120,2
1649,122,0,120,2
1651,122,0,120,2
1653,122,0,120,2
1655,122,0,120,2
1657,122,0,120,2
1659,122,0,120,2
1661,122,0,120,2
1663,123,1,120,3
1665,122,0,120,2
1667,123,1,120,3
1669,122,0,120,2
1671,123,1,120,3
1673,123,1,120,3
1675,123,1,120,3
1677,123,1,120,3
1679,123,1,120,3
1681,123,1,123,0
1683,123,1,123,0
1685,123,1,123,0
1687,123,1,123,0
1689,123,1,123,0
1691,124,0,123,1
1693,123,1,123,0
1695,124,0,123,1
1697,123,1,123,0
1699,124,0,123,1
1701,124,0,123,1
1703,124,0,123,1
1705,124,0,123,1
1707,124,0,123,1
1709,124,0,123,1
1711,124,0,123,1
1713,124,0,123,1
1715,124,0,123,1
1717,125,1,123,2
1719,124,0,123,1
1721,125,1,123,2
1723,124,0,123,1
1725,125,1,123,2
1727,124,0,123,1
1729,125,1,123,2
1731,125,1,123,2
1733,125,1,123,2
1735,125,1,123,2
1737,125,1,123,2
1739,125,1,123,2
1741,125,1,123,2
1743,126,0,123,3
1745,125,1,123,2
1747,126,0,123,3
1749,125,1,123,2
1751,126,0,123,3
1753,125,1,123,2
1755,126,0,123,3
1757,126,0,123,3
1759,126,0,123,3
1761,126,0,123,3
1763,126,0,123,3
1765,126,0,126,0
1767,126,0,126,0
1769,126,0,126,0
1771,126,0,126,0
1773,127,1,126,1
1775,126,0,126,0
1777,127,1,126,1
1779,126,0,126,0
1781,127,1,126,1
1783,126,0,126,0
1785,127,1,126,1
1787,127,1,126,1
1789,127,1,126,1
1791,127,1,126,1
1793,127,1,126,1
1795,127,1,126,1
1797,127,1,126,1
1799,128,0,126,2
1801,127,1,126,1
1803,127,1,126,1
1805,128,0,126,2
1807,128,0,126,2
1809,127,1,126,1
1811,128,0,126,2
1813,128,0,126,2
1815,127,1,126,1
1817,128,0,126,2
1819,128,0,126,2
1821,128,0,126,2
1823,129,1,126,3
1825,128,0,126,2
1827,128,0,126,2
1829,128,0,126,2
1831,129,1,126,3
1833,128,0,126,2
1835,129,1,126,3
1837,128,0,126,2
1839,129,1,126,3
1841,129,1,126,3
1843,129,1,126,3
1845,129,1,126,3
1847,129,1,126,3
1849,129,1,129,0
1851,129,1,129,0
1853,129,1,129,0
1855,129,1,129,0
1857,129,1,129,0
1859,130,0,129,1
1861,129,1,129,0
1863,130,0,129,1
1865,129,1,129,0
1867,130,0,129,1
1869,130,0,129,1
1871,130,0,129,1
1873,129,1,129,0
1875,130,0,129,1
1877,130,0,129,1
1879,130,0,129,1
1881,131,1,129,2
1883,130,0,129,1
1885,130,0,129,1
1887,130,0,129,1
1889,131,1,129,2
1891,130,0,129,1
1893,131,1,129,2
1895,131,1,129,2
1897,130,0,129,1
1899,131,1,129,2
1901,131,1,129,2
1903,131,1,129,2
1905,131,1,129,2
1907,131,1,129,2
1909,131,1,129,2
1911,131,1,129,2
1913,131,1,129,2
1915,132,0,129,3
1917,131,1,129,2
1919,131,1,129,2
1921,132,0,129,3
1923,132,0,129,3
1925,131,1,129,2
1927,132,0,129,3
1929,132,0,129,3
1931,132,0,129,3
1933,132,0,129,3
1935,132,0,129,3
1937,132,0,132,0
1939,132,0,132,0
1941,132,0,132,0
1943,132,0,132,0
1945,133,1,132,1
1947,132,0,132,0
1949,132,0,132,0
1951,133,1,132,1
1953,133,1,132,1
1955,132,0,132,0
1957,133,1,132,1
1959,133,1,132,1
1961,133,1,132,1
1963,133,1,132,1
1965,133,1,132,1
1967,133,1,132,1
1969,133,1,132,1
1971,133,1,132,1
1973,133,1,132,1
1975,134,0,132,2
1977,133,1,132,1
1979,134,0,132,2
1981,133,1,132,1
1983,134,0,132,2
1985,134,0,132,2
1987,133,1,132,1
1989,134,0,132,2
1991,134,0,132,2
1993,134,0,132,2
1995,134,0,132,2
1997,134,0,132,2
1999,134,0,132,2
2001,135,1,132,3
2003,134,0,132,2
2005,134,0,132,2
2007,135,1,132,3
2009,134,0,132,2
2011,135,1,132,3
2013,134,0,132,2
2015,135,1,132,3
2017,135,1,132,3
2019,135,1,132,3
2021,135,1,132,3
2023,135,1,132,3
2025,135,1,135,0
2027,135,1,135,0
2029,135,1,135,0
2031,135,1,135,0
2033,135,1,135,0
2035,136,0,135,1
2037,135,1,135,0
2039,136,0,135,1
2041,135,1,135,0
2043,136,0,135,1
2045,136,0,135,1
2047,135,1,135,0
2049,136,0,135,1
2051,136,0,135,1
2053,136,0,135,1
2055,136,0,135,1
2057,136,0,135,1
2059,136,0,135,1
2061,136,0,135,1
2063,137,1,135,2
2065,136,0,135,1
2067,137,1,135,2
2069,136,0,135,1
2071,137,1,135,2
2073,136,0,135,1
2075,137,1,135,2
2077,137,1,135,2
2079,137,1,135,2
2081,136,0,135,1
2083,137,1,135,2
2085,137,1,135,2
2087,137,1,135,2
2089,138,0,135,3
2091,137,1,135,2
2093,137,1,135,2
2095,137,1,135,2
2097,138,0,135,3
2099,137,1,135,2
2101,138,0,135,3
2103,137,1,135,2
2105,138,0,135,3
2107,138,0,135,3
2109,138,0,135,3
2111,138,0,135,3
2113,138,0,135,3
2115,138,0,135,3
2117,138,0,138,0
2119,138,0,138,0
2121,138,0,138,0
2123,138,0,138,0
2125,138,0,138,0
2127,139,1,138,1
2129,138,0,138,0
2131,139,1,138,1
2133,138,0,138,0
2135,139,1,138,1
2137,139,1,138,1
2139,139,1,138,1
2141,138,0,138,0
2143,139,1,138,1
2145,139,1,138,1
2147,139,1,138,1
2149,139,1,138,1
2151,140,0,138,2
2153,139,1,138,1
2155,139,1,138,1
2157,140,0,138,2
2159,139,1,138,1
2161,139,1,138,1
2163,140,0,138,2
2165,140,0,138,2
2167,139,1,138,1
2169,140,0,138,2
2171,140,0,138,2
2173,140,0,138,2
2175,140,0,138,2
2177,140,0,138,2
2179,140,0,138,2
2181,140,0,138,2
2183,140,0,138,2
2185,140,0,138,2
2187,141,1,138,3
2189,140,0,138,2
2191,141,1,138,3
2193,140,0,138,2
2195,141,1,138,3
2197,140,0,138,2
2199,141,1,138,3
2201,141,1,138,3
2203,141,1,138,3
2205,141,1,138,3
2207,141,1,138,3
2209,141,1,141,0
2211,141,1,141,0
2213,141,1,141,0
2215,141,1,141,0
2217,141,1,141,0
2219,142,0,141,1
2221,141,1,141,0
2223,142,0,141,1
2225,141,1,141,0
2227,142,0,141,1
2229,141,1,141,0
2231,142,0,141,1
2233,142,0,141,1
2235,142,0,141,1
2237,142,0,141,1
2239,142,0,141,1
2241,142,0,141,1
2243,142,0,141,1
2245,142,0,141,1
2247,142,0,141,1
2249,143,1,141,2
2251,142,0,141,1
2253,142,0,141,1
2255,143,1,141,2
2257,142,0,141,1
2259,143,1,141,2
2261,143,1,141,2
2263,142,0,141,1
2265,143,1,141,2
2267,143,1,141,2
2269,143,1,141,2
2271,143,1,141,2
2273,143,1,141,2
2275,143,1,141,2
2277,143,1,141,2
2279,144,0,141,3
2281,143,1,141,2
2283,143,1,141,2
2285,144,0,141,3
2287,143,1,141,2
2289,144,0,141,3
2291,143,1,141,2
2293,144,0,141,3
2295,144,0,141,3
2297,144,0,141,3
2299,144,0,141,3
2301,144,0,141,3
2303,144,0,141,3
2305,144,0,144,0
2307,144,0,144,0
2309,144,0,144,0
2311,144,0,144,0
2313,144,0,144,0
2315,145,1,144,1
2317,144,0,144,0
2319,145,1,144,1
2321,144,0,144,0
2323,145,1,144,1
2325,145,1,144,1
2327,144,0,144,0
2329,145,1,144,1
2331,145,1,144,1
2333,145,1,144,1
2335,145,1,144,1
2337,145,1,144,1
2339,145,1,144,1
2341,145,1,144,1
2343,146,0,144,2
2345,145,1,144,1
2347,145,1,144,1
2349,146,0,144,2
2351,145,1,144,1
2353,146,0,144,2
2355,145,1,144,1
2357,146,0,144,2
2359,146,0,144,2
2361,146,0,144,2
2363,145,1,144,1
2365,146,0,144,2
2367,146,0,144,2
2369,146,0,144,2
2371,147,1,144,3
2373,146,0,144,2
2375,146,0,144,2
2377,146,0,144,2
2379,147,1,144,3
2381,146,0,144,2
2383,146,0,144,2
2385,147,1,144,3
2387,147,1,144,3
2389,146,0,144,2
2391,147,1,144,3
2393,147,1,144,3
2395,147,1,144,3
2397,147,1,144,3
2399,147,1,144,3
2401,147,1,147,0
2403,147,1,147,0
2405,147,1,147,0
2407,147,1,147,0
2409,147,1,147,0
2411,148,0,147,1
2413,147,1,147,0
2415,147,1,147,0
2417,148,0,147,1
2419,148,0,147,1
2421,147,1,147,0
2423,148,0,147,1
2425,148,0,147,1
2427,147,1,147,0
2429,148,0,147,1
2431,148,0,147,1
2433,148,0,147,1
2435,148,0,147,1
2437,149,1,147,2
2439,148,0,147,1
2441,148,0,147,1
2443,148,0,147,1
2445,149,1,147,2
2447,148,0,147,1
2449,149,1,147,2
2451,148,0,147,1
2453,149,1,147,2
2455,148,0,147,1
2457,149,1,147,2
2459,149,1,147,2
2461,149,1,147,2
2463,149,1,147,2
2465,149,1,147,2
2467,149,1,147,2
2469,149,1,147,2
2471,149,1,147,2
2473,149,1,147,2
2475,149,1,147,2
2477,150,0,147,3
2479,149,1,147,2
2481,150,0,147,3
2483,149,1,147,2
2485,150,0,147,3
2487,149,1,147,2
2489,150,0,147,3
2491,150,0,147,3
2493,150,0,147,3
2495,150,0,147,3
2497,150,0,147,3
2499,150,0,147,3
2501,150,0,150,0
2503,150,0,150,0
2505,150,0,150,0
2507,150,0,150,0
2509,150,0,150,0
2511,151,1,150,1
2513,150,0,150,0
2515,151,1,150,1
2517,150,0,150,0
2519,151,1,150,1
2521,150,0,150,0
2523,151,1,150,1
2525,151,1,150,1
2527,151,1,150,1
2529,151,1,150,1
2531,151,1,150,1
2533,151,1,150,1
2535,151,1,150,1
2537,151,1,150,1
2539,151,1,150,1
2541,151,1,150,1
2543,152,0,150,2
2545,151,1,150,1
2547,151,1,150,1
2549,152,0,150,2
2551,151,1,150,1
2553,152,0,150,2
2555,152,0,150,2
2557,152,0,150,2
2559,151,1,150,1
2561,152,0,150,2
2563,152,0,150,2
2565,152,0,150,2
2567,152,0,150,2
2569,152,0,150,2
2571,152,0,150,2
2573,152,0,150,2
2575,153,1,150,3
2577,152,0,150,2
2579,152,0,150,2
2581,153,1,150,3
2583,152,0,150,2
2585,153,1,150,3
2587,153,1,150,3
2589,152,0,150,2
2591,153,1,150,3
2593,153,1,150,3
2595,153,1,150,3
2597,153,1,150,3
2599,153,1,150,3
2601,153,1,153,0
2603,153,1,153,0
2605,153,1,153,0
2607,153,1,153,0
2609,153,1,153,0
2611,154,0,153,1
2613,153,1,153,0
2615,153,1,153,0
2617,154,0,153,1
2619,153,1,153,0
2621,154,0,153,1
2623,154,0,153,1
2625,153,1,153,0
2627,154,0,153,1
2629,154,0,153,1
2631,154,0,153,1
2633,154,0,153,1
2635,154,0,153,1
2637,154,0,153,1
2639,154,0,153,1
2641,154,0,153,1
2643,155,1,153,2
2645,154,0,153,1
2647,154,0,153,1
2649,155,1,153,2
2651,154,0,153,1
2653,155,1,153,2
2655,154,0,153,1
2657,155,1,153,2
2659,155,1,153,2
2661,155,1,153,2
2663,154,0,153,1
2665,155,1,153,2
2667,155,1,153,2
2669,155,1,153,2
2671,155,1,153,2
2673,156,0,153,3
2675,155,1,153,2
2677,155,1,153,2
2679,155,1,153,2
2681,156,0,153,3
2683,155,1,153,2
2685,156,0,153,3
2687,155,1,153,2
2689,156,0,153,3
2691,155,1,153,2
2693,156,0,153,3
2695,156,0,153,3
2697,156,0,153,3
2699,156,0,153,3
2701,156,0,153,3
2703,156,0,153,3
2705,156,0,156,0
2707,156,0,156,0
2709,156,0,156,0
2711,156,0,156,0
2713,156,0,156,0
2715,157,1,156,1
2717,156,0,156,0
2719,157,1,156,1
2721,156,0,156,0
2723,157,1,156,1
2725,156,0,156,0
2727,157,1,156,1
2729,157,1,156,1
2731,157,1,156,1
2733,156,0,156,0
2735,157,1,156,1
2737,157,1,156,1
2739,157,1,156,1
2741,157,1,156,1
2743,158,0,156,2
2745,157,1,156,1
2747,157,1,156,1
2749,157,1,156,1
2751,158,0,156,2
2753,157,1,156,1
2755,158,0,156,2
2757,157,1,156,1
2759,158,0,156,2
2761,158,0,156,2
2763,157,1,156,1
2765,158,0,156,2
2767,158,0,156,2
2769,158,0,156,2
2771,158,0,156,2
2773,158,0,156,2
2775,158,0,156,2
2777,158,0,156,2
2779,158,0,156,2
2781,158,0,156,2
2783,159,1,156,3
2785,158,0,156,2
2787,158,0,156,2
2789,159,1,156,3
2791,158,0,156,2
2793,159,1,156,3
2795,159,1,156,3
2797,158,0,156,2
2799,159,1,156,3
2801,159,1,156,3
2803,159,1,156,3
2805,159,1,156,3
2807,159,1,156,3
2809,159,1,159,0
2811,159,1,159,0
2813,159,1,159,0
2815,159,1,159,0
2817,159,1,159,0
2819,160,0,159,1
2821,159,1,159,0
2823,159,1,159,0
2825,160,0,159,1
2827,159,1,159,0
2829,160,0,159,1
2831,160,0,159,1
2833,159,1,159,0
2835,160,0,159,1
2837,160,0,159,1
2839,160,0,159,1
2841,160,0,159,1
2843,160,0,159,1
2845,160,0,159,1
2847,160,0,159,1
2849,160,0,159,1
2851,160,0,159,1
2853,160,0,159,1
2855,161,1,159,2
2857,160,0,159,1
2859,161,1,159,2
2861,160,0,159,1
2863,161,1,159,2
2865,160,0,159,1
2867,161,1,159,2
2869,161,1,159,2
2871,160,0,159,1
2873,161,1,159,2
2875,161,1,159,2
2877,161,1,159,2
2879,161,1,159,2
2881,161,1,159,2
2883,161,1,159,2
2885,161,1,159,2
2887,162,0,159,3
2889,161,1,159,2
2891,161,1,159,2
2893,162,0,159,3
2895,161,1,159,2
2897,162,0,159,3
2899,161,1,159,2
2901,162,0,159,3
2903,161,1,159,2
2905,162,0,159,3
2907,162,0,159,3
2909,162,0,159,3
2911,162,0,159,3
2913,162,0,159,3
2915,162,0,159,3
2917,162,0,162,0
2919,162,0,162,0
2921,162,0,162,0
2923,162,0,162,0
2925,162,0,162,0
2927,163,1,162,1
2929,162,0,162,0
2931,163,1,162,1
2933,162,0,162,0
2935,163,1,162,1
2937,162,0,162,0
2939,163,1,162,1
2941,163,1,162,1
2943,162,0,162,0
2945,163,1,162,1
2947,163,1,162,1
2949,163,1,162,1
2951,163,1,162,1
2953,163,1,162,1
2955,163,1,162,1
2957,163,1,162,1
2959,164,0,162,2
2961,163,1,162,1
2963,163,1,162,1
2965,164,0,162,2
2967,163,1,162,1
2969,163,1,162,1
2971,164,0,162,2
2973,164,0,162,2
2975,163,1,162,1
2977,164,0,162,2
2979,164,0,162,2
2981,164,0,162,2
2983,163,1,162,1
2985,164,0,162,2
2987,164,0,162,2
2989,164,0,162,2
2991,164,0,162,2
2993,165,1,162,3
2995,164,0,162,2
2997,164,0,162,2
2999,164,0,162,2
3001,165,1,162,3
3003,164,0,162,2
3005,165,1,162,3
3007,164,0,162,2
3009,165,1,162,3
3011,164,0,162,2
3013,165,1,162,3
3015,165,1,162,3
3017,165,1,162,3
3019,165,1,162,3
3021,165,1,162,3
3023,165,1,162,3
3025,165,1,165,0
3027,165,1,165,0
3029,165,1,165,0
3031,165,1,165,0
3033,165,1,165,0
3035,165,1,165,0
3037,166,0,165,1
3039,165,1,165,0
3041,166,0,165,1
3043,165,1,165,0
3045,166,0,165,1
3047,165,1,165,0
3049,166,0,165,1
3051,166,0,165,1
3053,166,0,165,1
3055,165,1,165,0
3057,166,0,165,1
3059,166,0,165,1
3061,166,0,165,1
3063,166,0,165,1
3065,166,0,165,1
3067,167,1,165,2
3069,166,0,165,1
3071,166,0,165,1
3073,166,0,165,1
3075,167,1,165,2
3077,166,0,165,1
3079,167,1,165,2
3081,166,0,165,1
3083,167,1,165,2
3085,167,1,165,2
3087,166,0,165,1
3089,167,1,165,2
3091,167,1,165,2
3093,167,1,165,2
3095,167,1,165,2
3097,167,1,165,2
3099,167,1,165,2
3101,167,1,165,2
3103,167,1,165,2
3105,167,1,165,2
3107,167,1,165,2
3109,168,0,165,3
3111,167,1,165,2
3113,167,1,165,2
3115,168,0,165,3
3117,167,1,165,2
3119,168,0,165,3
3121,168,0,165,3
3123,167,1,165,2
3125,168,0,165,3
3127,168,0,165,3
3129,168,0,165,3
3131,168,0,165,3
3133,168,0,165,3
3135,168,0,165,3
3137,168,0,168,0
3139,168,0,168,0
3141,168,0,168,0
3143,168,0,168,0
3145,168,0,168,0
3147,169,1,168,1
3149,168,0,168,0
3151,168,0,168,0
3153,169,1,168,1
3155,168,0,168,0
3157,169,1,168,1
3159,169,1,168,1
3161,168,0,168,0
3163,169,1,168,1
3165,169,1,168,1
3167,169,1,168,1
3169,169,1,168,1
3171,169,1,168,1
3173,169,1,168,1
3175,169,1,168,1
3177,169,1,168,1
3179,169,1,168,1
3181,169,1,168,1
3183,170,0,168,2
3185,169,1,168,1
3187,169,1,168,1
3189,170,0,168,2
3191,169,1,168,1
3193,170,0,168,2
3195,169,1,168,1
3197,170,0,168,2
3199,170,0,168,2
3201,169,1,168,1
3203,170,0,168,2
3205,170,0,168,2
3207,170,0,168,2
3209,170,0,168,2
3211,170,0,168,2
3213,170,0,168,2
3215,170,0,168,2
3217,170,0,168,2
3219,171,1,168,3
3221,170,0,168,2
3223,170,0,168,2
3225,171,1,168,3
3227,170,0,168,2
3229,171,1,168,3
3231,170,0,168,2
3233,171,1,168,3
3235,170,0,168,2
3237,171,1,168,3
3239,171,1,168,3
3241,171,1,168,3
3243,171,1,168,3
3245,171,1,168,3
3247,171,1,168,3
3249,171,1,171,0
3251,171,1,171,0
3253,171,1,171,0
3255,171,1,171,0
3257,171,1,171,0
3259,171,1,171,0
3261,172,0,171,1
3263,171,1,171,0
3265,172,0,171,1
3267,171,1,171,0
3269,172,0,171,1
3271,171,1,171,0
3273,172,0,171,1
3275,172,0,171,1
3277,171,1,171,0
3279,172,0,171,1
3281,172,0,171,1
3283,172,0,171,1
3285,172,0,171,1
3287,172,0,171,1
3289,172,0,171,1
3291,172,0,171,1
3293,172,0,171,1
3295,173,1,171,2
3297,172,0,171,1
3299,172,0,171,1
3301,173,1,171,2
3303,172,0,171,1
3305,173,1,171,2
3307,172,0,171,1
3309,173,1,171,2
3311,172,0,171,1
3313,173,1,171,2
3315,173,1,171,2
3317,173,1,171,2
3319,172,0,171,1
3321,173,1,171,2
3323,173,1,171,2
3325,173,1,171,2
3327,173,1,171,2
3329,174,0,171,3
3331,173,1,171,2
3333,173,1,171,2
3335,173,1,171,2
3337,174,0,171,3
3339,173,1,171,2
3341,173,1,171,2
3343,174,0,171,3
3345,173,1,171,2
3347,174,0,171,3
3349,174,0,171,3
3351,173,1,171,2
3353,174,0,171,3
3355,174,0,171,3
3357,174,0,171,3
3359,174,0,171,3
3361,174,0,171,3
3363,174,0,171,3
3365,174,0,174,0
3367,174,0,174,0
3369,174,0,174,0
3371,174,0,174,0
3373,174,0,174,0
3375,175,1,174,1
3377,174,0,174,0
3379,174,0,174,0
3381,175,1,174,1
3383,174,0,174,0
3385,175,1,174,1
3387,175,1,174,1
3389,174,0,174,0
3391,175,1,174,1
3393,175,1,174,1
3395,175,1,174,1
3397,174,0,174,0
3399,175,1,174,1
3401,175,1,174,1
3403,175,1,174,1
3405,175,1,174,1
3407,176,0,174,2
3409,175,1,174,1
3411,175,1,174,1
3413,175,1,174,1
3415,176,0,174,2
3417,175,1,174,1
3419,175,1,174,1
3421,176,0,174,2
3423,175,1,174,1
3425,176,0,174,2
3427,176,0,174,2
3429,175,1,174,1
3431,176,0,174,2
3433,176,0,174,2
3435,176,0,174,2
3437,176,0,174,2
3439,176,0,174,2
3441,176,0,174,2
3443,176,0,174,2
3445,176,0,174,2
3447,176,0,174,2
3449,176,0,174,2
3451,176,0,174,2
3453,177,1,174,3
3455,176,0,174,2
3457,177,1,174,3
3459,176,0,174,2
3461,177,1,174,3
3463,176,0,174,2
3465,177,1,174,3
3467,176,0,174,2
3469,177,1,174,3
3471,177,1,174,3
3473,177,1,174,3
3475,177,1,174,3
3477,177,1,174,3
3479,177,1,174,3
3481,177,1,177,0
3483,177,1,177,0
3485,177,1,177,0
3487,177,1,177,0
3489,177,1,177,0
3491,177,1,177,0
3493,178,0,177,1
3495,177,1,177,0
3497,178,0,177,1
3499,177,1,177,0
3501,178,0,177,1
3503,177,1,177,0
3505,178,0,177,1
3507,177,1,177,0
3509,178,0,177,1
3511,178,0,177,1
3513,178,0,177,1
3515,178,0,177,1
3517,178,0,177,1
3519,178,0,177,1
3521,178,0,177,1
3523,178,0,177,1
3525,178,0,177,1
3527,178,0,177,1
3529,178,0,177,1
3531,179,1,177,2
3533,178,0,177,1
3535,178,0,177,1
3537,179,1,177,2
3539,178,0,177,1
3541,179,1,177,2
3543,178,0,177,1
3545,179,1,177,2
3547,179,1,177,2
3549,179,1,177,2
3551,178,0,177,1
3553,179,1,177,2
3555,179,1,177,2
3557,179,1,177,2
3559,179,1,177,2
3561,179,1,177,2
3563,179,1,177,2
3565,179,1,177,2
3567,180,0,177,3
3569,179,1,177,2
3571,179,1,177,2
3573,179,1,177,2
3575,180,0,177,3
3577,179,1,177,2
3579,180,0,177,3
3581,179,1,177,2
3583,180,0,177,3
3585,180,0,177,3
3587,179,1,177,2
3589,180,0,177,3
3591,180,0,177,3
3593,180,0,177,3
3595,180,0,177,3
3597,180,0,177,3
3599,180,0,177,3
3601,180,0,180,0
3603,180,0,180,0
3605,180,0,180,0
3607,180,0,180,0
3609,180,0,180,0
3611,181,1,180,1
3613,180,0,180,0
3615,180,0,180,0
3617,181,1,180,1
3619,180,0,180,0
3621,181,1,180,1
3623,180,0,180,0
3625,181,1,180,1
3627,181,1,180,1
3629,180,0,180,0
3631,181,1,180,1
3633,181,1,180,1
3635,181,1,180,1
3637,181,1,180,1
3639,181,1,180,1
3641,181,1,180,1
3643,181,1,180,1
3645,181,1,180,1
3647,181,1,180,1
3649,182,0,180,2
3651,181,1,180,1
3653,181,1,180,1
3655,182,0,180,2
3657,181,1,180,1
3659,182,0,180,2
3661,181,1,180,1
3663,182,0,180,2
3665,181,1,180,1
3667,182,0,180,2
3669,182,0,180,2
3671,182,0,180,2
3673,182,0,180,2
3675,181,1,180,1
3677,182,0,180,2
3679,182,0,180,2
3681,182,0,180,2
3683,182,0,180,2
3685,183,1,180,3
3687,182,0,180,2
3689,182,0,180,2
3691,182,0,180,2
3693,183,1,180,3
3695,182,0,180,2
3697,182,0,180,2
3699,183,1,180,3
3701,182,0,180,2
3703,183,1,180,3
3705,183,1,180,3
3707,182,0,180,2
3709,183,1,180,3
3711,183,1,180,3
3713,183,1,180,3
3715,183,1,180,3
3717,183,1,180,3
3719,183,1,180,3
3721,183,1,183,0
3723,183,1,183,0
3725,183,1,183,0
3727,183,1,183,0
3729,183,1,183,0
3731,183,1,183,0
3733,184,0,183,1
3735,183,1,183,0
3737,183,1,183,0
3739,184,0,183,1
3741,183,1,183,0
3743,184,0,183,1
3745,184,0,183,1
3747,183,1,183,0
3749,184,0,183,1
3751,184,0,183,1
3753,184,0,183,1
3755,183,1,183,0
3757,184,0,183,1
3759,184,0,183,1
3761,184,0,183,1
3763,184,0,183,1
3765,184,0,183,1
3767,185,1,183,2
3769,184,0,183,1
3771,184,0,183,1
3773,184,0,183,1
3775,185,1,183,2
3777,184,0,183,1
3779,185,1,183,2
3781,184,0,183,1
3783,185,1,183,2
3785,184,0,183,1
3787,185,1,183,2
3789,185,1,183,2
3791,184,0,183,1
3793,185,1,183,2
3795,185,1,183,2
3797,185,1,183,2
3799,185,1,183,2
3801,185,1,183,2
3803,185,1,183,2
3805,185,1,183,2
3807,185,1,183,2
3809,185,1,183,2
3811,185,1,183,2
3813,186,0,183,3
3815,185,1,183,2
3817,185,1,183,2
3819,186,0,183,3
3821,185,1,183,2
3823,186,0,183,3
3825,185,1,183,2
3827,186,0,183,3
3829,186,0,183,3
3831,185,1,183,2
3833,186,0,183,3
3835,186,0,183,3
3837,186,0,183,3
3839,186,0,183,3
3841,186,0,183,3
3843,186,0,183,3
3845,186,0,186,0
3847,186,0,186,0
3849,186,0,186,0
3851,186,0,186,0
3853,186,0,186,0
3855,187,1,186,1
3857,186,0,186,0
3859,186,0,186,0
3861,187,1,186,1
3863,186,0,186,0
3865,187,1,186,1
3867,186,0,186,0
3869,187,1,186,1
3871,187,1,186,1
3873,186,0,186,0
3875,187,1,186,1
3877,187,1,186,1
3879,187,1,186,1
3881,187,1,186,1
3883,187,1,186,1
3885,187,1,186,1
3887,187,1,186,1
3889,187,1,186,1
3891,187,1,186,1
3893,187,1,186,1
3895,187,1,186,1
3897,188,0,186,2
3899,187,1,186,1
3901,188,0,186,2
3903,187,1,186,1
3905,187,1,186,1
3907,188,0,186,2
3909,188,0,186,2
3911,187,1,186,1
3913,188,0,186,2
3915,188,0,186,2
3917,187,1,186,1
3919,188,0,186,2
3921,188,0,186,2
3923,188,0,186,2
3925,188,0,186,2
3927,188,0,186,2
3929,188,0,186,2
3931,188,0,186,2
3933,188,0,186,2
3935,189,1,186,3
3937,188,0,186,2
3939,188,0,186,2
3941,189,1,186,3
3943,188,0,186,2
3945,188,0,186,2
3947,189,1,186,3
3949,188,0,186,2
3951,189,1,186,3
3953,189,1,186,3
3955,188,0,186,2
3957,189,1,186,3
3959,189,1,186,3
3961,189,1,186,3
3963,189,1,186,3
3965,189,1,186,3
3967,189,1,186,3
3969,189,1,189,0
3971,189,1,189,0
3973,189,1,189,0
3975,189,1,189,0
3977,189,1,189,0
3979,189,1,189,0
3981,190,0,189,1
3983,189,1,189,0
3985,189,1,189,0
3987,190,0,189,1
3989,189,1,189,0
3991,190,0,189,1
3993,190,0,189,1
3995,189,1,189,0
3997,190,0,189,1
3999,190,0,189,1
4001,189,1,189,0
4019,191,1,189,2
4057,192,0,189,3
4109,193,1,192,1
4143,194,0,192,2
4193,195,1,192,3
4237,196,0,195,1
4279,197,1,195,2
4321,198,0,195,3
4369,199,1,198,1
4401,199,1,198,1
4409,200,0,198,2
4449,201,1,198,3
4501,202,0,201,1
4539,203,1,201,2
4589,204,0,201,3
4637,205,1,204,1
4681,206,0,204,2
4723,207,1,204,3
4773,208,0,207,1
4801,208,0,207,1
4815,209,1,207,2
4857,210,0,207,3
4913,211,1,210,1
4951,212,0,210,2
5005,213,1,210,3
5053,214,0,213,1
5101,215,1,213,2
5145,216,0,213,3
5197,217,1,216,1
5201,216,0,216,0
5241,218,0,216,2
5285,219,1,216,3
5341,220,0,219,1
5383,221,1,219,2
5439,222,0,219,3
5489,223,1,222,1
5537,224,0,222,2
5583,225,1,222,3
5601,225,1,222,3
5639,226,0,225,1
5685,227,1,225,2
5729,228,0,225,3
5789,229,1,228,1
5831,230,0,228,2
5889,231,1,228,3
5943,232,0,231,1
5993,233,1,231,2
6001,232,0,231,1
6041,234,0,231,3
6097,235,1,234,1
6145,236,0,234,2
6193,237,1,234,3
6255,238,0,237,1
6299,239,1,237,2
6359,240,0,237,3
6401,240,0,240,0
6413,241,1,240,1
6465,242,0,240,2
6517,243,1,240,3
6575,244,0,243,1
6625,245,1,243,2
6675,246,0,243,3
6737,247,1,246,1
6785,248,0,246,2
6801,247,1,246,1
6847,249,1,246,3
6903,250,0,249,1
6957,251,1,249,2
7009,252,0,249,3
7069,253,1,252,1
7121,254,0,252,2
7173,255,1,252,3
7201,255,1,252,3
7239,256,0,255,1
7287,257,1,255,2
7351,258,0,255,3
7411,259,1,258,1
7467,260,0,258,2
7521,261,1,258,3
7583,262,0,261,1
7601,261,1,261,0
7637,263,1,261,2
7691,264,0,261,3
7759,265,1,264,1
7809,266,0,264,2
7875,267,1,264,3
7935,268,0,267,1
7993,269,1,267,2
8001,269,1,267,2
8049,270,0,267,3
8115,271,1,270,1
8171,272,0,270,2
8225,273,1,270,3
8295,274,0,273,1
8347,275,1,273,2
8401,275,1,273,2
8415,276,0,273,3
8479,277,1,276,1
8539,278,0,276,2
8597,279,1,276,3
8663,280,0,279,1
8721,281,1,279,2
8779,282,0,279,3
8801,282,0,279,3
8851,283,1,282,1
8905,284,0,282,2
8975,285,1,282,3
9039,286,0,285,1
9103,287,1,285,2
9163,288,0,285,3
9201,288,0,285,3
9231,289,1,288,1
9291,290,0,288,2
9349,291,1,288,3
9425,292,0,291,1
9479,293,1,291,2
9553,294,0,291,3
9601,294,0,291,3
9619,295,1,294,1
9683,296,0,294,2
9745,297,1,294,3
9817,298,0,297,1
9877,299,1,297,2
9939,300,0,297,3
10001,300,0,300,0
10015,301,1,300,1
10073,302,0,300,2
10147,303,1,300,3
10217,304,0,303,1
10283,305,1,303,2
10347,306,0,303,3
10401,306,0,303,3
10419,307,1,306,1
10483,308,0,306,2
10545,309,1,306,3
10625,310,0,309,1
10683,311,1,309,2
10761,312,0,309,3
10801,312,0,309,3
10831,313,1,312,1
10899,314,0,312,2
10965,315,1,312,3
11041,316,0,315,1
11107,317,1,315,2
11171,318,0,315,3
11201,317,1,315,2
11251,319,1,318,1
11313,320,0,318,2
11393,321,1,318,3
11465,322,0,321,1
11535,323,1,321,2
11601,323,1,321,2
11603,324,0,321,3
11679,325,1,324,1
11747,326,0,324,2
11813,327,1,324,3
11897,328,0,327,1
11961,329,1,327,2
12001,329,1,327,2
12041,330,0,327,3
12117,331,1,330,1
12189,332,0,330,2
12259,333,1,330,3
12337,334,0,333,1
12401,334,0,333,1
12407,335,1,333,2
12475,336,0,333,3
12561,337,1,336,1
12625,338,0,336,2
12709,339,1,336,3
12785,340,0,339,1
12801,339,1,339,0
12859,341,1,339,2
12931,342,0,339,3
13013,343,1,342,1
13083,344,0,342,2
13155,345,1,342,3
13201,345,1,342,3
13241,346,0,345,1
13309,347,1,345,2
13393,348,0,345,3
13473,349,1,348,1
13549,350,0,348,2
13601,350,0,348,2
13623,351,1,348,3
13705,352,0,351,1
13779,353,1,351,2
13851,354,0,351,3
13941,355,1,354,1
14001,355,1,354,1
14009,356,0,354,2
14097,357,1,354,3
14177,358,0,357,1
14255,359,1,357,2
14331,360,0,357,3
14401,360,0,360,0
14417,361,1,360,1
14493,362,0,360,2
14567,363,1,360,3
14657,364,0,363,1
14729,365,1,363,2
14801,365,1,363,2
14819,366,0,363,3
14901,367,1,366,1
14981,368,0,366,2
15059,369,1,366,3
15147,370,0,369,1
15201,370,0,369,1
15223,371,1,369,2
15299,372,0,369,3
15393,373,1,372,1
15465,374,0,372,2
15557,375,1,372,3
15601,375,1,372,3
15643,376,0,375,1
15725,377,1,375,2
15803,378,0,375,3
15893,379,1,378,1
15973,380,0,378,2
16001,379,1,378,1
16051,381,1,378,3
16147,382,0,381,1
16221,383,1,381,2
16315,384,0,381,3
16401,385,1,384,1
16485,386,0,384,2
16567,387,1,384,3
16659,388,0,387,1
16739,389,1,387,2
16801,389,1,387,2
16819,390,0,387,3
16917,391,1,390,1
16993,392,0,390,2
17089,393,1,390,3
17179,394,0,393,1
17201,394,0,393,1
17265,395,1,393,2
17349,396,0,393,3
17441,397,1,396,1
17525,398,0,396,2
17601,398,0,396,2
17607,399,1,396,3
17707,400,0,399,1
17785,401,1,399,2
17883,402,0,399,3
17973,403,1,402,1
18001,403,1,402,1
18061,404,0,402,2
18147,405,1,402,3
18243,406,0,405,1
18327,407,1,405,2
18401,407,1,405,2
18411,408,0,405,3
18515,409,1,408,1
18593,410,0,408,2
18695,411,1,408,3
18787,412,0,411,1
18801,412,0,411,1
18877,413,1,411,2
18965,414,0,411,3
19063,415,1,414,1
19149,416,0,414,2
19201,416,0,414,2
19235,417,1,414,3
19339,418,0,417,1
19421,419,1,417,2
19523,420,0,417,3
19601,420,0,420,0
19619,421,1,420,1
19711,422,0,420,2
19799,423,1,420,3
19899,424,0,423,1
19989,425,1,423,2
20001,424,0,423,1
20075,426,0,423,3
20183,427,1,426,1
20267,428,0,426,2
20371,429,1,426,3
20401,428,0,426,2
20467,430,0,429,1
20561,431,1,429,2
20653,432,0,429,3
20755,433,1,432,1
20801,433,1,432,1
20845,434,0,432,2
20935,435,1,432,3
21043,436,0,435,1
21129,437,1,435,2
21201,437,1,435,2
21235,438,0,435,3
21335,439,1,438,1
21431,440,0,438,2
21523,441,1,438,3
21601,441,1,438,3
21627,442,0,441,1
21721,443,1,441,2
21813,444,0,441,3
21923,445,1,444,1
22001,445,1,444,1
22011,446,0,444,2
22119,447,1,444,3
22219,448,0,447,1
22317,449,1,447,2
22401,449,1,447,2
22413,450,0,447,3
22519,451,1,450,1
22613,452,0,450,2
22707,453,1,450,3
22801,453,1,453,0
22821,454,0,453,1
22909,455,1,453,2
23019,456,0,453,3
23123,457,1,456,1
23201,457,1,456,1
23223,458,0,456,2
23321,459,1,456,3
23429,460,0,459,1
23525,461,1,459,2
23601,461,1,459,2
23621,462,0,459,3
23735,463,1,462,1
23827,464,0,462,2
23939,465,1,462,3
24001,465,1,462,3
24045,466,0,465,1
24147,467,1,465,2
24245,468,0,465,3
24355,469,1,468,1
24401,468,0,468,0
24453,470,0,468,2
24551,471,1,468,3
24669,472,0,471,1
24761,473,1,471,2
24801,472,0,471,1
24877,474,0,471,3
24983,475,1,474,1
25087,476,0,474,2
25189,477,1,474,3
25201,476,0,474,2
25301,478,0,477,1
25401,479,1,477,2
25501,480,0,477,3
25601,480,0,480,0
25619,481,1,480,1
25715,482,0,480,2
25831,483,1,480,3
25941,484,0,483,1
26001,484,0,483,1
26047,485,1,483,2
26149,486,0,483,3
26263,487,1,486,1
26367,488,0,486,2
26401,487,1,486,1
26467,489,1,486,3
26589,490,0,489,1
26685,491,1,489,2
26801,491,1,489,2
26805,492,0,489,3
26915,493,1,492,1
27023,494,0,492,2
27129,495,1,492,3
27201,495,1,492,3
27245,496,0,495,1
27349,497,1,495,2
27453,498,0,495,3
27577,499,1,498,1
27601,498,0,498,0
27675,500,0,498,2
27795,501,1,498,3
27909,502,0,501,1
28001,502,0,501,1
28019,503,1,501,2
28125,504,0,501,3
28245,505,1,504,1
28351,506,0,504,2
28401,506,0,504,2
28455,507,1,504,3
28581,508,0,507,1
28681,509,1,507,2
28801,509,1,507,2
28805,510,0,507,3
28921,511,1,510,1
29033,512,0,510,2
29141,513,1,510,3
29201,513,1,510,3
29261,514,0,513,1
29369,515,1,513,2
29477,516,0,513,3
29601,516,0,516,0
29605,517,1,516,1
29707,518,0,516,2
29833,519,1,516,3
29949,520,0,519,1
30001,519,1,519,0
30063,521,1,519,2
30175,522,0,519,3
30297,523,1,522,1
30401,523,1,522,1
30407,524,0,522,2
30515,525,1,522,3
30645,526,0,525,1
30751,527,1,525,2
30801,526,0,525,1
30877,528,0,525,3
30997,529,1,528,1
31113,530,0,528,2
31201,530,0,528,2
31225,531,1,528,3
31349,532,0,531,1
31461,533,1,531,2
31573,534,0,531,3
31601,533,1,531,2
31705,535,1,534,1
31811,536,0,534,2
31941,537,1,534,3
32001,537,1,534,3
32061,538,0,537,1
32179,539,1,537,2
32295,540,0,537,3
32401,540,0,540,0
32421,541,1,540,1
32535,542,0,540,2
32647,543,1,540,3
32781,544,0,543,1
32801,543,1,543,0
32891,545,1,543,2
33021,546,0,543,3
33145,547,1,546,1
33201,546,0,546,0
33265,548,0,546,2
33381,549,1,546,3
33511,550,0,549,1
33601,550,0,549,1
33627,551,1,549,2
33741,552,0,549,3
33877,553,1,552,1
33987,554,0,552,2
34001,554,0,552,2
34121,555,1,552,3
34247,556,0,555,1
34367,557,1,555,2
34401,557,1,555,2
34487,558,0,555,3
34617,559,1,558,1
34735,560,0,558,2
34801,560,0,558,2
34853,561,1,558,3
34991,562,0,561,1
35103,563,1,561,2
35201,563,1,561,2
35237,564,0,561,3
35365,565,1,564,1
35489,566,0,564,2
35601,566,0,564,2
35609,567,1,564,3
35743,568,0,567,1
35863,569,1,567,2
35981,570,0,567,3
36001,569,1,567,2
36121,571,1,570,1
36235,572,0,570,2
36373,573,1,570,3
36401,572,0,570,2
36503,574,0,573,1
36629,575,1,573,2
36751,576,0,573,3
36801,576,0,573,3
36885,577,1,576,1
37007,578,0,576,2
37129,579,1,576,3
37201,579,1,576,3
37271,580,0,579,1
37387,581,1,579,2
37527,582,0,579,3
37601,582,0,579,3
37657,583,1,582,1
37785,584,0,582,2
37909,585,1,582,3
38001,584,0,582,2
38047,586,0,585,1
38171,587,1,585,2
38293,588,0,585,3
38401,588,0,585,3
38437,589,1,588,1
38555,590,0,588,2
38697,591,1,588,3
38801,591,1,588,3
38831,592,0,591,1
38961,593,1,591,2
39087,594,0,591,3
39201,594,0,591,3
39225,595,1,594,1
39351,596,0,594,2
39477,597,1,594,3
39601,597,1,597,0
39623,598,0,597,1
39743,599,1,597,2
39887,600,0,597,3
40001,600,0,600,0
40023,601,1,600,1
40153,602,0,600,2
40283,603,1,600,3
40401,603,1,603,0
40423,604,0,603,1
40551,605,1,603,2
40677,606,0,603,3
40801,606,0,603,3
40827,607,1,606,1
40947,608,0,606,2
41093,609,1,606,3
41201,609,1,606,3
41231,610,0,609,1
41365,611,1,609,2
41495,612,0,609,3
41601,612,0,609,3
41639,613,1,612,1
41767,614,0,612,2
41897,615,1,612,3
42001,614,0,612,2
42047,616,0,615,1
42171,617,1,615,2
42319,618,0,615,3
42401,617,1,615,2
42459,619,1,618,1
42595,620,0,618,2
42727,621,1,618,3
42801,620,0,618,2
42871,622,0,621,1
43003,623,1,621,2
43133,624,0,621,3
43201,623,1,621,2
43287,625,1,624,1
43411,626,0,624,2
43563,627,1,624,3
43601,626,0,624,2
43703,628,0,627,1
43841,629,1,627,2
43975,630,0,627,3
44001,629,1,627,2
44123,631,1,630,1
44257,632,0,630,2
44389,633,1,630,3
44401,632,0,630,2
44543,634,0,633,1
44671,635,1,633,2
44801,635,1,633,2
44823,636,0,633,3
44967,637,1,636,1
45107,638,0,636,2
45201,638,0,636,2
45243,639,1,636,3
45391,640,0,639,1
45527,641,1,639,2
45601,641,1,639,2
45661,642,0,639,3
45819,643,1,642,1
45949,644,0,642,2
46001,644,0,642,2
46103,645,1,642,3
46247,646,0,645,1
46389,647,1,645,2
46401,647,1,645,2
46527,648,0,645,3
46679,649,1,648,1
46801,649,1,648,1
46817,650,0,648,2
46953,651,1,648,3
47113,652,0,651,1
47201,652,0,651,1
47243,653,1,651,2
47399,654,0,651,3
47547,655,1,654,1
47601,654,0,654,0
47691,656,0,654,2
47831,657,1,654,3
47985,658,0,657,1
48001,658,0,657,1
48123,659,1,657,2
48261,660,0,657,3
48401,660,0,660,0
48423,661,1,660,1
48557,662,0,660,2
48715,663,1,660,3
48801,663,1,660,3
48865,664,0,663,1
49009,665,1,663,2
49151,666,0,663,3
49201,666,0,663,3
49307,667,1,666,1
49449,668,0,666,2
49589,669,1,666,3
49601,668,0,666,2
49753,670,0,669,1
49887,671,1,669,2
50001,671,1,669,2
50047,672,0,669,3
50199,673,1,672,1
50347,674,0,672,2
50401,674,0,672,2
50491,675,1,672,3
50649,676,0,675,1
50791,677,1,675,2
50801,676,0,675,1
50933,678,0,675,3
51099,679,1,678,1
51201,679,1,678,1
51237,680,0,678,2
51399,681,1,678,3
51553,682,0,681,1
51601,682,0,681,1
51703,683,1,681,2
51849,684,0,681,3
52001,684,0,684,0
52007,685,1,684,1
52153,686,0,684,2
52297,687,1,684,3
52401,687,1,684,3
52465,688,0,687,1
52603,689,1,687,2
52769,690,0,687,3
52801,690,0,687,3
52923,691,1,690,1
53075,692,0,690,2
53201,692,0,690,2
53223,693,1,690,3
53385,694,0,693,1
53531,695,1,693,2
53601,694,0,693,1
53679,696,0,693,3
53847,697,1,696,1
53989,698,0,696,2
54001,697,1,696,1
54155,699,1,696,3
54313,700,0,699,1
54401,699,1,699,0
54467,701,1,699,2
54617,702,0,699,3
54779,703,1,702,1
54801,702,0,702,0
54929,704,0,702,2
55077,705,1,702,3
55201,705,1,702,3
55249,706,0,705,1
55391,707,1,705,2
55561,708,0,705,3
55601,707,1,705,2
55721,709,1,708,1
55875,710,0,708,2
56001,710,0,708,2
56027,711,1,708,3
56193,712,0,711,1
56345,713,1,711,2
56401,712,0,711,1
56495,714,0,711,3
56669,715,1,714,1
56801,715,1,714,1
56813,716,0,714,2
56983,717,1,714,3
57145,718,0,717,1
57201,717,1,717,0
57303,719,1,717,2
57457,720,0,717,3
57601,720,0,720,0
57625,721,1,720,1
57777,722,0,720,2
57929,723,1,720,3
58001,723,1,720,3
58105,724,0,723,1
58251,725,1,723,2
58401,725,1,723,2
58425,726,0,723,3
58589,727,1,726,1
58747,728,0,726,2
58801,728,0,726,2
58903,729,1,726,3
59073,730,0,729,1
59201,730,0,729,1
59229,731,1,729,2
59383,732,0,729,3
59561,733,1,732,1
59601,732,0,732,0
59709,734,0,732,2
59883,735,1,732,3
60001,735,1,732,3
60049,736,0,735,1
60211,737,1,735,2
60369,738,0,735,3
60401,737,1,735,2
60541,739,1,738,1
60697,740,0,738,2
60801,740,0,738,2
60853,741,1,738,3
61033,742,0,741,1
61183,743,1,741,2
61201,743,1,741,2
61361,744,0,741,3
61529,745,1,744,1
61601,744,0,744,0
61693,746,0,744,2
61851,747,1,744,3
62001,747,1,747,0
62025,748,0,747,1
62185,749,1,747,2
62343,750,0,747,3
62401,750,0,747,3
62525,751,1,750,1
62677,752,0,750,2
62801,752,0,750,2
62857,753,1,750,3
63025,754,0,753,1
63191,755,1,753,2
63201,754,0,753,1
63353,756,0,753,3
63529,757,1,756,1
63601,757,1,756,1
63689,758,0,756,2
63849,759,1,756,3
64001,759,1,756,3
64033,760,0,759,1
64187,761,1,759,2
64369,762,0,759,3
64401,761,1,759,2
64541,763,1,762,1
64709,764,0,762,2
64801,764,0,762,2
64873,765,1,762,3
65051,766,0,765,1
65201,766,0,765,1
65213,767,1,765,2
65375,768,0,765,3
65561,769,1,768,1
65601,768,0,768,0
65717,770,0,768,2
65901,771,1,768,3
66001,771,1,768,3
66075,772,0,771,1
66243,773,1,771,2
66401,773,1,771,2
66409,774,0,771,3
66589,775,1,774,1
66755,776,0,774,2
66801,775,1,774,1
66917,777,1,774,3
67107,778,0,777,1
67201,778,0,777,1
67265,779,1,777,2
67449,780,0,777,3
67601,780,0,780,0
67625,781,1,780,1
67797,782,0,780,2
67965,783,1,780,3
68001,783,1,780,3
68147,784,0,783,1
68313,785,1,783,2
68401,785,1,783,2
68479,786,0,783,3
68669,787,1,786,1
68801,787,1,786,1
68829,788,0,786,2
69017,789,1,786,3
69195,790,0,789,1
69201,789,1,789,0
69367,791,1,789,2
69537,792,0,789,3
69601,792,0,789,3
69721,793,1,792,1
69891,794,0,792,2
70001,793,1,792,1
70057,795,1,792,3
70251,796,0,795,1
70401,796,0,795,1
70413,797,1,795,2
70601,798,0,795,3
70781,799,1,798,1
70801,799,1,798,1
70957,800,0,798,2
71129,801,1,798,3
71201,801,1,798,3
71315,802,0,801,1
71485,803,1,801,2
71601,803,1,801,2
71655,804,0,801,3
71849,805,1,804,1
72001,805,1,804,1
72013,806,0,804,2
72205,807,1,804,3
72387,808,0,807,1
72401,807,1,807,0
72565,809,1,807,2
72737,810,0,807,3
72801,810,0,807,3
72925,811,1,810,1
73099,812,0,810,2
73201,812,0,810,2
73269,813,1,810,3
73467,814,0,813,1
73601,814,0,813,1
73633,815,1,813,2
73827,816,0,813,3
74001,816,0,816,0
74009,817,1,816,1
74189,818,0,816,2
74365,819,1,816,3
74401,818,0,816,2
74555,820,0,819,1
74729,821,1,819,2
74801,821,1,819,2
74903,822,0,819,3
75103,823,1,822,1
75201,823,1,822,1
75269,824,0,822,2
75465,825,1,822,3
75601,825,1,822,3
75651,826,0,825,1
75833,827,1,825,2
76001,827,1,825,2
76009,828,0,825,3
76203,829,1,828,1
76379,830,0,828,2
76401,829,1,828,1
76553,831,1,828,3
76755,832,0,831,1
76801,831,1,831,0
76925,833,1,831,2
77123,834,0,831,3
77201,833,1,831,2
77311,835,1,834,1
77493,836,0,834,2
77601,836,0,834,2
77673,837,1,834,3
77867,838,0,837,1
78001,838,0,837,1
78045,839,1,837,2
78223,840,0,837,3
78401,840,0,840,0
78427,841,1,840,1
78597,842,0,840,2
78797,843,1,840,3
78801,842,0,840,2
78987,844,0,843,1
79173,845,1,843,2
79201,845,1,843,2
79355,846,0,843,3
79551,847,1,846,1
79601,847,1,846,1
79731,848,0,846,2
79911,849,1,846,3
80001,848,0,846,2
80115,850,0,849,1
80289,851,1,849,2
80401,851,1,849,2
80491,852,0,849,3
80683,853,1,852,1
80801,853,1,852,1
80869,854,0,852,2
81053,855,1,852,3
81201,855,1,852,3
81251,856,0,855,1
81433,857,1,855,2
81601,857,1,855,2
81615,858,0,855,3
81823,859,1,858,1
81997,860,0,858,2
82001,859,1,858,1
82201,861,1,858,3
82395,862,0,861,1
82401,861,1,861,0
82585,863,1,861,2
82771,864,0,861,3
82801,863,1,861,2
82971,865,1,864,1
83155,866,0,864,2
83201,866,0,864,2
83339,867,1,864,3
83547,868,0,867,1
83601,867,1,867,0
83725,869,1,867,2
83931,870,0,867,3
84001,870,0,867,3
84127,871,1,870,1
84319,872,0,870,2
84401,871,1,870,1
84505,873,1,870,3
84707,874,0,873,1
84801,874,0,873,1
84895,875,1,873,2
85079,876,0,873,3
85201,875,1,873,2
85291,877,1,876,1
85469,878,0,876,2
85601,878,0,876,2
85677,879,1,876,3
85875,880,0,879,1
86001,880,0,879,1
86069,881,1,879,2
86259,882,0,879,3
86401,882,0,879,3
86463,883,1,882,1
86651,884,0,882,2
86801,884,0,882,2
86839,885,1,882,3
87053,886,0,885,1
87201,886,0,885,1
87233,887,1,885,2
87443,888,0,885,3
87601,888,0,885,3
87643,889,1,888,1
87839,890,0,888,2
88001,890,0,888,2
88029,891,1,888,3
88237,892,0,891,1
88401,892,0,891,1
88427,893,1,891,2
88615,894,0,891,3
88801,894,0,891,3
88831,895,1,894,1
89013,896,0,894,2
89201,896,0,894,2
89227,897,1,894,3
89429,898,0,897,1
89601,898,0,897,1
89625,899,1,897,2
89819,900,0,897,3
90001,900,0,900,0
90027,901,1,900,1
90219,902,0,900,2
90401,902,0,900,2
90411,903,1,900,3
90629,904,0,903,1
90801,904,0,903,1
90813,905,1,903,2
91027,906,0,903,3
91201,906,0,903,3
91231,907,1,906,1
91431,908,0,906,2
91601,908,0,906,2
91625,909,1,906,3
91837,910,0,909,1
92001,910,0,909,1
92031,911,1,909,2
92223,912,0,909,3
92401,912,0,909,3
92443,913,1,912,1
92631,914,0,912,2
92801,914,0,912,2
92847,915,1,912,3
93053,916,0,915,1
93201,915,1,915,0
93253,917,1,915,2
93451,918,0,915,3
93601,918,0,915,3
93663,919,1,918,1
93859,920,0,918,2
94001,919,1,918,1
94055,921,1,918,3
94277,922,0,921,1
94401,921,1,921,0
94465,923,1,921,2
94683,924,0,921,3
94801,924,0,921,3
94891,925,1,924,1
95095,926,0,924,2
95201,925,1,924,1
95295,927,1,924,3
95509,928,0,927,1
95601,928,0,927,1
95707,929,1,927,2
95903,930,0,927,3
96001,930,0,927,3
96127,931,1,930,1
96319,932,0,930,2
96401,932,0,930,2
96539,933,1,930,3
96749,934,0,933,1
96801,934,0,933,1
96955,935,1,933,2
97155,936,0,933,3
97201,935,1,933,2
97371,937,1,936,1
97571,938,0,936,2
97601,937,1,936,1
97771,939,1,936,3
97997,940,0,939,1
98001,939,1,939,0
98189,941,1,939,2
98401,941,1,939,2
98411,942,0,939,3
98623,943,1,942,1
98801,943,1,942,1
98831,944,0,942,2
99035,945,1,942,3
99201,945,1,942,3
99253,946,0,945,1
99455,947,1,945,2
99601,946,0,945,1
99655,948,0,945,3
99885,949,1,948,1
100001,949,1,948,1
100079,950,0,948,2
100303,951,1,948,3
100401,950,0,948,2
100517,952,0,951,1
100727,953,1,951,2
100801,952,0,951,1
100931,954,0,951,3
101153,955,1,954,1
101201,955,1,954,1
101357,956,0,954,2
101559,957,1,954,3
101601,956,0,954,2
101789,958,0,957,1
101985,959,1,957,2
102001,958,0,957,1
102213,960,0,957,3
102401,960,0,960,0
102429,961,1,960,1
102639,962,0,960,2
102801,962,0,960,2
102847,963,1,960,3
103069,964,0,963,1
103201,964,0,963,1
103275,965,1,963,2
103479,966,0,963,3
103601,965,1,963,2
103713,967,1,966,1
103911,968,0,966,2
104001,968,0,966,2
104139,969,1,966,3
104357,970,0,969,1
104401,969,1,969,0
104571,971,1,969,2
104779,972,0,969,3
104801,971,1,969,2
105005,973,1,972,1
105201,973,1,972,1
105213,974,0,972,2
105419,975,1,972,3
105601,975,1,972,3
105653,976,0,975,1
105853,977,1,975,2
106001,976,0,975,1
106085,978,0,975,3
106305,979,1,978,1
106401,979,1,978,1
106519,980,0,978,2
106731,981,1,978,3
106801,981,1,978,3
106957,982,0,981,1
107167,983,1,981,2
107201,983,1,981,2
107375,984,0,981,3
107601,984,0,984,0
107613,985,1,984,1
107815,986,0,984,2
108001,986,0,984,2
108047,987,1,984,3
108269,988,0,987,1
108401,987,1,987,0
108487,989,1,987,2
108699,990,0,987,3
108801,989,1,987,2
108929,991,1,990,1
109141,992,0,990,2
109201,992,0,990,2
109351,993,1,990,3
109589,994,0,993,1
109601,993,1,993,0
109793,995,1,993,2
110001,995,1,993,2
110029,996,0,993,3
110253,997,1,996,1
110401,997,1,996,1
110471,998,0,996,2
110687,999,1,996,3
110801,999,1,996,3
110917,1000,0,999,1
111131,1001,1,999,2
111201,1000,0,999,1
111343,1002,0,999,3
111585,1003,1,1002,1
111601,1002,0,1002,0
111791,1004,0,1002,2
112001,1004,0,1002,2
112027,1005,1,1002,3
112253,1006,0,1005,1
112401,1006,0,1005,1
112475,1007,1,1005,2
112691,1008,0,1005,3
112801,1007,1,1005,2
112925,1009,1,1008,1
113141,1010,0,1008,2
113201,1010,0,1008,2
113355,1011,1,1008,3
113597,1012,0,1011,1
113601,1011,1,1011,0
113805,1013,1,1011,2
114001,1013,1,1011,2
114045,1014,0,1011,3
114273,1015,1,1014,1
114401,1015,1,1014,1
114497,1016,0,1014,2
114715,1017,1,1014,3
114801,1017,1,1014,3
114951,1018,0,1017,1
115167,1019,1,1017,2
115201,1018,0,1017,1
115385,1020,0,1017,3
115601,1020,0,1020,0
115629,1021,1,1020,1
115839,1022,0,1020,2
116001,1022,0,1020,2
116079,1023,1,1020,3
116311,1024,0,1023,1
116401,1024,0,1023,1
116535,1025,1,1023,2
116757,1026,0,1023,3
116801,1025,1,1023,2
116993,1027,1,1026,1
117201,1027,1,1026,1
117213,1028,0,1026,2
117431,1029,1,1026,3
117601,1029,1,1026,3
117679,1030,0,1029,1
117889,1031,1,1029,2
118001,1030,0,1029,1
118133,1032,0,1029,3
118365,1033,1,1032,1
118401,1032,0,1032,0
118593,1034,0,1032,2
118801,1034,0,1032,2
118815,1035,1,1032,3
119055,1036,0,1035,1
119201,1036,0,1035,1
119275,1037,1,1035,2
119497,1038,0,1035,3
119601,1037,1,1035,2
119745,1039,1,1038,1
119959,1040,0,1038,2
120001,1040,0,1038,2
120205,1041,1,1038,3
120401,1041,1,1038,3
120439,1042,0,1041,1
120667,1043,1,1041,2
120801,1043,1,1041,2
120893,1044,0,1041,3
121133,1045,1,1044,1
121201,1044,0,1044,0
121357,1046,0,1044,2
121579,1047,1,1044,3
121601,1047,1,1044,3
121831,1048,0,1047,1
122001,1048,0,1047,1
122045,1049,1,1047,2
122293,1050,0,1047,3
122401,1050,0,1047,3
122529,1051,1,1050,1
122761,1052,0,1050,2
122801,1051,1,1050,1
122987,1053,1,1050,3
123201,1053,1,1053,0
123231,1054,0,1053,1
123457,1055,1,1053,2
123601,1055,1,1053,2
123681,1056,0,1053,3
123933,1057,1,1056,1
124001,1056,0,1056,0
124151,1058,0,1056,2
124401,1059,1,1056,3
124639,1060,0,1059,1
124801,1059,1,1059,0
124871,1061,1,1059,2
125101,1062,0,1059,3
125201,1061,1,1059,2
125345,1063,1,1062,1
125573,1064,0,1062,2
125601,1063,1,1062,1
125799,1065,1,1062,3
126001,1065,1,1062,3
126055,1066,0,1065,1
126275,1067,1,1065,2
126401,1066,0,1065,1
126525,1068,0,1065,3
126765,1069,1,1068,1
126801,1068,0,1068,0
127001,1070,0,1068,2
127201,1070,0,1068,2
127231,1071,1,1068,3
127479,1072,0,1071,1
127601,1071,1,1071,0
127709,1073,1,1071,2
127937,1074,0,1071,3
128001,1074,0,1071,3
128193,1075,1,1074,1
128401,1075,1,1074,1
128415,1076,0,1074,2
128669,1077,1,1074,3
128801,1077,1,1074,3
128911,1078,0,1077,1
129149,1079,1,1077,2
129201,1079,1,1077,2
129381,1080,0,1077,3
129601,1080,0,1080,0
129629,1081,1,1080,1
129861,1082,0,1080,2
130001,1082,0,1080,2
130091,1083,1,1080,3
130351,1084,0,1083,1
130401,1083,1,1083,0
130575,1085,1,1083,2
130801,1085,1,1083,2
130829,1086,0,1083,3
131075,1087,1,1086,1
131201,1087,1,1086,1
131313,1088,0,1086,2
131547,1089,1,1086,3
131601,1088,0,1086,2
131799,1090,0,1089,1
132001,1090,0,1089,1
132033,1091,1,1089,2
132265,1092,0,1089,3
132401,1091,1,1089,2
132527,1093,1,1092,1
132751,1094,0,1092,2
132801,1094,0,1092,2
133009,1095,1,1092,3
133201,1095,1,1092,3
133255,1096,0,1095,1
133497,1097,1,1095,2
133601,1096,0,1095,1
133733,1098,0,1095,3
133987,1099,1,1098,1
134001,1098,0,1098,0
134221,1100,0,1098,2
134401,1100,0,1098,2
134455,1101,1,1098,3
134719,1102,0,1101,1
134801,1102,0,1101,1
134947,1103,1,1101,2
135201,1103,1,1101,2
135207,1104,0,1101,3
135455,1105,1,1104,1
135601,1105,1,1104,1
135697,1106,0,1104,2
135935,1107,1,1104,3
136001,1106,0,1104,2
136191,1108,0,1107,1
136401,1108,0,1107,1
136429,1109,1,1107,2
136665,1110,0,1107,3
136801,1110,0,1107,3
136931,1111,1,1110,1
137159,1112,0,1110,2
137201,1112,0,1110,2
137421,1113,1,1110,3
137601,1113,1,1110,3
137671,1114,0,1113,1
137917,1115,1,1113,2
138001,1115,1,1113,2
138157,1116,0,1113,3
138401,1116,0,1116,0
138415,1117,1,1116,1
138653,1118,0,1116,2
138801,1117,1,1116,1
138891,1119,1,1116,3
139159,1120,0,1119,1
139201,1119,1,1119,0
139391,1121,1,1119,2
139601,1121,1,1119,2
139655,1122,0,1119,3
139907,1123,1,1122,1
140001,1123,1,1122,1
140153,1124,0,1122,2
140397,1125,1,1122,3
140401,1124,0,1122,2
140655,1126,0,1125,1
140801,1126,0,1125,1
140897,1127,1,1125,2
141137,1128,0,1125,3
141201,1127,1,1125,2
141407,1129,1,1128,1
141601,1129,1,1128,1
141639,1130,0,1128,2
141905,1131,1,1128,3
142001,1130,0,1128,2
142159,1132,0,1131,1
142401,1132,0,1131,1
142409,1133,1,1131,2
142653,1134,0,1131,3
142801,1134,0,1131,3
142915,1135,1,1134,1
143157,1136,0,1134,2
143201,1135,1,1134,1
143399,1137,1,1134,3
143601,1137,1,1134,3
143671,1138,0,1137,1
143907,1139,1,1137,2
144001,1138,0,1137,1
144175,1140,0,1137,3
144401,1140,0,1140,0
144431,1141,1,1140,1
144681,1142,0,1140,2
144801,1142,0,1140,2
144929,1143,1,1140,3
145191,1144,0,1143,1
145201,1143,1,1143,0
145437,1145,1,1143,2
145601,1145,1,1143,2
145681,1146,0,1143,3
145955,1147,1,1146,1
146001,1147,1,1146,1
146191,1148,0,1146,2
146401,1148,0,1146,2
146461,1149,1,1146,3
146719,1150,0,1149,1
146801,1149,1,1149,0
146973,1151,1,1149,2
147201,1151,1,1149,2
147221,1152,0,1149,3
147487,1153,1,1152,1
147601,1153,1,1152,1
147735,1154,0,1152,2
147979,1155,1,1152,3
148001,1155,1,1152,3
148257,1156,0,1155,1
148401,1155,1,1155,0
148495,1157,1,1155,2
148767,1158,0,1155,3
148801,1158,0,1155,3
149027,1159,1,1158,1
149201,1159,1,1158,1
149283,1160,0,1158,2
149533,1161,1,1158,3
149601,1160,0,1158,2
149801,1162,0,1161,1
150001,1162,0,1161,1
150049,1163,1,1161,2
150297,1164,0,1161,3
150401,1164,0,1161,3
150575,1165,1,1164,1
150801,1165,1,1164,1
150815,1166,0,1164,2
151089,1167,1,1164,3
151201,1167,1,1164,3
151353,1168,0,1167,1
151601,1168,0,1167,1
151609,1169,1,1167,2
151861,1170,0,1167,3
152001,1170,0,1167,3
152131,1171,1,1170,1
152383,1172,0,1170,2
152401,1171,1,1170,1
152631,1173,1,1170,3
152801,1172,0,1170,2
152913,1174,0,1173,1
153155,1175,1,1173,2
153201,1174,0,1173,1
153431,1176,0,1173,3
153601,1176,0,1173,3
153695,1177,1,1176,1
153955,1178,0,1176,2
154001,1177,1,1176,1
154209,1179,1,1176,3
154401,1179,1,1176,3
154481,1180,0,1179,1
154733,1181,1,1179,2
154801,1180,0,1179,1
154985,1182,0,1179,3
155201,1182,0,1179,3
155267,1183,1,1182,1
155511,1184,0,1182,2
155601,1184,0,1182,2
155791,1185,1,1182,3
156001,1185,1,1182,3
156057,1186,0,1185,1
156317,1187,1,1185,2
156401,1186,0,1185,1
156573,1188,0,1185,3
156801,1188,0,1185,3
156847,1189,1,1188,1
157103,1190,0,1188,2
157201,1189,1,1188,1
157355,1191,1,1188,3
157601,1191,1,1188,3
157641,1192,0,1191,1
157887,1193,1,1191,2
158001,1192,0,1191,1
158167,1194,0,1191,3
158401,1194,0,1191,3
158435,1195,1,1194,1
158699,1196,0,1194,2
158801,1195,1,1194,1
158957,1197,1,1194,3
159201,1197,1,1197,0
159233,1198,0,1197,1
159489,1199,1,1197,2
159601,1198,0,1197,1
159745,1200,0,1197,3
160001,1200,0,1200,0
160031,1201,1,1200,1
160279,1202,0,1200,2
160401,1202,0,1200,2
160563,1203,1,1200,3
160801,1203,1,1203,0
160833,1204,0,1203,1
161097,1205,1,1203,2
161201,1205,1,1203,2
161357,1206,0,1203,3
161601,1206,0,1203,3
161635,1207,1,1206,1
161895,1208,0,1206,2
162001,1208,0,1206,2
162153,1209,1,1206,3
162401,1209,1,1206,3
162441,1210,0,1209,1
162691,1211,1,1209,2
162801,1211,1,1209,2
162975,1212,0,1209,3
163201,1212,0,1209,3
163247,1213,1,1212,1
163515,1214,0,1212,2
163601,1213,1,1212,1
163777,1215,1,1212,3
164001,1215,1,1212,3
164057,1216,0,1215,1
164317,1217,1,1215,2
164401,1217,1,1215,2
164577,1218,0,1215,3
164801,1218,0,1215,3
164867,1219,1,1218,1
165119,1220,0,1218,2
165201,1219,1,1218,1
165407,1221,1,1218,3
165601,1220,0,1218,2
165681,1222,0,1221,1
165949,1223,1,1221,2
166001,1222,0,1221,1
166213,1224,0,1221,3
166401,1224,0,1221,3
166495,1225,1,1224,1
166759,1226,0,1224,2
166801,1225,1,1224,1
167021,1227,1,1224,3
167201,1227,1,1224,3
167313,1228,0,1227,1
167567,1229,1,1227,2
167601,1229,1,1227,2
167855,1230,0,1227,3
168001,1230,0,1227,3
168133,1231,1,1230,1
168401,1231,1,1230,1
168403,1232,0,1230,2
168669,1233,1,1230,3
168801,1232,0,1230,2
168953,1234,0,1233,1
169201,1234,0,1233,1
169217,1235,1,1233,2
169481,1236,0,1233,3
169601,1236,0,1233,3
169777,1237,1,1236,1
170001,1237,1,1236,1
170033,1238,0,1236,2
170323,1239,1,1236,3
170401,1239,1,1236,3
170601,1240,0,1239,1
170801,1240,0,1239,1
170875,1241,1,1239,2
171143,1242,0,1239,3
171201,1241,1,1239,2
171429,1243,1,1242,1
171601,1242,0,1242,0
171695,1244,0,1242,2
171961,1245,1,1242,3
172001,1244,0,1242,2
172257,1246,0,1245,1
172401,1246,0,1245,1
172515,1247,1,1245,2
172801,1247,1,1245,2
172807,1248,0,1245,3
173089,1249,1,1248,1
173201,1249,1,1248,1
173363,1250,0,1248,2
173601,1250,0,1248,2
173633,1251,1,1248,3
173921,1252,0,1251,1
174001,1251,1,1251,0
174191,1253,1,1251,2
174401,1253,1,1251,2
174457,1254,0,1251,3
174757,1255,1,1254,1
174801,1254,0,1254,0
175017,1256,0,1254,2
175201,1255,1,1254,1
175311,1257,1,1254,3
175593,1258,0,1257,1
175601,1257,1,1257,0
175871,1259,1,1257,2
176001,1258,0,1257,1
176143,1260,0,1257,3
176401,1260,0,1260,0
176433,1261,1,1260,1
176703,1262,0,1260,2
176801,1261,1,1260,1
176973,1263,1,1260,3
177201,1263,1,1260,3
177273,1264,0,1263,1
177535,1265,1,1263,2
177601,1264,0,1263,1
177833,1266,0,1263,3
178001,1265,1,1263,2
178117,1267,1,1266,1
178395,1268,0,1266,2
178401,1267,1,1266,1
178669,1269,1,1266,3
178801,1269,1,1266,3
178961,1270,0,1269,1
179201,1270,0,1269,1
179235,1271,1,1269,2
179505,1272,0,1269,3
179601,1271,1,1269,2
179809,1273,1,1272,1
180001,1273,1,1272,1
180073,1274,0,1272,2
180371,1275,1,1272,3
180401,1274,0,1272,2
180657,1276,0,1275,1
180801,1275,1,1275,0
180939,1277,1,1275,2
181201,1277,1,1275,2
181215,1278,0,1275,3
181509,1279,1,1278,1
181601,1279,1,1278,1
181783,1280,0,1278,2
182001,1280,0,1278,2
182057,1281,1,1278,3
182361,1282,0,1281,1
182401,1281,1,1281,0
182627,1283,1,1281,2
182801,1283,1,1281,2
182929,1284,0,1281,3
183201,1284,0,1284,0
183217,1285,1,1284,1
183499,1286,0,1284,2
183601,1285,1,1284,1
183777,1287,1,1284,3
184001,1287,1,1284,3
184073,1288,0,1287,1
184351,1289,1,1287,2
184401,1288,0,1287,1
184625,1290,0,1287,3
184801,1290,0,1287,3
184933,1291,1,1290,1
185201,1292,0,1290,2
185503,1293,1,1290,3
185601,1292,0,1290,2
185793,1294,0,1293,1
186001,1293,1,1293,0
186079,1295,1,1293,2
186359,1296,0,1293,3
186401,1295,1,1293,2
186657,1297,1,1296,1
186801,1296,0,1296,0
186935,1298,0,1296,2
187201,1298,0,1296,2
187213,1299,1,1296,3
187521,1300,0,1299,1
187601,1300,0,1299,1
187791,1301,1,1299,2
188001,1301,1,1299,2
188097,1302,0,1299,3
188389,1303,1,1302,1
188401,1302,0,1302,0
188675,1304,0,1302,2
188801,1303,1,1302,1
188957,1305,1,1302,3
189201,1305,1,1302,3
189259,1306,0,1305,1
189539,1307,1,1305,2
189601,1307,1,1305,2
189817,1308,0,1305,3
190001,1308,0,1305,3
190129,1309,1,1308,1
190401,1310,0,1308,2
190707,1311,1,1308,3
190801,1310,0,1308,2
191003,1312,0,1311,1
191201,1311,1,1311,0
191291,1313,1,1311,2
191575,1314,0,1311,3
191601,1313,1,1311,2
191877,1315,1,1314,1
192001,1314,0,1314,0
192159,1316,0,1314,2
192401,1316,0,1314,2
192441,1317,1,1314,3
192755,1318,0,1317,1
192801,1317,1,1317,0
193027,1319,1,1317,2
193201,1319,1,1317,2
193337,1320,0,1317,3
193601,1320,0,1320,0
193633,1321,1,1320,1
193925,1322,0,1320,2
194001,1322,0,1320,2
194209,1323,1,1320,3
194401,1323,1,1320,3
194515,1324,0,1323,1
194799,1325,1,1323,2
194801,1324,0,1323,1
195081,1326,0,1323,3
195201,1325,1,1323,2
195397,1327,1,1326,1
195601,1327,1,1326,1
195673,1328,0,1326,2
195983,1329,1,1326,3
196001,1328,0,1326,2
196283,1330,0,1329,1
196401,1330,0,1329,1
196575,1331,1,1329,2
196801,1331,1,1329,2
196863,1332,0,1329,3
197169,1333,1,1332,1
197201,1332,0,1332,0
197455,1334,0,1332,2
197601,1334,0,1332,2
197741,1335,1,1332,3
198001,1335,1,1332,3
198059,1336,0,1335,1
198335,1337,1,1335,2
198401,1336,0,1335,1
198649,1338,0,1335,3
198801,1337,1,1335,2
198949,1339,1,1338,1
199201,1339,1,1338,1
199245,1340,0,1338,2
199535,1341,1,1338,3
199601,1340,0,1338,2
199843,1342,0,1341,1
200001,1342,0,1341,1
200131,1343,1,1341,2
200401,1343,1,1341,2
200417,1344,0,1341,3
200737,1345,1,1344,1
200801,1345,1,1344,1
201017,1346,0,1344,2
201201,1346,0,1344,2
201333,1347,1,1344,3
201601,1347,1,1347,0
201635,1348,0,1347,1
201931,1349,1,1347,2
202001,1348,0,1347,1
202223,1350,0,1347,3
202401,1349,1,1347,2
202533,1351,1,1350,1
202801,1351,1,1350,1
202825,1352,0,1350,2
203113,1353,1,1350,3
203201,1352,0,1350,2
203435,1354,0,1353,1
203601,1353,1,1353,0
203715,1355,1,1353,2
204001,1355,1,1353,2
204033,1356,0,1353,3
204337,1357,1,1356,1
204401,1357,1,1356,1
204637,1358,0,1356,2
204801,1358,0,1356,2
204931,1359,1,1356,3
205201,1359,1,1356,3
205243,1360,0,1359,1
205535,1361,1,1359,2
205601,1360,0,1359,1
205825,1362,0,1359,3
206001,1362,0,1359,3
206149,1363,1,1362,1
206401,1363,1,1362,1
206433,1364,0,1362,2
206753,1365,1,1362,3
206801,1364,0,1362,2
207059,1366,0,1365,1
207201,1366,0,1365,1
207359,1367,1,1365,2
207601,1367,1,1365,2
207655,1368,0,1365,3
207969,1369,1,1368,1
208001,1368,0,1368,0
208265,1370,0,1368,2
208401,1370,0,1368,2
208557,1371,1,1368,3
208801,1371,1,1368,3
208883,1372,0,1371,1
209167,1373,1,1371,2
209201,1372,0,1371,1
209489,1374,0,1371,3
209601,1374,0,1371,3
209797,1375,1,1374,1
210001,1375,1,1374,1
210101,1376,0,1374,2
210399,1377,1,1374,3
210401,1376,0,1374,2
210715,1378,0,1377,1
210801,1378,0,1377,1
211011,1379,1,1377,2
211201,1379,1,1377,2
211305,1380,0,1377,3
211601,1380,0,1380,0
211635,1381,1,1380,1
211921,1382,0,1380,2
212001,1381,1,1380,1
212245,1383,1,1380,3
212401,1383,1,1380,3
212555,1384,0,1383,1
212801,1384,0,1383,1
212859,1385,1,1383,2
213159,1386,0,1383,3
213201,1386,0,1383,3
213479,1387,1,1386,1
213601,1386,0,1386,0
213777,1388,0,1386,2
214001,1388,0,1386,2
214073,1389,1,1386,3
214401,1389,1,1389,0
214403,1390,0,1389,1
214691,1391,1,1389,2
214801,1390,0,1389,1
215017,1392,0,1389,3
215201,1391,1,1389,2
215331,1393,1,1392,1
215601,1393,1,1392,1
215637,1394,0,1392,2
215939,1395,1,1392,3
216001,1394,0,1392,2
216259,1396,0,1395,1
216401,1396,0,1395,1
216559,1397,1,1395,2
216801,1397,1,1395,2
216859,1398,0,1395,3
217191,1399,1,1398,1
217201,1398,0,1398,0
217481,1400,0,1398,2
217601,1399,1,1398,1
217809,1401,1,1398,3
218001,1400,0,1398,2
218123,1402,0,1401,1
218401,1402,0,1401,1
218433,1403,1,1401,2
218735,1404,0,1401,3
218801,1404,0,1401,3
219059,1405,1,1404,1
219201,1404,0,1404,0
219361,1406,0,1404,2
219601,1406,0,1404,2
219661,1407,1,1404,3
219995,1408,0,1407,1
220001,1407,1,1407,0
220289,1409,1,1407,2
220401,1409,1,1407,2
220617,1410,0,1407,3
220801,1410,0,1407,3
220935,1411,1,1410,1
221201,1411,1,1410,1
221245,1412,0,1410,2
221551,1413,1,1410,3
221601,1413,1,1410,3
221875,1414,0,1413,1
222001,1413,1,1413,0
222179,1415,1,1413,2
222401,1415,1,1413,2
222483,1416,0,1413,3
222801,1416,0,1416,0
222819,1417,1,1416,1
223113,1418,0,1416,2
223201,1417,1,1416,1
223445,1419,1,1416,3
223601,1419,1,1416,3
223763,1420,0,1419,1
224001,1420,0,1419,1
224077,1421,1,1419,2
224383,1422,0,1419,3
224401,1421,1,1419,2
224711,1423,1,1422,1
224801,1422,0,1422,0
225017,1424,0,1422,2
225201,1424,0,1422,2
225321,1425,1,1422,3
225601,1425,1,1422,3
225659,1426,0,1425,1
225957,1427,1,1425,2
226001,1426,0,1425,1
226289,1428,0,1425,3
226401,1427,1,1425,2
226611,1429,1,1428,1
226801,1429,1,1428,1
226925,1430,0,1428,2
227201,1430,0,1428,2
227235,1431,1,1428,3
227563,1432,0,1431,1
227601,1431,1,1431,0
227871,1433,1,1431,2
228001,1432,0,1431,1
228179,1434,0,1431,3
228401,1434,0,1431,3
228519,1435,1,1434,1
228801,1435,1,1434,1
228817,1436,0,1434,2
229153,1437,1,1434,3
229201,1436,0,1434,2
229475,1438,0,1437,1
229601,1437,1,1437,0
229793,1439,1,1437,2
230001,1439,1,1437,2
230103,1440,0,1437,3
230401,1440,0,1440,0
230435,1441,1,1440,1
230745,1442,0,1440,2
230801,1441,1,1440,1
231053,1443,1,1440,3
231201,1443,1,1440,3
231395,1444,0,1443,1
231601,1444,0,1443,1
231697,1445,1,1443,2
232001,1445,1,1443,2
232035,1446,0,1443,3
232359,1447,1,1446,1
232401,1446,0,1446,0
232677,1448,0,1446,2
232801,1448,0,1446,2
232991,1449,1,1446,3
233201,1448,0,1446,2
233323,1450,0,1449,1
233601,1450,0,1449,1
233635,1451,1,1449,2
233947,1452,0,1449,3
234001,1451,1,1449,2
234291,1453,1,1452,1
234401,1452,0,1452,0
234593,1454,0,1452,2
234801,1453,1,1452,1
234933,1455,1,1452,3
235201,1455,1,1452,3
235259,1456,0,1455,1
235581,1457,1,1455,2
235601,1456,0,1455,1
235897,1458,0,1455,3
236001,1457,1,1455,2
236231,1459,1,1458,1
236401,1459,1,1458,1
236545,1460,0,1458,2
236801,1460,0,1458,2
236857,1461,1,1458,3
237201,1461,1,1461,0
237205,1462,0,1461,1
237509,1463,1,1461,2
237601,1462,0,1461,1
237851,1464,0,1461,3
238001,1464,0,1461,3
238179,1465,1,1464,1
238401,1465,1,1464,1
238501,1466,0,1464,2
238801,1466,0,1464,2
238819,1467,1,1464,3
239157,1468,0,1467,1
239201,1468,0,1467,1
239473,1469,1,1467,2
239601,1469,1,1467,2
239787,1470,0,1467,3
240001,1470,0,1467,3
240135,1471,1,1470,1
240401,1471,1,1470,1
240441,1472,0,1470,2
240785,1473,1,1470,3
240801,1473,1,1470,3
241117,1474,0,1473,1
241201,1474,0,1473,1
241441,1475,1,1473,2
241601,1475,1,1473,2
241761,1476,0,1473,3
242001,1475,1,1473,2
242099,1477,1,1476,1
242401,1477,1,1476,1
242417,1478,0,1476,2
242733,1479,1,1476,3
242801,1479,1,1476,3
243085,1480,0,1479,1
243201,1480,0,1479,1
243393,1481,1,1479,2
243601,1481,1,1479,2
243739,1482,0,1479,3
244001,1482,0,1479,3
244071,1483,1,1482,1
244397,1484,0,1482,2
244401,1483,1,1482,1
244719,1485,1,1482,3
244801,1484,0,1482,2
245061,1486,0,1485,1
245201,1486,0,1485,1
245381,1487,1,1485,2
245601,1486,0,1485,1
245699,1488,0,1485,3
246001,1488,0,1485,3
246051,1489,1,1488,1
246361,1490,0,1488,2
246401,1489,1,1488,1
246709,1491,1,1488,3
246801,1491,1,1488,3
247045,1492,0,1491,1
247201,1492,0,1491,1
247373,1493,1,1491,2
247601,1493,1,1491,2
247697,1494,0,1491,3
248001,1494,0,1491,3
248039,1495,1,1494,1
248361,1496,0,1494,2
248401,1495,1,1494,1
248681,1497,1,1494,3
248801,1496,0,1494,2
249037,1498,0,1497,1
249201,1497,1,1497,0
249349,1499,1,1497,2
249601,1499,1,1497,2
249699,1500,0,1497,3
250001,1500,0,1500,0
250035,1501,1,1500,1
250367,1502,0,1500,2
250401,1501,1,1500,1
250691,1503,1,1500,3
250801,1503,1,1500,3
251037,1504,0,1503,1
251201,1504,0,1503,1
251361,1505,1,1503,2
251601,1505,1,1503,2
251683,1506,0,1503,3
252001,1506,0,1503,3
252039,1507,1,1506,1
252353,1508,0,1506,2
252401,1507,1,1506,1
252705,1509,1,1506,3
252801,1508,0,1506,2
253045,1510,0,1509,1
253201,1510,0,1509,1
253377,1511,1,1509,2
253601,1510,0,1509,1
253705,1512,0,1509,3
254001,1512,0,1509,3
254051,1513,1,1512,1
254377,1514,0,1512,2
254401,1513,1,1512,1
254701,1515,1,1512,3
254801,1514,0,1512,2
255061,1516,0,1515,1
255201,1516,0,1515,1
255377,1517,1,1515,2
255601,1516,0,1515,1
255731,1518,0,1515,3
256001,1518,0,1515,3
256071,1519,1,1518,1
256401,1519,1,1518,1
256407,1520,0,1518,2
256735,1521,1,1518,3
256801,1520,0,1518,2
257085,1522,0,1521,1
257201,1521,1,1521,0
257413,1523,1,1521,2
257601,1522,0,1521,1
257739,1524,0,1521,3
258001,1524,0,1521,3
258099,1525,1,1524,1
258401,1525,1,1524,1
258417,1526,0,1524,2
258775,1527,1,1524,3
258801,1526,0,1524,2
259117,1528,0,1527,1
259201,1527,1,1527,0
259453,1529,1,1527,2
259601,1528,0,1527,1
259785,1530,0,1527,3
260001,1529,1,1527,2
260135,1531,1,1530,1
260401,1531,1,1530,1
260465,1532,0,1530,2
260793,1533,1,1530,3
260801,1532,0,1530,2
261157,1534,0,1533,1
261201,1533,1,1533,0
261477,1535,1,1533,2
261601,1534,0,1533,1
261835,1536,0,1533,3
262001,1536,0,1533,3
262179,1537,1,1536,1
262401,1537,1,1536,1
262519,1538,0,1536,2
262801,1537,1,1536,1
262851,1539,1,1536,3
263201,1539,1,1539,0
263205,1540,0,1539,1
263537,1541,1,1539,2
263601,1540,0,1539,1
263867,1542,0,1539,3
264001,1542,0,1539,3
264233,1543,1,1542,1
264401,1543,1,1542,1
264553,1544,0,1542,2
264801,1544,0,1542,2
264915,1545,1,1542,3
265201,1545,1,1542,3
265261,1546,0,1545,1
265601,1547,1,1545,2
265937,1548,0,1545,3
266001,1547,1,1545,2
266293,1549,1,1548,1
266401,1548,0,1548,0
266625,1550,0,1548,2
266801,1550,0,1548,2
266957,1551,1,1548,3
267201,1551,1,1548,3
267325,1552,0,1551,1
267601,1552,0,1551,1
267649,1553,1,1551,2
268001,1553,1,1551,2
268011,1554,0,1551,3
268361,1555,1,1554,1
268401,1554,0,1554,0
268703,1556,0,1554,2
268801,1556,0,1554,2
269039,1557,1,1554,3
269201,1557,1,1554,3
269397,1558,0,1557,1
269601,1558,0,1557,1
269733,1559,1,1557,2
270001,1559,1,1557,2
270067,1560,0,1557,3
270401,1560,0,1560,0
270437,1561,1,1560,1
270761,1562,0,1560,2
270801,1562,0,1560,2
271127,1563,1,1560,3
271201,1562,0,1560,2
271477,1564,0,1563,1
271601,1563,1,1563,0
271821,1565,1,1563,2
272001,1565,1,1563,2
272161,1566,0,1563,3
272401,1566,0,1563,3
272521,1567,1,1566,1
272801,1567,1,1566,1
272857,1568,0,1566,2
273193,1569,1,1566,3
273201,1568,0,1566,2
273565,1570,0,1569,1
273601,1569,1,1569,0
273893,1571,1,1569,2
274001,1571,1,1569,2
274259,1572,0,1569,3
274401,1572,0,1569,3
274613,1573,1,1572,1
274801,1572,0,1572,0
274959,1574,0,1572,2
275201,1574,0,1572,2
275301,1575,1,1572,3
275601,1575,1,1572,3
275661,1576,0,1575,1
276001,1577,1,1575,2
276339,1578,0,1575,3
276401,1578,0,1575,3
276713,1579,1,1578,1
276801,1578,0,1578,0
277041,1580,0,1578,2
277201,1579,1,1578,1
277411,1581,1,1578,3
277601,1581,1,1578,3
277765,1582,0,1581,1
278001,1582,0,1581,1
278115,1583,1,1581,2
278401,1583,1,1581,2
278457,1584,0,1581,3
278801,1584,0,1584,0
278821,1585,1,1584,1
279163,1586,0,1584,2
279201,1585,1,1584,1
279501,1587,1,1584,3
279601,1587,1,1584,3
279877,1588,0,1587,1
280001,1587,1,1587,0
280209,1589,1,1587,2
280401,1588,0,1587,1
280579,1590,0,1587,3
280801,1590,0,1587,3
280937,1591,1,1590,1
281201,1590,0,1590,0
281287,1592,0,1590,2
281601,1592,0,1590,2
281633,1593,1,1590,3
281997,1594,0,1593,1
282001,1593,1,1593,0
282341,1595,1,1593,2
282401,1594,0,1593,1
282683,1596,0,1593,3
282801,1595,1,1593,2
283061,1597,1,1596,1
283201,1596,0,1596,0
283393,1598,0,1596,2
283601,1598,0,1596,2
283767,1599,1,1596,3
284001,1599,1,1596,3
284125,1600,0,1599,1
284401,1600,0,1599,1
284479,1601,1,1599,2
284801,1601,1,1599,2
284825,1602,0,1599,3
285193,1603,1,1602,1
285201,1602,0,1602,0
285539,1604,0,1602,2
285601,1603,1,1602,1
285881,1605,1,1602,3
286001,1604,0,1602,2
286261,1606,0,1605,1
286401,1606,0,1605,1
286597,1607,1,1605,2
286801,1607,1,1605,2
286971,1608,0,1605,3
287201,1608,0,1605,3
287333,1609,1,1608,1
287601,1608,0,1608,0
287687,1610,0,1608,2
288001,1610,0,1608,2
288037,1611,1,1608,3
288401,1611,1,1611,0
288405,1612,0,1611,1
288753,1613,1,1611,2
288801,1612,0,1611,1
289099,1614,0,1611,3
289201,1613,1,1611,2
289481,1615,1,1614,1
289601,1614,0,1614,0
289819,1616,0,1614,2
290001,1615,1,1614,1
290195,1617,1,1614,3
290401,1616,0,1614,2
290557,1618,0,1617,1
290801,1618,0,1617,1
290915,1619,1,1617,2
291201,1619,1,1617,2
291265,1620,0,1617,3
291601,1620,0,1620,0
291637,1621,1,1620,1
291987,1622,0,1620,2
292001,1621,1,1620,1
292335,1623,1,1620,3
292401,1622,0,1620,2
292717,1624,0,1623,1
292801,1624,0,1623,1
293057,1625,1,1623,2
293201,1624,0,1623,1
293437,1626,0,1623,3
293601,1625,1,1623,2
293801,1627,1,1626,1
294001,1627,1,1626,1
294159,1628,0,1626,2
294401,1628,0,1626,2
294513,1629,1,1626,3
294801,1629,1,1626,3
294887,1630,0,1629,1
295201,1630,0,1629,1
295237,1631,1,1629,2
295587,1632,0,1629,3
295601,1631,1,1629,2
295973,1633,1,1632,1
296001,1633,1,1632,1
296315,1634,0,1632,2
296401,1633,1,1632,1
296695,1635,1,1632,3
296801,1634,0,1632,2
297063,1636,0,1635,1
297201,1635,1,1635,0
297423,1637,1,1635,2
297601,1636,0,1635,1
297777,1638,0,1635,3
298001,1637,1,1635,2
298153,1639,1,1638,1
298401,1639,1,1638,1
298507,1640,0,1638,2
298801,1640,0,1638,2
298859,1641,1,1638,3
299201,1641,1,1638,3
299247,1642,0,1641,1
299589,1643,1,1641,2
299601,1642,0,1641,1
299973,1644,0,1641,3
300001,1644,0,1641,3
300341,1645,1,1644,1
300401,1644,0,1644,0
300703,1646,0,1644,2
300801,1646,0,1644,2
301061,1647,1,1644,3
301201,1646,0,1644,2
301439,1648,0,1647,1
301601,1647,1,1647,0
301793,1649,1,1647,2
302001,1649,1,1647,2
302147,1650,0,1647,3
302401,1650,0,1647,3
302537,1651,1,1650,1
302801,1651,1,1650,1
302883,1652,0,1650,2
303201,1652,0,1650,2
303267,1653,1,1650,3
303601,1653,1,1653,0
303639,1654,0,1653,1
304001,1654,0,1653,1
304003,1655,1,1653,2
304361,1656,0,1653,3
304401,1655,1,1653,2
304741,1657,1,1656,1
304801,1656,0,1656,0
305099,1658,0,1656,2
305201,1658,0,1656,2
305455,1659,1,1656,3
305601,1658,0,1656,2
305847,1660,0,1659,1
306001,1660,0,1659,1
306193,1661,1,1659,2
306401,1661,1,1659,2
306581,1662,0,1659,3
306801,1662,0,1659,3
306953,1663,1,1662,1
307201,1663,1,1662,1
307319,1664,0,1662,2
307601,1664,0,1662,2
307681,1665,1,1662,3
308001,1665,1,1662,3
308063,1666,0,1665,1
308401,1666,0,1665,1
308421,1667,1,1665,2
308779,1668,0,1665,3
308801,1667,1,1665,2
309173,1669,1,1668,1
309201,1669,1,1668,1
309523,1670,0,1668,2
309601,1670,0,1668,2
309911,1671,1,1668,3
310001,1670,0,1668,2
310287,1672,0,1671,1
310401,1671,1,1671,0
310655,1673,1,1671,2
310801,1672,0,1671,1
311017,1674,0,1671,3
311201,1674,0,1671,3
311401,1675,1,1674,1
311601,1675,1,1674,1
311763,1676,0,1674,2
312001,1676,0,1674,2
312123,1677,1,1674,3
312401,1677,1,1674,3
312519,1678,0,1677,1
312801,1678,0,1677,1
312869,1679,1,1677,2
313201,1679,1,1677,2
313261,1680,0,1677,3
313601,1680,0,1680,0
313637,1681,1,1680,1
314001,1681,1,1680,1
314009,1682,0,1680,2
314373,1683,1,1680,3
314401,1682,0,1680,2
314759,1684,0,1683,1
314801,1683,1,1683,0
315121,1685,1,1683,2
315201,1685,1,1683,2
315483,1686,0,1683,3
315601,1685,1,1683,2
315881,1687,1,1686,1
316001,1686,0,1686,0
316235,1688,0,1686,2
316401,1688,0,1686,2
316627,1689,1,1686,3
316801,1689,1,1686,3
317007,1690,0,1689,1
317201,1690,0,1689,1
317379,1691,1,1689,2
317601,1691,1,1689,2
317747,1692,0,1689,3
318001,1691,1,1689,2
318133,1693,1,1692,1
318401,1693,1,1692,1
318499,1694,0,1692,2
318801,1694,0,1692,2
318863,1695,1,1692,3
319201,1695,1,1692,3
319263,1696,0,1695,1
319601,1696,0,1695,1
319617,1697,1,1695,2
320001,1697,1,1695,2
320013,1698,0,1695,3
320393,1699,1,1698,1
320401,1698,0,1698,0
320769,1700,0,1698,2
320801,1699,1,1698,1
321137,1701,1,1698,3
321201,1701,1,1698,3
321527,1702,0,1701,1
321601,1701,1,1701,0
321895,1703,1,1701,2
322001,1702,0,1701,1
322259,1704,0,1701,3
322401,1704,0,1701,3
322661,1705,1,1704,1
322801,1705,1,1704,1
323019,1706,0,1704,2
323201,1706,0,1704,2
323415,1707,1,1704,3
323601,1707,1,1704,3
323799,1708,0,1707,1
324001,1708,0,1707,1
324175,1709,1,1707,2
324401,1709,1,1707,2
324547,1710,0,1707,3
324801,1710,0,1707,3
324937,1711,1,1710,1
325201,1711,1,1710,1
325307,1712,0,1710,2
325601,1712,0,1710,2
325675,1713,1,1710,3
326001,1712,0,1710,2
326079,1714,0,1713,1
326401,1714,0,1713,1
326437,1715,1,1713,2
326801,1715,1,1713,2
326837,1716,0,1713,3
327201,1716,0,1716,0
327223,1717,1,1716,1
327601,1718,0,1716,2
327973,1719,1,1716,3
328001,1718,0,1716,2
328367,1720,0,1719,1
328401,1719,1,1719,0
328739,1721,1,1719,2
328801,1721,1,1719,2
329107,1722,0,1719,3
329201,1721,1,1719,2
329515,1723,1,1722,1
329601,1722,0,1722,0
329875,1724,0,1722,2
330001,1723,1,1722,1
330277,1725,1,1722,3
330401,1725,1,1722,3
330663,1726,0,1725,1
330801,1725,1,1725,0
331043,1727,1,1725,2
331201,1726,0,1725,1
331419,1728,0,1725,3
331601,1728,0,1725,3
331815,1729,1,1728,1
332001,1729,1,1728,1
332187,1730,0,1728,2
332401,1729,1,1728,1
332559,1731,1,1728,3
332801,1731,1,1728,3
332967,1732,0,1731,1
333201,1731,1,1731,0
333329,1733,1,1731,2
333601,1733,1,1731,2
333733,1734,0,1731,3
334001,1734,0,1731,3
334123,1735,1,1734,1
334401,1735,1,1734,1
334505,1736,0,1734,2
334801,1736,0,1734,2
334881,1737,1,1734,3
335201,1736,0,1734,2
335279,1738,0,1737,1
335601,1738,0,1737,1
335655,1739,1,1737,2
336001,1739,1,1737,2
336027,1740,0,1737,3
336401,1740,0,1740,0
336439,1741,1,1740,1
336801,1741,1,1740,1
336803,1742,0,1740,2
337201,1742,0,1740,2
337209,1743,1,1740,3
337599,1744,0,1743,1
337601,1743,1,1743,0
337983,1745,1,1743,2
338001,1745,1,1743,2
338363,1746,0,1743,3
338401,1745,1,1743,2
338763,1747,1,1746,1
338801,1747,1,1746,1
339139,1748,0,1746,2
339201,1747,1,1746,1
339515,1749,1,1746,3
339601,1748,0,1746,2
339927,1750,0,1749,1
340001,1749,1,1749,0
340293,1751,1,1749,2
340401,1750,0,1749,1
340701,1752,0,1749,3
340801,1752,0,1749,3
341095,1753,1,1752,1
341201,1752,0,1752,0
341481,1754,0,1752,2
341601,1754,0,1752,2
341861,1755,1,1752,3
342001,1754,0,1752,2
342263,1756,0,1755,1
342401,1756,0,1755,1
342643,1757,1,1755,2
342801,1757,1,1755,2
343019,1758,0,1755,3
343201,1757,1,1755,2
343435,1759,1,1758,1
343601,1759,1,1758,1
343803,1760,0,1758,2
344001,1759,1,1758,1
344213,1761,1,1758,3
344401,1760,0,1758,2
344607,1762,0,1761,1
344801,1761,1,1761,0
344995,1763,1,1761,2
345201,1762,0,1761,1
345379,1764,0,1761,3
345601,1763,1,1761,2
345783,1765,1,1764,1
346001,1764,0,1764,0
346163,1766,0,1764,2
346401,1765,1,1764,1
346543,1767,1,1764,3
346801,1766,0,1764,2
346959,1768,0,1767,1
347201,1768,0,1767,1
347329,1769,1,1767,2
347601,1769,1,1767,2
347741,1770,0,1767,3
348001,1769,1,1767,2
348139,1771,1,1770,1
348401,1771,1,1770,1
348529,1772,0,1770,2
348801,1772,0,1770,2
348913,1773,1,1770,3
349201,1772,0,1770,2
349319,1774,0,1773,1
349601,1774,0,1773,1
349703,1775,1,1773,2
350001,1775,1,1773,2
350083,1776,0,1773,3
350401,1776,0,1773,3
350503,1777,1,1776,1
350801,1777,1,1776,1
350875,1778,0,1776,2
351201,1778,0,1776,2
351289,1779,1,1776,3
351601,1779,1,1776,3
351687,1780,0,1779,1
352001,1780,0,1779,1
352081,1781,1,1779,2
352401,1781,1,1779,2
352467,1782,0,1779,3
352801,1782,0,1779,3
352875,1783,1,1782,1
353201,1783,1,1782,1
353259,1784,0,1782,2
353601,1784,0,1782,2
353643,1785,1,1782,3
354001,1785,1,1782,3
354063,1786,0,1785,1
354401,1786,0,1785,1
354437,1787,1,1785,2
354801,1787,1,1785,2
354853,1788,0,1785,3
355201,1788,0,1785,3
355255,1789,1,1788,1
355601,1789,1,1788,1
355649,1790,0,1788,2
356001,1790,0,1788,2
356037,1791,1,1788,3
356401,1791,1,1788,3
356447,1792,0,1791,1
356801,1792,0,1791,1
356835,1793,1,1791,2
357201,1793,1,1791,2
357219,1794,0,1791,3
357601,1794,0,1791,3
357643,1795,1,1794,1
358001,1795,1,1794,1
358019,1796,0,1794,2
358401,1796,0,1794,2
358437,1797,1,1794,3
358801,1797,1,1797,0
358839,1798,0,1797,1
359201,1798,0,1797,1
359237,1799,1,1797,2
359601,1799,1,1797,2
359627,1800,0,1797,3
360001,1800,0,1800,0
360039,1801,1,1800,1
360401,1801,1,1800,1
360427,1802,0,1800,2
360801,1802,0,1800,2
360815,1803,1,1800,3
361201,1803,1,1803,0
361241,1804,0,1803,1
361601,1804,0,1803,1
361619,1805,1,1803,2
362001,1805,1,1803,2
362037,1806,0,1803,3
362401,1806,0,1803,3
362443,1807,1,1806,1
362801,1807,1,1806,1
362841,1808,0,1806,2
363201,1808,0,1806,2
363233,1809,1,1806,3
363601,1809,1,1806,3
363649,1810,0,1809,1
364001,1810,0,1809,1
364039,1811,1,1809,2
364401,1811,1,1809,2
364427,1812,0,1809,3
364801,1812,0,1809,3
364855,1813,1,1812,1
365201,1812,0,1812,0
365235,1814,0,1812,2
365601,1814,0,1812,2
365657,1815,1,1812,3
366001,1815,1,1812,3
366065,1816,0,1815,1
366401,1816,0,1815,1
366465,1817,1,1815,2
366801,1817,1,1815,2
366859,1818,0,1815,3
367201,1818,0,1815,3
367275,1819,1,1818,1
367601,1819,1,1818,1
367669,1820,0,1818,2
368001,1819,1,1818,1
368059,1821,1,1818,3
368401,1821,1,1818,3
368489,1822,0,1821,1
368801,1822,0,1821,1
368871,1823,1,1821,2
369201,1823,1,1821,2
369295,1824,0,1821,3
369601,1824,0,1821,3
369703,1825,1,1824,1
370001,1824,0,1824,0
370105,1826,0,1824,2
370401,1826,0,1824,2
370503,1827,1,1824,3
370801,1827,1,1824,3
370921,1828,0,1827,1
371201,1827,1,1827,0
371315,1829,1,1827,2
371601,1828,0,1827,1
371707,1830,0,1827,3
372001,1829,1,1827,2
372139,1831,1,1830,1
372401,1831,1,1830,1
372523,1832,0,1830,2
372801,1832,0,1830,2
372949,1833,1,1830,3
373201,1833,1,1830,3
373361,1834,0,1833,1
373601,1833,1,1833,0
373765,1835,1,1833,2
374001,1835,1,1833,2
374163,1836,0,1833,3
374401,1836,0,1833,3
374583,1837,1,1836,1
374801,1837,1,1836,1
374981,1838,0,1836,2
375201,1838,0,1836,2
375375,1839,1,1836,3
375601,1838,0,1836,2
375809,1840,0,1839,1
376001,1840,0,1839,1
376195,1841,1,1839,2
376401,1840,0,1839,1
376623,1842,0,1839,3
376801,1841,1,1839,2
377035,1843,1,1842,1
377201,1843,1,1842,1
377441,1844,0,1842,2
377601,1843,1,1842,1
377843,1845,1,1842,3
378001,1845,1,1842,3
378265,1846,0,1845,1
378401,1846,0,1845,1
378663,1847,1,1845,2
378801,1846,0,1845,1
379061,1848,0,1845,3
379201,1847,1,1845,2
379495,1849,1,1848,1
379601,1849,1,1848,1
379883,1850,0,1848,2
380001,1850,0,1848,2
380313,1851,1,1848,3
380401,1850,0,1848,2
380729,1852,0,1851,1
380801,1851,1,1851,0
381137,1853,1,1851,2
381201,1852,0,1851,1
381539,1854,0,1851,3
381601,1853,1,1851,2
381963,1855,1,1854,1
382001,1854,0,1854,0
382365,1856,0,1854,2
382401,1855,1,1854,1
382763,1857,1,1854,3
382801,1856,0,1854,2
383201,1858,0,1857,1
383591,1859,1,1857,2
383601,1858,0,1857,1
384001,1859,1,1857,2
384023,1860,0,1857,3
384401,1860,0,1860,0
384439,1861,1,1860,1
384801,1861,1,1860,1
384849,1862,0,1860,2
385201,1862,0,1860,2
385255,1863,1,1860,3
385601,1863,1,1860,3
385681,1864,0,1863,1
386001,1864,0,1863,1
386083,1865,1,1863,2
386401,1865,1,1863,2
386485,1866,0,1863,3
386801,1865,1,1863,2
386923,1867,1,1866,1
387201,1867,1,1866,1
387315,1868,0,1866,2
387601,1868,0,1866,2
387749,1869,1,1866,3
388001,1869,1,1866,3
388169,1870,0,1869,1
388401,1870,0,1869,1
388581,1871,1,1869,2
388801,1871,1,1869,2
388987,1872,0,1869,3
389201,1871,1,1869,2
389415,1873,1,1872,1
389601,1872,0,1872,0
389821,1874,0,1872,2
390001,1874,0,1872,2
390223,1875,1,1872,3
390401,1874,0,1872,2
390665,1876,0,1875,1
390801,1876,0,1875,1
391059,1877,1,1875,2
391201,1876,0,1875,1
391495,1878,0,1875,3
391601,1877,1,1875,2
391915,1879,1,1878,1
392001,1878,0,1878,0
392331,1880,0,1878,2
392401,1879,1,1878,1
392739,1881,1,1878,3
392801,1880,0,1878,2
393169,1882,0,1881,1
393201,1881,1,1881,0
393575,1883,1,1881,2
393601,1882,0,1881,1
393981,1884,0,1881,3
394001,1883,1,1881,2
394401,1884,0,1884,0
394423,1885,1,1884,1
394801,1885,1,1884,1
394819,1886,0,1884,2
395201,1886,0,1884,2
395257,1887,1,1884,3
395601,1887,1,1884,3
395681,1888,0,1887,1
396001,1888,0,1887,1
396097,1889,1,1887,2
396401,1889,1,1887,2
396507,1890,0,1887,3
396801,1890,0,1887,3
396939,1891,1,1890,1
397201,1891,1,1890,1
397349,1892,0,1890,2
397601,1892,0,1890,2
397755,1893,1,1890,3
398001,1892,0,1890,2
398201,1894,0,1893,1
398401,1893,1,1893,0
398599,1895,1,1893,2
398801,1894,0,1893,1
399039,1896,0,1893,3
399201,1895,1,1893,2
399465,1897,1,1896,1
399601,1897,1,1896,1
399883,1898,0,1896,2
400001,1897,1,1896,1
400295,1899,1,1896,3
400401,1898,0,1896,2
400729,1900,0,1899,1
400801,1899,1,1899,0
401139,1901,1,1899,2
401201,1900,0,1899,1
401549,1902,0,1899,3
401601,1901,1,1899,2
401997,1903,1,1902,1
402001,1902,0,1902,0
402395,1904,0,1902,2
402401,1903,1,1902,1
402801,1904,0,1902,2
402837,1905,1,1902,3
403201,1905,1,1902,3
403265,1906,0,1905,1
403601,1906,0,1905,1
403685,1907,1,1905,2
404001,1907,1,1905,2
404099,1908,0,1905,3
404401,1908,0,1905,3
404537,1909,1,1908,1
404801,1909,1,1908,1
404949,1910,0,1908,2
405201,1910,0,1908,2
405359,1911,1,1908,3
405601,1911,1,1908,3
405809,1912,0,1911,1
406001,1912,0,1911,1
406211,1913,1,1911,2
406401,1912,0,1911,1
406655,1914,0,1911,3
406801,1914,0,1911,3
407085,1915,1,1914,1
407201,1914,0,1914,0
407507,1916,0,1914,2
407601,1915,1,1914,1
407923,1917,1,1914,3
408001,1916,0,1914,2
408361,1918,0,1917,1
408401,1917,1,1917,0
408775,1919,1,1917,2
408801,1918,0,1917,1
409189,1920,0,1917,3
409201,1919,1,1917,2
409601,1920,0,1920,0
409641,1921,1,1920,1
410001,1921,1,1920,1
410043,1922,0,1920,2
410401,1922,0,1920,2
410491,1923,1,1920,3
410801,1923,1,1920,3
410921,1924,0,1923,1
411201,1924,0,1923,1
411345,1925,1,1923,2
411601,1924,0,1923,1
411763,1926,0,1923,3
412001,1926,0,1923,3
412205,1927,1,1926,1
412401,1927,1,1926,1
412621,1928,0,1926,2
412801,1928,0,1926,2
413035,1929,1,1926,3
413201,1929,1,1926,3
413489,1930,0,1929,1
413601,1929,1,1929,0
413895,1931,1,1929,2
414001,1930,0,1929,1
414343,1932,0,1929,3
414401,1931,1,1929,2
414777,1933,1,1932,1
414801,1932,0,1932,0
415201,1933,1,1932,1
415203,1934,0,1932,2
415601,1934,0,1932,2
415623,1935,1,1932,3
416001,1935,1,1932,3
416065,1936,0,1935,1
416401,1936,0,1935,1
416483,1937,1,1935,2
416801,1937,1,1935,2
416901,1938,0,1935,3
417201,1938,0,1935,3
417357,1939,1,1938,1
417601,1938,0,1938,0
417763,1940,0,1938,2
418001,1939,1,1938,1
418215,1941,1,1938,3
418401,1940,0,1938,2
418649,1942,0,1941,1
418801,1941,1,1941,0
419077,1943,1,1941,2
419201,1942,0,1941,1
419499,1944,0,1941,3
419601,1943,1,1941,2
419945,1945,1,1944,1
420001,1944,0,1944,0
420365,1946,0,1944,2
420401,1946,0,1944,2
420783,1947,1,1944,3
420801,1946,0,1944,2
421201,1947,1,1947,0
421241,1948,0,1947,1
421601,1948,0,1947,1
421651,1949,1,1947,2
422001,1949,1,1947,2
422103,1950,0,1947,3
422401,1950,0,1947,3
422541,1951,1,1950,1
422801,1950,0,1950,0
422971,1952,0,1950,2
423201,1952,0,1950,2
423395,1953,1,1950,3
423601,1952,0,1950,2
423841,1954,0,1953,1
424001,1953,1,1953,0
424265,1955,1,1953,2
424401,1954,0,1953,1
424685,1956,0,1953,3
424801,1956,0,1953,3
425145,1957,1,1956,1
425201,1956,0,1956,0
425555,1958,0,1956,2
425601,1957,1,1956,1
426001,1958,0,1956,2
426011,1959,1,1956,3
426401,1959,1,1956,3
426449,1960,0,1959,1
426801,1960,0,1959,1
426881,1961,1,1959,2
427201,1960,0,1959,1
427309,1962,0,1959,3
427601,1962,0,1959,3
427757,1963,1,1962,1
428001,1963,1,1962,1
428181,1964,0,1962,2
428401,1964,0,1962,2
428603,1965,1,1962,3
428801,1965,1,1962,3
429065,1966,0,1965,1
429201,1966,0,1965,1
429479,1967,1,1965,2
429601,1967,1,1965,2
429935,1968,0,1965,3
430001,1967,1,1965,2
430377,1969,1,1968,1
430401,1968,0,1968,0
430801,1969,1,1968,1
430811,1970,0,1968,2
431201,1970,0,1968,2
431239,1971,1,1968,3
431601,1971,1,1968,3
431689,1972,0,1971,1
432001,1972,0,1971,1
432117,1973,1,1971,2
432401,1973,1,1971,2
432541,1974,0,1971,3
432801,1973,1,1971,2
433005,1975,1,1974,1
433201,1974,0,1974,0
433419,1976,0,1974,2
433601,1975,1,1974,1
433879,1977,1,1974,3
434001,1976,0,1974,2
434321,1978,0,1977,1
434401,1977,1,1977,0
434759,1979,1,1977,2
434801,1979,1,1977,2
435189,1980,0,1977,3
435201,1979,1,1977,2
435601,1980,0,1980,0
435641,1981,1,1980,1
436001,1981,1,1980,1
436069,1982,0,1980,2
436401,1982,0,1980,2
436495,1983,1,1980,3
436801,1982,0,1980,2
436961,1984,0,1983,1
437201,1984,0,1983,1
437379,1985,1,1983,2
437601,1984,0,1983,1
437839,1986,0,1983,3
438001,1985,1,1983,2
438285,1987,1,1986,1
438401,1987,1,1986,1
438723,1988,0,1986,2
438801,1987,1,1986,1
439155,1989,1,1986,3
439201,1988,0,1986,2
439601,1989,1,1989,0
439611,1990,0,1989,1
440001,1990,0,1989,1
440041,1991,1,1989,2
440401,1991,1,1989,2
440469,1992,0,1989,3
440801,1991,1,1989,2
440937,1993,1,1992,1
441201,1993,1,1992,1
441355,1994,0,1992,2
441601,1994,0,1992,2
441819,1995,1,1992,3
442001,1994,0,1992,2
442267,1996,0,1995,1
442401,1995,1,1995,0
442707,1997,1,1995,2
442801,1996,0,1995,1
443141,1998,0,1995,3
443201,1998,0,1995,3
443597,1999,1,1998,1
443601,1998,0,1998,0
444001,1999,1,1998,1
444029,2000,0,1998,2
444401,2000,0,1998,2
444459,2001,1,1998,3
444801,2001,1,1998,3
444931,2002,0,2001,1
445201,2002,0,2001,1
445351,2003,1,2001,2
445601,2003,1,2001,2
445815,2004,0,2001,3
446001,2004,0,2001,3
446265,2005,1,2004,1
446401,2004,0,2004,0
446707,2006,0,2004,2
446801,2006,0,2004,2
447143,2007,1,2004,3
447201,2006,0,2004,2
447601,2007,1,2007,0
447603,2008,0,2007,1
448001,2008,0,2007,1
448037,2009,1,2007,2
448401,2009,1,2007,2
448469,2010,0,2007,3
448801,2010,0,2007,3
448941,2011,1,2010,1
449201,2011,1,2010,1
449363,2012,0,2010,2
449601,2012,0,2010,2
449831,2013,1,2010,3
450001,2012,0,2010,2
450283,2014,0,2013,1
450401,2013,1,2013,0
450727,2015,1,2013,2
450801,2014,0,2013,1
451165,2016,0,2013,3
451201,2016,0,2013,3
451601,2016,0,2016,0
451625,2017,1,2016,1
452001,2016,0,2016,0
452061,2018,0,2016,2
452401,2018,0,2016,2
452495,2019,1,2016,3
452801,2018,0,2016,2
452971,2020,0,2019,1
453201,2019,1,2019,0
453395,2021,1,2019,2
453601,2021,1,2019,2
453865,2022,0,2019,3
454001,2021,1,2019,2
454317,2023,1,2022,1
454401,2022,0,2022,0
454763,2024,0,2022,2
454801,2023,1,2022,1
455201,2024,0,2022,2
455203,2025,1,2022,3
455601,2025,1,2022,3
455667,2026,0,2025,1
456001,2026,0,2025,1
456105,2027,1,2025,2
456401,2027,1,2025,2
456541,2028,0,2025,3
456801,2028,0,2025,3
457017,2029,1,2028,1
457201,2028,0,2028,0
457445,2030,0,2028,2
457601,2030,0,2028,2
457915,2031,1,2028,3
458001,2030,0,2028,2
458371,2032,0,2031,1
458401,2032,0,2031,1
458801,2032,0,2031,1
458819,2033,1,2031,2
459201,2032,0,2031,1
459261,2034,0,2031,3
459601,2034,0,2031,3
459725,2035,1,2034,1
460001,2035,1,2034,1
460165,2036,0,2034,2
460401,2035,1,2034,1
460603,2037,1,2034,3
460801,2037,1,2034,3
461083,2038,0,2037,1
461201,2037,1,2037,0
461511,2039,1,2037,2
461601,2038,0,2037,1
461985,2040,0,2037,3
462001,2039,1,2037,2
462401,2040,0,2040,0
462441,2041,1,2040,1
462801,2041,1,2040,1
462891,2042,0,2040,2
463201,2042,0,2040,2
463335,2043,1,2040,3
463601,2042,0,2040,2
463803,2044,0,2043,1
464001,2044,0,2043,1
464245,2045,1,2043,2
464401,2044,0,2043,1
464685,2046,0,2043,3
464801,2045,1,2043,2
465165,2047,1,2046,1
465201,2046,0,2046,0
465597,2048,0,2046,2
465601,2047,1,2046,1
466001,2048,0,2046,2
466071,2049,1,2046,3
466401,2049,1,2046,3
466531,2050,0,2049,1
466801,2050,0,2049,1
466983,2051,1,2049,2
467201,2050,0,2049,1
467429,2052,0,2049,3
467601,2052,0,2049,3
467897,2053,1,2052,1
468001,2052,0,2052,0
468341,2054,0,2052,2
468401,2054,0,2052,2
468783,2055,1,2052,3
468801,2054,0,2052,2
469201,2055,1,2052,3
469267,2056,0,2055,1
469601,2056,0,2055,1
469699,2057,1,2055,2
470001,2057,1,2055,2
470177,2058,0,2055,3
470401,2058,0,2055,3
470637,2059,1,2058,1
470801,2059,1,2058,1
471091,2060,0,2058,2
471201,2059,1,2058,1
471539,2061,1,2058,3
471601,2061,1,2058,3
472001,2061,1,2061,0
472011,2062,0,2061,1
472401,2062,0,2061,1
472457,2063,1,2061,2
472801,2063,1,2061,2
472901,2064,0,2061,3
473201,2063,1,2061,2
473385,2065,1,2064,1
473601,2065,1,2064,1
473821,2066,0,2064,2
474001,2065,1,2064,1
474299,2067,1,2064,3
474401,2067,1,2064,3
474763,2068,0,2067,1
474801,2067,1,2067,0
475201,2068,0,2067,1
475219,2069,1,2067,2
475601,2069,1,2067,2
475669,2070,0,2067,3
476001,2070,0,2067,3
476141,2071,1,2070,1
476401,2070,0,2070,0
476591,2072,0,2070,2
476801,2071,1,2070,1
477035,2073,1,2070,3
477201,2072,0,2070,2
477523,2074,0,2073,1
477601,2074,0,2073,1
477959,2075,1,2073,2
478001,2074,0,2073,1
478401,2075,1,2073,2
478441,2076,0,2073,3
478801,2076,0,2073,3
478905,2077,1,2076,1
479201,2077,1,2076,1
479365,2078,0,2076,2
479601,2077,1,2076,1
479815,2079,1,2076,3
480001,2078,0,2076,2
480291,2080,0,2079,1
480401,2079,1,2079,0
480741,2081,1,2079,2
480801,2081,1,2079,2
481189,2082,0,2079,3
481201,2081,1,2079,2
481601,2082,0,2079,3
481679,2083,1,2082,1
482001,2083,1,2082,1
482117,2084,0,2082,2
482401,2083,1,2082,1
482599,2085,1,2082,3
482801,2084,0,2082,2
483067,2086,0,2085,1
483201,2086,0,2085,1
483527,2087,1,2085,2
483601,2087,1,2085,2
483981,2088,0,2085,3
484001,2087,1,2085,2
484401,2088,0,2085,3
484459,2089,1,2088,1
484801,2089,1,2088,1
484911,2090,0,2088,2
485201,2090,0,2088,2
485361,2091,1,2088,3
485601,2090,0,2088,2
485851,2092,0,2091,1
486001,2092,0,2091,1
486291,2093,1,2091,2
486401,2092,0,2091,1
486777,2094,0,2091,3
486801,2093,1,2091,2
487201,2094,0,2091,3
487247,2095,1,2094,1
487601,2095,1,2094,1
487709,2096,0,2094,2
488001,2095,1,2094,1
488165,2097,1,2094,3
488401,2097,1,2094,3
488643,2098,0,2097,1
488801,2097,1,2097,0
489097,2099,1,2097,2
489201,2098,0,2097,1
489549,2100,0,2097,3
489601,2099,1,2097,2
490001,2100,0,2100,0
490043,2101,1,2100,1
490401,2100,0,2100,0
490485,2102,0,2100,2
490801,2102,0,2100,2
490971,2103,1,2100,3
491201,2102,0,2100,2
491443,2104,0,2103,1
491601,2103,1,2103,0
491907,2105,1,2103,2
492001,2104,0,2103,1
492365,2106,0,2103,3
492401,2105,1,2103,2
492801,2106,0,2103,3
492847,2107,1,2106,1
493201,2107,1,2106,1
493303,2108,0,2106,2
493601,2107,1,2106,1
493757,2109,1,2106,3
494001,2108,0,2106,2
494251,2110,0,2109,1
494401,2110,0,2109,1
494695,2111,1,2109,2
494801,2111,1,2109,2
495185,2112,0,2109,3
495201,2111,1,2109,2
495601,2112,0,2109,3
495659,2113,1,2112,1
496001,2113,1,2112,1
496125,2114,0,2112,2
496401,2113,1,2112,1
496585,2115,1,2112,3
496801,2115,1,2112,3
497067,2116,0,2115,1
497201,2115,1,2115,0
497525,2117,1,2115,2
497601,2116,0,2115,1
497981,2118,0,2115,3
498001,2117,1,2115,2
498401,2118,0,2115,3
498479,2119,1,2118,1
498801,2119,1,2118,1
498925,2120,0,2118,2
499201,2120,0,2118,2
499415,2121,1,2118,3
499601,2121,1,2118,3
499891,2122,0,2121,1
500001,2121,1,2121,0
500359,2123,1,2121,2
500401,2122,0,2121,1
500801,2123,1,2121,2
500821,2124,0,2121,3
501201,2123,1,2121,2
501307,2125,1,2124,1
501601,2124,0,2124,0
501767,2126,0,2124,2
502001,2126,0,2124,2
502225,2127,1,2124,3
502401,2126,0,2124,2
502723,2128,0,2127,1
502801,2127,1,2127,0
503171,2129,1,2127,2
503201,2129,1,2127,2
503601,2129,1,2127,2
503665,2130,0,2127,3
504001,2129,1,2127,2
504143,2131,1,2130,1
504401,2131,1,2130,1
504613,2132,0,2130,2
504801,2131,1,2130,1
505077,2133,1,2130,3
505201,2132,0,2130,2
505563,2134,0,2133,1
505601,2133,1,2133,0
506001,2134,0,2133,1
506025,2135,1,2133,2
506401,2135,1,2133,2
506485,2136,0,2133,3
506801,2136,0,2133,3
506987,2137,1,2136,1
507201,2137,1,2136,1
507437,2138,0,2136,2
507601,2137,1,2136,1
507933,2139,1,2136,3
508001,2138,0,2136,2
508401,2139,1,2139,0
508411,2140,0,2139,1
508801,2140,0,2139,1
508883,2141,1,2139,2
509201,2141,1,2139,2
509349,2142,0,2139,3
509601,2142,0,2139,3
509839,2143,1,2142,1
510001,2142,0,2142,0
510303,2144,0,2142,2
510401,2143,1,2142,1
510765,2145,1,2142,3
510801,2144,0,2142,2
511201,2145,1,2142,3
511267,2146,0,2145,1
511601,2145,1,2145,0
511719,2147,1,2145,2
512001,2147,1,2145,2
512217,2148,0,2145,3
512401,2147,1,2145,2
512699,2149,1,2148,1
512801,2148,0,2148,0
513173,2150,0,2148,2
513201,2149,1,2148,1
513601,2150,0,2148,2
513641,2151,1,2148,3
514001,2150,0,2148,2
514131,2152,0,2151,1
514401,2152,0,2151,1
514597,2153,1,2151,2
514801,2152,0,2151,1
515061,2154,0,2151,3
515201,2153,1,2151,2
515567,2155,1,2154,1
515601,2154,0,2154,0
516001,2155,1,2154,1
516021,2156,0,2154,2
516401,2156,0,2154,2
516521,2157,1,2154,3
516801,2157,1,2154,3
517003,2158,0,2157,1
517201,2157,1,2157,0
517479,2159,1,2157,2
517601,2158,0,2157,1
517949,2160,0,2157,3
518001,2160,0,2157,3
518401,2160,0,2160,0
518443,2161,1,2160,1
518801,2161,1,2160,1
518911,2162,0,2160,2
519201,2161,1,2160,1
519377,2163,1,2160,3
519601,2163,1,2160,3
519883,2164,0,2163,1
520001,2163,1,2163,0
520339,2165,1,2163,2
520401,2164,0,2163,1
520801,2165,1,2163,2
520841,2166,0,2163,3
521201,2166,0,2163,3
521327,2167,1,2166,1
521601,2166,0,2166,0
521805,2168,0,2166,2
522001,2168,0,2166,2
522277,2169,1,2166,3
522401,2169,1,2166,3
522771,2170,0,2169,1
522801,2169,1,2169,0
523201,2170,0,2169,1
523241,2171,1,2169,2
523601,2171,1,2169,2
523709,2172,0,2169,3
524001,2172,0,2169,3
524219,2173,1,2172,1
524401,2172,0,2172,0
524677,2174,0,2172,2
524801,2173,1,2172,1
525181,2175,1,2172,3
525201,2174,0,2172,2
525601,2175,1,2172,3
525667,2176,0,2175,1
526001,2175,1,2175,0
526149,2177,1,2175,2
526401,2177,1,2175,2
526621,2178,0,2175,3
526801,2177,1,2175,2
527119,2179,1,2178,1
527201,2178,0,2178,0
527591,2180,0,2178,2
527601,2179,1,2178,1
528001,2180,0,2178,2
528061,2181,1,2178,3
528401,2181,1,2178,3
528573,2182,0,2181,1
528801,2181,1,2181,0
529031,2183,1,2181,2
529201,2183,1,2181,2
529537,2184,0,2181,3
529601,2183,1,2181,2
530001,2184,0,2184,0
530027,2185,1,2184,1
530401,2185,1,2184,1
530509,2186,0,2184,2
530801,2186,0,2184,2
530985,2187,1,2184,3
531201,2187,1,2184,3
531485,2188,0,2187,1
531601,2187,1,2187,0
531957,2189,1,2187,2
532001,2188,0,2187,1
532401,2189,1,2187,2
532429,2190,0,2187,3
532801,2189,1,2187,2
532943,2191,1,2190,1
533201,2191,1,2190,1
533405,2192,0,2190,2
533601,2191,1,2190,1
533913,2193,1,2190,3
534001,2192,0,2190,2
534401,2193,1,2193,0
534405,2194,0,2193,1
534801,2194,0,2193,1
534889,2195,1,2193,2
535201,2195,1,2193,2
535365,2196,0,2193,3
535601,2196,0,2193,3
535867,2197,1,2196,1
536001,2196,0,2196,0
536343,2198,0,2196,2
536401,2197,1,2196,1
536801,2198,0,2196,2
536817,2199,1,2196,3
537201,2199,1,2196,3
537333,2200,0,2199,1
537601,2200,0,2199,1
537795,2201,1,2199,2
538001,2200,0,2199,1
538305,2202,0,2199,3
538401,2201,1,2199,2
538799,2203,1,2202,1
538801,2202,0,2202,0
539201,2203,1,2202,1
539285,2204,0,2202,2
539601,2204,0,2202,2
539765,2205,1,2202,3
540001,2205,1,2202,3
540269,2206,0,2205,1
540401,2206,0,2205,1
540745,2207,1,2205,2
540801,2206,0,2205,1
541201,2207,1,2205,2
541221,2208,0,2205,3
541601,2208,0,2205,3
541739,2209,1,2208,1
542001,2209,1,2208,1
542205,2210,0,2208,2
542401,2209,1,2208,1
542717,2211,1,2208,3
542801,2211,1,2208,3
543201,2211,1,2211,0
543213,2212,0,2211,1
543601,2212,0,2211,1
543701,2213,1,2211,2
544001,2212,0,2211,1
544181,2214,0,2211,3
544401,2213,1,2211,2
544687,2215,1,2214,1
544801,2214,0,2214,0
545167,2216,0,2214,2
545201,2215,1,2214,1
545601,2216,0,2214,2
545645,2217,1,2214,3
546001,2217,1,2214,3
546165,2218,0,2217,1
546401,2218,0,2217,1
546631,2219,1,2217,2
546801,2218,0,2217,1
547145,2220,0,2217,3
547201,2219,1,2217,2
547601,2220,0,2220,0
547643,2221,1,2220,1
548001,2221,1,2220,1
548133,2222,0,2220,2
548401,2221,1,2220,1
548617,2223,1,2220,3
548801,2223,1,2220,3
549125,2224,0,2223,1
549201,2223,1,2223,0
549601,2224,0,2223,1
549607,2225,1,2223,2
550001,2225,1,2223,2
550085,2226,0,2223,3
550401,2226,0,2223,3
550607,2227,1,2226,1
550801,2226,0,2226,0
551077,2228,0,2226,2
551201,2227,1,2226,1
551593,2229,1,2226,3
551601,2228,0,2226,2
552001,2229,1,2226,3
552093,2230,0,2229,1
552401,2230,0,2229,1
552585,2231,1,2229,2
552801,2230,0,2229,1
553071,2232,0,2229,3
553201,2231,1,2229,2
553579,2233,1,2232,1
553601,2232,0,2232,0
554001,2233,1,2232,1
554063,2234,0,2232,2
554401,2233,1,2232,1
554545,2235,1,2232,3
554801,2234,0,2232,2
555069,2236,0,2235,1
555201,2235,1,2235,0
555539,2237,1,2235,2
555601,2237,1,2235,2
556001,2237,1,2235,2
556059,2238,0,2235,3
556401,2238,0,2235,3
556559,2239,1,2238,1
556801,2239,1,2238,1
557053,2240,0,2238,2
557201,2240,0,2238,2
557541,2241,1,2238,3
557601,2240,0,2238,2
558001,2241,1,2238,3
558053,2242,0,2241,1
558401,2241,1,2241,0
558539,2243,1,2241,2
558801,2243,1,2241,2
559021,2244,0,2241,3
559201,2243,1,2241,2
559547,2245,1,2244,1
559601,2244,0,2244,0
560001,2245,1,2244,1
560021,2246,0,2244,2
560401,2246,0,2244,2
560541,2247,1,2244,3
560801,2246,0,2244,2
561045,2248,0,2247,1
561201,2247,1,2247,0
561541,2249,1,2247,2
561601,2248,0,2247,1
562001,2249,1,2247,2
562031,2250,0,2247,3
562401,2250,0,2247,3
562543,2251,1,2250,1
562801,2250,0,2250,0
563031,2252,0,2250,2
563201,2252,0,2250,2
563517,2253,1,2250,3
563601,2253,1,2250,3
564001,2253,1,2253,0
564045,2254,0,2253,1
564401,2254,0,2253,1
564521,2255,1,2253,2
564801,2255,1,2253,2
565043,2256,0,2253,3
565201,2256,0,2253,3
565547,2257,1,2256,1
565601,2256,0,2256,0
566001,2257,1,2256,1
566045,2258,0,2256,2
566401,2257,1,2256,1
566537,2259,1,2256,3
566801,2259,1,2256,3
567053,2260,0,2259,1
567201,2259,1,2259,0
567543,2261,1,2259,2
567601,2260,0,2259,1
568001,2261,1,2259,2
568029,2262,0,2259,3
568401,2262,0,2259,3
568559,2263,1,2262,1
568801,2262,0,2262,0
569037,2264,0,2262,2
569201,2263,1,2262,1
569561,2265,1,2262,3
569601,2264,0,2262,2
570001,2265,1,2262,3
570069,2266,0,2265,1
570401,2265,1,2265,0
570569,2267,1,2265,2
570801,2266,0,2265,1
571063,2268,0,2265,3
571201,2268,0,2265,3
571579,2269,1,2268,1
571601,2268,0,2268,0
572001,2269,1,2268,1
572071,2270,0,2268,2
572401,2269,1,2268,1
572561,2271,1,2268,3
572801,2270,0,2268,2
573093,2272,0,2271,1
573201,2271,1,2271,0
573573,2273,1,2271,2
573601,2273,1,2271,2
574001,2273,1,2271,2
574099,2274,0,2271,3
574401,2273,1,2271,2
574607,2275,1,2274,1
574801,2275,1,2274,1
575109,2276,0,2274,2
575201,2275,1,2274,1
575601,2276,0,2274,2
575605,2277,1,2274,3
576001,2277,1,2274,3
576125,2278,0,2277,1
576401,2278,0,2277,1
576619,2279,1,2277,2
576801,2278,0,2277,1
577109,2280,0,2277,3
577201,2279,1,2277,2
577601,2280,0,2280,0
577645,2281,1,2280,1
578001,2281,1,2280,1
578125,2282,0,2280,2
578401,2282,0,2280,2
578653,2283,1,2280,3
578801,2282,0,2280,2
579165,2284,0,2283,1
579201,2283,1,2283,0
579601,2284,0,2283,1
579669,2285,1,2283,2
580001,2285,1,2283,2
580167,2286,0,2283,3
580401,2285,1,2283,2
580689,2287,1,2286,1
580801,2286,0,2286,0
581183,2288,0,2286,2
581201,2287,1,2286,1
581601,2288,0,2286,2
581677,2289,1,2286,3
582001,2289,1,2286,3
582213,2290,0,2289,1
582401,2289,1,2289,0
582697,2291,1,2289,2
582801,2290,0,2289,1
583201,2291,1,2289,2
583227,2292,0,2289,3
583601,2292,0,2289,3
583741,2293,1,2292,1
584001,2293,1,2292,1
584247,2294,0,2292,2
584401,2294,0,2292,2
584745,2295,1,2292,3
584801,2294,0,2292,2
585201,2295,1,2292,3
585269,2296,0,2295,1
585601,2296,0,2295,1
585767,2297,1,2295,2
586001,2296,0,2295,1
586261,2298,0,2295,3
586401,2298,0,2295,3
586801,2299,1,2298,1
587201,2299,1,2298,1
587285,2300,0,2298,2
587601,2300,0,2298,2
587817,2301,1,2298,3
588001,2300,0,2298,2
588333,2302,0,2301,1
588401,2301,1,2301,0
588801,2302,0,2301,1
588841,2303,1,2301,2
589201,2303,1,2301,2
589343,2304,0,2301,3
589601,2303,1,2301,2
589869,2305,1,2304,1
590001,2304,0,2304,0
590367,2306,0,2304,2
590401,2305,1,2304,1
590801,2306,0,2304,2
590865,2307,1,2304,3
591201,2307,1,2304,3
591405,2308,0,2307,1
591601,2307,1,2307,0
591893,2309,1,2307,2
592001,2308,0,2307,1
592401,2309,1,2307,2
592427,2310,0,2307,3
592801,2310,0,2307,3
592945,2311,1,2310,1
593201,2310,0,2310,0
593455,2312,0,2310,2
593601,2311,1,2310,1
593957,2313,1,2310,3
594001,2312,0,2310,2
594401,2313,1,2310,3
594485,2314,0,2313,1
594801,2313,1,2313,0
594987,2315,1,2313,2
595201,2315,1,2313,2
595485,2316,0,2313,3
595601,2315,1,2313,2
596001,2316,0,2316,0
596029,2317,1,2316,1
596401,2317,1,2316,1
596517,2318,0,2316,2
596801,2317,1,2316,1
597053,2319,1,2316,3
597201,2318,0,2316,2
597573,2320,0,2319,1
597601,2319,1,2319,0
598001,2319,1,2319,0
598085,2321,1,2319,2
598401,2321,1,2319,2
598591,2322,0,2319,3
598801,2322,0,2319,3
599121,2323,1,2322,1
599201,2322,0,2322,0
599601,2323,1,2322,1
599623,2324,0,2322,2
600001,2324,0,2322,2
600125,2325,1,2322,3
600401,2324,0,2322,2
600669,2326,0,2325,1
600801,2326,0,2325,1
601161,2327,1,2325,2
601201,2326,0,2325,1
601601,2327,1,2325,2
601699,2328,0,2325,3
602001,2328,0,2325,3
602221,2329,1,2328,1
602401,2328,0,2328,0
602735,2330,0,2328,2
602801,2329,1,2328,1
603201,2330,0,2328,2
603241,2331,1,2328,3
603601,2331,1,2328,3
603773,2332,0,2331,1
604001,2332,0,2331,1
604279,2333,1,2331,2
604401,2333,1,2331,2
604781,2334,0,2331,3
604801,2333,1,2331,2
605201,2334,0,2331,3
605329,2335,1,2334,1
605601,2335,1,2334,1
605821,2336,0,2334,2
606001,2336,0,2334,2
606361,2337,1,2334,3
606401,2336,0,2334,2
606801,2337,1,2334,3
606885,2338,0,2337,1
607201,2338,0,2337,1
607401,2339,1,2337,2
607601,2339,1,2337,2
607911,2340,0,2337,3
608001,2339,1,2337,2
608401,2340,0,2340,0
608445,2341,1,2340,1
608801,2341,1,2340,1
608951,2342,0,2340,2
609201,2341,1,2340,1
609457,2343,1,2340,3
609601,2342,0,2340,2
610001,2343,1,2343,0
610005,2344,0,2343,1
610401,2344,0,2343,1
610501,2345,1,2343,2
610801,2345,1,2343,2
611043,2346,0,2343,3
611201,2345,1,2343,2
611569,2347,1,2346,1
611601,2346,0,2346,0
612001,2347,1,2346,1
612087,2348,0,2346,2
612401,2348,0,2346,2
612597,2349,1,2346,3
612801,2349,1,2346,3
613133,2350,0,2349,1
613201,2349,1,2349,0
613601,2350,0,2349,1
613643,2351,1,2349,2
614001,2350,0,2349,1
614151,2352,0,2349,3
614401,2351,1,2349,2
614701,2353,1,2352,1
614801,2352,0,2352,0
615197,2354,0,2352,2
615201,2353,1,2352,1
615601,2353,1,2352,1
615743,2355,1,2352,3
616001,2355,1,2352,3
616269,2356,0,2355,1
616401,2356,0,2355,1
616789,2357,1,2355,2
616801,2356,0,2355,1
617201,2357,1,2355,2
617303,2358,0,2355,3
617601,2357,1,2355,2
617841,2359,1,2358,1
618001,2358,0,2358,0
618353,2360,0,2358,2
618401,2359,1,2358,1
618801,2360,0,2358,2
618861,2361,1,2358,3
619201,2361,1,2358,3
619413,2362,0,2361,1
619601,2362,0,2361,1
619913,2363,1,2361,2
620001,2362,0,2361,1
620401,2363,1,2361,2
620459,2364,0,2361,3
620801,2364,0,2361,3
620989,2365,1,2364,1
621201,2364,0,2364,0
621511,2366,0,2364,2
621601,2365,1,2364,1
622001,2366,0,2364,2
622025,2367,1,2364,3
622401,2367,1,2364,3
622565,2368,0,2367,1
622801,2367,1,2367,0
623079,2369,1,2367,2
623201,2369,1,2367,2
623591,2370,0,2367,3
623601,2369,1,2367,2
624001,2370,0,2367,3
624145,2371,1,2370,1
624401,2370,0,2370,0
624645,2372,0,2370,2
624801,2371,1,2370,1
625195,2373,1,2370,3
625201,2372,0,2370,2
625601,2372,0,2370,2
625725,2374,0,2373,1
626001,2374,0,2373,1
626249,2375,1,2373,2
626401,2375,1,2373,2
626767,2376,0,2373,3
626801,2375,1,2373,2
627201,2376,0,2373,3
627309,2377,1,2376,1
627601,2377,1,2376,1
627825,2378,0,2376,2
628001,2377,1,2376,1
628337,2379,1,2376,3
628401,2379,1,2376,3
628801,2379,1,2376,3
628893,2380,0,2379,1
629201,2380,0,2379,1
629397,2381,1,2379,2
629601,2380,0,2379,1
629947,2382,0,2379,3
630001,2381,1,2379,2
630401,2382,0,2379,3
630481,2383,1,2382,1
630801,2383,1,2382,1
631007,2384,0,2382,2
631201,2383,1,2382,1
631527,2385,1,2382,3
631601,2385,1,2382,3
632001,2385,1,2382,3
632071,2386,0,2385,1
632401,2386,0,2385,1
632587,2387,1,2385,2
632801,2387,1,2385,2
633103,2388,0,2385,3
633201,2387,1,2385,2
633601,2388,0,2385,3
633661,2389,1,2388,1
634001,2389,1,2388,1
634165,2390,0,2388,2
634401,2389,1,2388,1
634719,2391,1,2388,3
634801,2390,0,2388,2
635201,2391,1,2388,3
635255,2392,0,2391,1
635601,2392,0,2391,1
635783,2393,1,2391,2
636001,2392,0,2391,1
636303,2394,0,2391,3
636401,2393,1,2391,2
636801,2394,0,2391,3
636849,2395,1,2394,1
637201,2394,0,2394,0
637369,2396,0,2394,2
637601,2395,1,2394,1
637885,2397,1,2394,3
638001,2396,0,2394,2
638401,2397,1,2397,0
638447,2398,0,2397,1
638801,2397,1,2397,0
638953,2399,1,2397,2
639201,2398,0,2397,1
639507,2400,0,2397,3
639601,2399,1,2397,2
640001,2400,0,2400,0
640045,2401,1,2400,1
640401,2401,1,2400,1
640575,2402,0,2400,2
640801,2402,0,2400,2
641099,2403,1,2400,3
641201,2403,1,2400,3
641601,2403,1,2403,0
641647,2404,0,2403,1
642001,2404,0,2403,1
642167,2405,1,2403,2
642401,2405,1,2403,2
642687,2406,0,2403,3
642801,2406,0,2403,3
643201,2406,0,2403,3
643249,2407,1,2406,1
643601,2407,1,2406,1
643757,2408,0,2406,2
644001,2408,0,2406,2
644315,2409,1,2406,3
644401,2408,0,2406,2
644801,2409,1,2406,3
644855,2410,0,2409,1
645201,2410,0,2409,1
645387,2411,1,2409,2
645601,2411,1,2409,2
645911,2412,0,2409,3
646001,2411,1,2409,2
646401,2412,0,2409,3
646461,2413,1,2412,1
646801,2412,0,2412,0
646985,2414,0,2412,2
647201,2413,1,2412,1
647505,2415,1,2412,3
647601,2414,0,2412,2
648001,2415,1,2412,3
648071,2416,0,2415,1
648401,2416,0,2415,1
648581,2417,1,2415,2
648801,2416,0,2415,1
649139,2418,0,2415,3
649201,2417,1,2415,2
649601,2418,0,2415,3
649681,2419,1,2418,1
650001,2419,1,2418,1
650215,2420,0,2418,2
650401,2419,1,2418,1
650743,2421,1,2418,3
650801,2420,0,2418,2
651201,2420,0,2418,2
651295,2422,0,2421,1
651601,2422,0,2421,1
651819,2423,1,2421,2
652001,2423,1,2421,2
652343,2424,0,2421,3
652401,2423,1,2421,2
652801,2424,0,2421,3
652909,2425,1,2424,1
653201,2425,1,2424,1
653421,2426,0,2424,2
653601,2425,1,2424,1
653983,2427,1,2424,3
654001,2426,0,2424,2
654401,2427,1,2424,3
654527,2428,0,2427,1
654801,2428,0,2427,1
655063,2429,1,2427,2
655201,2428,0,2427,1
655591,2430,0,2427,3
655601,2429,1,2427,2
656001,2430,0,2427,3
656145,2431,1,2430,1
656401,2431,1,2430,1
656673,2432,0,2430,2
656801,2431,1,2430,1
657197,2433,1,2430,3
657201,2432,0,2430,2
657601,2433,1,2430,3
657767,2434,0,2433,1
658001,2433,1,2433,0
658281,2435,1,2433,2
658401,2435,1,2433,2
658801,2435,1,2433,2
658843,2436,0,2433,3
659201,2436,0,2433,3
659389,2437,1,2436,1
659601,2436,0,2436,0
659927,2438,0,2436,2
660001,2437,1,2436,1
660401,2438,0,2436,2
660459,2439,1,2436,3
660801,2438,0,2436,2
661015,2440,0,2439,1
661201,2440,0,2439,1
661543,2441,1,2439,2
661601,2440,0,2439,1
662001,2441,1,2439,2
662071,2442,0,2439,3
662401,2442,0,2439,3
662641,2443,1,2442,1
662801,2442,0,2442,0
663157,2444,0,2442,2
663201,2443,1,2442,1
663601,2444,0,2442,2
663723,2445,1,2442,3
664001,2444,0,2442,2
664271,2446,0,2445,1
664401,2445,1,2445,0
664801,2446,0,2445,1
664811,2447,1,2445,2
665201,2446,0,2445,1
665343,2448,0,2445,3
665601,2448,0,2445,3
665901,2449,1,2448,1
666001,2448,0,2448,0
666401,2449,1,2448,1
666433,2450,0,2448,2
666801,2450,0,2448,2
666961,2451,1,2448,3
667201,2450,0,2448,2
667535,2452,0,2451,1
667601,2451,1,2451,0
668001,2452,0,2451,1
668053,2453,1,2451,2
668401,2453,1,2451,2
668619,2454,0,2451,3
668801,2454,0,2451,3
669169,2455,1,2454,1
669201,2454,0,2454,0
669601,2455,1,2454,1
669711,2456,0,2454,2
670001,2456,0,2454,2
670247,2457,1,2454,3
670401,2456,0,2454,2
670801,2457,1,2457,0
670807,2458,0,2457,1
671201,2458,0,2457,1
671339,2459,1,2457,2
671601,2458,0,2457,1
671871,2460,0,2457,3
672001,2460,0,2457,3
672401,2460,0,2460,0
672445,2461,1,2460,1
672801,2461,1,2460,1
672965,2462,0,2460,2
673201,2461,1,2460,1
673535,2463,1,2460,3
673601,2462,0,2460,2
674001,2463,1,2460,3
674087,2464,0,2463,1
674401,2463,1,2463,0
674631,2465,1,2463,2
674801,2465,1,2463,2
675167,2466,0,2463,3
675201,2465,1,2463,2
675601,2465,1,2463,2
675729,2467,1,2466,1
676001,2467,1,2466,1
676265,2468,0,2466,2
676401,2467,1,2466,1
676797,2469,1,2466,3
676801,2468,0,2466,2
677201,2469,1,2466,3
677375,2470,0,2469,1
677601,2470,0,2469,1
677897,2471,1,2469,2
678001,2470,0,2469,1
678401,2471,1,2469,2
678469,2472,0,2469,3
678801,2472,0,2469,3
679021,2473,1,2472,1
679201,2472,0,2472,0
679567,2474,0,2472,2
679601,2473,1,2472,1
680001,2473,1,2472,1
680107,2475,1,2472,3
680401,2475,1,2472,3
680671,2476,0,2475,1
680801,2475,1,2475,0
681201,2476,0,2475,1
681207,2477,1,2475,2
681601,2477,1,2475,2
681743,2478,0,2475,3
682001,2477,1,2475,2
682321,2479,1,2478,1
682401,2478,0,2478,0
682801,2479,1,2478,1
682845,2480,0,2478,2
683201,2480,0,2478,2
683419,2481,1,2478,3
683601,2481,1,2478,3
683975,2482,0,2481,1
684001,2481,1,2481,0
684401,2481,1,2481,0
684523,2483,1,2481,2
684801,2483,1,2481,2
685063,2484,0,2481,3
685201,2483,1,2481,2
685601,2484,0,2484,0
685629,2485,1,2484,1
686001,2485,1,2484,1
686169,2486,0,2484,2
686401,2485,1,2484,1
686705,2487,1,2484,3
686801,2486,0,2484,2
687201,2487,1,2484,3
687287,2488,0,2487,1
687601,2488,0,2487,1
687813,2489,1,2487,2
688001,2488,0,2487,1
688389,2490,0,2487,3
688401,2489,1,2487,2
688801,2490,0,2487,3
688947,2491,1,2490,1
689201,2491,1,2490,1
689495,2492,0,2490,2
689601,2492,0,2490,2
690001,2492,0,2490,2
690039,2493,1,2490,3
690401,2493,1,2490,3
690607,2494,0,2493,1
690801,2494,0,2493,1
691149,2495,1,2493,2
691201,2494,0,2493,1
691601,2495,1,2493,2
691687,2496,0,2493,3
692001,2496,0,2493,3
692271,2497,1,2496,1
692401,2496,0,2496,0
692799,2498,0,2496,2
692801,2497,1,2496,1
693201,2497,1,2496,1
693375,2499,1,2496,3
693601,2498,0,2496,2
693935,2500,0,2499,1
694001,2499,1,2499,0
694401,2500,0,2499,1
694487,2501,1,2499,2
694801,2500,0,2499,1
695031,2502,0,2499,3
695201,2502,0,2499,3
695601,2502,0,2502,0
695603,2503,1,2502,1
696001,2502,0,2502,0
696145,2504,0,2502,2
696401,2504,0,2502,2
696685,2505,1,2502,3
696801,2504,0,2502,2
697201,2505,1,2502,3
697271,2506,0,2505,1
697601,2506,0,2505,1
697801,2507,1,2505,2
698001,2506,0,2505,1
698381,2508,0,2505,3
698401,2508,0,2505,3
698801,2507,1,2505,2
698943,2509,1,2508,1
699201,2509,1,2508,1
699497,2510,0,2508,2
699601,2510,0,2508,2
700001,2510,0,2508,2
700043,2511,1,2508,3
700401,2511,1,2508,3
700615,2512,0,2511,1
700801,2511,1,2511,0
701161,2513,1,2511,2
701201,2513,1,2511,2
701601,2512,0,2511,1
701703,2514,0,2511,3
702001,2513,1,2511,2
702291,2515,1,2514,1
702401,2514,0,2514,0
702801,2515,1,2514,1
702823,2516,0,2514,2
703201,2516,0,2514,2
703403,2517,1,2514,3
703601,2517,1,2514,3
703967,2518,0,2517,1
704001,2518,0,2517,1
704401,2518,0,2517,1
704523,2519,1,2517,2
704801,2518,0,2517,1
705071,2520,0,2517,3
705201,2519,1,2517,2
705601,2520,0,2520,0
705647,2521,1,2520,1
706001,2521,1,2520,1
706193,2522,0,2520,2
706401,2521,1,2520,1
706737,2523,1,2520,3
706801,2522,0,2520,2
707201,2523,1,2520,3
707327,2524,0,2523,1
707601,2524,0,2523,1
707861,2525,1,2523,2
708001,2524,0,2523,1
708401,2525,1,2523,2
708445,2526,0,2523,3
708801,2526,0,2523,3
709011,2527,1,2526,1
709201,2526,0,2526,0
709569,2528,0,2526,2
709601,2527,1,2526,1
710001,2528,0,2526,2
710119,2529,1,2526,3
710401,2528,0,2526,2
710695,2530,0,2529,1
710801,2529,1,2529,0
711201,2530,0,2529,1
711245,2531,1,2529,2
711601,2530,0,2529,1
711791,2532,0,2529,3
712001,2532,0,2529,3
712383,2533,1,2532,1
712401,2532,0,2532,0
712801,2532,0,2532,0
712919,2534,0,2532,2
713201,2533,1,2532,1
713503,2535,1,2532,3
713601,2535,1,2532,3
714001,2535,1,2532,3
714071,2536,0,2535,1
714401,2536,0,2535,1
714631,2537,1,2535,2
714801,2536,0,2535,1
715185,2538,0,2535,3
715201,2537,1,2535,2
715601,2538,0,2535,3
715763,2539,1,2538,1
716001,2538,0,2538,0
716313,2540,0,2538,2
716401,2540,0,2538,2
716801,2540,0,2538,2
716861,2541,1,2538,3
717201,2540,0,2538,2
717455,2542,0,2541,1
717601,2541,1,2541,0
717993,2543,1,2541,2
718001,2542,0,2541,1
718401,2543,1,2541,2
718581,2544,0,2541,3
718801,2544,0,2541,3
719151,2545,1,2544,1
719201,2544,0,2544,0
719601,2545,1,2544,1
719713,2546,0,2544,2
720001,2546,0,2544,2
720267,2547,1,2544,3
720401,2546,0,2544,2
720801,2547,1,2547,0
720847,2548,0,2547,1
721201,2548,0,2547,1
721401,2549,1,2547,2
721601,2549,1,2547,2
721951,2550,0,2547,3
722001,2549,1,2547,2
722401,2550,0,2547,3
722547,2551,1,2550,1
722801,2551,1,2550,1
723087,2552,0,2550,2
723201,2551,1,2550,1
723601,2552,0,2550,2
723675,2553,1,2550,3
724001,2553,1,2550,3
724247,2554,0,2553,1
724401,2553,1,2553,0
724801,2554,0,2553,1
724811,2555,1,2553,2
725201,2555,1,2553,2
725369,2556,0,2553,3
725601,2555,1,2553,2
725951,2557,1,2556,1
726001,2556,0,2556,0
726401,2557,1,2556,1
726505,2558,0,2556,2
726801,2557,1,2556,1
727057,2559,1,2556,3
727201,2558,0,2556,2
727601,2559,1,2556,3
727655,2560,0,2559,1
728001,2560,0,2559,1
728197,2561,1,2559,2
728401,2561,1,2559,2
728789,2562,0,2559,3
728801,2561,1,2559,2
729201,2562,0,2559,3
729363,2563,1,2562,1
729601,2563,1,2562,1
729929,2564,0,2562,2
730001,2563,1,2562,1
730401,2564,0,2562,2
730487,2565,1,2562,3
730801,2564,0,2562,2
731071,2566,0,2565,1
731201,2565,1,2565,0
731601,2566,0,2565,1
731629,2567,1,2565,2
732001,2567,1,2565,2
732183,2568,0,2565,3
732401,2567,1,2565,2
732783,2569,1,2568,1
732801,2568,0,2568,0
733201,2569,1,2568,1
733327,2570,0,2568,2
733601,2570,0,2568,2
733919,2571,1,2568,3
734001,2571,1,2568,3
734401,2570,0,2568,2
734495,2572,0,2571,1
734801,2571,1,2571,0
735063,2573,1,2571,2
735201,2572,0,2571,1
735601,2573,1,2571,2
735625,2574,0,2571,3
736001,2574,0,2571,3
736211,2575,1,2574,1
736401,2574,0,2574,0
736769,2576,0,2574,2
736801,2575,1,2574,1
737201,2576,0,2574,2
737325,2577,1,2574,3
737601,2576,0,2574,2
737927,2578,0,2577,1
738001,2577,1,2577,0
738401,2577,1,2577,0
738473,2579,1,2577,2
738801,2579,1,2577,2
739069,2580,0,2577,3
739201,2579,1,2577,2
739601,2580,0,2580,0
739647,2581,1,2580,1
740001,2580,0,2580,0
740217,2582,0,2580,2
740401,2582,0,2580,2
740779,2583,1,2580,3
740801,2582,0,2580,2
741201,2583,1,2580,3
741367,2584,0,2583,1
741601,2583,1,2583,0
741929,2585,1,2583,2
742001,2584,0,2583,1
742401,2585,1,2583,2
742487,2586,0,2583,3
742801,2586,0,2583,3
743091,2587,1,2586,1
743201,2586,0,2586,0
743601,2587,1,2586,1
743639,2588,0,2586,2
744001,2588,0,2586,2
744237,2589,1,2586,3
744401,2589,1,2586,3
744801,2589,1,2589,0
744815,2590,0,2589,1
745201,2589,1,2589,0
745387,2591,1,2589,2
745601,2591,1,2589,2
745953,2592,0,2589,3
746001,2591,1,2589,2
746401,2592,0,2589,3
746543,2593,1,2592,1
746801,2592,0,2592,0
747105,2594,0,2592,2
747201,2593,1,2592,1
747601,2594,0,2592,2
747665,2595,1,2592,3
748001,2595,1,2592,3
748273,2596,0,2595,1
748401,2595,1,2595,0
748801,2596,0,2595,1
748821,2597,1,2595,2
749201,2597,1,2595,2
749421,2598,0,2595,3
749601,2597,1,2595,2
750001,2598,0,2598,0
750003,2599,1,2598,1
750401,2599,1,2598,1
750577,2600,0,2598,2
750801,2599,1,2598,1
751143,2601,1,2598,3
751201,2600,0,2598,2
751601,2601,1,2598,3
751737,2602,0,2601,1
752001,2601,1,2601,0
752301,2603,1,2601,2
752401,2602,0,2601,1
752801,2603,1,2601,2
752863,2604,0,2601,3
753201,2604,0,2601,3
753471,2605,1,2604,1
753601,2604,0,2604,0
754001,2605,1,2604,1
754023,2606,0,2604,2
754401,2605,1,2604,1
754625,2607,1,2604,3
754801,2607,1,2604,3
755201,2607,1,2607,0
755209,2608,0,2607,1
755601,2608,0,2607,1
755783,2609,1,2607,2
756001,2608,0,2607,1
756353,2610,0,2607,3
756401,2609,1,2607,2
756801,2610,0,2607,3
756947,2611,1,2610,1
757201,2610,0,2610,0
757513,2612,0,2610,2
757601,2611,1,2610,1
758001,2612,0,2610,2
758077,2613,1,2610,3
758401,2613,1,2610,3
758689,2614,0,2613,1
758801,2613,1,2613,0
759201,2613,1,2613,0
759241,2615,1,2613,2
759601,2615,1,2613,2
759845,2616,0,2613,3
760001,2615,1,2613,2
760401,2616,0,2616,0
760431,2617,1,2616,1
760801,2617,1,2616,1
761009,2618,0,2616,2
761201,2618,0,2616,2
761579,2619,1,2616,3
761601,2618,0,2616,2
762001,2618,0,2616,2
762177,2620,0,2619,1
762401,2620,0,2619,1
762745,2621,1,2619,2
762801,2621,1,2619,2
763201,2621,1,2619,2
763311,2622,0,2619,3
763601,2621,1,2619,2
763923,2623,1,2622,1
764001,2622,0,2622,0
764401,2623,1,2622,1
764479,2624,0,2622,2
764801,2623,1,2622,1
765085,2625,1,2622,3
765201,2624,0,2622,2
765601,2625,1,2622,3
765673,2626,0,2625,1
766001,2626,0,2625,1
766253,2627,1,2625,2
766401,2626,0,2625,1
766801,2627,1,2625,2
766825,2628,0,2625,3
767201,2627,1,2625,2
767423,2629,1,2628,1
767601,2629,1,2628,1
767993,2630,0,2628,2
768001,2629,1,2628,1
768401,2630,0,2628,2
768563,2631,1,2628,3
768801,2630,0,2628,2
769177,2632,0,2631,1
769201,2631,1,2631,0
769601,2632,0,2631,1
769733,2633,1,2631,2
770001,2632,0,2631,1
770341,2634,0,2631,3
770401,2633,1,2631,2
770801,2634,0,2631,3
770931,2635,1,2634,1
771201,2635,1,2634,1
771513,2636,0,2634,2
771601,2635,1,2634,1
772001,2636,0,2634,2
772087,2637,1,2634,3
772401,2637,1,2634,3
772689,2638,0,2637,1
772801,2638,0,2637,1
773201,2638,0,2637,1
773261,2639,1,2637,2
773601,2638,0,2637,1
773831,2640,0,2637,3
774001,2640,0,2637,3
774401,2640,0,2640,0
774447,2641,1,2640,1
774801,2641,1,2640,1
775007,2642,0,2640,2
775201,2641,1,2640,1
775601,2642,0,2640,2
775617,2643,1,2640,3
776001,2643,1,2640,3
776209,2644,0,2643,1
776401,2643,1,2643,0
776793,2645,1,2643,2
776801,2644,0,2643,1
777201,2645,1,2643,2
777369,2646,0,2643,3
777601,2645,1,2643,2
777971,2647,1,2646,1
778001,2646,0,2646,0
778401,2647,1,2646,1
778547,2648,0,2646,2
778801,2648,0,2646,2
779119,2649,1,2646,3
779201,2648,0,2646,2
779601,2649,1,2646,3
779737,2650,0,2649,1
780001,2649,1,2649,0
780297,2651,1,2649,2
780401,2650,0,2649,1
780801,2650,0,2649,1
780909,2652,0,2649,3
781201,2652,0,2649,3
781503,2653,1,2652,1
781601,2653,1,2652,1
782001,2653,1,2652,1
782089,2654,0,2652,2
782401,2654,0,2652,2
782667,2655,1,2652,3
782801,2654,0,2652,2
783201,2655,1,2652,3
783273,2656,0,2655,1
783601,2656,0,2655,1
783849,2657,1,2655,2
784001,2656,0,2655,1
784401,2657,1,2655,2
784423,2658,0,2655,3
784801,2657,1,2655,2
785043,2659,1,2658,1
785201,2659,1,2658,1
785601,2659,1,2658,1
785607,2660,0,2658,2
786001,2660,0,2658,2
786221,2661,1,2658,3
786401,2660,0,2658,2
786801,2661,1,2661,0
786817,2662,0,2661,1
787201,2662,0,2661,1
787405,2663,1,2661,2
787601,2663,1,2661,2
787985,2664,0,2661,3
788001,2663,1,2661,2
788401,2664,0,2661,3
788591,2665,1,2664,1
788801,2665,1,2664,1
789171,2666,0,2664,2
789201,2665,1,2664,1
789601,2666,0,2664,2
789747,2667,1,2664,3
790001,2666,0,2664,2
790369,2668,0,2667,1
790401,2667,1,2667,0
790801,2667,1,2667,0
790933,2669,1,2667,2
791201,2669,1,2667,2
791549,2670,0,2667,3
791601,2670,0,2667,3
792001,2669,1,2667,2
792147,2671,1,2670,1
792401,2670,0,2670,0
792737,2672,0,2670,2
792801,2671,1,2670,1
793201,2672,0,2670,2
793319,2673,1,2670,3
793601,2673,1,2670,3
793929,2674,0,2673,1
794001,2673,1,2673,0
794401,2674,0,2673,1
794509,2675,1,2673,2
794801,2674,0,2673,1
795087,2676,0,2673,3
795201,2675,1,2673,2
795601,2676,0,2673,3
795711,2677,1,2676,1
796001,2677,1,2676,1
796279,2678,0,2676,2
796401,2677,1,2676,1
796801,2678,0,2676,2
796897,2679,1,2676,3
797201,2679,1,2676,3
797497,2680,0,2679,1
797601,2679,1,2679,0
798001,2680,0,2679,1
798089,2681,1,2679,2
798401,2681,1,2679,2
798673,2682,0,2679,3
798801,2681,1,2679,2
799201,2682,0,2679,3
799283,2683,1,2682,1
799601,2683,1,2682,1
799867,2684,0,2682,2
800001,2683,1,2682,1
800401,2684,0,2682,2
800447,2685,1,2682,3
800801,2684,0,2682,2
801073,2686,0,2685,1
801201,2686,0,2685,1
801601,2686,0,2685,1
801641,2687,1,2685,2
802001,2686,0,2685,1
802261,2688,0,2685,3
802401,2687,1,2685,2
802801,2688,0,2685,3
802863,2689,1,2688,1
803201,2688,0,2688,0
803457,2690,0,2688,2
803601,2690,0,2688,2
804001,2690,0,2688,2
804045,2691,1,2688,3
804401,2690,0,2688,2
804657,2692,0,2691,1
804801,2691,1,2691,0
805201,2692,0,2691,1
805241,2693,1,2691,2
805601,2692,0,2691,1
805823,2694,0,2691,3
806001,2694,0,2691,3
806401,2694,0,2691,3
806451,2695,1,2694,1
806801,2695,1,2694,1
807023,2696,0,2694,2
807201,2695,1,2694,1
807601,2696,0,2694,2
807645,2697,1,2694,3
808001,2697,1,2694,3
808249,2698,0,2697,1
808401,2698,0,2697,1
808801,2698,0,2697,1
808845,2699,1,2697,2
809201,2698,0,2697,1
809433,2700,0,2697,3
809601,2699,1,2697,2
810001,2700,0,2700,0
810047,2701,1,2700,1
810401,2701,1,2700,1
810635,2702,0,2700,2
810801,2701,1,2700,1
811201,2702,0,2700,2
811219,2703,1,2700,3
811601,2703,1,2700,3
811849,2704,0,2703,1
812001,2703,1,2703,0
812401,2704,0,2703,1
812421,2705,1,2703,2
812801,2704,0,2703,1
813047,2706,0,2703,3
813201,2705,1,2703,2
813601,2706,0,2703,3
813653,2707,1,2706,1
814001,2707,1,2706,1
814249,2708,0,2706,2
814401,2707,1,2706,1
814801,2708,0,2706,2
814841,2709,1,2706,3
815201,2709,1,2706,3
815457,2710,0,2709,1
815601,2709,1,2709,0
816001,2710,0,2709,1
816045,2711,1,2709,2
816401,2711,1,2709,2
816631,2712,0,2709,3
816801,2711,1,2709,2
817201,2712,0,2709,3
817265,2713,1,2712,1
817601,2713,1,2712,1
817839,2714,0,2712,2
818001,2713,1,2712,1
818401,2714,0,2712,2
818465,2715,1,2712,3
818801,2715,1,2712,3
819073,2716,0,2715,1
819201,2716,0,2715,1
819601,2716,0,2715,1
819673,2717,1,2715,2
820001,2717,1,2715,2
820265,2718,0,2715,3
820401,2717,1,2715,2
820801,2718,0,2715,3
820885,2719,1,2718,1
821201,2718,0,2718,0
821475,2720,0,2718,2
821601,2719,1,2718,1
822001,2720,0,2718,2
822063,2721,1,2718,3
822401,2721,1,2718,3
822697,2722,0,2721,1
822801,2721,1,2721,0
823201,2722,0,2721,1
823273,2723,1,2721,2
823601,2723,1,2721,2
823903,2724,0,2721,3
824001,2723,1,2721,2
824401,2724,0,2721,3
824513,2725,1,2724,1
824801,2725,1,2724,1
825113,2726,0,2724,2
825201,2725,1,2724,1
825601,2726,0,2724,2
825709,2727,1,2724,3
826001,2726,0,2724,2
826329,2728,0,2727,1
826401,2728,0,2727,1
826801,2728,0,2727,1
826921,2729,1,2727,2
827201,2728,0,2727,1
827511,2730,0,2727,3
827601,2729,1,2727,2
828001,2729,1,2727,2
828149,2731,1,2730,1
828401,2730,0,2730,0
828727,2732,0,2730,2
828801,2731,1,2730,1
829201,2732,0,2730,2
829357,2733,1,2730,3
829601,2732,0,2730,2
829969,2734,0,2733,1
830001,2733,1,2733,0
830401,2734,0,2733,1
830573,2735,1,2733,2
830801,2735,1,2733,2
831169,2736,0,2733,3
831201,2735,1,2733,2
831601,2736,0,2733,3
831793,2737,1,2736,1
832001,2736,0,2736,0
832387,2738,0,2736,2
832401,2737,1,2736,1
832801,2738,0,2736,2
832979,2739,1,2736,3
833201,2739,1,2736,3
833601,2739,1,2739,0
833617,2740,0,2739,1
834001,2740,0,2739,1
834199,2741,1,2739,2
834401,2740,0,2739,1
834801,2741,1,2739,2
834831,2742,0,2739,3
835201,2742,0,2739,3
835445,2743,1,2742,1
835601,2742,0,2742,0
836001,2743,1,2742,1
836051,2744,0,2742,2
836401,2743,1,2742,1
836649,2745,1,2742,3
836801,2744,0,2742,2
837201,2745,1,2742,3
837273,2746,0,2745,1
837601,2746,0,2745,1
837869,2747,1,2745,2
838001,2747,1,2745,2
838401,2747,1,2745,2
838463,2748,0,2745,3
838801,2748,0,2745,3
839105,2749,1,2748,1
839201,2748,0,2748,0
839601,2749,1,2748,1
839687,2750,0,2748,2
840001,2750,0,2748,2
840321,2751,1,2748,3
840401,2750,0,2748,2
840801,2751,1,2748,3
840937,2752,0,2751,1
841201,2752,0,2751,1
841545,2753,1,2751,2
841601,2752,0,2751,1
842001,2753,1,2751,2
842145,2754,0,2751,3
842401,2754,0,2751,3
842773,2755,1,2754,1
842801,2754,0,2754,0
843201,2755,1,2754,1
843371,2756,0,2754,2
843601,2755,1,2754,1
843967,2757,1,2754,3
844001,2757,1,2754,3
844401,2757,1,2754,3
844609,2758,0,2757,1
844801,2757,1,2757,0
845195,2759,1,2757,2
845201,2758,0,2757,1
845601,2758,0,2757,1
845831,2760,0,2757,3
846001,2760,0,2757,3
846401,2760,0,2760,0
846449,2761,1,2760,1
846801,2761,1,2760,1
847059,2762,0,2760,2
847201,2761,1,2760,1
847601,2762,0,2760,2
847661,2763,1,2760,3
848001,2763,1,2760,3
848289,2764,0,2763,1
848401,2763,1,2763,0
848801,2764,0,2763,1
848889,2765,1,2763,2
849201,2764,0,2763,1
849487,2766,0,2763,3
849601,2766,0,2763,3
850001,2766,0,2763,3
850133,2767,1,2766,1
850401,2767,1,2766,1
850719,2768,0,2766,2
850801,2767,1,2766,1
851201,2768,0,2766,2
851357,2769,1,2766,3
851601,2769,1,2766,3
851977,2770,0,2769,1
852001,2769,1,2769,0
852401,2770,0,2769,1
852589,2771,1,2769,2
852801,2771,1,2769,2
853193,2772,0,2769,3
853201,2771,1,2769,2
853601,2772,0,2769,3
853825,2773,1,2772,1
854001,2772,0,2772,0
854401,2773,1,2772,1
854427,2774,0,2772,2
854801,2773,1,2772,1
855027,2775,1,2772,3
855201,2775,1,2772,3
855601,2775,1,2772,3
855673,2776,0,2775,1
856001,2775,1,2775,0
856263,2777,1,2775,2
856401,2776,0,2775,1
856801,2777,1,2775,2
856903,2778,0,2775,3
857201,2778,0,2775,3
857525,2779,1,2778,1
857601,2778,0,2778,0
858001,2779,1,2778,1
858139,2780,0,2778,2
858401,2779,1,2778,1
858745,2781,1,2778,3
858801,2780,0,2778,2
859201,2781,1,2778,3
859377,2782,0,2781,1
859601,2782,0,2781,1
859981,2783,1,2781,2
860001,2782,0,2781,1
860401,2783,1,2781,2
860583,2784,0,2781,3
860801,2783,1,2781,2
861201,2784,0,2784,0
861233,2785,1,2784,1
861601,2784,0,2784,0
861823,2786,0,2784,2
862001,2786,0,2784,2
862401,2786,0,2784,2
862465,2787,1,2784,3
862801,2786,0,2784,2
863089,2788,0,2787,1
863201,2787,1,2787,0
863601,2788,0,2787,1
863705,2789,1,2787,2
864001,2789,1,2787,2
864313,2790,0,2787,3
864401,2789,1,2787,2
864801,2790,0,2787,3
864949,2791,1,2790,1
865201,2791,1,2790,1
865555,2792,0,2790,2
865601,2791,1,2790,1
866001,2792,0,2790,2
866159,2793,1,2790,3
866401,2792,0,2790,2
866801,2793,1,2793,0
866809,2794,0,2793,1
867201,2794,0,2793,1
867403,2795,1,2793,2
867601,2794,0,2793,1
868001,2795,1,2793,2
868047,2796,0,2793,3
868401,2795,1,2793,2
868673,2797,1,2796,1
868801,2796,0,2796,0
869201,2797,1,2796,1
869291,2798,0,2796,2
869601,2798,0,2796,2
869901,2799,1,2796,3
870001,2798,0,2796,2
870401,2798,0,2796,2
870537,2800,0,2799,1
870801,2799,1,2799,0
871147,2801,1,2799,2
871201,2800,0,2799,1
871601,2801,1,2799,2
871751,2802,0,2799,3
872001,2802,0,2799,3
872401,2802,0,2802,0
872405,2803,1,2802,1
872801,2803,1,2802,1
872999,2804,0,2802,2
873201,2803,1,2802,1
873601,2804,0,2802,2
873645,2805,1,2802,3
874001,2804,0,2802,2
874273,2806,0,2805,1
874401,2805,1,2805,0
874801,2805,1,2805,0
874893,2807,1,2805,2
875201,2807,1,2805,2
875505,2808,0,2805,3
875601,2807,1,2805,2
876001,2808,0,2805,3
876145,2809,1,2808,1
876401,2808,0,2808,0
876755,2810,0,2808,2
876801,2809,1,2808,1
877201,2809,1,2808,1
877363,2811,1,2808,3
877601,2810,0,2808,2
878001,2811,1,2811,0
878017,2812,0,2811,1
878401,2812,0,2811,1
878615,2813,1,2811,2
878801,2813,1,2811,2
879201,2813,1,2811,2
879263,2814,0,2811,3
879601,2814,0,2811,3
879893,2815,1,2814,1
880001,2815,1,2814,1
880401,2814,0,2814,0
880515,2816,0,2814,2
880801,2815,1,2814,1
881129,2817,1,2814,3
881201,2817,1,2814,3
881601,2817,1,2814,3
881771,2818,0,2817,1
882001,2817,1,2817,0
882383,2819,1,2817,2
882401,2818,0,2817,1
882801,2819,1,2817,2
882991,2820,0,2817,3
883201,2819,1,2817,2
883601,2820,0,2820,0
883649,2821,1,2820,1
884001,2820,0,2820,0
884247,2822,0,2820,2
884401,2822,0,2820,2
884801,2822,0,2820,2
884897,2823,1,2820,3
885201,2822,0,2820,2
885531,2824,0,2823,1
885601,2823,1,2823,0
886001,2824,0,2823,1
886153,2825,1,2823,2
886401,2824,0,2823,1
886769,2826,0,2823,3
886801,2825,1,2823,2
887201,2826,0,2823,3
887413,2827,1,2826,1
887601,2826,0,2826,0
888001,2827,1,2826,1
888027,2828,0,2826,2
888401,2827,1,2826,1
888639,2829,1,2826,3
888801,2829,1,2826,3
889201,2829,1,2826,3
889299,2830,0,2829,1
889601,2829,1,2829,0
889899,2831,1,2829,2
890001,2831,1,2829,2
890401,2831,1,2829,2
890551,2832,0,2829,3
890801,2832,0,2829,3
891185,2833,1,2832,1
891201,2832,0,2832,0
891601,2833,1,2832,1
891811,2834,0,2832,2
892001,2833,1,2832,1
892401,2834,0,2832,2
892429,2835,1,2832,3
892801,2835,1,2832,3
893075,2836,0,2835,1
893201,2835,1,2835,0
893601,2836,0,2835,1
893691,2837,1,2835,2
894001,2837,1,2835,2
894303,2838,0,2835,3
894401,2837,1,2835,2
894801,2838,0,2835,3
894965,2839,1,2838,1
895201,2838,0,2838,0
895567,2840,0,2838,2
895601,2840,0,2838,2
896001,2840,0,2838,2
896223,2841,1,2838,3
896401,2841,1,2838,3
896801,2841,1,2838,3
896859,2842,0,2841,1
897201,2842,0,2841,1
897485,2843,1,2841,2
897601,2842,0,2841,1
898001,2843,1,2841,2
898105,2844,0,2841,3
898401,2843,1,2841,2
898753,2845,1,2844,1
898801,2844,0,2844,0
899201,2845,1,2844,1
899371,2846,0,2844,2
899601,2845,1,2844,1
899987,2847,1,2844,3
900001,2846,0,2844,2
900401,2847,1,2844,3
900651,2848,0,2847,1
900801,2848,0,2847,1
901201,2848,0,2847,1
901255,2849,1,2847,2
901601,2848,0,2847,1
901911,2850,0,2847,3
902001,2849,1,2847,2
902401,2850,0,2847,3
902549,2851,1,2850,1
902801,2851,1,2850,1
903179,2852,0,2850,2
903201,2852,0,2850,2
903601,2852,0,2850,2
903801,2853,1,2850,3
904001,2852,0,2850,2
904401,2853,1,2853,0
904451,2854,0,2853,1
904801,2853,1,2853,0
905071,2855,1,2853,2
905201,2854,0,2853,1
905601,2855,1,2853,2
905687,2856,0,2853,3
906001,2855,1,2853,2
906353,2857,1,2856,1
906401,2856,0,2856,0
906801,2857,1,2856,1
906959,2858,0,2856,2
907201,2858,0,2856,2
907601,2858,0,2856,2
907619,2859,1,2856,3
908001,2858,0,2856,2
908259,2860,0,2859,1
908401,2859,1,2859,0
908801,2860,0,2859,1
908889,2861,1,2859,2
909201,2860,0,2859,1
909515,2862,0,2859,3
909601,2861,1,2859,2
910001,2862,0,2859,3
910165,2863,1,2862,1
910401,2863,1,2862,1
910787,2864,0,2862,2
910801,2863,1,2862,1
911201,2864,0,2862,2
911407,2865,1,2862,3
911601,2864,0,2862,2
912001,2865,1,2862,3
912075,2866,0,2865,1
912401,2866,0,2865,1
912683,2867,1,2865,2
912801,2866,0,2865,1
913201,2867,1,2865,2
913343,2868,0,2865,3
913601,2867,1,2865,2
913985,2869,1,2868,1
914001,2868,0,2868,0
914401,2869,1,2868,1
914619,2870,0,2868,2
914801,2869,1,2868,1
915201,2870,0,2868,2
915245,2871,1,2868,3
915601,2870,0,2868,2
915899,2872,0,2871,1
916001,2871,1,2871,0
916401,2872,0,2871,1
916523,2873,1,2871,2
916801,2872,0,2871,1
917143,2874,0,2871,3
917201,2873,1,2871,2
917601,2874,0,2871,3
917813,2875,1,2874,1
918001,2875,1,2874,1
918401,2875,1,2874,1
918423,2876,0,2874,2
918801,2876,0,2874,2
919087,2877,1,2874,3
919201,2876,0,2874,2
919601,2877,1,2874,3
919731,2878,0,2877,1
920001,2877,1,2877,0
920367,2879,1,2877,2
920401,2878,0,2877,1
920801,2879,1,2877,2
920995,2880,0,2877,3
921201,2879,1,2877,2
921601,2880,0,2880,0
921649,2881,1,2880,1
922001,2881,1,2880,1
922275,2882,0,2880,2
922401,2881,1,2880,1
922801,2882,0,2880,2
922899,2883,1,2880,3
923201,2883,1,2880,3
923571,2884,0,2883,1
923601,2883,1,2883,0
924001,2884,0,2883,1
924183,2885,1,2883,2
924401,2884,0,2883,1
924801,2885,1,2883,2
924847,2886,0,2883,3
925201,2885,1,2883,2
925493,2887,1,2886,1
925601,2886,0,2886,0
926001,2887,1,2886,1
926131,2888,0,2886,2
926401,2888,0,2886,2
926761,2889,1,2886,3
926801,2888,0,2886,2
927201,2889,1,2886,3
927419,2890,0,2889,1
927601,2890,0,2889,1
928001,2890,0,2889,1
928047,2891,1,2889,2
928401,2891,1,2889,2
928671,2892,0,2889,3
928801,2891,1,2889,2
929201,2892,0,2889,3
929345,2893,1,2892,1
929601,2892,0,2892,0
929959,2894,0,2892,2
930001,2893,1,2892,1
930401,2894,0,2892,2
930627,2895,1,2892,3
930801,2895,1,2892,3
931201,2895,1,2892,3
931275,2896,0,2895,1
931601,2896,0,2895,1
931915,2897,1,2895,2
932001,2897,1,2895,2
932401,2897,1,2895,2
932547,2898,0,2895,3
932801,2898,0,2895,3
933201,2898,0,2898,0
933205,2899,1,2898,1
933601,2899,1,2898,1
933835,2900,0,2898,2
934001,2899,1,2898,1
934401,2900,0,2898,2
934463,2901,1,2898,3
934801,2900,0,2898,2
935139,2902,0,2901,1
935201,2902,0,2901,1
935601,2902,0,2901,1
935755,2903,1,2901,2
936001,2902,0,2901,1
936401,2903,1,2901,2
936423,2904,0,2901,3
936801,2903,1,2901,2
937073,2905,1,2904,1
937201,2904,0,2904,0
937601,2905,1,2904,1
937715,2906,0,2904,2
938001,2906,0,2904,2
938349,2907,1,2904,3
938401,2906,0,2904,2
938801,2907,1,2904,3
939011,2908,0,2907,1
939201,2907,1,2907,0
939601,2908,0,2907,1
939643,2909,1,2907,2
940001,2909,1,2907,2
940273,2910,0,2907,3
940401,2909,1,2907,2
940801,2910,0,2907,3
940949,2911,1,2910,1
941201,2910,0,2910,0
941567,2912,0,2910,2
941601,2912,0,2910,2
942001,2912,0,2910,2
942239,2913,1,2910,3
942401,2913,1,2910,3
942801,2913,1,2910,3
942891,2914,0,2913,1
943201,2913,1,2913,0
943535,2915,1,2913,2
943601,2914,0,2913,1
944001,2915,1,2913,2
944171,2916,0,2913,3
944401,2916,0,2913,3
944801,2916,0,2916,0
944833,2917,1,2916,1
945201,2916,0,2916,0
945467,2918,0,2916,2
945601,2917,1,2916,1
946001,2918,0,2916,2
946099,2919,1,2916,3
946401,2918,0,2916,2
946779,2920,0,2919,1
946801,2920,0,2919,1
947201,2920,0,2919,1
947399,2921,1,2919,2
947601,2920,0,2919,1
948001,2921,1,2919,2
948071,2922,0,2919,3
948401,2921,1,2919,2
948725,2923,1,2922,1
948801,2922,0,2922,0
949201,2922,0,2922,0
949371,2924,0,2922,2
949601,2923,1,2922,1
950001,2924,0,2922,2
950009,2925,1,2922,3
950401,2924,0,2922,2
950675,2926,0,2925,1
950801,2926,0,2925,1
951201,2926,0,2925,1
951311,2927,1,2925,2
951601,2926,0,2925,1
951945,2928,0,2925,3
952001,2927,1,2925,2
952401,2928,0,2925,3
952627,2929,1,2928,1
952801,2928,0,2928,0
953201,2929,1,2928,1
953247,2930,0,2928,2
953601,2930,0,2928,2
953923,2931,1,2928,3
954001,2930,0,2928,2
954401,2931,1,2928,3
954579,2932,0,2931,1
954801,2931,1,2931,0
955201,2932,0,2931,1
955227,2933,1,2931,2
955601,2932,0,2931,1
955867,2934,0,2931,3
956001,2933,1,2931,2
956401,2934,0,2931,3
956535,2935,1,2934,1
956801,2935,1,2934,1
957171,2936,0,2934,2
957201,2935,1,2934,1
957601,2936,0,2934,2
957807,2937,1,2934,3
958001,2936,0,2934,2
958401,2937,1,2934,3
958491,2938,0,2937,1
958801,2938,0,2937,1
959115,2939,1,2937,2
959201,2938,0,2937,1
959601,2939,1,2937,2
959791,2940,0,2937,3
960001,2940,0,2937,3
960401,2940,0,2940,0
960451,2941,1,2940,1
960801,2941,1,2940,1
961099,2942,0,2940,2
961201,2941,1,2940,1
961601,2942,0,2940,2
961741,2943,1,2940,3
962001,2942,0,2940,2
962401,2943,1,2943,0
962411,2944,0,2943,1
962801,2943,1,2943,0
963051,2945,1,2943,2
963201,2944,0,2943,1
963601,2945,1,2943,2
963689,2946,0,2943,3
964001,2946,0,2943,3
964375,2947,1,2946,1
964401,2946,0,2946,0
964801,2947,1,2946,1
964999,2948,0,2946,2
965201,2948,0,2946,2
965601,2948,0,2946,2
965679,2949,1,2946,3
966001,2949,1,2946,3
966339,2950,0,2949,1
966401,2949,1,2949,0
966801,2950,0,2949,1
966991,2951,1,2949,2
967201,2950,0,2949,1
967601,2951,1,2949,2
967635,2952,0,2949,3
968001,2952,0,2949,3
968307,2953,1,2952,1
968401,2952,0,2952,0
968801,2953,1,2952,1
968949,2954,0,2952,2
969201,2953,1,2952,1
969587,2955,1,2952,3
969601,2954,0,2952,2
970001,2954,0,2952,2
970275,2956,0,2955,1
970401,2956,0,2955,1
970801,2956,0,2955,1
970903,2957,1,2955,2
971201,2957,1,2955,2
971585,2958,0,2955,3
971601,2957,1,2955,2
972001,2958,0,2955,3
972247,2959,1,2958,1
972401,2959,1,2958,1
972801,2959,1,2958,1
972899,2960,0,2958,2
973201,2959,1,2958,1
973545,2961,1,2958,3
973601,2960,0,2958,2
974001,2961,1,2958,3
974219,2962,0,2961,1
974401,2961,1,2961,0
974801,2962,0,2961,1
974863,2963,1,2961,2
975201,2963,1,2961,2
975505,2964,0,2961,3
975601,2964,0,2961,3
976001,2964,0,2961,3
976195,2965,1,2964,1
976401,2964,0,2964,0
976801,2965,1,2964,1
976823,2966,0,2964,2
977201,2966,0,2964,2
977507,2967,1,2964,3
977601,2966,0,2964,2
978001,2967,1,2964,3
978171,2968,0,2967,1
978401,2968,0,2967,1
978801,2968,0,2967,1
978827,2969,1,2967,2
979201,2968,0,2967,1
979475,2970,0,2967,3
979601,2969,1,2967,2
980001,2970,0,2967,3
980151,2971,1,2970,1
980401,2970,0,2970,0
980797,2972,0,2970,2
980801,2971,1,2970,1
981201,2971,1,2970,1
981439,2973,1,2970,3
981601,2972,0,2970,2
982001,2973,1,2970,3
982131,2974,0,2973,1
982401,2974,0,2973,1
982763,2975,1,2973,2
982801,2974,0,2973,1
983201,2975,1,2973,2
983449,2976,0,2973,3
983601,2975,1,2973,2
984001,2976,0,2973,3
984115,2977,1,2976,1
984401,2977,1,2976,1
984771,2978,0,2976,2
984801,2977,1,2976,1
985201,2978,0,2976,2
985421,2979,1,2976,3
985601,2979,1,2976,3
986001,2979,1,2976,3
986099,2980,0,2979,1
986401,2980,0,2979,1
986747,2981,1,2979,2
986801,2980,0,2979,1
987201,2980,0,2979,1
987393,2982,0,2979,3
987601,2981,1,2979,2
988001,2982,0,2979,3
988087,2983,1,2982,1
988401,2982,0,2982,0
988719,2984,0,2982,2
988801,2983,1,2982,1
989201,2984,0,2982,2
989407,2985,1,2982,3
989601,2985,1,2982,3
990001,2985,1,2982,3
990075,2986,0,2985,1
990401,2985,1,2985,0
990735,2987,1,2985,2
990801,2987,1,2985,2
991201,2986,0,2985,1
991387,2988,0,2985,3
991601,2988,0,2985,3
992001,2988,0,2985,3
992067,2989,1,2988,1
992401,2989,1,2988,1
992717,2990,0,2988,2
992801,2990,0,2988,2
993201,2990,0,2988,2
993363,2991,1,2988,3
993601,2991,1,2988,3
994001,2991,1,2988,3
994059,2992,0,2991,1
994401,2992,0,2991,1
994695,2993,1,2991,2
994801,2993,1,2991,2
995201,2993,1,2991,2
995385,2994,0,2991,3
995601,2993,1,2991,2
996001,2994,0,2991,3
996055,2995,1,2994,1
996401,2994,0,2994,0
996717,2996,0,2994,2
996801,2995,1,2994,1
997201,2996,0,2994,2
997369,2997,1,2994,3
997601,2996,0,2994,2
998001,2997,1,2997,0
998051,2998,0,2997,1
998401,2997,1,2997,0
998703,2999,1,2997,2
998801,2998,0,2997,1
999201,2999,1,2997,2
999353,3000,0,2997,3
999601,3000,0,2997,3
