n,parity,word2,T,T2,one_step,two_step,leftover,odd_odd
2,even,EO,1,1,1,1,0,0
3,odd,OO,5,11,0,0,1,1
4,even,EE,2,1,1,1,0,0
5,odd,OO,11,36,0,0,1,1
6,even,EE,2,1,1,1,0,0
7,odd,OE,18,4,0,1,0,0
8,even,EE,2,1,1,1,0,0
9,odd,OO,27,140,0,0,1,1
10,even,EO,3,5,1,1,0,0
11,odd,OE,36,6,0,1,0,0
12,even,EO,3,5,1,1,0,0
13,odd,OE,46,6,0,1,0,0
14,even,EO,3,5,1,1,0,0
15,odd,OE,58,7,0,1,0,0
16,even,EE,4,2,1,1,0,0
17,odd,OE,70,8,0,1,0,0
18,even,EE,4,2,1,1,0,0
19,odd,OE,82,9,0,1,0,0
20,even,EE,4,2,1,1,0,0
21,odd,OE,96,9,0,1,0,0
22,even,EE,4,2,1,1,0,0
23,odd,OE,110,10,0,1,0,0
24,even,EE,4,2,1,1,0,0
25,odd,OO,125,1397,0,0,1,1
26,even,EO,5,11,1,1,0,0
27,odd,OE,140,11,0,1,0,0
28,even,EO,5,11,1,1,0,0
29,odd,OE,156,12,0,1,0,0
30,even,EO,5,11,1,1,0,0
31,odd,OE,172,13,0,1,0,0
32,even,EO,5,11,1,1,0,0
33,odd,OO,189,2598,0,0,1,1
34,even,EO,5,11,1,1,0,0
35,odd,OO,207,2978,0,0,1,1
36,even,EE,6,2,1,1,0,0
37,odd,OO,225,3375,0,0,1,1
38,even,EE,6,2,1,1,0,0
39,odd,OO,243,3787,0,0,1,1
40,even,EE,6,2,1,1,0,0
41,odd,OE,262,16,0,1,0,0
42,even,EE,6,2,1,1,0,0
43,odd,OO,281,4710,0,0,1,1
44,even,EE,6,2,1,1,0,0
45,odd,OO,301,5222,0,0,1,1
46,even,EE,6,2,1,1,0,0
47,odd,OE,322,17,0,1,0,0
48,even,EE,6,2,1,1,0,0
49,odd,OO,343,6352,0,0,1,1
50,even,EO,7,18,1,1,0,0
51,odd,OE,364,19,0,1,0,0
52,even,EO,7,18,1,1,0,0
53,odd,OO,385,7554,0,0,1,1
54,even,EO,7,18,1,1,0,0
55,odd,OO,407,8210,0,0,1,1
56,even,EO,7,18,1,1,0,0
57,odd,OE,430,20,0,1,0,0
58,even,EO,7,18,1,1,0,0
59,odd,OO,453,9641,0,0,1,1
60,even,EO,7,18,1,1,0,0
61,odd,OE,476,21,0,1,0,0
62,even,EO,7,18,1,1,0,0
63,odd,OE,500,22,0,1,0,0
64,even,EE,8,2,1,1,0,0
65,odd,OE,524,22,0,1,0,0
66,even,EE,8,2,1,1,0,0
67,odd,OE,548,23,0,1,0,0
68,even,EE,8,2,1,1,0,0
69,odd,OO,573,13716,0,0,1,1
70,even,EE,8,2,1,1,0,0
71,odd,OE,598,24,0,1,0,0
72,even,EE,8,2,1,1,0,0
73,odd,OO,623,15550,0,0,1,1
74,even,EE,8,2,1,1,0,0
75,odd,OO,649,16533,0,0,1,1
76,even,EE,8,2,1,1,0,0
77,odd,OO,675,17537,0,0,1,1
78,even,EE,8,2,1,1,0,0
79,odd,OE,702,26,0,1,0,0
80,even,EE,8,2,1,1,0,0
81,odd,OO,729,19683,0,0,1,1
82,even,EO,9,27,1,1,0,0
83,odd,OE,756,27,0,1,0,0
84,even,EO,9,27,1,1,0,0
85,odd,OO,783,21910,0,0,1,1
86,even,EO,9,27,1,1,0,0
87,odd,OO,811,23095,0,0,1,1
88,even,EO,9,27,1,1,0,0
89,odd,OO,839,24302,0,0,1,1
90,even,EO,9,27,1,1,0,0
91,odd,OE,868,29,0,1,0,0
92,even,EO,9,27,1,1,0,0
93,odd,OE,896,29,0,1,0,0
94,even,EO,9,27,1,1,0,0
95,odd,OO,925,28132,0,0,1,1
96,even,EO,9,27,1,1,0,0
97,odd,OO,955,29512,0,0,1,1
98,even,EO,9,27,1,1,0,0
99,odd,OO,985,30913,0,0,1,1
100,even,EE,10,3,1,1,0,0
101,odd,OO,1015,32336,0,0,1,1
102,even,EE,10,3,1,1,0,0
103,odd,OO,1045,33781,0,0,1,1
104,even,EE,10,3,1,1,0,0
105,odd,OO,1075,35246,0,0,1,1
106,even,EE,10,3,1,1,0,0
107,odd,OE,1106,33,0,1,0,0
108,even,EE,10,3,1,1,0,0
109,odd,OO,1137,38338,0,0,1,1
110,even,EE,10,3,1,1,0,0
111,odd,OO,1169,39968,0,0,1,1
112,even,EE,10,3,1,1,0,0
113,odd,OO,1201,41621,0,0,1,1
114,even,EE,10,3,1,1,0,0
115,odd,OO,1233,43295,0,0,1,1
116,even,EE,10,3,1,1,0,0
117,odd,OO,1265,44992,0,0,1,1
118,even,EE,10,3,1,1,0,0
119,odd,OE,1298,36,0,1,0,0
120,even,EE,10,3,1,1,0,0
121,odd,OO,1331,48558,0,0,1,1
122,even,EO,11,36,1,1,0,0
123,odd,OE,1364,36,0,1,0,0
124,even,EO,11,36,1,1,0,0
125,odd,OO,1397,52214,0,0,1,1
126,even,EO,11,36,1,1,0,0
127,odd,OO,1431,54132,0,0,1,1
128,even,EO,11,36,1,1,0,0
129,odd,OO,1465,56073,0,0,1,1
130,even,EO,11,36,1,1,0,0
131,odd,OO,1499,58036,0,0,1,1
132,even,EO,11,36,1,1,0,0
133,odd,OO,1533,60022,0,0,1,1
134,even,EO,11,36,1,1,0,0
135,odd,OE,1568,39,0,1,0,0
136,even,EO,11,36,1,1,0,0
137,odd,OO,1603,64180,0,0,1,1
138,even,EO,11,36,1,1,0,0
139,odd,OE,1638,40,0,1,0,0
140,even,EO,11,36,1,1,0,0
141,odd,OE,1674,40,0,1,0,0
142,even,EO,11,36,1,1,0,0
143,odd,OE,1710,41,0,1,0,0
144,even,EE,12,3,1,1,0,0
145,odd,OE,1746,41,0,1,0,0
146,even,EE,12,3,1,1,0,0
147,odd,OE,1782,42,0,1,0,0
148,even,EE,12,3,1,1,0,0
149,odd,OE,1818,42,0,1,0,0
150,even,EE,12,3,1,1,0,0
151,odd,OO,1855,79894,0,0,1,1
152,even,EE,12,3,1,1,0,0
153,odd,OE,1892,43,0,1,0,0
154,even,EE,12,3,1,1,0,0
155,odd,OO,1929,84722,0,0,1,1
156,even,EE,12,3,1,1,0,0
157,odd,OO,1967,87238,0,0,1,1
158,even,EE,12,3,1,1,0,0
159,odd,OE,2004,44,0,1,0,0
160,even,EE,12,3,1,1,0,0
161,odd,OE,2042,45,0,1,0,0
162,even,EE,12,3,1,1,0,0
163,odd,OO,2081,94931,0,0,1,1
164,even,EE,12,3,1,1,0,0
165,odd,OO,2119,97543,0,0,1,1
166,even,EE,12,3,1,1,0,0
167,odd,OE,2158,46,0,1,0,0
168,even,EE,12,3,1,1,0,0
169,odd,OO,2197,102978,0,0,1,1
170,even,EO,13,46,1,1,0,0
171,odd,OE,2236,47,0,1,0,0
172,even,EO,13,46,1,1,0,0
173,odd,OO,2275,108510,0,0,1,1
174,even,EO,13,46,1,1,0,0
175,odd,OO,2315,111384,0,0,1,1
176,even,EO,13,46,1,1,0,0
177,odd,OE,2354,48,0,1,0,0
178,even,EO,13,46,1,1,0,0
179,odd,OE,2394,48,0,1,0,0
180,even,EO,13,46,1,1,0,0
181,odd,OO,2435,120156,0,0,1,1
182,even,EO,13,46,1,1,0,0
183,odd,OO,2475,123129,0,0,1,1
184,even,EO,13,46,1,1,0,0
185,odd,OE,2516,50,0,1,0,0
186,even,EO,13,46,1,1,0,0
187,odd,OO,2557,129299,0,0,1,1
188,even,EO,13,46,1,1,0,0
189,odd,OE,2598,50,0,1,0,0
190,even,EO,13,46,1,1,0,0
191,odd,OO,2639,135568,0,0,1,1
192,even,EO,13,46,1,1,0,0
193,odd,OO,2681,138817,0,0,1,1
194,even,EO,13,46,1,1,0,0
195,odd,OO,2723,142092,0,0,1,1
196,even,EE,14,3,1,1,0,0
197,odd,OO,2765,145392,0,0,1,1
198,even,EE,14,3,1,1,0,0
199,odd,OO,2807,148718,0,0,1,1
200,even,EE,14,3,1,1,0,0
201,odd,OO,2849,152068,0,0,1,1
202,even,EE,14,3,1,1,0,0
203,odd,OE,2892,53,0,1,0,0
204,even,EE,14,3,1,1,0,0
205,odd,OO,2935,159005,0,0,1,1
206,even,EE,14,3,1,1,0,0
207,odd,OE,2978,54,0,1,0,0
208,even,EE,14,3,1,1,0,0
209,odd,OO,3021,166045,0,0,1,1
210,even,EE,14,3,1,1,0,0
211,odd,OE,3064,55,0,1,0,0
212,even,EE,14,3,1,1,0,0
213,odd,OE,3108,55,0,1,0,0
214,even,EE,14,3,1,1,0,0
215,odd,OE,3152,56,0,1,0,0
216,even,EE,14,3,1,1,0,0
217,odd,OE,3196,56,0,1,0,0
218,even,EE,14,3,1,1,0,0
219,odd,OE,3240,56,0,1,0,0
220,even,EE,14,3,1,1,0,0
221,odd,OO,3285,188279,0,0,1,1
222,even,EE,14,3,1,1,0,0
223,odd,OE,3330,57,0,1,0,0
224,even,EE,14,3,1,1,0,0
225,odd,OO,3375,196069,0,0,1,1
226,even,EO,15,58,1,1,0,0
227,odd,OE,3420,58,0,1,0,0
228,even,EO,15,58,1,1,0,0
229,odd,OO,3465,203964,0,0,1,1
230,even,EO,15,58,1,1,0,0
231,odd,OE,3510,59,0,1,0,0
232,even,EO,15,58,1,1,0,0
233,odd,OE,3556,59,0,1,0,0
234,even,EO,15,58,1,1,0,0
235,odd,OE,3602,60,0,1,0,0
236,even,EO,15,58,1,1,0,0
237,odd,OE,3648,60,0,1,0,0
238,even,EO,15,58,1,1,0,0
239,odd,OE,3694,60,0,1,0,0
240,even,EO,15,58,1,1,0,0
241,odd,OO,3741,228813,0,0,1,1
242,even,EO,15,58,1,1,0,0
243,odd,OO,3787,233046,0,0,1,1
244,even,EO,15,58,1,1,0,0
245,odd,OE,3834,61,0,1,0,0
246,even,EO,15,58,1,1,0,0
247,odd,OO,3881,241777,0,0,1,1
248,even,EO,15,58,1,1,0,0
249,odd,OO,3929,246276,0,0,1,1
250,even,EO,15,58,1,1,0,0
251,odd,OE,3976,63,0,1,0,0
252,even,EO,15,58,1,1,0,0
253,odd,OE,4024,63,0,1,0,0
254,even,EO,15,58,1,1,0,0
255,odd,OE,4072,63,0,1,0,0
256,even,EE,16,4,1,1,0,0
257,odd,OE,4120,64,0,1,0,0
258,even,EE,16,4,1,1,0,0
259,odd,OE,4168,64,0,1,0,0
260,even,EE,16,4,1,1,0,0
261,odd,OE,4216,64,0,1,0,0
262,even,EE,16,4,1,1,0,0
263,odd,OO,4265,278534,0,0,1,1
264,even,EE,16,4,1,1,0,0
265,odd,OO,4313,283249,0,0,1,1
266,even,EE,16,4,1,1,0,0
267,odd,OE,4362,66,0,1,0,0
268,even,EE,16,4,1,1,0,0
269,odd,OO,4411,292958,0,0,1,1
270,even,EE,16,4,1,1,0,0
271,odd,OO,4461,297953,0,0,1,1
272,even,EE,16,4,1,1,0,0
273,odd,OE,4510,67,0,1,0,0
274,even,EE,16,4,1,1,0,0
275,odd,OE,4560,67,0,1,0,0
276,even,EE,16,4,1,1,0,0
277,odd,OE,4610,67,0,1,0,0
278,even,EE,16,4,1,1,0,0
279,odd,OE,4660,68,0,1,0,0
280,even,EE,16,4,1,1,0,0
281,odd,OE,4710,68,0,1,0,0
282,even,EE,16,4,1,1,0,0
283,odd,OE,4760,68,0,1,0,0
284,even,EE,16,4,1,1,0,0
285,odd,OO,4811,333697,0,0,1,1
286,even,EE,16,4,1,1,0,0
287,odd,OE,4862,69,0,1,0,0
288,even,EE,16,4,1,1,0,0
289,odd,OO,4913,344365,0,0,1,1
290,even,EO,17,70,1,1,0,0
291,odd,OE,4964,70,0,1,0,0
292,even,EO,17,70,1,1,0,0
293,odd,OO,5015,355145,0,0,1,1
294,even,EO,17,70,1,1,0,0
295,odd,OE,5066,71,0,1,0,0
296,even,EO,17,70,1,1,0,0
297,odd,OE,5118,71,0,1,0,0
298,even,EO,17,70,1,1,0,0
299,odd,OE,5170,71,0,1,0,0
300,even,EO,17,70,1,1,0,0
301,odd,OE,5222,72,0,1,0,0
302,even,EO,17,70,1,1,0,0
303,odd,OE,5274,72,0,1,0,0
304,even,EO,17,70,1,1,0,0
305,odd,OE,5326,72,0,1,0,0
306,even,EO,17,70,1,1,0,0
307,odd,OO,5379,394504,0,0,1,1
308,even,EO,17,70,1,1,0,0
309,odd,OO,5431,400239,0,0,1,1
310,even,EO,17,70,1,1,0,0
311,odd,OE,5484,74,0,1,0,0
312,even,EO,17,70,1,1,0,0
313,odd,OO,5537,412013,0,0,1,1
314,even,EO,17,70,1,1,0,0
315,odd,OE,5590,74,0,1,0,0
316,even,EO,17,70,1,1,0,0
317,odd,OE,5644,75,0,1,0,0
318,even,EO,17,70,1,1,0,0
319,odd,OO,5697,430000,0,0,1,1
320,even,EO,17,70,1,1,0,0
321,odd,OO,5751,436129,0,0,1,1
322,even,EO,17,70,1,1,0,0
323,odd,OO,5805,442286,0,0,1,1
324,even,EE,18,4,1,1,0,0
325,odd,OO,5859,448471,0,0,1,1
326,even,EE,18,4,1,1,0,0
327,odd,OO,5913,454686,0,0,1,1
328,even,EE,18,4,1,1,0,0
329,odd,OO,5967,460929,0,0,1,1
330,even,EE,18,4,1,1,0,0
331,odd,OE,6022,77,0,1,0,0
332,even,EE,18,4,1,1,0,0
333,odd,OE,6076,77,0,1,0,0
334,even,EE,18,4,1,1,0,0
335,odd,OO,6131,480061,0,0,1,1
336,even,EE,18,4,1,1,0,0
337,odd,OE,6186,78,0,1,0,0
338,even,EE,18,4,1,1,0,0
339,odd,OO,6241,493039,0,0,1,1
340,even,EE,18,4,1,1,0,0
341,odd,OE,6296,79,0,1,0,0
342,even,EE,18,4,1,1,0,0
343,odd,OE,6352,79,0,1,0,0
344,even,EE,18,4,1,1,0,0
345,odd,OE,6408,80,0,1,0,0
346,even,EE,18,4,1,1,0,0
347,odd,OO,6463,519578,0,0,1,1
348,even,EE,18,4,1,1,0,0
349,odd,OO,6519,526346,0,0,1,1
350,even,EE,18,4,1,1,0,0
351,odd,OO,6575,533142,0,0,1,1
352,even,EE,18,4,1,1,0,0
353,odd,OE,6632,81,0,1,0,0
354,even,EE,18,4,1,1,0,0
355,odd,OE,6688,81,0,1,0,0
356,even,EE,18,4,1,1,0,0
357,odd,OO,6745,553953,0,0,1,1
358,even,EE,18,4,1,1,0,0
359,odd,OE,6802,82,0,1,0,0
360,even,EE,18,4,1,1,0,0
361,odd,OO,6859,568056,0,0,1,1
362,even,EO,19,82,1,1,0,0
363,odd,OE,6916,83,0,1,0,0
364,even,EO,19,82,1,1,0,0
365,odd,OO,6973,582276,0,0,1,1
366,even,EO,19,82,1,1,0,0
367,odd,OE,7030,83,0,1,0,0
368,even,EO,19,82,1,1,0,0
369,odd,OE,7088,84,0,1,0,0
370,even,EO,19,82,1,1,0,0
371,odd,OO,7145,603953,0,0,1,1
372,even,EO,19,82,1,1,0,0
373,odd,OO,7203,611322,0,0,1,1
374,even,EO,19,82,1,1,0,0
375,odd,OO,7261,618720,0,0,1,1
376,even,EO,19,82,1,1,0,0
377,odd,OE,7320,85,0,1,0,0
378,even,EO,19,82,1,1,0,0
379,odd,OE,7378,85,0,1,0,0
380,even,EO,19,82,1,1,0,0
381,odd,OE,7436,86,0,1,0,0
382,even,EO,19,82,1,1,0,0
383,odd,OO,7495,648869,0,0,1,1
384,even,EO,19,82,1,1,0,0
385,odd,OE,7554,86,0,1,0,0
386,even,EO,19,82,1,1,0,0
387,odd,OO,7613,664253,0,0,1,1
388,even,EO,19,82,1,1,0,0
389,odd,OE,7672,87,0,1,0,0
390,even,EO,19,82,1,1,0,0
391,odd,OO,7731,679756,0,0,1,1
392,even,EO,19,82,1,1,0,0
393,odd,OE,7790,88,0,1,0,0
394,even,EO,19,82,1,1,0,0
395,odd,OE,7850,88,0,1,0,0
396,even,EO,19,82,1,1,0,0
397,odd,OE,7910,88,0,1,0,0
398,even,EO,19,82,1,1,0,0
399,odd,OE,7970,89,0,1,0,0
400,even,EE,20,4,1,1,0,0
401,odd,OE,8030,89,0,1,0,0
402,even,EE,20,4,1,1,0,0
403,odd,OE,8090,89,0,1,0,0
404,even,EE,20,4,1,1,0,0
405,odd,OE,8150,90,0,1,0,0
406,even,EE,20,4,1,1,0,0
407,odd,OE,8210,90,0,1,0,0
408,even,EE,20,4,1,1,0,0
409,odd,OO,8271,752206,0,0,1,1
410,even,EE,20,4,1,1,0,0
411,odd,OE,8332,91,0,1,0,0
412,even,EE,20,4,1,1,0,0
413,odd,OO,8393,768910,0,0,1,1
414,even,EE,20,4,1,1,0,0
415,odd,OE,8454,91,0,1,0,0
416,even,EE,20,4,1,1,0,0
417,odd,OO,8515,785736,0,0,1,1
418,even,EE,20,4,1,1,0,0
419,odd,OE,8576,92,0,1,0,0
420,even,EE,20,4,1,1,0,0
421,odd,OE,8638,92,0,1,0,0
422,even,EE,20,4,1,1,0,0
423,odd,OO,8699,811342,0,0,1,1
424,even,EE,20,4,1,1,0,0
425,odd,OO,8761,820031,0,0,1,1
426,even,EE,20,4,1,1,0,0
427,odd,OO,8823,828751,0,0,1,1
428,even,EE,20,4,1,1,0,0
429,odd,OO,8885,837502,0,0,1,1
430,even,EE,20,4,1,1,0,0
431,odd,OO,8947,846284,0,0,1,1
432,even,EE,20,4,1,1,0,0
433,odd,OE,9010,94,0,1,0,0
434,even,EE,20,4,1,1,0,0
435,odd,OE,9072,95,0,1,0,0
436,even,EE,20,4,1,1,0,0
437,odd,OO,9135,873097,0,0,1,1
438,even,EE,20,4,1,1,0,0
439,odd,OE,9198,95,0,1,0,0
440,even,EE,20,4,1,1,0,0
441,odd,OO,9261,891223,0,0,1,1
442,even,EO,21,96,1,1,0,0
443,odd,OE,9324,96,0,1,0,0
444,even,EO,21,96,1,1,0,0
445,odd,OO,9387,909473,0,0,1,1
446,even,EO,21,96,1,1,0,0
447,odd,OE,9450,97,0,1,0,0
448,even,EO,21,96,1,1,0,0
449,odd,OE,9514,97,0,1,0,0
450,even,EO,21,96,1,1,0,0
451,odd,OO,9577,937225,0,0,1,1
452,even,EO,21,96,1,1,0,0
453,odd,OO,9641,946636,0,0,1,1
454,even,EO,21,96,1,1,0,0
455,odd,OO,9705,956077,0,0,1,1
456,even,EO,21,96,1,1,0,0
457,odd,OO,9769,965550,0,0,1,1
458,even,EO,21,96,1,1,0,0
459,odd,OO,9833,975054,0,0,1,1
460,even,EO,21,96,1,1,0,0
461,odd,OE,9898,99,0,1,0,0
462,even,EO,21,96,1,1,0,0
463,odd,OE,9962,99,0,1,0,0
464,even,EO,21,96,1,1,0,0
465,odd,OO,10027,1004052,0,0,1,1
466,even,EO,21,96,1,1,0,0
467,odd,OO,10091,1013681,0,0,1,1
468,even,EO,21,96,1,1,0,0
469,odd,OE,10156,100,0,1,0,0
470,even,EO,21,96,1,1,0,0
471,odd,OO,10221,1033332,0,0,1,1
472,even,EO,21,96,1,1,0,0
473,odd,OO,10287,1043357,0,0,1,1
474,even,EO,21,96,1,1,0,0
475,odd,OE,10352,101,0,1,0,0
476,even,EO,21,96,1,1,0,0
477,odd,OO,10417,1063197,0,0,1,1
478,even,EO,21,96,1,1,0,0
479,odd,OO,10483,1073317,0,0,1,1
480,even,EO,21,96,1,1,0,0
481,odd,OO,10549,1083470,0,0,1,1
482,even,EO,21,96,1,1,0,0
483,odd,OO,10615,1093654,0,0,1,1
484,even,EE,22,4,1,1,0,0
485,odd,OO,10681,1103869,0,0,1,1
486,even,EE,22,4,1,1,0,0
487,odd,OO,10747,1114117,0,0,1,1
488,even,EE,22,4,1,1,0,0
489,odd,OO,10813,1124396,0,0,1,1
490,even,EE,22,4,1,1,0,0
491,odd,OO,10879,1134706,0,0,1,1
492,even,EE,22,4,1,1,0,0
493,odd,OE,10946,104,0,1,0,0
494,even,EE,22,4,1,1,0,0
495,odd,OO,11013,1155735,0,0,1,1
496,even,EE,22,4,1,1,0,0
497,odd,OO,11079,1166140,0,0,1,1
498,even,EE,22,4,1,1,0,0
499,odd,OE,11146,105,0,1,0,0
500,even,EE,22,4,1,1,0,0
501,odd,OO,11213,1187360,0,0,1,1
502,even,EE,22,4,1,1,0,0
503,odd,OO,11281,1198178,0,0,1,1
504,even,EE,22,4,1,1,0,0
505,odd,OE,11348,106,0,1,0,0
506,even,EE,22,4,1,1,0,0
507,odd,OO,11415,1219590,0,0,1,1
508,even,EE,22,4,1,1,0,0
509,odd,OO,11483,1230504,0,0,1,1
510,even,EE,22,4,1,1,0,0
511,odd,OO,11551,1241450,0,0,1,1
512,even,EE,22,4,1,1,0,0
513,odd,OO,11619,1252429,0,0,1,1
514,even,EE,22,4,1,1,0,0
515,odd,OO,11687,1263439,0,0,1,1
516,even,EE,22,4,1,1,0,0
517,odd,OO,11755,1274482,0,0,1,1
518,even,EE,22,4,1,1,0,0
519,odd,OO,11823,1285557,0,0,1,1
520,even,EE,22,4,1,1,0,0
521,odd,OE,11892,109,0,1,0,0
522,even,EE,22,4,1,1,0,0
523,odd,OE,11960,109,0,1,0,0
524,even,EE,22,4,1,1,0,0
525,odd,OO,12029,1319302,0,0,1,1
526,even,EE,22,4,1,1,0,0
527,odd,OE,12098,109,0,1,0,0
528,even,EE,22,4,1,1,0,0
529,odd,OO,12167,1342070,0,0,1,1
530,even,EO,23,110,1,1,0,0
531,odd,OE,12236,110,0,1,0,0
532,even,EO,23,110,1,1,0,0
533,odd,OO,12305,1364967,0,0,1,1
534,even,EO,23,110,1,1,0,0
535,odd,OE,12374,111,0,1,0,0
536,even,EO,23,110,1,1,0,0
537,odd,OE,12444,111,0,1,0,0
538,even,EO,23,110,1,1,0,0
539,odd,OO,12513,1399723,0,0,1,1
540,even,EO,23,110,1,1,0,0
541,odd,OO,12583,1411485,0,0,1,1
542,even,EO,23,110,1,1,0,0
543,odd,OO,12653,1423279,0,0,1,1
544,even,EO,23,110,1,1,0,0
545,odd,OO,12723,1435107,0,0,1,1
546,even,EO,23,110,1,1,0,0
547,odd,OO,12793,1446966,0,0,1,1
548,even,EO,23,110,1,1,0,0
549,odd,OO,12863,1458859,0,0,1,1
550,even,EO,23,110,1,1,0,0
551,odd,OO,12933,1470784,0,0,1,1
552,even,EO,23,110,1,1,0,0
553,odd,OE,13004,114,0,1,0,0
554,even,EO,23,110,1,1,0,0
555,odd,OE,13074,114,0,1,0,0
556,even,EO,23,110,1,1,0,0
557,odd,OO,13145,1507095,0,0,1,1
558,even,EO,23,110,1,1,0,0
559,odd,OE,13216,114,0,1,0,0
560,even,EO,23,110,1,1,0,0
561,odd,OO,13287,1531582,0,0,1,1
562,even,EO,23,110,1,1,0,0
563,odd,OE,13358,115,0,1,0,0
564,even,EO,23,110,1,1,0,0
565,odd,OO,13429,1556200,0,0,1,1
566,even,EO,23,110,1,1,0,0
567,odd,OO,13501,1568732,0,0,1,1
568,even,EO,23,110,1,1,0,0
569,odd,OE,13572,116,0,1,0,0
570,even,EO,23,110,1,1,0,0
571,odd,OE,13644,116,0,1,0,0
572,even,EO,23,110,1,1,0,0
573,odd,OE,13716,117,0,1,0,0
574,even,EO,23,110,1,1,0,0
575,odd,OE,13788,117,0,1,0,0
576,even,EE,24,4,1,1,0,0
577,odd,OE,13860,117,0,1,0,0
578,even,EE,24,4,1,1,0,0
579,odd,OE,13932,118,0,1,0,0
580,even,EE,24,4,1,1,0,0
581,odd,OE,14004,118,0,1,0,0
582,even,EE,24,4,1,1,0,0
583,odd,OE,14076,118,0,1,0,0
584,even,EE,24,4,1,1,0,0
585,odd,OO,14149,1683017,0,0,1,1
586,even,EE,24,4,1,1,0,0
587,odd,OO,14221,1695880,0,0,1,1
588,even,EE,24,4,1,1,0,0
589,odd,OE,14294,119,0,1,0,0
590,even,EE,24,4,1,1,0,0
591,odd,OO,14367,1722063,0,0,1,1
592,even,EE,24,4,1,1,0,0
593,odd,OE,14440,120,0,1,0,0
594,even,EE,24,4,1,1,0,0
595,odd,OO,14513,1748379,0,0,1,1
596,even,EE,24,4,1,1,0,0
597,odd,OE,14586,120,0,1,0,0
598,even,EE,24,4,1,1,0,0
599,odd,OE,14660,121,0,1,0,0
600,even,EE,24,4,1,1,0,0
601,odd,OO,14733,1788285,0,0,1,1
602,even,EE,24,4,1,1,0,0
603,odd,OO,14807,1801775,0,0,1,1
604,even,EE,24,4,1,1,0,0
605,odd,OO,14881,1815299,0,0,1,1
606,even,EE,24,4,1,1,0,0
607,odd,OE,14954,122,0,1,0,0
608,even,EE,24,4,1,1,0,0
609,odd,OE,15028,122,0,1,0,0
610,even,EE,24,4,1,1,0,0
611,odd,OE,15102,122,0,1,0,0
612,even,EE,24,4,1,1,0,0
613,odd,OO,15177,1869730,0,0,1,1
614,even,EE,24,4,1,1,0,0
615,odd,OO,15251,1883421,0,0,1,1
616,even,EE,24,4,1,1,0,0
617,odd,OO,15325,1897145,0,0,1,1
618,even,EE,24,4,1,1,0,0
619,odd,OE,15400,124,0,1,0,0
620,even,EE,24,4,1,1,0,0
621,odd,OO,15475,1925067,0,0,1,1
622,even,EE,24,4,1,1,0,0
623,odd,OE,15550,124,0,1,0,0
624,even,EE,24,4,1,1,0,0
625,odd,OO,15625,1953125,0,0,1,1
626,even,EO,25,125,1,1,0,0
627,odd,OE,15700,125,0,1,0,0
628,even,EO,25,125,1,1,0,0
629,odd,OO,15775,1981317,0,0,1,1
630,even,EO,25,125,1,1,0,0
631,odd,OE,15850,125,0,1,0,0
632,even,EO,25,125,1,1,0,0
633,odd,OO,15925,2009644,0,0,1,1
634,even,EO,25,125,1,1,0,0
635,odd,OO,16001,2024047,0,0,1,1
636,even,EO,25,125,1,1,0,0
637,odd,OO,16077,2038484,0,0,1,1
638,even,EO,25,125,1,1,0,0
639,odd,OE,16152,127,0,1,0,0
640,even,EO,25,125,1,1,0,0
641,odd,OE,16228,127,0,1,0,0
642,even,EO,25,125,1,1,0,0
643,odd,OE,16304,127,0,1,0,0
644,even,EO,25,125,1,1,0,0
645,odd,OE,16380,127,0,1,0,0
646,even,EO,25,125,1,1,0,0
647,odd,OO,16457,2111183,0,0,1,1
648,even,EO,25,125,1,1,0,0
649,odd,OO,16533,2125824,0,0,1,1
650,even,EO,25,125,1,1,0,0
651,odd,OE,16610,128,0,1,0,0
652,even,EO,25,125,1,1,0,0
653,odd,OE,16686,129,0,1,0,0
654,even,EO,25,125,1,1,0,0
655,odd,OO,16763,2170339,0,0,1,1
656,even,EO,25,125,1,1,0,0
657,odd,OE,16840,129,0,1,0,0
658,even,EO,25,125,1,1,0,0
659,odd,OO,16917,2200315,0,0,1,1
660,even,EO,25,125,1,1,0,0
661,odd,OE,16994,130,0,1,0,0
662,even,EO,25,125,1,1,0,0
663,odd,OO,17071,2230429,0,0,1,1
664,even,EO,25,125,1,1,0,0
665,odd,OE,17148,130,0,1,0,0
666,even,EO,25,125,1,1,0,0
667,odd,OE,17226,131,0,1,0,0
668,even,EO,25,125,1,1,0,0
669,odd,OO,17303,2276051,0,0,1,1
670,even,EO,25,125,1,1,0,0
671,odd,OO,17381,2291459,0,0,1,1
672,even,EO,25,125,1,1,0,0
673,odd,OO,17459,2306901,0,0,1,1
674,even,EO,25,125,1,1,0,0
675,odd,OO,17537,2322378,0,0,1,1
676,even,EE,26,5,1,1,0,0
677,odd,OO,17615,2337889,0,0,1,1
678,even,EE,26,5,1,1,0,0
679,odd,OO,17693,2353435,0,0,1,1
680,even,EE,26,5,1,1,0,0
681,odd,OO,17771,2369014,0,0,1,1
682,even,EE,26,5,1,1,0,0
683,odd,OO,17849,2384629,0,0,1,1
684,even,EE,26,5,1,1,0,0
685,odd,OE,17928,133,0,1,0,0
686,even,EE,26,5,1,1,0,0
687,odd,OE,18006,134,0,1,0,0
688,even,EE,26,5,1,1,0,0
689,odd,OO,18085,2432079,0,0,1,1
690,even,EE,26,5,1,1,0,0
691,odd,OE,18164,134,0,1,0,0
692,even,EE,26,5,1,1,0,0
693,odd,OO,18243,2464020,0,0,1,1
694,even,EE,26,5,1,1,0,0
695,odd,OE,18322,135,0,1,0,0
696,even,EE,26,5,1,1,0,0
697,odd,OO,18401,2496100,0,0,1,1
698,even,EE,26,5,1,1,0,0
699,odd,OE,18480,135,0,1,0,0
700,even,EE,26,5,1,1,0,0
701,odd,OO,18559,2528318,0,0,1,1
702,even,EE,26,5,1,1,0,0
703,odd,OO,18639,2544684,0,0,1,1
704,even,EE,26,5,1,1,0,0
705,odd,OO,18719,2561084,0,0,1,1
706,even,EE,26,5,1,1,0,0
707,odd,OE,18798,137,0,1,0,0
708,even,EE,26,5,1,1,0,0
709,odd,OE,18878,137,0,1,0,0
710,even,EE,26,5,1,1,0,0
711,odd,OE,18958,137,0,1,0,0
712,even,EE,26,5,1,1,0,0
713,odd,OE,19038,137,0,1,0,0
714,even,EE,26,5,1,1,0,0
715,odd,OE,19118,138,0,1,0,0
716,even,EE,26,5,1,1,0,0
717,odd,OO,19199,2660222,0,0,1,1
718,even,EE,26,5,1,1,0,0
719,odd,OO,19279,2676866,0,0,1,1
720,even,EE,26,5,1,1,0,0
721,odd,OO,19359,2693545,0,0,1,1
722,even,EE,26,5,1,1,0,0
723,odd,OE,19440,139,0,1,0,0
724,even,EE,26,5,1,1,0,0
725,odd,OO,19521,2727426,0,0,1,1
726,even,EE,26,5,1,1,0,0
727,odd,OE,19602,140,0,1,0,0
728,even,EE,26,5,1,1,0,0
729,odd,OO,19683,2761448,0,0,1,1
730,even,EO,27,140,1,1,0,0
731,odd,OE,19764,140,0,1,0,0
732,even,EO,27,140,1,1,0,0
733,odd,OO,19845,2795610,0,0,1,1
734,even,EO,27,140,1,1,0,0
735,odd,OE,19926,141,0,1,0,0
736,even,EO,27,140,1,1,0,0
737,odd,OO,20007,2829912,0,0,1,1
738,even,EO,27,140,1,1,0,0
739,odd,OO,20089,2847327,0,0,1,1
740,even,EO,27,140,1,1,0,0
741,odd,OE,20170,142,0,1,0,0
742,even,EO,27,140,1,1,0,0
743,odd,OE,20252,142,0,1,0,0
744,even,EO,27,140,1,1,0,0
745,odd,OE,20334,142,0,1,0,0
746,even,EO,27,140,1,1,0,0
747,odd,OE,20416,142,0,1,0,0
748,even,EO,27,140,1,1,0,0
749,odd,OE,20498,143,0,1,0,0
750,even,EO,27,140,1,1,0,0
751,odd,OE,20580,143,0,1,0,0
752,even,EO,27,140,1,1,0,0
753,odd,OE,20662,143,0,1,0,0
754,even,EO,27,140,1,1,0,0
755,odd,OO,20745,2987928,0,0,1,1
756,even,EO,27,140,1,1,0,0
757,odd,OO,20827,3005661,0,0,1,1
758,even,EO,27,140,1,1,0,0
759,odd,OE,20910,144,0,1,0,0
760,even,EO,27,140,1,1,0,0
761,odd,OO,20993,3041667,0,0,1,1
762,even,EO,27,140,1,1,0,0
763,odd,OO,21075,3059506,0,0,1,1
764,even,EO,27,140,1,1,0,0
765,odd,OE,21158,145,0,1,0,0
766,even,EO,27,140,1,1,0,0
767,odd,OO,21241,3095725,0,0,1,1
768,even,EO,27,140,1,1,0,0
769,odd,OO,21325,3114107,0,0,1,1
770,even,EO,27,140,1,1,0,0
771,odd,OE,21408,146,0,1,0,0
772,even,EO,27,140,1,1,0,0
773,odd,OO,21491,3150539,0,0,1,1
774,even,EO,27,140,1,1,0,0
775,odd,OO,21575,3169028,0,0,1,1
776,even,EO,27,140,1,1,0,0
777,odd,OE,21658,147,0,1,0,0
778,even,EO,27,140,1,1,0,0
779,odd,OE,21742,147,0,1,0,0
780,even,EO,27,140,1,1,0,0
781,odd,OE,21826,147,0,1,0,0
782,even,EO,27,140,1,1,0,0
783,odd,OE,21910,148,0,1,0,0
784,even,EE,28,5,1,1,0,0
785,odd,OE,21994,148,0,1,0,0
786,even,EE,28,5,1,1,0,0
787,odd,OE,22078,148,0,1,0,0
788,even,EE,28,5,1,1,0,0
789,odd,OE,22162,148,0,1,0,0
790,even,EE,28,5,1,1,0,0
791,odd,OE,22246,149,0,1,0,0
792,even,EE,28,5,1,1,0,0
793,odd,OO,22331,3337046,0,0,1,1
794,even,EE,28,5,1,1,0,0
795,odd,OO,22415,3355893,0,0,1,1
796,even,EE,28,5,1,1,0,0
797,odd,OE,22500,150,0,1,0,0
798,even,EE,28,5,1,1,0,0
799,odd,OO,22585,3394143,0,0,1,1
800,even,EE,28,5,1,1,0,0
801,odd,OO,22669,3413096,0,0,1,1
802,even,EE,28,5,1,1,0,0
803,odd,OE,22754,150,0,1,0,0
804,even,EE,28,5,1,1,0,0
805,odd,OO,22839,3451561,0,0,1,1
806,even,EE,28,5,1,1,0,0
807,odd,OO,22925,3471075,0,0,1,1
808,even,EE,28,5,1,1,0,0
809,odd,OE,23010,151,0,1,0,0
810,even,EE,28,5,1,1,0,0
811,odd,OO,23095,3509756,0,0,1,1
812,even,EE,28,5,1,1,0,0
813,odd,OO,23181,3529378,0,0,1,1
814,even,EE,28,5,1,1,0,0
815,odd,OE,23266,152,0,1,0,0
816,even,EE,28,5,1,1,0,0
817,odd,OE,23352,152,0,1,0,0
818,even,EE,28,5,1,1,0,0
819,odd,OE,23438,153,0,1,0,0
820,even,EE,28,5,1,1,0,0
821,odd,OE,23524,153,0,1,0,0
822,even,EE,28,5,1,1,0,0
823,odd,OE,23610,153,0,1,0,0
824,even,EE,28,5,1,1,0,0
825,odd,OE,23696,153,0,1,0,0
826,even,EE,28,5,1,1,0,0
827,odd,OE,23782,154,0,1,0,0
828,even,EE,28,5,1,1,0,0
829,odd,OE,23868,154,0,1,0,0
830,even,EE,28,5,1,1,0,0
831,odd,OO,23955,3707611,0,0,1,1
832,even,EE,28,5,1,1,0,0
833,odd,OO,24041,3727595,0,0,1,1
834,even,EE,28,5,1,1,0,0
835,odd,OE,24128,155,0,1,0,0
836,even,EE,28,5,1,1,0,0
837,odd,OO,24215,3768137,0,0,1,1
838,even,EE,28,5,1,1,0,0
839,odd,OE,24302,155,0,1,0,0
840,even,EE,28,5,1,1,0,0
841,odd,OO,24389,3808824,0,0,1,1
842,even,EO,29,156,1,1,0,0
843,odd,OE,24476,156,0,1,0,0
844,even,EO,29,156,1,1,0,0
845,odd,OO,24563,3849657,0,0,1,1
846,even,EO,29,156,1,1,0,0
847,odd,OE,24650,157,0,1,0,0
848,even,EO,29,156,1,1,0,0
849,odd,OO,24737,3890635,0,0,1,1
850,even,EO,29,156,1,1,0,0
851,odd,OO,24825,3911414,0,0,1,1
852,even,EO,29,156,1,1,0,0
853,odd,OE,24912,157,0,1,0,0
854,even,EO,29,156,1,1,0,0
855,odd,OE,25000,158,0,1,0,0
856,even,EO,29,156,1,1,0,0
857,odd,OE,25088,158,0,1,0,0
858,even,EO,29,156,1,1,0,0
859,odd,OE,25176,158,0,1,0,0
860,even,EO,29,156,1,1,0,0
861,odd,OE,25264,158,0,1,0,0
862,even,EO,29,156,1,1,0,0
863,odd,OE,25352,159,0,1,0,0
864,even,EO,29,156,1,1,0,0
865,odd,OE,25440,159,0,1,0,0
866,even,EO,29,156,1,1,0,0
867,odd,OE,25528,159,0,1,0,0
868,even,EO,29,156,1,1,0,0
869,odd,OO,25617,4100080,0,0,1,1
870,even,EO,29,156,1,1,0,0
871,odd,OO,25705,4121225,0,0,1,1
872,even,EO,29,156,1,1,0,0
873,odd,OE,25794,160,0,1,0,0
874,even,EO,29,156,1,1,0,0
875,odd,OE,25882,160,0,1,0,0
876,even,EO,29,156,1,1,0,0
877,odd,OO,25971,4185361,0,0,1,1
878,even,EO,29,156,1,1,0,0
879,odd,OE,26060,161,0,1,0,0
880,even,EO,29,156,1,1,0,0
881,odd,OO,26149,4228463,0,0,1,1
882,even,EO,29,156,1,1,0,0
883,odd,OE,26238,161,0,1,0,0
884,even,EO,29,156,1,1,0,0
885,odd,OO,26327,4271712,0,0,1,1
886,even,EO,29,156,1,1,0,0
887,odd,OO,26417,4293636,0,0,1,1
888,even,EO,29,156,1,1,0,0
889,odd,OE,26506,162,0,1,0,0
890,even,EO,29,156,1,1,0,0
891,odd,OE,26596,163,0,1,0,0
892,even,EO,29,156,1,1,0,0
893,odd,OO,26685,4359139,0,0,1,1
894,even,EO,29,156,1,1,0,0
895,odd,OO,26775,4381211,0,0,1,1
896,even,EO,29,156,1,1,0,0
897,odd,OO,26865,4403320,0,0,1,1
898,even,EO,29,156,1,1,0,0
899,odd,OO,26955,4425465,0,0,1,1
900,even,EE,30,5,1,1,0,0
901,odd,OO,27045,4447648,0,0,1,1
902,even,EE,30,5,1,1,0,0
903,odd,OO,27135,4469868,0,0,1,1
904,even,EE,30,5,1,1,0,0
905,odd,OO,27225,4492125,0,0,1,1
906,even,EE,30,5,1,1,0,0
907,odd,OO,27315,4514418,0,0,1,1
908,even,EE,30,5,1,1,0,0
909,odd,OE,27406,165,0,1,0,0
910,even,EE,30,5,1,1,0,0
911,odd,OE,27496,165,0,1,0,0
912,even,EE,30,5,1,1,0,0
913,odd,OO,27587,4582017,0,0,1,1
914,even,EE,30,5,1,1,0,0
915,odd,OO,27677,4604458,0,0,1,1
916,even,EE,30,5,1,1,0,0
917,odd,OE,27768,166,0,1,0,0
918,even,EE,30,5,1,1,0,0
919,odd,OO,27859,4649950,0,0,1,1
920,even,EE,30,5,1,1,0,0
921,odd,OE,27950,167,0,1,0,0
922,even,EE,30,5,1,1,0,0
923,odd,OO,28041,4695590,0,0,1,1
924,even,EE,30,5,1,1,0,0
925,odd,OE,28132,167,0,1,0,0
926,even,EE,30,5,1,1,0,0
927,odd,OE,28224,168,0,1,0,0
928,even,EE,30,5,1,1,0,0
929,odd,OO,28315,4764582,0,0,1,1
930,even,EE,30,5,1,1,0,0
931,odd,OE,28406,168,0,1,0,0
932,even,EE,30,5,1,1,0,0
933,odd,OE,28498,168,0,1,0,0
934,even,EE,30,5,1,1,0,0
935,odd,OE,28590,169,0,1,0,0
936,even,EE,30,5,1,1,0,0
937,odd,OO,28681,4857260,0,0,1,1
938,even,EE,30,5,1,1,0,0
939,odd,OO,28773,4880650,0,0,1,1
940,even,EE,30,5,1,1,0,0
941,odd,OO,28865,4904077,0,0,1,1
942,even,EE,30,5,1,1,0,0
943,odd,OO,28957,4927542,0,0,1,1
944,even,EE,30,5,1,1,0,0
945,odd,OE,29050,170,0,1,0,0
946,even,EE,30,5,1,1,0,0
947,odd,OE,29142,170,0,1,0,0
948,even,EE,30,5,1,1,0,0
949,odd,OE,29234,170,0,1,0,0
950,even,EE,30,5,1,1,0,0
951,odd,OO,29327,5022286,0,0,1,1
952,even,EE,30,5,1,1,0,0
953,odd,OO,29419,5045937,0,0,1,1
954,even,EE,30,5,1,1,0,0
955,odd,OE,29512,171,0,1,0,0
956,even,EE,30,5,1,1,0,0
957,odd,OO,29605,5093866,0,0,1,1
958,even,EE,30,5,1,1,0,0
959,odd,OE,29698,172,0,1,0,0
960,even,EE,30,5,1,1,0,0
961,odd,OO,29791,5141947,0,0,1,1
962,even,EO,31,172,1,1,0,0
963,odd,OE,29884,172,0,1,0,0
964,even,EO,31,172,1,1,0,0
965,odd,OO,29977,5190177,0,0,1,1
966,even,EO,31,172,1,1,0,0
967,odd,OE,30070,173,0,1,0,0
968,even,EO,31,172,1,1,0,0
969,odd,OO,30163,5238558,0,0,1,1
970,even,EO,31,172,1,1,0,0
971,odd,OO,30257,5263065,0,0,1,1
972,even,EO,31,172,1,1,0,0
973,odd,OE,30350,174,0,1,0,0
974,even,EO,31,172,1,1,0,0
975,odd,OE,30444,174,0,1,0,0
976,even,EO,31,172,1,1,0,0
977,odd,OE,30538,174,0,1,0,0
978,even,EO,31,172,1,1,0,0
979,odd,OO,30631,5360950,0,0,1,1
980,even,EO,31,172,1,1,0,0
981,odd,OO,30725,5385646,0,0,1,1
982,even,EO,31,172,1,1,0,0
983,odd,OO,30819,5410380,0,0,1,1
984,even,EO,31,172,1,1,0,0
985,odd,OO,30913,5435152,0,0,1,1
986,even,EO,31,172,1,1,0,0
987,odd,OE,31008,176,0,1,0,0
988,even,EO,31,172,1,1,0,0
989,odd,OE,31102,176,0,1,0,0
990,even,EO,31,172,1,1,0,0
991,odd,OE,31196,176,0,1,0,0
992,even,EO,31,172,1,1,0,0
993,odd,OO,31291,5535147,0,0,1,1
994,even,EO,31,172,1,1,0,0
995,odd,OO,31385,5560107,0,0,1,1
996,even,EO,31,172,1,1,0,0
997,odd,OE,31480,177,0,1,0,0
998,even,EO,31,172,1,1,0,0
999,odd,OO,31575,5610674,0,0,1,1
1000,even,EO,31,172,1,1,0,0
1001,odd,OE,31670,177,0,1,0,0
1002,even,EO,31,172,1,1,0,0
1003,odd,OO,31765,5661392,0,0,1,1
1004,even,EO,31,172,1,1,0,0
1005,odd,OE,31860,178,0,1,0,0
1006,even,EO,31,172,1,1,0,0
1007,odd,OO,31955,5712263,0,0,1,1
1008,even,EO,31,172,1,1,0,0
1009,odd,OE,32050,179,0,1,0,0
1010,even,EO,31,172,1,1,0,0
1011,odd,OO,32145,5763285,0,0,1,1
1012,even,EO,31,172,1,1,0,0
1013,odd,OO,32241,5789122,0,0,1,1
1014,even,EO,31,172,1,1,0,0
1015,odd,OE,32336,179,0,1,0,0
1016,even,EO,31,172,1,1,0,0
1017,odd,OE,32432,180,0,1,0,0
1018,even,EO,31,172,1,1,0,0
1019,odd,OE,32528,180,0,1,0,0
1020,even,EO,31,172,1,1,0,0
1021,odd,OE,32624,180,0,1,0,0
1022,even,EO,31,172,1,1,0,0
1023,odd,OE,32720,180,0,1,0,0
1024,even,EE,32,5,1,1,0,0
1025,odd,OE,32816,181,0,1,0,0
1026,even,EE,32,5,1,1,0,0
1027,odd,OE,32912,181,0,1,0,0
1028,even,EE,32,5,1,1,0,0
1029,odd,OE,33008,181,0,1,0,0
1030,even,EE,32,5,1,1,0,0
1031,odd,OE,33104,181,0,1,0,0
1032,even,EE,32,5,1,1,0,0
1033,odd,OE,33200,182,0,1,0,0
1034,even,EE,32,5,1,1,0,0
1035,odd,OO,33297,6075858,0,0,1,1
1036,even,EE,32,5,1,1,0,0
1037,odd,OO,33393,6102153,0,0,1,1
1038,even,EE,32,5,1,1,0,0
1039,odd,OE,33490,183,0,1,0,0
1040,even,EE,32,5,1,1,0,0
1041,odd,OO,33587,6155407,0,0,1,1
1042,even,EE,32,5,1,1,0,0
1043,odd,OE,33684,183,0,1,0,0
1044,even,EE,32,5,1,1,0,0
1045,odd,OO,33781,6208815,0,0,1,1
1046,even,EE,32,5,1,1,0,0
1047,odd,OE,33878,184,0,1,0,0
1048,even,EE,32,5,1,1,0,0
1049,odd,OO,33975,6262376,0,0,1,1
1050,even,EE,32,5,1,1,0,0
1051,odd,OE,34072,184,0,1,0,0
1052,even,EE,32,5,1,1,0,0
1053,odd,OO,34169,6316091,0,0,1,1
1054,even,EE,32,5,1,1,0,0
1055,odd,OO,34267,6343283,0,0,1,1
1056,even,EE,32,5,1,1,0,0
1057,odd,OE,34364,185,0,1,0,0
1058,even,EE,32,5,1,1,0,0
1059,odd,OE,34462,185,0,1,0,0
1060,even,EE,32,5,1,1,0,0
1061,odd,OO,34559,6424535,0,0,1,1
1062,even,EE,32,5,1,1,0,0
1063,odd,OO,34657,6451882,0,0,1,1
1064,even,EE,32,5,1,1,0,0
1065,odd,OO,34755,6479267,0,0,1,1
1066,even,EE,32,5,1,1,0,0
1067,odd,OO,34853,6506691,0,0,1,1
1068,even,EE,32,5,1,1,0,0
1069,odd,OO,34951,6534154,0,0,1,1
1070,even,EE,32,5,1,1,0,0
1071,odd,OO,35049,6561655,0,0,1,1
1072,even,EE,32,5,1,1,0,0
1073,odd,OO,35147,6589195,0,0,1,1
1074,even,EE,32,5,1,1,0,0
1075,odd,OE,35246,187,0,1,0,0
1076,even,EE,32,5,1,1,0,0
1077,odd,OE,35344,188,0,1,0,0
1078,even,EE,32,5,1,1,0,0
1079,odd,OO,35443,6672609,0,0,1,1
1080,even,EE,32,5,1,1,0,0
1081,odd,OO,35541,6700303,0,0,1,1
1082,even,EE,32,5,1,1,0,0
1083,odd,OE,35640,188,0,1,0,0
1084,even,EE,32,5,1,1,0,0
1085,odd,OO,35739,6756372,0,0,1,1
1086,even,EE,32,5,1,1,0,0
1087,odd,OE,35838,189,0,1,0,0
1088,even,EE,32,5,1,1,0,0
1089,odd,OO,35937,6812597,0,0,1,1
1090,even,EO,33,189,1,1,0,0
1091,odd,OE,36036,189,0,1,0,0
1092,even,EO,33,189,1,1,0,0
1093,odd,OO,36135,6868977,0,0,1,1
1094,even,EO,33,189,1,1,0,0
1095,odd,OE,36234,190,0,1,0,0
1096,even,EO,33,189,1,1,0,0
1097,odd,OO,36333,6925512,0,0,1,1
1098,even,EO,33,189,1,1,0,0
1099,odd,OO,36433,6954123,0,0,1,1
1100,even,EO,33,189,1,1,0,0
1101,odd,OE,36532,191,0,1,0,0
1102,even,EO,33,189,1,1,0,0
1103,odd,OE,36632,191,0,1,0,0
1104,even,EO,33,189,1,1,0,0
1105,odd,OO,36731,7039618,0,0,1,1
1106,even,EO,33,189,1,1,0,0
1107,odd,OO,36831,7068386,0,0,1,1
1108,even,EO,33,189,1,1,0,0
1109,odd,OO,36931,7097192,0,0,1,1
1110,even,EO,33,189,1,1,0,0
1111,odd,OO,37031,7126038,0,0,1,1
1112,even,EO,33,189,1,1,0,0
1113,odd,OO,37131,7154923,0,0,1,1
1114,even,EO,33,189,1,1,0,0
1115,odd,OO,37231,7183846,0,0,1,1
1116,even,EO,33,189,1,1,0,0
1117,odd,OO,37331,7212809,0,0,1,1
1118,even,EO,33,189,1,1,0,0
1119,odd,OE,37432,193,0,1,0,0
1120,even,EO,33,189,1,1,0,0
1121,odd,OE,37532,193,0,1,0,0
1122,even,EO,33,189,1,1,0,0
1123,odd,OO,37633,7300511,0,0,1,1
1124,even,EO,33,189,1,1,0,0
1125,odd,OO,37733,7329629,0,0,1,1
1126,even,EO,33,189,1,1,0,0
1127,odd,OE,37834,194,0,1,0,0
1128,even,EO,33,189,1,1,0,0
1129,odd,OO,37935,7388565,0,0,1,1
1130,even,EO,33,189,1,1,0,0
1131,odd,OO,38035,7417800,0,0,1,1
1132,even,EO,33,189,1,1,0,0
1133,odd,OE,38136,195,0,1,0,0
1134,even,EO,33,189,1,1,0,0
1135,odd,OO,38237,7476971,0,0,1,1
1136,even,EO,33,189,1,1,0,0
1137,odd,OE,38338,195,0,1,0,0
1138,even,EO,33,189,1,1,0,0
1139,odd,OE,38440,196,0,1,0,0
1140,even,EO,33,189,1,1,0,0
1141,odd,OO,38541,7566315,0,0,1,1
1142,even,EO,33,189,1,1,0,0
1143,odd,OE,38642,196,0,1,0,0
1144,even,EO,33,189,1,1,0,0
1145,odd,OE,38744,196,0,1,0,0
1146,even,EO,33,189,1,1,0,0
1147,odd,OO,38845,7656013,0,0,1,1
1148,even,EO,33,189,1,1,0,0
1149,odd,OO,38947,7686188,0,0,1,1
1150,even,EO,33,189,1,1,0,0
1151,odd,OO,39049,7716402,0,0,1,1
1152,even,EO,33,189,1,1,0,0
1153,odd,OO,39151,7746656,0,0,1,1
1154,even,EO,33,189,1,1,0,0
1155,odd,OO,39253,7776949,0,0,1,1
1156,even,EE,34,5,1,1,0,0
1157,odd,OO,39355,7807282,0,0,1,1
1158,even,EE,34,5,1,1,0,0
1159,odd,OO,39457,7837654,0,0,1,1
1160,even,EE,34,5,1,1,0,0
1161,odd,OO,39559,7868065,0,0,1,1
1162,even,EE,34,5,1,1,0,0
1163,odd,OO,39661,7898515,0,0,1,1
1164,even,EE,34,5,1,1,0,0
1165,odd,OO,39763,7929005,0,0,1,1
1166,even,EE,34,5,1,1,0,0
1167,odd,OE,39866,199,0,1,0,0
1168,even,EE,34,5,1,1,0,0
1169,odd,OE,39968,199,0,1,0,0
1170,even,EE,34,5,1,1,0,0
1171,odd,OO,40071,8021309,0,0,1,1
1172,even,EE,34,5,1,1,0,0
1173,odd,OE,40174,200,0,1,0,0
1174,even,EE,34,5,1,1,0,0
1175,odd,OE,40276,200,0,1,0,0
1176,even,EE,34,5,1,1,0,0
1177,odd,OO,40379,8113968,0,0,1,1
1178,even,EE,34,5,1,1,0,0
1179,odd,OE,40482,201,0,1,0,0
1180,even,EE,34,5,1,1,0,0
1181,odd,OO,40585,8176140,0,0,1,1
1182,even,EE,34,5,1,1,0,0
1183,odd,OO,40689,8207587,0,0,1,1
1184,even,EE,34,5,1,1,0,0
1185,odd,OE,40792,201,0,1,0,0
1186,even,EE,34,5,1,1,0,0
1187,odd,OO,40895,8269996,0,0,1,1
1188,even,EE,34,5,1,1,0,0
1189,odd,OE,40998,202,0,1,0,0
1190,even,EE,34,5,1,1,0,0
1191,odd,OE,41102,202,0,1,0,0
1192,even,EE,34,5,1,1,0,0
1193,odd,OE,41206,202,0,1,0,0
1194,even,EE,34,5,1,1,0,0
1195,odd,OO,41309,8395895,0,0,1,1
1196,even,EE,34,5,1,1,0,0
1197,odd,OO,41413,8427621,0,0,1,1
1198,even,EE,34,5,1,1,0,0
1199,odd,OO,41517,8459388,0,0,1,1
1200,even,EE,34,5,1,1,0,0
1201,odd,OO,41621,8491194,0,0,1,1
1202,even,EE,34,5,1,1,0,0
1203,odd,OO,41725,8523039,0,0,1,1
1204,even,EE,34,5,1,1,0,0
1205,odd,OO,41829,8554925,0,0,1,1
1206,even,EE,34,5,1,1,0,0
1207,odd,OO,41933,8586850,0,0,1,1
1208,even,EE,34,5,1,1,0,0
1209,odd,OO,42037,8618815,0,0,1,1
1210,even,EE,34,5,1,1,0,0
1211,odd,OE,42142,205,0,1,0,0
1212,even,EE,34,5,1,1,0,0
1213,odd,OE,42246,205,0,1,0,0
1214,even,EE,34,5,1,1,0,0
1215,odd,OO,42351,8715564,0,0,1,1
1216,even,EE,34,5,1,1,0,0
1217,odd,OO,42455,8747687,0,0,1,1
1218,even,EE,34,5,1,1,0,0
1219,odd,OE,42560,206,0,1,0,0
1220,even,EE,34,5,1,1,0,0
1221,odd,OO,42665,8812672,0,0,1,1
1222,even,EE,34,5,1,1,0,0
1223,odd,OE,42770,206,0,1,0,0
1224,even,EE,34,5,1,1,0,0
1225,odd,OO,42875,8877817,0,0,1,1
1226,even,EO,35,207,1,1,0,0
1227,odd,OE,42980,207,0,1,0,0
1228,even,EO,35,207,1,1,0,0
1229,odd,OO,43085,8943121,0,0,1,1
1230,even,EO,35,207,1,1,0,0
1231,odd,OE,43190,207,0,1,0,0
1232,even,EO,35,207,1,1,0,0
1233,odd,OO,43295,9008585,0,0,1,1
1234,even,EO,35,207,1,1,0,0
1235,odd,OO,43401,9041689,0,0,1,1
1236,even,EO,35,207,1,1,0,0
1237,odd,OE,43506,208,0,1,0,0
1238,even,EO,35,207,1,1,0,0
1239,odd,OE,43612,208,0,1,0,0
1240,even,EO,35,207,1,1,0,0
1241,odd,OO,43717,9140617,0,0,1,1
1242,even,EO,35,207,1,1,0,0
1243,odd,OO,43823,9173882,0,0,1,1
1244,even,EO,35,207,1,1,0,0
1245,odd,OO,43929,9207187,0,0,1,1
1246,even,EO,35,207,1,1,0,0
1247,odd,OO,44035,9240532,0,0,1,1
1248,even,EO,35,207,1,1,0,0
1249,odd,OO,44141,9273918,0,0,1,1
1250,even,EO,35,207,1,1,0,0
1251,odd,OO,44247,9307343,0,0,1,1
1252,even,EO,35,207,1,1,0,0
1253,odd,OO,44353,9340809,0,0,1,1
1254,even,EO,35,207,1,1,0,0
1255,odd,OO,44459,9374314,0,0,1,1
1256,even,EO,35,207,1,1,0,0
1257,odd,OO,44565,9407860,0,0,1,1
1258,even,EO,35,207,1,1,0,0
1259,odd,OE,44672,211,0,1,0,0
1260,even,EO,35,207,1,1,0,0
1261,odd,OE,44778,211,0,1,0,0
1262,even,EO,35,207,1,1,0,0
1263,odd,OO,44885,9509372,0,0,1,1
1264,even,EO,35,207,1,1,0,0
1265,odd,OE,44992,212,0,1,0,0
1266,even,EO,35,207,1,1,0,0
1267,odd,OE,45098,212,0,1,0,0
1268,even,EO,35,207,1,1,0,0
1269,odd,OO,45205,9611246,0,0,1,1
1270,even,EO,35,207,1,1,0,0
1271,odd,OE,45312,212,0,1,0,0
1272,even,EO,35,207,1,1,0,0
1273,odd,OO,45419,9679576,0,0,1,1
1274,even,EO,35,207,1,1,0,0
1275,odd,OE,45526,213,0,1,0,0
1276,even,EO,35,207,1,1,0,0
1277,odd,OO,45633,9748067,0,0,1,1
1278,even,EO,35,207,1,1,0,0
1279,odd,OO,45741,9782694,0,0,1,1
1280,even,EO,35,207,1,1,0,0
1281,odd,OE,45848,214,0,1,0,0
1282,even,EO,35,207,1,1,0,0
1283,odd,OO,45955,9851427,0,0,1,1
1284,even,EO,35,207,1,1,0,0
1285,odd,OO,46063,9886175,0,0,1,1
1286,even,EO,35,207,1,1,0,0
1287,odd,OE,46170,214,0,1,0,0
1288,even,EO,35,207,1,1,0,0
1289,odd,OE,46278,215,0,1,0,0
1290,even,EO,35,207,1,1,0,0
1291,odd,OE,46386,215,0,1,0,0
1292,even,EO,35,207,1,1,0,0
1293,odd,OE,46494,215,0,1,0,0
1294,even,EO,35,207,1,1,0,0
1295,odd,OE,46602,215,0,1,0,0
1296,even,EE,36,6,1,1,0,0
1297,odd,OE,46710,216,0,1,0,0
1298,even,EE,36,6,1,1,0,0
1299,odd,OE,46818,216,0,1,0,0
1300,even,EE,36,6,1,1,0,0
1301,odd,OE,46926,216,0,1,0,0
1302,even,EE,36,6,1,1,0,0
1303,odd,OE,47034,216,0,1,0,0
1304,even,EE,36,6,1,1,0,0
1305,odd,OE,47142,217,0,1,0,0
1306,even,EE,36,6,1,1,0,0
1307,odd,OO,47251,10271089,0,0,1,1
1308,even,EE,36,6,1,1,0,0
1309,odd,OO,47359,10306323,0,0,1,1
1310,even,EE,36,6,1,1,0,0
1311,odd,OE,47468,217,0,1,0,0
1312,even,EE,36,6,1,1,0,0
1313,odd,OO,47577,10377567,0,0,1,1
1314,even,EE,36,6,1,1,0,0
1315,odd,OO,47685,10412923,0,0,1,1
1316,even,EE,36,6,1,1,0,0
1317,odd,OE,47794,218,0,1,0,0
1318,even,EE,36,6,1,1,0,0
1319,odd,OO,47903,10484411,0,0,1,1
1320,even,EE,36,6,1,1,0,0
1321,odd,OE,48012,219,0,1,0,0
1322,even,EE,36,6,1,1,0,0
1323,odd,OO,48121,10556062,0,0,1,1
1324,even,EE,36,6,1,1,0,0
1325,odd,OE,48230,219,0,1,0,0
1326,even,EE,36,6,1,1,0,0
1327,odd,OO,48339,10627876,0,0,1,1
1328,even,EE,36,6,1,1,0,0
1329,odd,OO,48449,10664174,0,0,1,1
1330,even,EE,36,6,1,1,0,0
1331,odd,OE,48558,220,0,1,0,0
1332,even,EE,36,6,1,1,0,0
1333,odd,OE,48668,220,0,1,0,0
1334,even,EE,36,6,1,1,0,0
1335,odd,OO,48777,10772651,0,0,1,1
1336,even,EE,36,6,1,1,0,0
1337,odd,OO,48887,10809113,0,0,1,1
1338,even,EE,36,6,1,1,0,0
1339,odd,OO,48997,10845616,0,0,1,1
1340,even,EE,36,6,1,1,0,0
1341,odd,OE,49106,221,0,1,0,0
1342,even,EE,36,6,1,1,0,0
1343,odd,OE,49216,221,0,1,0,0
1344,even,EE,36,6,1,1,0,0
1345,odd,OE,49326,222,0,1,0,0
1346,even,EE,36,6,1,1,0,0
1347,odd,OE,49436,222,0,1,0,0
1348,even,EE,36,6,1,1,0,0
1349,odd,OO,49547,11028743,0,0,1,1
1350,even,EE,36,6,1,1,0,0
1351,odd,OO,49657,11065491,0,0,1,1
1352,even,EE,36,6,1,1,0,0
1353,odd,OO,49767,11102280,0,0,1,1
1354,even,EE,36,6,1,1,0,0
1355,odd,OO,49877,11139109,0,0,1,1
1356,even,EE,36,6,1,1,0,0
1357,odd,OE,49988,223,0,1,0,0
1358,even,EE,36,6,1,1,0,0
1359,odd,OO,50099,11213561,0,0,1,1
1360,even,EE,36,6,1,1,0,0
1361,odd,OO,50209,11250513,0,0,1,1
1362,even,EE,36,6,1,1,0,0
1363,odd,OE,50320,224,0,1,0,0
1364,even,EE,36,6,1,1,0,0
1365,odd,OO,50431,11325212,0,0,1,1
1366,even,EE,36,6,1,1,0,0
1367,odd,OE,50542,224,0,1,0,0
1368,even,EE,36,6,1,1,0,0
1369,odd,OO,50653,11400076,0,0,1,1
1370,even,EO,37,225,1,1,0,0
1371,odd,OE,50764,225,0,1,0,0
1372,even,EO,37,225,1,1,0,0
1373,odd,OO,50875,11475104,0,0,1,1
1374,even,EO,37,225,1,1,0,0
1375,odd,OE,50986,225,0,1,0,0
1376,even,EO,37,225,1,1,0,0
1377,odd,OO,51097,11550295,0,0,1,1
1378,even,EO,37,225,1,1,0,0
1379,odd,OO,51209,11588292,0,0,1,1
1380,even,EO,37,225,1,1,0,0
1381,odd,OE,51320,226,0,1,0,0
1382,even,EO,37,225,1,1,0,0
1383,odd,OO,51431,11663729,0,0,1,1
1384,even,EO,37,225,1,1,0,0
1385,odd,OO,51543,11701850,0,0,1,1
1386,even,EO,37,225,1,1,0,0
1387,odd,OO,51655,11740012,0,0,1,1
1388,even,EO,37,225,1,1,0,0
1389,odd,OO,51767,11778215,0,0,1,1
1390,even,EO,37,225,1,1,0,0
1391,odd,OE,51878,227,0,1,0,0
1392,even,EO,37,225,1,1,0,0
1393,odd,OE,51990,228,0,1,0,0
1394,even,EO,37,225,1,1,0,0
1395,odd,OE,52102,228,0,1,0,0
1396,even,EO,37,225,1,1,0,0
1397,odd,OE,52214,228,0,1,0,0
1398,even,EO,37,225,1,1,0,0
1399,odd,OO,52327,11969851,0,0,1,1
1400,even,EO,37,225,1,1,0,0
1401,odd,OO,52439,12008302,0,0,1,1
1402,even,EO,37,225,1,1,0,0
1403,odd,OO,52551,12046793,0,0,1,1
1404,even,EO,37,225,1,1,0,0
1405,odd,OE,52664,229,0,1,0,0
1406,even,EO,37,225,1,1,0,0
1407,odd,OE,52776,229,0,1,0,0
1408,even,EO,37,225,1,1,0,0
1409,odd,OO,52889,12163205,0,0,1,1
1410,even,EO,37,225,1,1,0,0
1411,odd,OO,53001,12201861,0,0,1,1
1412,even,EO,37,225,1,1,0,0
1413,odd,OE,53114,230,0,1,0,0
1414,even,EO,37,225,1,1,0,0
1415,odd,OO,53227,12279989,0,0,1,1
1416,even,EO,37,225,1,1,0,0
1417,odd,OE,53340,230,0,1,0,0
1418,even,EO,37,225,1,1,0,0
1419,odd,OO,53453,12358282,0,0,1,1
1420,even,EO,37,225,1,1,0,0
1421,odd,OE,53566,231,0,1,0,0
1422,even,EO,37,225,1,1,0,0
1423,odd,OO,53679,12436741,0,0,1,1
1424,even,EO,37,225,1,1,0,0
1425,odd,OE,53792,231,0,1,0,0
1426,even,EO,37,225,1,1,0,0
1427,odd,OO,53905,12515366,0,0,1,1
1428,even,EO,37,225,1,1,0,0
1429,odd,OO,54019,12555089,0,0,1,1
1430,even,EO,37,225,1,1,0,0
1431,odd,OE,54132,232,0,1,0,0
1432,even,EO,37,225,1,1,0,0
1433,odd,OE,54246,232,0,1,0,0
1434,even,EO,37,225,1,1,0,0
1435,odd,OO,54359,12673809,0,0,1,1
1436,even,EO,37,225,1,1,0,0
1437,odd,OO,54473,12713699,0,0,1,1
1438,even,EO,37,225,1,1,0,0
1439,odd,OO,54587,12753630,0,0,1,1
1440,even,EO,37,225,1,1,0,0
1441,odd,OO,54701,12793603,0,0,1,1
1442,even,EO,37,225,1,1,0,0
1443,odd,OO,54815,12833618,0,0,1,1
1444,even,EE,38,6,1,1,0,0
1445,odd,OO,54929,12873674,0,0,1,1
1446,even,EE,38,6,1,1,0,0
1447,odd,OO,55043,12913772,0,0,1,1
1448,even,EE,38,6,1,1,0,0
1449,odd,OO,55157,12953912,0,0,1,1
1450,even,EE,38,6,1,1,0,0
1451,odd,OO,55271,12994093,0,0,1,1
1452,even,EE,38,6,1,1,0,0
1453,odd,OO,55385,13034315,0,0,1,1
1454,even,EE,38,6,1,1,0,0
1455,odd,OE,55500,235,0,1,0,0
1456,even,EE,38,6,1,1,0,0
1457,odd,OE,55614,235,0,1,0,0
1458,even,EE,38,6,1,1,0,0
1459,odd,OO,55729,13155939,0,0,1,1
1460,even,EE,38,6,1,1,0,0
1461,odd,OO,55843,13196328,0,0,1,1
1462,even,EE,38,6,1,1,0,0
1463,odd,OE,55958,236,0,1,0,0
1464,even,EE,38,6,1,1,0,0
1465,odd,OO,56073,13277939,0,0,1,1
1466,even,EE,38,6,1,1,0,0
1467,odd,OE,56188,237,0,1,0,0
1468,even,EE,38,6,1,1,0,0
1469,odd,OO,56303,13359718,0,0,1,1
1470,even,EE,38,6,1,1,0,0
1471,odd,OE,56418,237,0,1,0,0
1472,even,EE,38,6,1,1,0,0
1473,odd,OO,56533,13441664,0,0,1,1
1474,even,EE,38,6,1,1,0,0
1475,odd,OE,56648,238,0,1,0,0
1476,even,EE,38,6,1,1,0,0
1477,odd,OO,56763,13523777,0,0,1,1
1478,even,EE,38,6,1,1,0,0
1479,odd,OO,56879,13565253,0,0,1,1
1480,even,EE,38,6,1,1,0,0
1481,odd,OE,56994,238,0,1,0,0
1482,even,EE,38,6,1,1,0,0
1483,odd,OO,57109,13647617,0,0,1,1
1484,even,EE,38,6,1,1,0,0
1485,odd,OO,57225,13689219,0,0,1,1
1486,even,EE,38,6,1,1,0,0
1487,odd,OO,57341,13730864,0,0,1,1
1488,even,EE,38,6,1,1,0,0
1489,odd,OE,57456,239,0,1,0,0
1490,even,EE,38,6,1,1,0,0
1491,odd,OE,57572,239,0,1,0,0
1492,even,EE,38,6,1,1,0,0
1493,odd,OE,57688,240,0,1,0,0
1494,even,EE,38,6,1,1,0,0
1495,odd,OE,57804,240,0,1,0,0
1496,even,EE,38,6,1,1,0,0
1497,odd,OE,57920,240,0,1,0,0
1498,even,EE,38,6,1,1,0,0
1499,odd,OE,58036,240,0,1,0,0
1500,even,EE,38,6,1,1,0,0
1501,odd,OE,58152,241,0,1,0,0
1502,even,EE,38,6,1,1,0,0
1503,odd,OO,58269,14065537,0,0,1,1
1504,even,EE,38,6,1,1,0,0
1505,odd,OO,58385,14107560,0,0,1,1
1506,even,EE,38,6,1,1,0,0
1507,odd,OO,58501,14149625,0,0,1,1
1508,even,EE,38,6,1,1,0,0
1509,odd,OE,58618,242,0,1,0,0
1510,even,EE,38,6,1,1,0,0
1511,odd,OE,58734,242,0,1,0,0
1512,even,EE,38,6,1,1,0,0
1513,odd,OO,58851,14276796,0,0,1,1
1514,even,EE,38,6,1,1,0,0
1515,odd,OE,58968,242,0,1,0,0
1516,even,EE,38,6,1,1,0,0
1517,odd,OO,59085,14362030,0,0,1,1
1518,even,EE,38,6,1,1,0,0
1519,odd,OE,59202,243,0,1,0,0
1520,even,EE,38,6,1,1,0,0
1521,odd,OO,59319,14447434,0,0,1,1
1522,even,EO,39,243,1,1,0,0
1523,odd,OE,59436,243,0,1,0,0
1524,even,EO,39,243,1,1,0,0
1525,odd,OO,59553,14533006,0,0,1,1
1526,even,EO,39,243,1,1,0,0
1527,odd,OE,59670,244,0,1,0,0
1528,even,EO,39,243,1,1,0,0
1529,odd,OO,59787,14618746,0,0,1,1
1530,even,EO,39,243,1,1,0,0
1531,odd,OE,59904,244,0,1,0,0
1532,even,EO,39,243,1,1,0,0
1533,odd,OE,60022,244,0,1,0,0
1534,even,EO,39,243,1,1,0,0
1535,odd,OO,60139,14748039,0,0,1,1
1536,even,EO,39,243,1,1,0,0
1537,odd,OO,60257,14791467,0,0,1,1
1538,even,EO,39,243,1,1,0,0
1539,odd,OO,60375,14834937,0,0,1,1
1540,even,EO,39,243,1,1,0,0
1541,odd,OE,60492,245,0,1,0,0
1542,even,EO,39,243,1,1,0,0
1543,odd,OE,60610,246,0,1,0,0
1544,even,EO,39,243,1,1,0,0
1545,odd,OE,60728,246,0,1,0,0
1546,even,EO,39,243,1,1,0,0
1547,odd,OE,60846,246,0,1,0,0
1548,even,EO,39,243,1,1,0,0
1549,odd,OE,60964,246,0,1,0,0
1550,even,EO,39,243,1,1,0,0
1551,odd,OE,61082,247,0,1,0,0
1552,even,EO,39,243,1,1,0,0
1553,odd,OE,61200,247,0,1,0,0
1554,even,EO,39,243,1,1,0,0
1555,odd,OO,61319,15184223,0,0,1,1
1556,even,EO,39,243,1,1,0,0
1557,odd,OO,61437,15228074,0,0,1,1
1558,even,EO,39,243,1,1,0,0
1559,odd,OO,61555,15271967,0,0,1,1
1560,even,EO,39,243,1,1,0,0
1561,odd,OE,61674,248,0,1,0,0
1562,even,EO,39,243,1,1,0,0
1563,odd,OE,61792,248,0,1,0,0
1564,even,EO,39,243,1,1,0,0
1565,odd,OO,61911,15404646,0,0,1,1
1566,even,EO,39,243,1,1,0,0
1567,odd,OE,62030,249,0,1,0,0
1568,even,EO,39,243,1,1,0,0
1569,odd,OO,62149,15493559,0,0,1,1
1570,even,EO,39,243,1,1,0,0
1571,odd,OO,62267,15537706,0,0,1,1
1572,even,EO,39,243,1,1,0,0
1573,odd,OE,62386,249,0,1,0,0
1574,even,EO,39,243,1,1,0,0
1575,odd,OO,62505,15626875,0,0,1,1
1576,even,EO,39,243,1,1,0,0
1577,odd,OE,62624,250,0,1,0,0
1578,even,EO,39,243,1,1,0,0
1579,odd,OE,62744,250,0,1,0,0
1580,even,EO,39,243,1,1,0,0
1581,odd,OO,62863,15761322,0,0,1,1
1582,even,EO,39,243,1,1,0,0
1583,odd,OE,62982,250,0,1,0,0
1584,even,EO,39,243,1,1,0,0
1585,odd,OE,63102,251,0,1,0,0
1586,even,EO,39,243,1,1,0,0
1587,odd,OO,63221,15896153,0,0,1,1
1588,even,EO,39,243,1,1,0,0
1589,odd,OO,63341,15941433,0,0,1,1
1590,even,EO,39,243,1,1,0,0
1591,odd,OE,63460,251,0,1,0,0
1592,even,EO,39,243,1,1,0,0
1593,odd,OE,63580,252,0,1,0,0
1594,even,EO,39,243,1,1,0,0
1595,odd,OE,63700,252,0,1,0,0
1596,even,EO,39,243,1,1,0,0
1597,odd,OE,63820,252,0,1,0,0
1598,even,EO,39,243,1,1,0,0
1599,odd,OE,63940,252,0,1,0,0
1600,even,EE,40,6,1,1,0,0
1601,odd,OE,64060,253,0,1,0,0
1602,even,EE,40,6,1,1,0,0
1603,odd,OE,64180,253,0,1,0,0
1604,even,EE,40,6,1,1,0,0
1605,odd,OE,64300,253,0,1,0,0
1606,even,EE,40,6,1,1,0,0
1607,odd,OE,64420,253,0,1,0,0
1608,even,EE,40,6,1,1,0,0
1609,odd,OE,64540,254,0,1,0,0
1610,even,EE,40,6,1,1,0,0
1611,odd,OO,64661,16442340,0,0,1,1
1612,even,EE,40,6,1,1,0,0
1613,odd,OO,64781,16488132,0,0,1,1
1614,even,EE,40,6,1,1,0,0
1615,odd,OE,64902,254,0,1,0,0
1616,even,EE,40,6,1,1,0,0
1617,odd,OE,65022,254,0,1,0,0
1618,even,EE,40,6,1,1,0,0
1619,odd,OO,65143,16626530,0,0,1,1
1620,even,EE,40,6,1,1,0,0
1621,odd,OE,65264,255,0,1,0,0
1622,even,EE,40,6,1,1,0,0
1623,odd,OE,65384,255,0,1,0,0
1624,even,EE,40,6,1,1,0,0
1625,odd,OO,65505,16765313,0,0,1,1
1626,even,EE,40,6,1,1,0,0
1627,odd,OE,65626,256,0,1,0,0
1628,even,EE,40,6,1,1,0,0
1629,odd,OO,65747,16858305,0,0,1,1
1630,even,EE,40,6,1,1,0,0
1631,odd,OE,65868,256,0,1,0,0
1632,even,EE,40,6,1,1,0,0
1633,odd,OE,65990,256,0,1,0,0
1634,even,EE,40,6,1,1,0,0
1635,odd,OO,66111,16998499,0,0,1,1
1636,even,EE,40,6,1,1,0,0
1637,odd,OE,66232,257,0,1,0,0
1638,even,EE,40,6,1,1,0,0
1639,odd,OE,66354,257,0,1,0,0
1640,even,EE,40,6,1,1,0,0
1641,odd,OO,66475,17139080,0,0,1,1
1642,even,EE,40,6,1,1,0,0
1643,odd,OO,66597,17186284,0,0,1,1
1644,even,EE,40,6,1,1,0,0
1645,odd,OE,66718,258,0,1,0,0
1646,even,EE,40,6,1,1,0,0
1647,odd,OE,66840,258,0,1,0,0
1648,even,EE,40,6,1,1,0,0
1649,odd,OE,66962,258,0,1,0,0
1650,even,EE,40,6,1,1,0,0
1651,odd,OE,67084,259,0,1,0,0
1652,even,EE,40,6,1,1,0,0
1653,odd,OE,67206,259,0,1,0,0
1654,even,EE,40,6,1,1,0,0
1655,odd,OE,67328,259,0,1,0,0
1656,even,EE,40,6,1,1,0,0
1657,odd,OE,67450,259,0,1,0,0
1658,even,EE,40,6,1,1,0,0
1659,odd,OE,67572,259,0,1,0,0
1660,even,EE,40,6,1,1,0,0
1661,odd,OE,67694,260,0,1,0,0
1662,even,EE,40,6,1,1,0,0
1663,odd,OE,67816,260,0,1,0,0
1664,even,EE,40,6,1,1,0,0
1665,odd,OO,67939,17708375,0,0,1,1
1666,even,EE,40,6,1,1,0,0
1667,odd,OO,68061,17756096,0,0,1,1
1668,even,EE,40,6,1,1,0,0
1669,odd,OE,68184,261,0,1,0,0
1670,even,EE,40,6,1,1,0,0
1671,odd,OE,68306,261,0,1,0,0
1672,even,EE,40,6,1,1,0,0
1673,odd,OO,68429,17900299,0,0,1,1
1674,even,EE,40,6,1,1,0,0
1675,odd,OE,68552,261,0,1,0,0
1676,even,EE,40,6,1,1,0,0
1677,odd,OO,68675,17996912,0,0,1,1
1678,even,EE,40,6,1,1,0,0
1679,odd,OE,68798,262,0,1,0,0
1680,even,EE,40,6,1,1,0,0
1681,odd,OO,68921,18093698,0,0,1,1
1682,even,EO,41,262,1,1,0,0
1683,odd,OE,69044,262,0,1,0,0
1684,even,EO,41,262,1,1,0,0
1685,odd,OO,69167,18190658,0,0,1,1
1686,even,EO,41,262,1,1,0,0
1687,odd,OE,69290,263,0,1,0,0
1688,even,EO,41,262,1,1,0,0
1689,odd,OO,69413,18287789,0,0,1,1
1690,even,EO,41,262,1,1,0,0
1691,odd,OE,69536,263,0,1,0,0
1692,even,EO,41,262,1,1,0,0
1693,odd,OE,69660,263,0,1,0,0
1694,even,EO,41,262,1,1,0,0
1695,odd,OO,69783,18434206,0,0,1,1
1696,even,EO,41,262,1,1,0,0
1697,odd,OO,69907,18483363,0,0,1,1
1698,even,EO,41,262,1,1,0,0
1699,odd,OE,70030,264,0,1,0,0
1700,even,EO,41,262,1,1,0,0
1701,odd,OE,70154,264,0,1,0,0
1702,even,EO,41,262,1,1,0,0
1703,odd,OE,70278,265,0,1,0,0
1704,even,EO,41,262,1,1,0,0
1705,odd,OE,70402,265,0,1,0,0
1706,even,EO,41,262,1,1,0,0
1707,odd,OE,70526,265,0,1,0,0
1708,even,EO,41,262,1,1,0,0
1709,odd,OE,70650,265,0,1,0,0
1710,even,EO,41,262,1,1,0,0
1711,odd,OE,70774,266,0,1,0,0
1712,even,EO,41,262,1,1,0,0
1713,odd,OE,70898,266,0,1,0,0
1714,even,EO,41,262,1,1,0,0
1715,odd,OE,71022,266,0,1,0,0
1716,even,EO,41,262,1,1,0,0
1717,odd,OE,71146,266,0,1,0,0
1718,even,EO,41,262,1,1,0,0
1719,odd,OO,71271,19026954,0,0,1,1
1720,even,EO,41,262,1,1,0,0
1721,odd,OO,71395,19076631,0,0,1,1
1722,even,EO,41,262,1,1,0,0
1723,odd,OE,71520,267,0,1,0,0
1724,even,EO,41,262,1,1,0,0
1725,odd,OE,71644,267,0,1,0,0
1726,even,EO,41,262,1,1,0,0
1727,odd,OO,71769,19226726,0,0,1,1
1728,even,EO,41,262,1,1,0,0
1729,odd,OO,71893,19276576,0,0,1,1
1730,even,EO,41,262,1,1,0,0
1731,odd,OE,72018,268,0,1,0,0
1732,even,EO,41,262,1,1,0,0
1733,odd,OO,72143,19377212,0,0,1,1
1734,even,EO,41,262,1,1,0,0
1735,odd,OE,72268,268,0,1,0,0
1736,even,EO,41,262,1,1,0,0
1737,odd,OO,72393,19478022,0,0,1,1
1738,even,EO,41,262,1,1,0,0
1739,odd,OE,72518,269,0,1,0,0
1740,even,EO,41,262,1,1,0,0
1741,odd,OO,72643,19579006,0,0,1,1
1742,even,EO,41,262,1,1,0,0
1743,odd,OE,72768,269,0,1,0,0
1744,even,EO,41,262,1,1,0,0
1745,odd,OE,72894,269,0,1,0,0
1746,even,EO,41,262,1,1,0,0
1747,odd,OO,73019,19731214,0,0,1,1
1748,even,EO,41,262,1,1,0,0
1749,odd,OO,73145,19782308,0,0,1,1
1750,even,EO,41,262,1,1,0,0
1751,odd,OE,73270,270,0,1,0,0
1752,even,EO,41,262,1,1,0,0
1753,odd,OE,73396,270,0,1,0,0
1754,even,EO,41,262,1,1,0,0
1755,odd,OO,73521,19935039,0,0,1,1
1756,even,EO,41,262,1,1,0,0
1757,odd,OO,73647,19986308,0,0,1,1
1758,even,EO,41,262,1,1,0,0
1759,odd,OO,73773,20037621,0,0,1,1
1760,even,EO,41,262,1,1,0,0
1761,odd,OO,73899,20088977,0,0,1,1
1762,even,EO,41,262,1,1,0,0
1763,odd,OO,74025,20140378,0,0,1,1
1764,even,EE,42,6,1,1,0,0
1765,odd,OO,74151,20191822,0,0,1,1
1766,even,EE,42,6,1,1,0,0
1767,odd,OO,74277,20243310,0,0,1,1
1768,even,EE,42,6,1,1,0,0
1769,odd,OO,74403,20294841,0,0,1,1
1770,even,EE,42,6,1,1,0,0
1771,odd,OO,74529,20346417,0,0,1,1
1772,even,EE,42,6,1,1,0,0
1773,odd,OO,74655,20398035,0,0,1,1
1774,even,EE,42,6,1,1,0,0
1775,odd,OE,74782,273,0,1,0,0
1776,even,EE,42,6,1,1,0,0
1777,odd,OE,74908,273,0,1,0,0
1778,even,EE,42,6,1,1,0,0
1779,odd,OO,75035,20553975,0,0,1,1
1780,even,EE,42,6,1,1,0,0
1781,odd,OO,75161,20605768,0,0,1,1
1782,even,EE,42,6,1,1,0,0
1783,odd,OE,75288,274,0,1,0,0
1784,even,EE,42,6,1,1,0,0
1785,odd,OE,75414,274,0,1,0,0
1786,even,EE,42,6,1,1,0,0
1787,odd,OO,75541,20762234,0,0,1,1
1788,even,EE,42,6,1,1,0,0
1789,odd,OE,75668,275,0,1,0,0
1790,even,EE,42,6,1,1,0,0
1791,odd,OO,75795,20867039,0,0,1,1
1792,even,EE,42,6,1,1,0,0
1793,odd,OE,75922,275,0,1,0,0
1794,even,EE,42,6,1,1,0,0
1795,odd,OO,76049,20972019,0,0,1,1
1796,even,EE,42,6,1,1,0,0
1797,odd,OE,76176,276,0,1,0,0
1798,even,EE,42,6,1,1,0,0
1799,odd,OO,76303,21077175,0,0,1,1
1800,even,EE,42,6,1,1,0,0
1801,odd,OO,76431,21130234,0,0,1,1
1802,even,EE,42,6,1,1,0,0
1803,odd,OE,76558,276,0,1,0,0
1804,even,EE,42,6,1,1,0,0
1805,odd,OO,76685,21235653,0,0,1,1
1806,even,EE,42,6,1,1,0,0
1807,odd,OO,76813,21288844,0,0,1,1
1808,even,EE,42,6,1,1,0,0
1809,odd,OO,76941,21342079,0,0,1,1
1810,even,EE,42,6,1,1,0,0
1811,odd,OE,77068,277,0,1,0,0
1812,even,EE,42,6,1,1,0,0
1813,odd,OE,77196,277,0,1,0,0
1814,even,EE,42,6,1,1,0,0
1815,odd,OE,77324,278,0,1,0,0
1816,even,EE,42,6,1,1,0,0
1817,odd,OO,77451,21554628,0,0,1,1
1818,even,EE,42,6,1,1,0,0
1819,odd,OO,77579,21608084,0,0,1,1
1820,even,EE,42,6,1,1,0,0
1821,odd,OO,77707,21661584,0,0,1,1
1822,even,EE,42,6,1,1,0,0
1823,odd,OO,77835,21715128,0,0,1,1
1824,even,EE,42,6,1,1,0,0
1825,odd,OE,77964,279,0,1,0,0
1826,even,EE,42,6,1,1,0,0
1827,odd,OE,78092,279,0,1,0,0
1828,even,EE,42,6,1,1,0,0
1829,odd,OE,78220,279,0,1,0,0
1830,even,EE,42,6,1,1,0,0
1831,odd,OE,78348,279,0,1,0,0
1832,even,EE,42,6,1,1,0,0
1833,odd,OO,78477,21984347,0,0,1,1
1834,even,EE,42,6,1,1,0,0
1835,odd,OO,78605,22038156,0,0,1,1
1836,even,EE,42,6,1,1,0,0
1837,odd,OE,78734,280,0,1,0,0
1838,even,EE,42,6,1,1,0,0
1839,odd,OE,78862,280,0,1,0,0
1840,even,EE,42,6,1,1,0,0
1841,odd,OO,78991,22200687,0,0,1,1
1842,even,EE,42,6,1,1,0,0
1843,odd,OE,79120,281,0,1,0,0
1844,even,EE,42,6,1,1,0,0
1845,odd,OO,79249,22309543,0,0,1,1
1846,even,EE,42,6,1,1,0,0
1847,odd,OE,79378,281,0,1,0,0
1848,even,EE,42,6,1,1,0,0
1849,odd,OO,79507,22418577,0,0,1,1
1850,even,EO,43,281,1,1,0,0
1851,odd,OE,79636,282,0,1,0,0
1852,even,EO,43,281,1,1,0,0
1853,odd,OO,79765,22527788,0,0,1,1
1854,even,EO,43,281,1,1,0,0
1855,odd,OE,79894,282,0,1,0,0
1856,even,EO,43,281,1,1,0,0
1857,odd,OO,80023,22637175,0,0,1,1
1858,even,EO,43,281,1,1,0,0
1859,odd,OE,80152,283,0,1,0,0
1860,even,EO,43,281,1,1,0,0
1861,odd,OE,80282,283,0,1,0,0
1862,even,EO,43,281,1,1,0,0
1863,odd,OO,80411,22802013,0,0,1,1
1864,even,EO,43,281,1,1,0,0
1865,odd,OO,80541,22857331,0,0,1,1
1866,even,EO,43,281,1,1,0,0
1867,odd,OE,80670,284,0,1,0,0
1868,even,EO,43,281,1,1,0,0
1869,odd,OE,80800,284,0,1,0,0
1870,even,EO,43,281,1,1,0,0
1871,odd,OE,80930,284,0,1,0,0
1872,even,EO,43,281,1,1,0,0
1873,odd,OE,81060,284,0,1,0,0
1874,even,EO,43,281,1,1,0,0
1875,odd,OO,81189,23133736,0,0,1,1
1876,even,EO,43,281,1,1,0,0
1877,odd,OO,81319,23189321,0,0,1,1
1878,even,EO,43,281,1,1,0,0
1879,odd,OO,81449,23244950,0,0,1,1
1880,even,EO,43,281,1,1,0,0
1881,odd,OO,81579,23300624,0,0,1,1
1882,even,EO,43,281,1,1,0,0
1883,odd,OE,81710,285,0,1,0,0
1884,even,EO,43,281,1,1,0,0
1885,odd,OE,81840,286,0,1,0,0
1886,even,EO,43,281,1,1,0,0
1887,odd,OE,81970,286,0,1,0,0
1888,even,EO,43,281,1,1,0,0
1889,odd,OE,82100,286,0,1,0,0
1890,even,EO,43,281,1,1,0,0
1891,odd,OO,82231,23580518,0,0,1,1
1892,even,EO,43,281,1,1,0,0
1893,odd,OO,82361,23636459,0,0,1,1
1894,even,EO,43,281,1,1,0,0
1895,odd,OE,82492,287,0,1,0,0
1896,even,EO,43,281,1,1,0,0
1897,odd,OO,82623,23749334,0,0,1,1
1898,even,EO,43,281,1,1,0,0
1899,odd,OO,82753,23805407,0,0,1,1
1900,even,EO,43,281,1,1,0,0
1901,odd,OE,82884,287,0,1,0,0
1902,even,EO,43,281,1,1,0,0
1903,odd,OO,83015,23918550,0,0,1,1
1904,even,EO,43,281,1,1,0,0
1905,odd,OE,83146,288,0,1,0,0
1906,even,EO,43,281,1,1,0,0
1907,odd,OO,83277,24031872,0,0,1,1
1908,even,EO,43,281,1,1,0,0
1909,odd,OE,83408,288,0,1,0,0
1910,even,EO,43,281,1,1,0,0
1911,odd,OO,83539,24145372,0,0,1,1
1912,even,EO,43,281,1,1,0,0
1913,odd,OE,83670,289,0,1,0,0
1914,even,EO,43,281,1,1,0,0
1915,odd,OO,83801,24259050,0,0,1,1
1916,even,EO,43,281,1,1,0,0
1917,odd,OO,83933,24316391,0,0,1,1
1918,even,EO,43,281,1,1,0,0
1919,odd,OE,84064,289,0,1,0,0
1920,even,EO,43,281,1,1,0,0
1921,odd,OO,84195,24430336,0,0,1,1
1922,even,EO,43,281,1,1,0,0
1923,odd,OO,84327,24487811,0,0,1,1
1924,even,EO,43,281,1,1,0,0
1925,odd,OO,84459,24545331,0,0,1,1
1926,even,EO,43,281,1,1,0,0
1927,odd,OE,84590,290,0,1,0,0
1928,even,EO,43,281,1,1,0,0
1929,odd,OE,84722,291,0,1,0,0
1930,even,EO,43,281,1,1,0,0
1931,odd,OE,84854,291,0,1,0,0
1932,even,EO,43,281,1,1,0,0
1933,odd,OE,84986,291,0,1,0,0
1934,even,EO,43,281,1,1,0,0
1935,odd,OE,85118,291,0,1,0,0
1936,even,EE,44,6,1,1,0,0
1937,odd,OE,85250,291,0,1,0,0
1938,even,EE,44,6,1,1,0,0
1939,odd,OE,85382,292,0,1,0,0
1940,even,EE,44,6,1,1,0,0
1941,odd,OE,85514,292,0,1,0,0
1942,even,EE,44,6,1,1,0,0
1943,odd,OE,85646,292,0,1,0,0
1944,even,EE,44,6,1,1,0,0
1945,odd,OE,85778,292,0,1,0,0
1946,even,EE,44,6,1,1,0,0
1947,odd,OO,85911,25181010,0,0,1,1
1948,even,EE,44,6,1,1,0,0
1949,odd,OO,86043,25239068,0,0,1,1
1950,even,EE,44,6,1,1,0,0
1951,odd,OO,86175,25297169,0,0,1,1
1952,even,EE,44,6,1,1,0,0
1953,odd,OE,86308,293,0,1,0,0
1954,even,EE,44,6,1,1,0,0
1955,odd,OO,86441,25414389,0,0,1,1
1956,even,EE,44,6,1,1,0,0
1957,odd,OO,86573,25472624,0,0,1,1
1958,even,EE,44,6,1,1,0,0
1959,odd,OE,86706,294,0,1,0,0
1960,even,EE,44,6,1,1,0,0
1961,odd,OO,86839,25590113,0,0,1,1
1962,even,EE,44,6,1,1,0,0
1963,odd,OE,86972,294,0,1,0,0
1964,even,EE,44,6,1,1,0,0
1965,odd,OO,87105,25707783,0,0,1,1
1966,even,EE,44,6,1,1,0,0
1967,odd,OE,87238,295,0,1,0,0
1968,even,EE,44,6,1,1,0,0
1969,odd,OO,87371,25825632,0,0,1,1
1970,even,EE,44,6,1,1,0,0
1971,odd,OE,87504,295,0,1,0,0
1972,even,EE,44,6,1,1,0,0
1973,odd,OO,87637,25943660,0,0,1,1
1974,even,EE,44,6,1,1,0,0
1975,odd,OE,87770,296,0,1,0,0
1976,even,EE,44,6,1,1,0,0
1977,odd,OE,87904,296,0,1,0,0
1978,even,EE,44,6,1,1,0,0
1979,odd,OO,88037,26121484,0,0,1,1
1980,even,EE,44,6,1,1,0,0
1981,odd,OO,88171,26181145,0,0,1,1
1982,even,EE,44,6,1,1,0,0
1983,odd,OE,88304,297,0,1,0,0
1984,even,EE,44,6,1,1,0,0
1985,odd,OE,88438,297,0,1,0,0
1986,even,EE,44,6,1,1,0,0
1987,odd,OE,88572,297,0,1,0,0
1988,even,EE,44,6,1,1,0,0
1989,odd,OO,88705,26419351,0,0,1,1
1990,even,EE,44,6,1,1,0,0
1991,odd,OO,88839,26479238,0,0,1,1
1992,even,EE,44,6,1,1,0,0
1993,odd,OO,88973,26539170,0,0,1,1
1994,even,EE,44,6,1,1,0,0
1995,odd,OO,89107,26599148,0,0,1,1
1996,even,EE,44,6,1,1,0,0
1997,odd,OO,89241,26659171,0,0,1,1
1998,even,EE,44,6,1,1,0,0
1999,odd,OO,89375,26719238,0,0,1,1
2000,even,EE,44,6,1,1,0,0
2001,odd,OO,89509,26779351,0,0,1,1
2002,even,EE,44,6,1,1,0,0
2003,odd,OE,89644,299,0,1,0,0
2004,even,EE,44,6,1,1,0,0
2005,odd,OE,89778,299,0,1,0,0
2006,even,EE,44,6,1,1,0,0
2007,odd,OE,89912,299,0,1,0,0
2008,even,EE,44,6,1,1,0,0
2009,odd,OO,90047,27021152,0,0,1,1
2010,even,EE,44,6,1,1,0,0
2011,odd,OO,90181,27081490,0,0,1,1
2012,even,EE,44,6,1,1,0,0
2013,odd,OE,90316,300,0,1,0,0
2014,even,EE,44,6,1,1,0,0
2015,odd,OE,90450,300,0,1,0,0
2016,even,EE,44,6,1,1,0,0
2017,odd,OO,90585,27263677,0,0,1,1
2018,even,EE,44,6,1,1,0,0
2019,odd,OE,90720,301,0,1,0,0
2020,even,EE,44,6,1,1,0,0
2021,odd,OO,90855,27385662,0,0,1,1
2022,even,EE,44,6,1,1,0,0
2023,odd,OE,90990,301,0,1,0,0
2024,even,EE,44,6,1,1,0,0
2025,odd,OO,91125,27507828,0,0,1,1
2026,even,EO,45,301,1,1,0,0
2027,odd,OE,91260,302,0,1,0,0
2028,even,EO,45,301,1,1,0,0
2029,odd,OO,91395,27630176,0,0,1,1
2030,even,EO,45,301,1,1,0,0
2031,odd,OE,91530,302,0,1,0,0
2032,even,EO,45,301,1,1,0,0
2033,odd,OO,91665,27752704,0,0,1,1
2034,even,EO,45,301,1,1,0,0
2035,odd,OE,91800,302,0,1,0,0
2036,even,EO,45,301,1,1,0,0
2037,odd,OE,91936,303,0,1,0,0
2038,even,EO,45,301,1,1,0,0
2039,odd,OO,92071,27937290,0,0,1,1
2040,even,EO,45,301,1,1,0,0
2041,odd,OO,92207,27999213,0,0,1,1
2042,even,EO,45,301,1,1,0,0
2043,odd,OE,92342,303,0,1,0,0
2044,even,EO,45,301,1,1,0,0
2045,odd,OE,92478,304,0,1,0,0
2046,even,EO,45,301,1,1,0,0
2047,odd,OE,92614,304,0,1,0,0
2048,even,EO,45,301,1,1,0,0
2049,odd,OO,92749,28246448,0,0,1,1
2050,even,EO,45,301,1,1,0,0
2051,odd,OO,92885,28308599,0,0,1,1
2052,even,EO,45,301,1,1,0,0
2053,odd,OO,93021,28370795,0,0,1,1
2054,even,EO,45,301,1,1,0,0
2055,odd,OO,93157,28433036,0,0,1,1
2056,even,EO,45,301,1,1,0,0
2057,odd,OO,93293,28495323,0,0,1,1
2058,even,EO,45,301,1,1,0,0
2059,odd,OO,93429,28557655,0,0,1,1
2060,even,EO,45,301,1,1,0,0
2061,odd,OO,93565,28620033,0,0,1,1
2062,even,EO,45,301,1,1,0,0
2063,odd,OO,93701,28682456,0,0,1,1
2064,even,EO,45,301,1,1,0,0
2065,odd,OE,93838,306,0,1,0,0
2066,even,EO,45,301,1,1,0,0
2067,odd,OE,93974,306,0,1,0,0
2068,even,EO,45,301,1,1,0,0
2069,odd,OO,94111,28870917,0,0,1,1
2070,even,EO,45,301,1,1,0,0
2071,odd,OO,94247,28933522,0,0,1,1
2072,even,EO,45,301,1,1,0,0
2073,odd,OE,94384,307,0,1,0,0
2074,even,EO,45,301,1,1,0,0
2075,odd,OE,94520,307,0,1,0,0
2076,even,EO,45,301,1,1,0,0
2077,odd,OO,94657,29122530,0,0,1,1
2078,even,EO,45,301,1,1,0,0
2079,odd,OE,94794,307,0,1,0,0
2080,even,EO,45,301,1,1,0,0
2081,odd,OO,94931,29249071,0,0,1,1
2082,even,EO,45,301,1,1,0,0
2083,odd,OO,95067,29311948,0,0,1,1
2084,even,EO,45,301,1,1,0,0
2085,odd,OE,95204,308,0,1,0,0
2086,even,EO,45,301,1,1,0,0
2087,odd,OO,95341,29438762,0,0,1,1
2088,even,EO,45,301,1,1,0,0
2089,odd,OE,95478,308,0,1,0,0
2090,even,EO,45,301,1,1,0,0
2091,odd,OE,95616,309,0,1,0,0
2092,even,EO,45,301,1,1,0,0
2093,odd,OO,95753,29629790,0,0,1,1
2094,even,EO,45,301,1,1,0,0
2095,odd,OE,95890,309,0,1,0,0
2096,even,EO,45,301,1,1,0,0
2097,odd,OO,96027,29757061,0,0,1,1
2098,even,EO,45,301,1,1,0,0
2099,odd,OO,96165,29821230,0,0,1,1
2100,even,EO,45,301,1,1,0,0
2101,odd,OE,96302,310,0,1,0,0
2102,even,EO,45,301,1,1,0,0
2103,odd,OE,96440,310,0,1,0,0
2104,even,EO,45,301,1,1,0,0
2105,odd,OO,96577,30013080,0,0,1,1
2106,even,EO,45,301,1,1,0,0
2107,odd,OO,96715,30077432,0,0,1,1
2108,even,EO,45,301,1,1,0,0
2109,odd,OO,96853,30141830,0,0,1,1
2110,even,EO,45,301,1,1,0,0
2111,odd,OO,96991,30206273,0,0,1,1
2112,even,EO,45,301,1,1,0,0
2113,odd,OO,97129,30270763,0,0,1,1
2114,even,EO,45,301,1,1,0,0
2115,odd,OO,97267,30335299,0,0,1,1
2116,even,EE,46,6,1,1,0,0
2117,odd,OO,97405,30399880,0,0,1,1
2118,even,EE,46,6,1,1,0,0
2119,odd,OO,97543,30464507,0,0,1,1
2120,even,EE,46,6,1,1,0,0
2121,odd,OO,97681,30529180,0,0,1,1
2122,even,EE,46,6,1,1,0,0
2123,odd,OO,97819,30593898,0,0,1,1
2124,even,EE,46,6,1,1,0,0
2125,odd,OO,97957,30658663,0,0,1,1
2126,even,EE,46,6,1,1,0,0
2127,odd,OO,98095,30723473,0,0,1,1
2128,even,EE,46,6,1,1,0,0
2129,odd,OE,98234,313,0,1,0,0
2130,even,EE,46,6,1,1,0,0
2131,odd,OE,98372,313,0,1,0,0
2132,even,EE,46,6,1,1,0,0
2133,odd,OO,98511,30919117,0,0,1,1
2134,even,EE,46,6,1,1,0,0
2135,odd,OO,98649,30984110,0,0,1,1
2136,even,EE,46,6,1,1,0,0
2137,odd,OE,98788,314,0,1,0,0
2138,even,EE,46,6,1,1,0,0
2139,odd,OO,98927,31115175,0,0,1,1
2140,even,EE,46,6,1,1,0,0
2141,odd,OE,99066,314,0,1,0,0
2142,even,EE,46,6,1,1,0,0
2143,odd,OE,99204,314,0,1,0,0
2144,even,EE,46,6,1,1,0,0
2145,odd,OO,99343,31311646,0,0,1,1
2146,even,EE,46,6,1,1,0,0
2147,odd,OE,99482,315,0,1,0,0
2148,even,EE,46,6,1,1,0,0
2149,odd,OO,99621,31443171,0,0,1,1
2150,even,EE,46,6,1,1,0,0
2151,odd,OE,99760,315,0,1,0,0
2152,even,EE,46,6,1,1,0,0
2153,odd,OE,99900,316,0,1,0,0
2154,even,EE,46,6,1,1,0,0
2155,odd,OO,100039,31641277,0,0,1,1
2156,even,EE,46,6,1,1,0,0
2157,odd,OE,100178,316,0,1,0,0
2158,even,EE,46,6,1,1,0,0
2159,odd,OE,100318,316,0,1,0,0
2160,even,EE,46,6,1,1,0,0
2161,odd,OO,100457,31839798,0,0,1,1
2162,even,EE,46,6,1,1,0,0
2163,odd,OE,100596,317,0,1,0,0
2164,even,EE,46,6,1,1,0,0
2165,odd,OE,100736,317,0,1,0,0
2166,even,EE,46,6,1,1,0,0
2167,odd,OE,100876,317,0,1,0,0
2168,even,EE,46,6,1,1,0,0
2169,odd,OO,101015,32105453,0,0,1,1
2170,even,EE,46,6,1,1,0,0
2171,odd,OO,101155,32172220,0,0,1,1
2172,even,EE,46,6,1,1,0,0
2173,odd,OO,101295,32239033,0,0,1,1
2174,even,EE,46,6,1,1,0,0
2175,odd,OO,101435,32305892,0,0,1,1
2176,even,EE,46,6,1,1,0,0
2177,odd,OO,101575,32372798,0,0,1,1
2178,even,EE,46,6,1,1,0,0
2179,odd,OO,101715,32439750,0,0,1,1
2180,even,EE,46,6,1,1,0,0
2181,odd,OO,101855,32506748,0,0,1,1
2182,even,EE,46,6,1,1,0,0
2183,odd,OO,101995,32573792,0,0,1,1
2184,even,EE,46,6,1,1,0,0
2185,odd,OO,102135,32640882,0,0,1,1
2186,even,EE,46,6,1,1,0,0
2187,odd,OO,102275,32708018,0,0,1,1
2188,even,EE,46,6,1,1,0,0
2189,odd,OE,102416,320,0,1,0,0
2190,even,EE,46,6,1,1,0,0
2191,odd,OE,102556,320,0,1,0,0
2192,even,EE,46,6,1,1,0,0
2193,odd,OO,102697,32910663,0,0,1,1
2194,even,EE,46,6,1,1,0,0
2195,odd,OO,102837,32977983,0,0,1,1
2196,even,EE,46,6,1,1,0,0
2197,odd,OE,102978,320,0,1,0,0
2198,even,EE,46,6,1,1,0,0
2199,odd,OE,103118,321,0,1,0,0
2200,even,EE,46,6,1,1,0,0
2201,odd,OO,103259,33181183,0,0,1,1
2202,even,EE,46,6,1,1,0,0
2203,odd,OE,103400,321,0,1,0,0
2204,even,EE,46,6,1,1,0,0
2205,odd,OO,103541,33317202,0,0,1,1
2206,even,EE,46,6,1,1,0,0
2207,odd,OE,103682,321,0,1,0,0
2208,even,EE,46,6,1,1,0,0
2209,odd,OO,103823,33453407,0,0,1,1
2210,even,EO,47,322,1,1,0,0
2211,odd,OE,103964,322,0,1,0,0
2212,even,EO,47,322,1,1,0,0
2213,odd,OO,104105,33589797,0,0,1,1
2214,even,EO,47,322,1,1,0,0
2215,odd,OE,104246,322,0,1,0,0
2216,even,EO,47,322,1,1,0,0
2217,odd,OO,104387,33726371,0,0,1,1
2218,even,EO,47,322,1,1,0,0
2219,odd,OE,104528,323,0,1,0,0
2220,even,EO,47,322,1,1,0,0
2221,odd,OE,104670,323,0,1,0,0
2222,even,EO,47,322,1,1,0,0
2223,odd,OO,104811,33932065,0,0,1,1
2224,even,EO,47,322,1,1,0,0
2225,odd,OO,104953,34001046,0,0,1,1
2226,even,EO,47,322,1,1,0,0
2227,odd,OE,105094,324,0,1,0,0
2228,even,EO,47,322,1,1,0,0
2229,odd,OE,105236,324,0,1,0,0
2230,even,EO,47,322,1,1,0,0
2231,odd,OO,105377,34207295,0,0,1,1
2232,even,EO,47,322,1,1,0,0
2233,odd,OO,105519,34276462,0,0,1,1
2234,even,EO,47,322,1,1,0,0
2235,odd,OO,105661,34345676,0,0,1,1
2236,even,EO,47,322,1,1,0,0
2237,odd,OO,105803,34414936,0,0,1,1
2238,even,EO,47,322,1,1,0,0
2239,odd,OO,105945,34484243,0,0,1,1
2240,even,EO,47,322,1,1,0,0
2241,odd,OO,106087,34553596,0,0,1,1
2242,even,EO,47,322,1,1,0,0
2243,odd,OO,106229,34622995,0,0,1,1
2244,even,EO,47,322,1,1,0,0
2245,odd,OO,106371,34692441,0,0,1,1
2246,even,EO,47,322,1,1,0,0
2247,odd,OO,106513,34761933,0,0,1,1
2248,even,EO,47,322,1,1,0,0
2249,odd,OO,106655,34831472,0,0,1,1
2250,even,EO,47,322,1,1,0,0
2251,odd,OE,106798,326,0,1,0,0
2252,even,EO,47,322,1,1,0,0
2253,odd,OE,106940,327,0,1,0,0
2254,even,EO,47,322,1,1,0,0
2255,odd,OE,107082,327,0,1,0,0
2256,even,EO,47,322,1,1,0,0
2257,odd,OO,107225,35111071,0,0,1,1
2258,even,EO,47,322,1,1,0,0
2259,odd,OO,107367,35180841,0,0,1,1
2260,even,EO,47,322,1,1,0,0
2261,odd,OE,107510,327,0,1,0,0
2262,even,EO,47,322,1,1,0,0
2263,odd,OO,107653,35321505,0,0,1,1
2264,even,EO,47,322,1,1,0,0
2265,odd,OO,107795,35391414,0,0,1,1
2266,even,EO,47,322,1,1,0,0
2267,odd,OE,107938,328,0,1,0,0
2268,even,EO,47,322,1,1,0,0
2269,odd,OO,108081,35532358,0,0,1,1
2270,even,EO,47,322,1,1,0,0
2271,odd,OE,108224,328,0,1,0,0
2272,even,EO,47,322,1,1,0,0
2273,odd,OO,108367,35673488,0,0,1,1
2274,even,EO,47,322,1,1,0,0
2275,odd,OE,108510,329,0,1,0,0
2276,even,EO,47,322,1,1,0,0
2277,odd,OO,108653,35814804,0,0,1,1
2278,even,EO,47,322,1,1,0,0
2279,odd,OE,108796,329,0,1,0,0
2280,even,EO,47,322,1,1,0,0
2281,odd,OE,108940,330,0,1,0,0
2282,even,EO,47,322,1,1,0,0
2283,odd,OO,109083,36027623,0,0,1,1
2284,even,EO,47,322,1,1,0,0
2285,odd,OE,109226,330,0,1,0,0
2286,even,EO,47,322,1,1,0,0
2287,odd,OE,109370,330,0,1,0,0
2288,even,EO,47,322,1,1,0,0
2289,odd,OO,109513,36240861,0,0,1,1
2290,even,EO,47,322,1,1,0,0
2291,odd,OO,109657,36312365,0,0,1,1
2292,even,EO,47,322,1,1,0,0
2293,odd,OE,109800,331,0,1,0,0
2294,even,EO,47,322,1,1,0,0
2295,odd,OE,109944,331,0,1,0,0
2296,even,EO,47,322,1,1,0,0
2297,odd,OE,110088,331,0,1,0,0
2298,even,EO,47,322,1,1,0,0
2299,odd,OE,110232,332,0,1,0,0
2300,even,EO,47,322,1,1,0,0
2301,odd,OE,110376,332,0,1,0,0
2302,even,EO,47,322,1,1,0,0
2303,odd,OE,110520,332,0,1,0,0
2304,even,EE,48,6,1,1,0,0
2305,odd,OE,110664,332,0,1,0,0
2306,even,EE,48,6,1,1,0,0
2307,odd,OE,110808,332,0,1,0,0
2308,even,EE,48,6,1,1,0,0
2309,odd,OE,110952,333,0,1,0,0
2310,even,EE,48,6,1,1,0,0
2311,odd,OE,111096,333,0,1,0,0
2312,even,EE,48,6,1,1,0,0
2313,odd,OE,111240,333,0,1,0,0
2314,even,EE,48,6,1,1,0,0
2315,odd,OE,111384,333,0,1,0,0
2316,even,EE,48,6,1,1,0,0
2317,odd,OO,111529,37246177,0,0,1,1
2318,even,EE,48,6,1,1,0,0
2319,odd,OO,111673,37318336,0,0,1,1
2320,even,EE,48,6,1,1,0,0
2321,odd,OE,111818,334,0,1,0,0
2322,even,EE,48,6,1,1,0,0
2323,odd,OE,111962,334,0,1,0,0
2324,even,EE,48,6,1,1,0,0
2325,odd,OO,112107,37536095,0,0,1,1
2326,even,EE,48,6,1,1,0,0
2327,odd,OE,112252,335,0,1,0,0
2328,even,EE,48,6,1,1,0,0
2329,odd,OE,112396,335,0,1,0,0
2330,even,EE,48,6,1,1,0,0
2331,odd,OO,112541,37754276,0,0,1,1
2332,even,EE,48,6,1,1,0,0
2333,odd,OE,112686,335,0,1,0,0
2334,even,EE,48,6,1,1,0,0
2335,odd,OO,112831,37900300,0,0,1,1
2336,even,EE,48,6,1,1,0,0
2337,odd,OE,112976,336,0,1,0,0
2338,even,EE,48,6,1,1,0,0
2339,odd,OO,113121,38046512,0,0,1,1
2340,even,EE,48,6,1,1,0,0
2341,odd,OE,113266,336,0,1,0,0
2342,even,EE,48,6,1,1,0,0
2343,odd,OO,113411,38192911,0,0,1,1
2344,even,EE,48,6,1,1,0,0
2345,odd,OO,113557,38266687,0,0,1,1
2346,even,EE,48,6,1,1,0,0
2347,odd,OE,113702,337,0,1,0,0
2348,even,EE,48,6,1,1,0,0
2349,odd,OO,113847,38413367,0,0,1,1
2350,even,EE,48,6,1,1,0,0
2351,odd,OO,113993,38487284,0,0,1,1
2352,even,EE,48,6,1,1,0,0
2353,odd,OE,114138,337,0,1,0,0
2354,even,EE,48,6,1,1,0,0
2355,odd,OE,114284,338,0,1,0,0
2356,even,EE,48,6,1,1,0,0
2357,odd,OO,114429,38708304,0,0,1,1
2358,even,EE,48,6,1,1,0,0
2359,odd,OO,114575,38782410,0,0,1,1
2360,even,EE,48,6,1,1,0,0
2361,odd,OO,114721,38856563,0,0,1,1
2362,even,EE,48,6,1,1,0,0
2363,odd,OO,114867,38930763,0,0,1,1
2364,even,EE,48,6,1,1,0,0
2365,odd,OE,115012,339,0,1,0,0
2366,even,EE,48,6,1,1,0,0
2367,odd,OE,115158,339,0,1,0,0
2368,even,EE,48,6,1,1,0,0
2369,odd,OE,115304,339,0,1,0,0
2370,even,EE,48,6,1,1,0,0
2371,odd,OE,115450,339,0,1,0,0
2372,even,EE,48,6,1,1,0,0
2373,odd,OO,115597,39302470,0,0,1,1
2374,even,EE,48,6,1,1,0,0
2375,odd,OO,115743,39376952,0,0,1,1
2376,even,EE,48,6,1,1,0,0
2377,odd,OO,115889,39451482,0,0,1,1
2378,even,EE,48,6,1,1,0,0
2379,odd,OO,116035,39526058,0,0,1,1
2380,even,EE,48,6,1,1,0,0
2381,odd,OE,116182,340,0,1,0,0
2382,even,EE,48,6,1,1,0,0
2383,odd,OE,116328,341,0,1,0,0
2384,even,EE,48,6,1,1,0,0
2385,odd,OE,116474,341,0,1,0,0
2386,even,EE,48,6,1,1,0,0
2387,odd,OO,116621,39825858,0,0,1,1
2388,even,EE,48,6,1,1,0,0
2389,odd,OE,116768,341,0,1,0,0
2390,even,EE,48,6,1,1,0,0
2391,odd,OE,116914,341,0,1,0,0
2392,even,EE,48,6,1,1,0,0
2393,odd,OO,117061,40051459,0,0,1,1
2394,even,EE,48,6,1,1,0,0
2395,odd,OE,117208,342,0,1,0,0
2396,even,EE,48,6,1,1,0,0
2397,odd,OO,117355,40202438,0,0,1,1
2398,even,EE,48,6,1,1,0,0
2399,odd,OE,117502,342,0,1,0,0
2400,even,EE,48,6,1,1,0,0
2401,odd,OO,117649,40353607,0,0,1,1
2402,even,EO,49,343,1,1,0,0
2403,odd,OE,117796,343,0,1,0,0
2404,even,EO,49,343,1,1,0,0
2405,odd,OO,117943,40504964,0,0,1,1
2406,even,EO,49,343,1,1,0,0
2407,odd,OE,118090,343,0,1,0,0
2408,even,EO,49,343,1,1,0,0
2409,odd,OO,118237,40656510,0,0,1,1
2410,even,EO,49,343,1,1,0,0
2411,odd,OE,118384,344,0,1,0,0
2412,even,EO,49,343,1,1,0,0
2413,odd,OE,118532,344,0,1,0,0
2414,even,EO,49,343,1,1,0,0
2415,odd,OO,118679,40884700,0,0,1,1
2416,even,EO,49,343,1,1,0,0
2417,odd,OE,118826,344,0,1,0,0
2418,even,EO,49,343,1,1,0,0
2419,odd,OE,118974,344,0,1,0,0
2420,even,EO,49,343,1,1,0,0
2421,odd,OE,119122,345,0,1,0,0
2422,even,EO,49,343,1,1,0,0
2423,odd,OO,119269,41189959,0,0,1,1
2424,even,EO,49,343,1,1,0,0
2425,odd,OO,119417,41266651,0,0,1,1
2426,even,EO,49,343,1,1,0,0
2427,odd,OO,119565,41343391,0,0,1,1
2428,even,EO,49,343,1,1,0,0
2429,odd,OE,119712,345,0,1,0,0
2430,even,EO,49,343,1,1,0,0
2431,odd,OE,119860,346,0,1,0,0
2432,even,EO,49,343,1,1,0,0
2433,odd,OE,120008,346,0,1,0,0
2434,even,EO,49,343,1,1,0,0
2435,odd,OE,120156,346,0,1,0,0
2436,even,EO,49,343,1,1,0,0
2437,odd,OE,120304,346,0,1,0,0
2438,even,EO,49,343,1,1,0,0
2439,odd,OO,120453,41804827,0,0,1,1
2440,even,EO,49,343,1,1,0,0
2441,odd,OO,120601,41881898,0,0,1,1
2442,even,EO,49,343,1,1,0,0
2443,odd,OO,120749,41959017,0,0,1,1
2444,even,EO,49,343,1,1,0,0
2445,odd,OO,120897,42036184,0,0,1,1
2446,even,EO,49,343,1,1,0,0
2447,odd,OE,121046,347,0,1,0,0
2448,even,EO,49,343,1,1,0,0
2449,odd,OE,121194,348,0,1,0,0
2450,even,EO,49,343,1,1,0,0
2451,odd,OO,121343,42269011,0,0,1,1
2452,even,EO,49,343,1,1,0,0
2453,odd,OO,121491,42346367,0,0,1,1
2454,even,EO,49,343,1,1,0,0
2455,odd,OE,121640,348,0,1,0,0
2456,even,EO,49,343,1,1,0,0
2457,odd,OE,121788,348,0,1,0,0
2458,even,EO,49,343,1,1,0,0
2459,odd,OO,121937,42579764,0,0,1,1
2460,even,EO,49,343,1,1,0,0
2461,odd,OE,122086,349,0,1,0,0
2462,even,EO,49,343,1,1,0,0
2463,odd,OO,122235,42735950,0,0,1,1
2464,even,EO,49,343,1,1,0,0
2465,odd,OE,122384,349,0,1,0,0
2466,even,EO,49,343,1,1,0,0
2467,odd,OO,122533,42892326,0,0,1,1
2468,even,EO,49,343,1,1,0,0
2469,odd,OE,122682,350,0,1,0,0
2470,even,EO,49,343,1,1,0,0
2471,odd,OO,122831,43048892,0,0,1,1
2472,even,EO,49,343,1,1,0,0
2473,odd,OE,122980,350,0,1,0,0
2474,even,EO,49,343,1,1,0,0
2475,odd,OO,123129,43205648,0,0,1,1
2476,even,EO,49,343,1,1,0,0
2477,odd,OE,123278,351,0,1,0,0
2478,even,EO,49,343,1,1,0,0
2479,odd,OE,123428,351,0,1,0,0
2480,even,EO,49,343,1,1,0,0
2481,odd,OO,123577,43441665,0,0,1,1
2482,even,EO,49,343,1,1,0,0
2483,odd,OO,123727,43520785,0,0,1,1
2484,even,EO,49,343,1,1,0,0
2485,odd,OE,123876,351,0,1,0,0
2486,even,EO,49,343,1,1,0,0
2487,odd,OE,124026,352,0,1,0,0
2488,even,EO,49,343,1,1,0,0
2489,odd,OO,124175,43757374,0,0,1,1
2490,even,EO,49,343,1,1,0,0
2491,odd,OO,124325,43836684,0,0,1,1
2492,even,EO,49,343,1,1,0,0
2493,odd,OO,124475,43916043,0,0,1,1
2494,even,EO,49,343,1,1,0,0
2495,odd,OO,124625,43995449,0,0,1,1
2496,even,EO,49,343,1,1,0,0
2497,odd,OO,124775,44074903,0,0,1,1
2498,even,EO,49,343,1,1,0,0
2499,odd,OO,124925,44154405,0,0,1,1
2500,even,EE,50,7,1,1,0,0
2501,odd,OO,125075,44233954,0,0,1,1
2502,even,EE,50,7,1,1,0,0
2503,odd,OO,125225,44313551,0,0,1,1
2504,even,EE,50,7,1,1,0,0
2505,odd,OO,125375,44393196,0,0,1,1
2506,even,EE,50,7,1,1,0,0
2507,odd,OO,125525,44472889,0,0,1,1
2508,even,EE,50,7,1,1,0,0
2509,odd,OO,125675,44552629,0,0,1,1
2510,even,EE,50,7,1,1,0,0
2511,odd,OO,125825,44632417,0,0,1,1
2512,even,EE,50,7,1,1,0,0
2513,odd,OE,125976,354,0,1,0,0
2514,even,EE,50,7,1,1,0,0
2515,odd,OE,126126,355,0,1,0,0
2516,even,EE,50,7,1,1,0,0
2517,odd,OO,126277,44873132,0,0,1,1
2518,even,EE,50,7,1,1,0,0
2519,odd,OO,126427,44953110,0,0,1,1
2520,even,EE,50,7,1,1,0,0
2521,odd,OE,126578,355,0,1,0,0
2522,even,EE,50,7,1,1,0,0
2523,odd,OE,126728,355,0,1,0,0
2524,even,EE,50,7,1,1,0,0
2525,odd,OO,126879,45194399,0,0,1,1
2526,even,EE,50,7,1,1,0,0
2527,odd,OE,127030,356,0,1,0,0
2528,even,EE,50,7,1,1,0,0
2529,odd,OO,127181,45355854,0,0,1,1
2530,even,EE,50,7,1,1,0,0
2531,odd,OE,127332,356,0,1,0,0
2532,even,EE,50,7,1,1,0,0
2533,odd,OO,127483,45517501,0,0,1,1
2534,even,EE,50,7,1,1,0,0
2535,odd,OE,127634,357,0,1,0,0
2536,even,EE,50,7,1,1,0,0
2537,odd,OO,127785,45679339,0,0,1,1
2538,even,EE,50,7,1,1,0,0
2539,odd,OE,127936,357,0,1,0,0
2540,even,EE,50,7,1,1,0,0
2541,odd,OO,128087,45841369,0,0,1,1
2542,even,EE,50,7,1,1,0,0
2543,odd,OE,128238,358,0,1,0,0
2544,even,EE,50,7,1,1,0,0
2545,odd,OE,128390,358,0,1,0,0
2546,even,EE,50,7,1,1,0,0
2547,odd,OO,128541,46085309,0,0,1,1
2548,even,EE,50,7,1,1,0,0
2549,odd,OE,128692,358,0,1,0,0
2550,even,EE,50,7,1,1,0,0
2551,odd,OE,128844,358,0,1,0,0
2552,even,EE,50,7,1,1,0,0
2553,odd,OO,128995,46329681,0,0,1,1
2554,even,EE,50,7,1,1,0,0
2555,odd,OO,129147,46411593,0,0,1,1
2556,even,EE,50,7,1,1,0,0
2557,odd,OO,129299,46493554,0,0,1,1
2558,even,EE,50,7,1,1,0,0
2559,odd,OO,129451,46575563,0,0,1,1
2560,even,EE,50,7,1,1,0,0
2561,odd,OE,129602,360,0,1,0,0
2562,even,EE,50,7,1,1,0,0
2563,odd,OE,129754,360,0,1,0,0
2564,even,EE,50,7,1,1,0,0
2565,odd,OE,129906,360,0,1,0,0
2566,even,EE,50,7,1,1,0,0
2567,odd,OE,130058,360,0,1,0,0
2568,even,EE,50,7,1,1,0,0
2569,odd,OE,130210,360,0,1,0,0
2570,even,EE,50,7,1,1,0,0
2571,odd,OE,130362,361,0,1,0,0
2572,even,EE,50,7,1,1,0,0
2573,odd,OE,130514,361,0,1,0,0
2574,even,EE,50,7,1,1,0,0
2575,odd,OE,130666,361,0,1,0,0
2576,even,EE,50,7,1,1,0,0
2577,odd,OO,130819,47315805,0,0,1,1
2578,even,EE,50,7,1,1,0,0
2579,odd,OO,130971,47398294,0,0,1,1
2580,even,EE,50,7,1,1,0,0
2581,odd,OO,131123,47480831,0,0,1,1
2582,even,EE,50,7,1,1,0,0
2583,odd,OE,131276,362,0,1,0,0
2584,even,EE,50,7,1,1,0,0
2585,odd,OE,131428,362,0,1,0,0
2586,even,EE,50,7,1,1,0,0
2587,odd,OO,131581,47729817,0,0,1,1
2588,even,EE,50,7,1,1,0,0
2589,odd,OE,131734,362,0,1,0,0
2590,even,EE,50,7,1,1,0,0
2591,odd,OE,131886,363,0,1,0,0
2592,even,EE,50,7,1,1,0,0
2593,odd,OO,132039,47979237,0,0,1,1
2594,even,EE,50,7,1,1,0,0
2595,odd,OE,132192,363,0,1,0,0
2596,even,EE,50,7,1,1,0,0
2597,odd,OO,132345,48146121,0,0,1,1
2598,even,EE,50,7,1,1,0,0
2599,odd,OE,132498,364,0,1,0,0
2600,even,EE,50,7,1,1,0,0
2601,odd,OO,132651,48313198,0,0,1,1
2602,even,EO,51,364,1,1,0,0
2603,odd,OE,132804,364,0,1,0,0
2604,even,EO,51,364,1,1,0,0
2605,odd,OO,132957,48480468,0,0,1,1
2606,even,EO,51,364,1,1,0,0
2607,odd,OE,133110,364,0,1,0,0
2608,even,EO,51,364,1,1,0,0
2609,odd,OO,133263,48647931,0,0,1,1
2610,even,EO,51,364,1,1,0,0
2611,odd,OE,133416,365,0,1,0,0
2612,even,EO,51,364,1,1,0,0
2613,odd,OE,133570,365,0,1,0,0
2614,even,EO,51,364,1,1,0,0
2615,odd,OO,133723,48900034,0,0,1,1
2616,even,EO,51,364,1,1,0,0
2617,odd,OE,133876,365,0,1,0,0
2618,even,EO,51,364,1,1,0,0
2619,odd,OE,134030,366,0,1,0,0
2620,even,EO,51,364,1,1,0,0
2621,odd,OO,134183,49152571,0,0,1,1
2622,even,EO,51,364,1,1,0,0
2623,odd,OO,134337,49237213,0,0,1,1
2624,even,EO,51,364,1,1,0,0
2625,odd,OO,134491,49321904,0,0,1,1
2626,even,EO,51,364,1,1,0,0
2627,odd,OE,134644,366,0,1,0,0
2628,even,EO,51,364,1,1,0,0
2629,odd,OE,134798,367,0,1,0,0
2630,even,EO,51,364,1,1,0,0
2631,odd,OE,134952,367,0,1,0,0
2632,even,EO,51,364,1,1,0,0
2633,odd,OE,135106,367,0,1,0,0
2634,even,EO,51,364,1,1,0,0
2635,odd,OE,135260,367,0,1,0,0
2636,even,EO,51,364,1,1,0,0
2637,odd,OE,135414,367,0,1,0,0
2638,even,EO,51,364,1,1,0,0
2639,odd,OE,135568,368,0,1,0,0
2640,even,EO,51,364,1,1,0,0
2641,odd,OE,135722,368,0,1,0,0
2642,even,EO,51,364,1,1,0,0
2643,odd,OE,135876,368,0,1,0,0
2644,even,EO,51,364,1,1,0,0
2645,odd,OO,136031,50171471,0,0,1,1
2646,even,EO,51,364,1,1,0,0
2647,odd,OO,136185,50256693,0,0,1,1
2648,even,EO,51,364,1,1,0,0
2649,odd,OO,136339,50341964,0,0,1,1
2650,even,EO,51,364,1,1,0,0
2651,odd,OE,136494,369,0,1,0,0
2652,even,EO,51,364,1,1,0,0
2653,odd,OE,136648,369,0,1,0,0
2654,even,EO,51,364,1,1,0,0
2655,odd,OO,136803,50599174,0,0,1,1
2656,even,EO,51,364,1,1,0,0
2657,odd,OO,136957,50684638,0,0,1,1
2658,even,EO,51,364,1,1,0,0
2659,odd,OE,137112,370,0,1,0,0
2660,even,EO,51,364,1,1,0,0
2661,odd,OO,137267,50856821,0,0,1,1
2662,even,EO,51,364,1,1,0,0
2663,odd,OE,137422,370,0,1,0,0
2664,even,EO,51,364,1,1,0,0
2665,odd,OE,137576,370,0,1,0,0
2666,even,EO,51,364,1,1,0,0
2667,odd,OO,137731,51114904,0,0,1,1
2668,even,EO,51,364,1,1,0,0
2669,odd,OE,137886,371,0,1,0,0
2670,even,EO,51,364,1,1,0,0
2671,odd,OO,138041,51287572,0,0,1,1
2672,even,EO,51,364,1,1,0,0
2673,odd,OE,138196,371,0,1,0,0
2674,even,EO,51,364,1,1,0,0
2675,odd,OE,138352,371,0,1,0,0
2676,even,EO,51,364,1,1,0,0
2677,odd,OO,138507,51547497,0,0,1,1
2678,even,EO,51,364,1,1,0,0
2679,odd,OE,138662,372,0,1,0,0
2680,even,EO,51,364,1,1,0,0
2681,odd,OO,138817,51720650,0,0,1,1
2682,even,EO,51,364,1,1,0,0
2683,odd,OO,138973,51807859,0,0,1,1
2684,even,EO,51,364,1,1,0,0
2685,odd,OE,139128,372,0,1,0,0
2686,even,EO,51,364,1,1,0,0
2687,odd,OE,139284,373,0,1,0,0
2688,even,EO,51,364,1,1,0,0
2689,odd,OO,139439,52068658,0,0,1,1
2690,even,EO,51,364,1,1,0,0
2691,odd,OO,139595,52156062,0,0,1,1
2692,even,EO,51,364,1,1,0,0
2693,odd,OE,139750,373,0,1,0,0
2694,even,EO,51,364,1,1,0,0
2695,odd,OE,139906,374,0,1,0,0
2696,even,EO,51,364,1,1,0,0
2697,odd,OE,140062,374,0,1,0,0
2698,even,EO,51,364,1,1,0,0
2699,odd,OE,140218,374,0,1,0,0
2700,even,EO,51,364,1,1,0,0
2701,odd,OE,140374,374,0,1,0,0
2702,even,EO,51,364,1,1,0,0
2703,odd,OE,140530,374,0,1,0,0
2704,even,EE,52,7,1,1,0,0
2705,odd,OE,140686,375,0,1,0,0
2706,even,EE,52,7,1,1,0,0
2707,odd,OE,140842,375,0,1,0,0
2708,even,EE,52,7,1,1,0,0
2709,odd,OE,140998,375,0,1,0,0
2710,even,EE,52,7,1,1,0,0
2711,odd,OE,141154,375,0,1,0,0
2712,even,EE,52,7,1,1,0,0
2713,odd,OE,141310,375,0,1,0,0
2714,even,EE,52,7,1,1,0,0
2715,odd,OE,141466,376,0,1,0,0
2716,even,EE,52,7,1,1,0,0
2717,odd,OO,141623,53296744,0,0,1,1
2718,even,EE,52,7,1,1,0,0
2719,odd,OO,141779,53384829,0,0,1,1
2720,even,EE,52,7,1,1,0,0
2721,odd,OE,141936,376,0,1,0,0
2722,even,EE,52,7,1,1,0,0
2723,odd,OE,142092,376,0,1,0,0
2724,even,EE,52,7,1,1,0,0
2725,odd,OO,142249,53650507,0,0,1,1
2726,even,EE,52,7,1,1,0,0
2727,odd,OO,142405,53738786,0,0,1,1
2728,even,EE,52,7,1,1,0,0
2729,odd,OE,142562,377,0,1,0,0
2730,even,EE,52,7,1,1,0,0
2731,odd,OO,142719,53916624,0,0,1,1
2732,even,EE,52,7,1,1,0,0
2733,odd,OE,142876,377,0,1,0,0
2734,even,EE,52,7,1,1,0,0
2735,odd,OE,143032,378,0,1,0,0
2736,even,EE,52,7,1,1,0,0
2737,odd,OO,143189,54183179,0,0,1,1
2738,even,EE,52,7,1,1,0,0
2739,odd,OE,143346,378,0,1,0,0
2740,even,EE,52,7,1,1,0,0
2741,odd,OO,143503,54361504,0,0,1,1
2742,even,EE,52,7,1,1,0,0
2743,odd,OE,143660,379,0,1,0,0
2744,even,EE,52,7,1,1,0,0
2745,odd,OE,143818,379,0,1,0,0
2746,even,EE,52,7,1,1,0,0
2747,odd,OO,143975,54629928,0,0,1,1
2748,even,EE,52,7,1,1,0,0
2749,odd,OE,144132,379,0,1,0,0
2750,even,EE,52,7,1,1,0,0
2751,odd,OO,144289,54808742,0,0,1,1
2752,even,EE,52,7,1,1,0,0
2753,odd,OO,144447,54898792,0,0,1,1
2754,even,EE,52,7,1,1,0,0
2755,odd,OE,144604,380,0,1,0,0
2756,even,EE,52,7,1,1,0,0
2757,odd,OE,144762,380,0,1,0,0
2758,even,EE,52,7,1,1,0,0
2759,odd,OO,144919,55168095,0,0,1,1
2760,even,EE,52,7,1,1,0,0
2761,odd,OO,145077,55258341,0,0,1,1
2762,even,EE,52,7,1,1,0,0
2763,odd,OO,145235,55348637,0,0,1,1
2764,even,EE,52,7,1,1,0,0
2765,odd,OE,145392,381,0,1,0,0
2766,even,EE,52,7,1,1,0,0
2767,odd,OE,145550,381,0,1,0,0
2768,even,EE,52,7,1,1,0,0
2769,odd,OE,145708,381,0,1,0,0
2770,even,EE,52,7,1,1,0,0
2771,odd,OE,145866,381,0,1,0,0
2772,even,EE,52,7,1,1,0,0
2773,odd,OE,146024,382,0,1,0,0
2774,even,EE,52,7,1,1,0,0
2775,odd,OE,146182,382,0,1,0,0
2776,even,EE,52,7,1,1,0,0
2777,odd,OE,146340,382,0,1,0,0
2778,even,EE,52,7,1,1,0,0
2779,odd,OE,146498,382,0,1,0,0
2780,even,EE,52,7,1,1,0,0
2781,odd,OE,146656,382,0,1,0,0
2782,even,EE,52,7,1,1,0,0
2783,odd,OE,146814,383,0,1,0,0
2784,even,EE,52,7,1,1,0,0
2785,odd,OO,146973,56345123,0,0,1,1
2786,even,EE,52,7,1,1,0,0
2787,odd,OO,147131,56436007,0,0,1,1
2788,even,EE,52,7,1,1,0,0
2789,odd,OO,147289,56526939,0,0,1,1
2790,even,EE,52,7,1,1,0,0
2791,odd,OE,147448,383,0,1,0,0
2792,even,EE,52,7,1,1,0,0
2793,odd,OE,147606,384,0,1,0,0
2794,even,EE,52,7,1,1,0,0
2795,odd,OO,147765,56801181,0,0,1,1
2796,even,EE,52,7,1,1,0,0
2797,odd,OE,147924,384,0,1,0,0
2798,even,EE,52,7,1,1,0,0
2799,odd,OE,148082,384,0,1,0,0
2800,even,EE,52,7,1,1,0,0
2801,odd,OO,148241,57075865,0,0,1,1
2802,even,EE,52,7,1,1,0,0
2803,odd,OE,148400,385,0,1,0,0
2804,even,EE,52,7,1,1,0,0
2805,odd,OO,148559,57259618,0,0,1,1
2806,even,EE,52,7,1,1,0,0
2807,odd,OE,148718,385,0,1,0,0
2808,even,EE,52,7,1,1,0,0
2809,odd,OO,148877,57443568,0,0,1,1
2810,even,EO,53,385,1,1,0,0
2811,odd,OE,149036,386,0,1,0,0
2812,even,EO,53,385,1,1,0,0
2813,odd,OO,149195,57627715,0,0,1,1
2814,even,EO,53,385,1,1,0,0
2815,odd,OE,149354,386,0,1,0,0
2816,even,EO,53,385,1,1,0,0
2817,odd,OO,149513,57812058,0,0,1,1
2818,even,EO,53,385,1,1,0,0
2819,odd,OE,149672,386,0,1,0,0
2820,even,EO,53,385,1,1,0,0
2821,odd,OE,149832,387,0,1,0,0
2822,even,EO,53,385,1,1,0,0
2823,odd,OO,149991,58089521,0,0,1,1
2824,even,EO,53,385,1,1,0,0
2825,odd,OE,150150,387,0,1,0,0
2826,even,EO,53,385,1,1,0,0
2827,odd,OE,150310,387,0,1,0,0
2828,even,EO,53,385,1,1,0,0
2829,odd,OO,150469,58367427,0,0,1,1
2830,even,EO,53,385,1,1,0,0
2831,odd,OO,150629,58460548,0,0,1,1
2832,even,EO,53,385,1,1,0,0
2833,odd,OO,150789,58553719,0,0,1,1
2834,even,EO,53,385,1,1,0,0
2835,odd,OE,150948,388,0,1,0,0
2836,even,EO,53,385,1,1,0,0
2837,odd,OE,151108,388,0,1,0,0
2838,even,EO,53,385,1,1,0,0
2839,odd,OE,151268,388,0,1,0,0
2840,even,EO,53,385,1,1,0,0
2841,odd,OE,151428,389,0,1,0,0
2842,even,EO,53,385,1,1,0,0
2843,odd,OE,151588,389,0,1,0,0
2844,even,EO,53,385,1,1,0,0
2845,odd,OE,151748,389,0,1,0,0
2846,even,EO,53,385,1,1,0,0
2847,odd,OE,151908,389,0,1,0,0
2848,even,EO,53,385,1,1,0,0
2849,odd,OE,152068,389,0,1,0,0
2850,even,EO,53,385,1,1,0,0
2851,odd,OE,152228,390,0,1,0,0
2852,even,EO,53,385,1,1,0,0
2853,odd,OE,152388,390,0,1,0,0
2854,even,EO,53,385,1,1,0,0
2855,odd,OE,152548,390,0,1,0,0
2856,even,EO,53,385,1,1,0,0
2857,odd,OO,152709,59675621,0,0,1,1
2858,even,EO,53,385,1,1,0,0
2859,odd,OO,152869,59769433,0,0,1,1
2860,even,EO,53,385,1,1,0,0
2861,odd,OE,153030,391,0,1,0,0
2862,even,EO,53,385,1,1,0,0
2863,odd,OE,153190,391,0,1,0,0
2864,even,EO,53,385,1,1,0,0
2865,odd,OO,153351,60052337,0,0,1,1
2866,even,EO,53,385,1,1,0,0
2867,odd,OO,153511,60146346,0,0,1,1
2868,even,EO,53,385,1,1,0,0
2869,odd,OE,153672,392,0,1,0,0
2870,even,EO,53,385,1,1,0,0
2871,odd,OO,153833,60335687,0,0,1,1
2872,even,EO,53,385,1,1,0,0
2873,odd,OO,153993,60429843,0,0,1,1
2874,even,EO,53,385,1,1,0,0
2875,odd,OE,154154,392,0,1,0,0
2876,even,EO,53,385,1,1,0,0
2877,odd,OO,154315,60619481,0,0,1,1
2878,even,EO,53,385,1,1,0,0
2879,odd,OE,154476,393,0,1,0,0
2880,even,EO,53,385,1,1,0,0
2881,odd,OO,154637,60809316,0,0,1,1
2882,even,EO,53,385,1,1,0,0
2883,odd,OE,154798,393,0,1,0,0
2884,even,EO,53,385,1,1,0,0
2885,odd,OO,154959,60999350,0,0,1,1
2886,even,EO,53,385,1,1,0,0
2887,odd,OE,155120,393,0,1,0,0
2888,even,EO,53,385,1,1,0,0
2889,odd,OE,155282,394,0,1,0,0
2890,even,EO,53,385,1,1,0,0
2891,odd,OO,155443,61285361,0,0,1,1
2892,even,EO,53,385,1,1,0,0
2893,odd,OE,155604,394,0,1,0,0
2894,even,EO,53,385,1,1,0,0
2895,odd,OE,155766,394,0,1,0,0
2896,even,EO,53,385,1,1,0,0
2897,odd,OO,155927,61571819,0,0,1,1
2898,even,EO,53,385,1,1,0,0
2899,odd,OO,156089,61667798,0,0,1,1
2900,even,EO,53,385,1,1,0,0
2901,odd,OE,156250,395,0,1,0,0
2902,even,EO,53,385,1,1,0,0
2903,odd,OE,156412,395,0,1,0,0
2904,even,EO,53,385,1,1,0,0
2905,odd,OO,156573,61954849,0,0,1,1
2906,even,EO,53,385,1,1,0,0
2907,odd,OO,156735,62051028,0,0,1,1
2908,even,EO,53,385,1,1,0,0
2909,odd,OO,156897,62147256,0,0,1,1
2910,even,EO,53,385,1,1,0,0
2911,odd,OO,157059,62243533,0,0,1,1
2912,even,EO,53,385,1,1,0,0
2913,odd,OO,157221,62339861,0,0,1,1
2914,even,EO,53,385,1,1,0,0
2915,odd,OO,157383,62436238,0,0,1,1
2916,even,EE,54,7,1,1,0,0
2917,odd,OO,157545,62532664,0,0,1,1
2918,even,EE,54,7,1,1,0,0
2919,odd,OO,157707,62629141,0,0,1,1
2920,even,EE,54,7,1,1,0,0
2921,odd,OO,157869,62725666,0,0,1,1
2922,even,EE,54,7,1,1,0,0
2923,odd,OO,158031,62822242,0,0,1,1
2924,even,EE,54,7,1,1,0,0
2925,odd,OO,158193,62918866,0,0,1,1
2926,even,EE,54,7,1,1,0,0
2927,odd,OO,158355,63015541,0,0,1,1
2928,even,EE,54,7,1,1,0,0
2929,odd,OE,158518,398,0,1,0,0
2930,even,EE,54,7,1,1,0,0
2931,odd,OE,158680,398,0,1,0,0
2932,even,EE,54,7,1,1,0,0
2933,odd,OO,158843,63307056,0,0,1,1
2934,even,EE,54,7,1,1,0,0
2935,odd,OO,159005,63403929,0,0,1,1
2936,even,EE,54,7,1,1,0,0
2937,odd,OE,159168,398,0,1,0,0
2938,even,EE,54,7,1,1,0,0
2939,odd,OE,159330,399,0,1,0,0
2940,even,EE,54,7,1,1,0,0
2941,odd,OO,159493,63696041,0,0,1,1
2942,even,EE,54,7,1,1,0,0
2943,odd,OE,159656,399,0,1,0,0
2944,even,EE,54,7,1,1,0,0
2945,odd,OE,159818,399,0,1,0,0
2946,even,EE,54,7,1,1,0,0
2947,odd,OO,159981,63988600,0,0,1,1
2948,even,EE,54,7,1,1,0,0
2949,odd,OE,160144,400,0,1,0,0
2950,even,EE,54,7,1,1,0,0
2951,odd,OO,160307,64184288,0,0,1,1
2952,even,EE,54,7,1,1,0,0
2953,odd,OE,160470,400,0,1,0,0
2954,even,EE,54,7,1,1,0,0
2955,odd,OO,160633,64380175,0,0,1,1
2956,even,EE,54,7,1,1,0,0
2957,odd,OE,160796,400,0,1,0,0
2958,even,EE,54,7,1,1,0,0
2959,odd,OO,160959,64576261,0,0,1,1
2960,even,EE,54,7,1,1,0,0
2961,odd,OO,161123,64674980,0,0,1,1
2962,even,EE,54,7,1,1,0,0
2963,odd,OE,161286,401,0,1,0,0
2964,even,EE,54,7,1,1,0,0
2965,odd,OO,161449,64871365,0,0,1,1
2966,even,EE,54,7,1,1,0,0
2967,odd,OO,161613,64970235,0,0,1,1
2968,even,EE,54,7,1,1,0,0
2969,odd,OE,161776,402,0,1,0,0
2970,even,EE,54,7,1,1,0,0
2971,odd,OO,161939,65166917,0,0,1,1
2972,even,EE,54,7,1,1,0,0
2973,odd,OO,162103,65265937,0,0,1,1
2974,even,EE,54,7,1,1,0,0
2975,odd,OO,162267,65365006,0,0,1,1
2976,even,EE,54,7,1,1,0,0
2977,odd,OE,162430,403,0,1,0,0
2978,even,EE,54,7,1,1,0,0
2979,odd,OE,162594,403,0,1,0,0
2980,even,EE,54,7,1,1,0,0
2981,odd,OE,162758,403,0,1,0,0
2982,even,EE,54,7,1,1,0,0
2983,odd,OE,162922,403,0,1,0,0
2984,even,EE,54,7,1,1,0,0
2985,odd,OO,163085,65859893,0,0,1,1
2986,even,EE,54,7,1,1,0,0
2987,odd,OO,163249,65959263,0,0,1,1
2988,even,EE,54,7,1,1,0,0
2989,odd,OO,163413,66058682,0,0,1,1
2990,even,EE,54,7,1,1,0,0
2991,odd,OO,163577,66158150,0,0,1,1
2992,even,EE,54,7,1,1,0,0
2993,odd,OO,163741,66257669,0,0,1,1
2994,even,EE,54,7,1,1,0,0
2995,odd,OE,163906,404,0,1,0,0
2996,even,EE,54,7,1,1,0,0
2997,odd,OE,164070,405,0,1,0,0
2998,even,EE,54,7,1,1,0,0
2999,odd,OE,164234,405,0,1,0,0
3000,even,EE,54,7,1,1,0,0
3001,odd,OE,164398,405,0,1,0,0
3002,even,EE,54,7,1,1,0,0
3003,odd,OO,164563,66757227,0,0,1,1
3004,even,EE,54,7,1,1,0,0
3005,odd,OO,164727,66857045,0,0,1,1
3006,even,EE,54,7,1,1,0,0
3007,odd,OE,164892,406,0,1,0,0
3008,even,EE,54,7,1,1,0,0
3009,odd,OE,165056,406,0,1,0,0
3010,even,EE,54,7,1,1,0,0
3011,odd,OO,165221,67158017,0,0,1,1
3012,even,EE,54,7,1,1,0,0
3013,odd,OO,165385,67258035,0,0,1,1
3014,even,EE,54,7,1,1,0,0
3015,odd,OE,165550,406,0,1,0,0
3016,even,EE,54,7,1,1,0,0
3017,odd,OO,165715,67459440,0,0,1,1
3018,even,EE,54,7,1,1,0,0
3019,odd,OE,165880,407,0,1,0,0
3020,even,EE,54,7,1,1,0,0
3021,odd,OO,166045,67661045,0,0,1,1
3022,even,EE,54,7,1,1,0,0
3023,odd,OE,166210,407,0,1,0,0
3024,even,EE,54,7,1,1,0,0
3025,odd,OO,166375,67862851,0,0,1,1
3026,even,EO,55,407,1,1,0,0
3027,odd,OE,166540,408,0,1,0,0
3028,even,EO,55,407,1,1,0,0
3029,odd,OO,166705,68064857,0,0,1,1
3030,even,EO,55,407,1,1,0,0
3031,odd,OE,166870,408,0,1,0,0
3032,even,EO,55,407,1,1,0,0
3033,odd,OO,167035,68267063,0,0,1,1
3034,even,EO,55,407,1,1,0,0
3035,odd,OE,167200,408,0,1,0,0
3036,even,EO,55,407,1,1,0,0
3037,odd,OO,167365,68469469,0,0,1,1
3038,even,EO,55,407,1,1,0,0
3039,odd,OO,167531,68571361,0,0,1,1
3040,even,EO,55,407,1,1,0,0
3041,odd,OE,167696,409,0,1,0,0
3042,even,EO,55,407,1,1,0,0
3043,odd,OE,167862,409,0,1,0,0
3044,even,EO,55,407,1,1,0,0
3045,odd,OO,168027,68876109,0,0,1,1
3046,even,EO,55,407,1,1,0,0
3047,odd,OO,168193,68978202,0,0,1,1
3048,even,EO,55,407,1,1,0,0
3049,odd,OE,168358,410,0,1,0,0
3050,even,EO,55,407,1,1,0,0
3051,odd,OE,168524,410,0,1,0,0
3052,even,EO,55,407,1,1,0,0
3053,odd,OE,168690,410,0,1,0,0
3054,even,EO,55,407,1,1,0,0
3055,odd,OE,168856,410,0,1,0,0
3056,even,EO,55,407,1,1,0,0
3057,odd,OO,169021,69488190,0,0,1,1
3058,even,EO,55,407,1,1,0,0
3059,odd,OO,169187,69590584,0,0,1,1
3060,even,EO,55,407,1,1,0,0
3061,odd,OO,169353,69693029,0,0,1,1
3062,even,EO,55,407,1,1,0,0
3063,odd,OO,169519,69795524,0,0,1,1
3064,even,EO,55,407,1,1,0,0
3065,odd,OO,169685,69898069,0,0,1,1
3066,even,EO,55,407,1,1,0,0
3067,odd,OO,169851,70000664,0,0,1,1
3068,even,EO,55,407,1,1,0,0
3069,odd,OE,170018,412,0,1,0,0
3070,even,EO,55,407,1,1,0,0
3071,odd,OE,170184,412,0,1,0,0
3072,even,EO,55,407,1,1,0,0
3073,odd,OE,170350,412,0,1,0,0
3074,even,EO,55,407,1,1,0,0
3075,odd,OE,170516,412,0,1,0,0
3076,even,EO,55,407,1,1,0,0
3077,odd,OO,170683,70515631,0,0,1,1
3078,even,EO,55,407,1,1,0,0
3079,odd,OO,170849,70618528,0,0,1,1
3080,even,EO,55,407,1,1,0,0
3081,odd,OE,171016,413,0,1,0,0
3082,even,EO,55,407,1,1,0,0
3083,odd,OE,171182,413,0,1,0,0
3084,even,EO,55,407,1,1,0,0
3085,odd,OO,171349,70928759,0,0,1,1
3086,even,EO,55,407,1,1,0,0
3087,odd,OE,171516,414,0,1,0,0
3088,even,EO,55,407,1,1,0,0
3089,odd,OE,171682,414,0,1,0,0
3090,even,EO,55,407,1,1,0,0
3091,odd,OO,171849,71239442,0,0,1,1
3092,even,EO,55,407,1,1,0,0
3093,odd,OE,172016,414,0,1,0,0
3094,even,EO,55,407,1,1,0,0
3095,odd,OO,172183,71447231,0,0,1,1
3096,even,EO,55,407,1,1,0,0
3097,odd,OE,172350,415,0,1,0,0
3098,even,EO,55,407,1,1,0,0
3099,odd,OO,172517,71655222,0,0,1,1
3100,even,EO,55,407,1,1,0,0
3101,odd,OE,172684,415,0,1,0,0
3102,even,EO,55,407,1,1,0,0
3103,odd,OO,172851,71863413,0,0,1,1
3104,even,EO,55,407,1,1,0,0
3105,odd,OE,173018,415,0,1,0,0
3106,even,EO,55,407,1,1,0,0
3107,odd,OO,173185,72071806,0,0,1,1
3108,even,EO,55,407,1,1,0,0
3109,odd,OE,173352,416,0,1,0,0
3110,even,EO,55,407,1,1,0,0
3111,odd,OE,173520,416,0,1,0,0
3112,even,EO,55,407,1,1,0,0
3113,odd,OO,173687,72385398,0,0,1,1
3114,even,EO,55,407,1,1,0,0
3115,odd,OE,173854,416,0,1,0,0
3116,even,EO,55,407,1,1,0,0
3117,odd,OE,174022,417,0,1,0,0
3118,even,EO,55,407,1,1,0,0
3119,odd,OO,174189,72699443,0,0,1,1
3120,even,EO,55,407,1,1,0,0
3121,odd,OO,174357,72804643,0,0,1,1
3122,even,EO,55,407,1,1,0,0
3123,odd,OO,174525,72909894,0,0,1,1
3124,even,EO,55,407,1,1,0,0
3125,odd,OE,174692,417,0,1,0,0
3126,even,EO,55,407,1,1,0,0
3127,odd,OE,174860,418,0,1,0,0
3128,even,EO,55,407,1,1,0,0
3129,odd,OE,175028,418,0,1,0,0
3130,even,EO,55,407,1,1,0,0
3131,odd,OE,175196,418,0,1,0,0
3132,even,EO,55,407,1,1,0,0
3133,odd,OE,175364,418,0,1,0,0
3134,even,EO,55,407,1,1,0,0
3135,odd,OE,175532,418,0,1,0,0
3136,even,EE,56,7,1,1,0,0
3137,odd,OE,175700,419,0,1,0,0
3138,even,EE,56,7,1,1,0,0
3139,odd,OE,175868,419,0,1,0,0
3140,even,EE,56,7,1,1,0,0
3141,odd,OE,176036,419,0,1,0,0
3142,even,EE,56,7,1,1,0,0
3143,odd,OE,176204,419,0,1,0,0
3144,even,EE,56,7,1,1,0,0
3145,odd,OE,176372,419,0,1,0,0
3146,even,EE,56,7,1,1,0,0
3147,odd,OE,176540,420,0,1,0,0
3148,even,EE,56,7,1,1,0,0
3149,odd,OO,176709,74282755,0,0,1,1
3150,even,EE,56,7,1,1,0,0
3151,odd,OO,176877,74388713,0,0,1,1
3152,even,EE,56,7,1,1,0,0
3153,odd,OO,177045,74494721,0,0,1,1
3154,even,EE,56,7,1,1,0,0
3155,odd,OE,177214,420,0,1,0,0
3156,even,EE,56,7,1,1,0,0
3157,odd,OE,177382,421,0,1,0,0
3158,even,EE,56,7,1,1,0,0
3159,odd,OO,177551,74814311,0,0,1,1
3160,even,EE,56,7,1,1,0,0
3161,odd,OE,177720,421,0,1,0,0
3162,even,EE,56,7,1,1,0,0
3163,odd,OE,177888,421,0,1,0,0
3164,even,EE,56,7,1,1,0,0
3165,odd,OO,178057,75134357,0,0,1,1
3166,even,EE,56,7,1,1,0,0
3167,odd,OE,178226,422,0,1,0,0
3168,even,EE,56,7,1,1,0,0
3169,odd,OO,178395,75348396,0,0,1,1
3170,even,EE,56,7,1,1,0,0
3171,odd,OE,178564,422,0,1,0,0
3172,even,EE,56,7,1,1,0,0
3173,odd,OO,178733,75562639,0,0,1,1
3174,even,EE,56,7,1,1,0,0
3175,odd,OE,178902,422,0,1,0,0
3176,even,EE,56,7,1,1,0,0
3177,odd,OO,179071,75777083,0,0,1,1
3178,even,EE,56,7,1,1,0,0
3179,odd,OE,179240,423,0,1,0,0
3180,even,EE,56,7,1,1,0,0
3181,odd,OO,179409,75991731,0,0,1,1
3182,even,EE,56,7,1,1,0,0
3183,odd,OE,179578,423,0,1,0,0
3184,even,EE,56,7,1,1,0,0
3185,odd,OE,179748,423,0,1,0,0
3186,even,EE,56,7,1,1,0,0
3187,odd,OO,179917,76314717,0,0,1,1
3188,even,EE,56,7,1,1,0,0
3189,odd,OE,180086,424,0,1,0,0
3190,even,EE,56,7,1,1,0,0
3191,odd,OE,180256,424,0,1,0,0
3192,even,EE,56,7,1,1,0,0
3193,odd,OO,180425,76638160,0,0,1,1
3194,even,EE,56,7,1,1,0,0
3195,odd,OO,180595,76746500,0,0,1,1
3196,even,EE,56,7,1,1,0,0
3197,odd,OE,180764,425,0,1,0,0
3198,even,EE,56,7,1,1,0,0
3199,odd,OE,180934,425,0,1,0,0
3200,even,EE,56,7,1,1,0,0
3201,odd,OE,181104,425,0,1,0,0
3202,even,EE,56,7,1,1,0,0
3203,odd,OO,181273,77179095,0,0,1,1
3204,even,EE,56,7,1,1,0,0
3205,odd,OO,181443,77287689,0,0,1,1
3206,even,EE,56,7,1,1,0,0
3207,odd,OO,181613,77396335,0,0,1,1
3208,even,EE,56,7,1,1,0,0
3209,odd,OO,181783,77505031,0,0,1,1
3210,even,EE,56,7,1,1,0,0
3211,odd,OO,181953,77613779,0,0,1,1
3212,even,EE,56,7,1,1,0,0
3213,odd,OO,182123,77722577,0,0,1,1
3214,even,EE,56,7,1,1,0,0
3215,odd,OO,182293,77831426,0,0,1,1
3216,even,EE,56,7,1,1,0,0
3217,odd,OO,182463,77940325,0,0,1,1
3218,even,EE,56,7,1,1,0,0
3219,odd,OO,182633,78049276,0,0,1,1
3220,even,EE,56,7,1,1,0,0
3221,odd,OE,182804,427,0,1,0,0
3222,even,EE,56,7,1,1,0,0
3223,odd,OE,182974,427,0,1,0,0
3224,even,EE,56,7,1,1,0,0
3225,odd,OE,183144,427,0,1,0,0
3226,even,EE,56,7,1,1,0,0
3227,odd,OO,183315,78486869,0,0,1,1
3228,even,EE,56,7,1,1,0,0
3229,odd,OO,183485,78596073,0,0,1,1
3230,even,EE,56,7,1,1,0,0
3231,odd,OE,183656,428,0,1,0,0
3232,even,EE,56,7,1,1,0,0
3233,odd,OE,183826,428,0,1,0,0
3234,even,EE,56,7,1,1,0,0
3235,odd,OO,183997,78925276,0,0,1,1
3236,even,EE,56,7,1,1,0,0
3237,odd,OO,184167,79034683,0,0,1,1
3238,even,EE,56,7,1,1,0,0
3239,odd,OE,184338,429,0,1,0,0
3240,even,EE,56,7,1,1,0,0
3241,odd,OO,184509,79254938,0,0,1,1
3242,even,EE,56,7,1,1,0,0
3243,odd,OE,184680,429,0,1,0,0
3244,even,EE,56,7,1,1,0,0
3245,odd,OO,184851,79475397,0,0,1,1
3246,even,EE,56,7,1,1,0,0
3247,odd,OE,185022,430,0,1,0,0
3248,even,EE,56,7,1,1,0,0
3249,odd,OO,185193,79696059,0,0,1,1
3250,even,EO,57,430,1,1,0,0
3251,odd,OE,185364,430,0,1,0,0
3252,even,EO,57,430,1,1,0,0
3253,odd,OO,185535,79916926,0,0,1,1
3254,even,EO,57,430,1,1,0,0
3255,odd,OE,185706,430,0,1,0,0
3256,even,EO,57,430,1,1,0,0
3257,odd,OO,185877,80137996,0,0,1,1
3258,even,EO,57,430,1,1,0,0
3259,odd,OE,186048,431,0,1,0,0
3260,even,EO,57,430,1,1,0,0
3261,odd,OO,186219,80359270,0,0,1,1
3262,even,EO,57,430,1,1,0,0
3263,odd,OO,186391,80470631,0,0,1,1
3264,even,EO,57,430,1,1,0,0
3265,odd,OE,186562,431,0,1,0,0
3266,even,EO,57,430,1,1,0,0
3267,odd,OE,186734,432,0,1,0,0
3268,even,EO,57,430,1,1,0,0
3269,odd,OO,186905,80803724,0,0,1,1
3270,even,EO,57,430,1,1,0,0
3271,odd,OO,187077,80915290,0,0,1,1
3272,even,EO,57,430,1,1,0,0
3273,odd,OE,187248,432,0,1,0,0
3274,even,EO,57,430,1,1,0,0
3275,odd,OE,187420,432,0,1,0,0
3276,even,EO,57,430,1,1,0,0
3277,odd,OE,187592,433,0,1,0,0
3278,even,EO,57,430,1,1,0,0
3279,odd,OO,187763,81360765,0,0,1,1
3280,even,EO,57,430,1,1,0,0
3281,odd,OO,187935,81472586,0,0,1,1
3282,even,EO,57,430,1,1,0,0
3283,odd,OO,188107,81584458,0,0,1,1
3284,even,EO,57,430,1,1,0,0
3285,odd,OO,188279,81696382,0,0,1,1
3286,even,EO,57,430,1,1,0,0
3287,odd,OO,188451,81808356,0,0,1,1
3288,even,EO,57,430,1,1,0,0
3289,odd,OO,188623,81920382,0,0,1,1
3290,even,EO,57,430,1,1,0,0
3291,odd,OO,188795,82032459,0,0,1,1
3292,even,EO,57,430,1,1,0,0
3293,odd,OO,188967,82144587,0,0,1,1
3294,even,EO,57,430,1,1,0,0
3295,odd,OO,189139,82256766,0,0,1,1
3296,even,EO,57,430,1,1,0,0
3297,odd,OE,189312,435,0,1,0,0
3298,even,EO,57,430,1,1,0,0
3299,odd,OE,189484,435,0,1,0,0
3300,even,EO,57,430,1,1,0,0
3301,odd,OE,189656,435,0,1,0,0
3302,even,EO,57,430,1,1,0,0
3303,odd,OO,189829,82707299,0,0,1,1
3304,even,EO,57,430,1,1,0,0
3305,odd,OO,190001,82819733,0,0,1,1
3306,even,EO,57,430,1,1,0,0
3307,odd,OE,190174,436,0,1,0,0
3308,even,EO,57,430,1,1,0,0
3309,odd,OE,190346,436,0,1,0,0
3310,even,EO,57,430,1,1,0,0
3311,odd,OO,190519,83158651,0,0,1,1
3312,even,EO,57,430,1,1,0,0
3313,odd,OO,190691,83271290,0,0,1,1
3314,even,EO,57,430,1,1,0,0
3315,odd,OE,190864,436,0,1,0,0
3316,even,EO,57,430,1,1,0,0
3317,odd,OO,191037,83498030,0,0,1,1
3318,even,EO,57,430,1,1,0,0
3319,odd,OE,191210,437,0,1,0,0
3320,even,EO,57,430,1,1,0,0
3321,odd,OE,191382,437,0,1,0,0
3322,even,EO,57,430,1,1,0,0
3323,odd,OO,191555,83837870,0,0,1,1
3324,even,EO,57,430,1,1,0,0
3325,odd,OE,191728,437,0,1,0,0
3326,even,EO,57,430,1,1,0,0
3327,odd,OO,191901,84065123,0,0,1,1
3328,even,EO,57,430,1,1,0,0
3329,odd,OE,192074,438,0,1,0,0
3330,even,EO,57,430,1,1,0,0
3331,odd,OE,192248,438,0,1,0,0
3332,even,EO,57,430,1,1,0,0
3333,odd,OO,192421,84407045,0,0,1,1
3334,even,EO,57,430,1,1,0,0
3335,odd,OE,192594,438,0,1,0,0
3336,even,EO,57,430,1,1,0,0
3337,odd,OO,192767,84634811,0,0,1,1
3338,even,EO,57,430,1,1,0,0
3339,odd,OO,192941,84749430,0,0,1,1
3340,even,EO,57,430,1,1,0,0
3341,odd,OE,193114,439,0,1,0,0
3342,even,EO,57,430,1,1,0,0
3343,odd,OO,193287,84977503,0,0,1,1
3344,even,EO,57,430,1,1,0,0
3345,odd,OO,193461,85092276,0,0,1,1
3346,even,EO,57,430,1,1,0,0
3347,odd,OE,193634,440,0,1,0,0
3348,even,EO,57,430,1,1,0,0
3349,odd,OE,193808,440,0,1,0,0
3350,even,EO,57,430,1,1,0,0
3351,odd,OE,193982,440,0,1,0,0
3352,even,EO,57,430,1,1,0,0
3353,odd,OO,194155,85550562,0,0,1,1
3354,even,EO,57,430,1,1,0,0
3355,odd,OO,194329,85665592,0,0,1,1
3356,even,EO,57,430,1,1,0,0
3357,odd,OO,194503,85780674,0,0,1,1
3358,even,EO,57,430,1,1,0,0
3359,odd,OO,194677,85895807,0,0,1,1
3360,even,EO,57,430,1,1,0,0
3361,odd,OO,194851,86010992,0,0,1,1
3362,even,EO,57,430,1,1,0,0
3363,odd,OO,195025,86126228,0,0,1,1
3364,even,EE,58,7,1,1,0,0
3365,odd,OO,195199,86241516,0,0,1,1
3366,even,EE,58,7,1,1,0,0
3367,odd,OO,195373,86356855,0,0,1,1
3368,even,EE,58,7,1,1,0,0
3369,odd,OO,195547,86472245,0,0,1,1
3370,even,EE,58,7,1,1,0,0
3371,odd,OO,195721,86587687,0,0,1,1
3372,even,EE,58,7,1,1,0,0
3373,odd,OO,195895,86703180,0,0,1,1
3374,even,EE,58,7,1,1,0,0
3375,odd,OO,196069,86818724,0,0,1,1
3376,even,EE,58,7,1,1,0,0
3377,odd,OE,196244,442,0,1,0,0
3378,even,EE,58,7,1,1,0,0
3379,odd,OE,196418,443,0,1,0,0
3380,even,EE,58,7,1,1,0,0
3381,odd,OE,196592,443,0,1,0,0
3382,even,EE,58,7,1,1,0,0
3383,odd,OO,196767,87282745,0,0,1,1
3384,even,EE,58,7,1,1,0,0
3385,odd,OO,196941,87398546,0,0,1,1
3386,even,EE,58,7,1,1,0,0
3387,odd,OE,197116,443,0,1,0,0
3388,even,EE,58,7,1,1,0,0
3389,odd,OO,197291,87631634,0,0,1,1
3390,even,EE,58,7,1,1,0,0
3391,odd,OO,197465,87747589,0,0,1,1
3392,even,EE,58,7,1,1,0,0
3393,odd,OE,197640,444,0,1,0,0
3394,even,EE,58,7,1,1,0,0
3395,odd,OO,197815,87980987,0,0,1,1
3396,even,EE,58,7,1,1,0,0
3397,odd,OE,197990,444,0,1,0,0
3398,even,EE,58,7,1,1,0,0
3399,odd,OE,198164,445,0,1,0,0
3400,even,EE,58,7,1,1,0,0
3401,odd,OO,198339,88330803,0,0,1,1
3402,even,EE,58,7,1,1,0,0
3403,odd,OE,198514,445,0,1,0,0
3404,even,EE,58,7,1,1,0,0
3405,odd,OO,198689,88564716,0,0,1,1
3406,even,EE,58,7,1,1,0,0
3407,odd,OE,198864,445,0,1,0,0
3408,even,EE,58,7,1,1,0,0
3409,odd,OE,199040,446,0,1,0,0
3410,even,EE,58,7,1,1,0,0
3411,odd,OO,199215,88916642,0,0,1,1
3412,even,EE,58,7,1,1,0,0
3413,odd,OE,199390,446,0,1,0,0
3414,even,EE,58,7,1,1,0,0
3415,odd,OO,199565,89151070,0,0,1,1
3416,even,EE,58,7,1,1,0,0
3417,odd,OO,199741,89269032,0,0,1,1
3418,even,EE,58,7,1,1,0,0
3419,odd,OE,199916,447,0,1,0,0
3420,even,EE,58,7,1,1,0,0
3421,odd,OO,200091,89503770,0,0,1,1
3422,even,EE,58,7,1,1,0,0
3423,odd,OO,200267,89621887,0,0,1,1
3424,even,EE,58,7,1,1,0,0
3425,odd,OE,200442,447,0,1,0,0
3426,even,EE,58,7,1,1,0,0
3427,odd,OE,200618,447,0,1,0,0
3428,even,EE,58,7,1,1,0,0
3429,odd,OE,200794,448,0,1,0,0
3430,even,EE,58,7,1,1,0,0
3431,odd,OO,200969,90093530,0,0,1,1
3432,even,EE,58,7,1,1,0,0
3433,odd,OO,201145,90211906,0,0,1,1
3434,even,EE,58,7,1,1,0,0
3435,odd,OO,201321,90330334,0,0,1,1
3436,even,EE,58,7,1,1,0,0
3437,odd,OO,201497,90448814,0,0,1,1
3438,even,EE,58,7,1,1,0,0
3439,odd,OO,201673,90567345,0,0,1,1
3440,even,EE,58,7,1,1,0,0
3441,odd,OO,201849,90685928,0,0,1,1
3442,even,EE,58,7,1,1,0,0
3443,odd,OO,202025,90804563,0,0,1,1
3444,even,EE,58,7,1,1,0,0
3445,odd,OO,202201,90923249,0,0,1,1
3446,even,EE,58,7,1,1,0,0
3447,odd,OO,202377,91041987,0,0,1,1
3448,even,EE,58,7,1,1,0,0
3449,odd,OO,202553,91160777,0,0,1,1
3450,even,EE,58,7,1,1,0,0
3451,odd,OO,202729,91279618,0,0,1,1
3452,even,EE,58,7,1,1,0,0
3453,odd,OO,202905,91398511,0,0,1,1
3454,even,EE,58,7,1,1,0,0
3455,odd,OE,203082,450,0,1,0,0
3456,even,EE,58,7,1,1,0,0
3457,odd,OE,203258,450,0,1,0,0
3458,even,EE,58,7,1,1,0,0
3459,odd,OO,203435,91756852,0,0,1,1
3460,even,EE,58,7,1,1,0,0
3461,odd,OO,203611,91875952,0,0,1,1
3462,even,EE,58,7,1,1,0,0
3463,odd,OE,203788,451,0,1,0,0
3464,even,EE,58,7,1,1,0,0
3465,odd,OE,203964,451,0,1,0,0
3466,even,EE,58,7,1,1,0,0
3467,odd,OO,204141,92234916,0,0,1,1
3468,even,EE,58,7,1,1,0,0
3469,odd,OO,204317,92354222,0,0,1,1
3470,even,EE,58,7,1,1,0,0
3471,odd,OE,204494,452,0,1,0,0
3472,even,EE,58,7,1,1,0,0
3473,odd,OO,204671,92594345,0,0,1,1
3474,even,EE,58,7,1,1,0,0
3475,odd,OE,204848,452,0,1,0,0
3476,even,EE,58,7,1,1,0,0
3477,odd,OO,205025,92834677,0,0,1,1
3478,even,EE,58,7,1,1,0,0
3479,odd,OE,205202,452,0,1,0,0
3480,even,EE,58,7,1,1,0,0
3481,odd,OO,205379,93075215,0,0,1,1
3482,even,EO,59,453,1,1,0,0
3483,odd,OE,205556,453,0,1,0,0
3484,even,EO,59,453,1,1,0,0
3485,odd,OO,205733,93315962,0,0,1,1
3486,even,EO,59,453,1,1,0,0
3487,odd,OE,205910,453,0,1,0,0
3488,even,EO,59,453,1,1,0,0
3489,odd,OO,206087,93556915,0,0,1,1
3490,even,EO,59,453,1,1,0,0
3491,odd,OE,206264,454,0,1,0,0
3492,even,EO,59,453,1,1,0,0
3493,odd,OO,206441,93798076,0,0,1,1
3494,even,EO,59,453,1,1,0,0
3495,odd,OO,206619,93919415,0,0,1,1
3496,even,EO,59,453,1,1,0,0
3497,odd,OE,206796,454,0,1,0,0
3498,even,EO,59,453,1,1,0,0
3499,odd,OE,206974,454,0,1,0,0
3500,even,EO,59,453,1,1,0,0
3501,odd,OO,207151,94282383,0,0,1,1
3502,even,EO,59,453,1,1,0,0
3503,odd,OO,207329,94403931,0,0,1,1
3504,even,EO,59,453,1,1,0,0
3505,odd,OE,207506,455,0,1,0,0
3506,even,EO,59,453,1,1,0,0
3507,odd,OE,207684,455,0,1,0,0
3508,even,EO,59,453,1,1,0,0
3509,odd,OO,207861,94767520,0,0,1,1
3510,even,EO,59,453,1,1,0,0
3511,odd,OO,208039,94889276,0,0,1,1
3512,even,EO,59,453,1,1,0,0
3513,odd,OO,208217,95011084,0,0,1,1
3514,even,EO,59,453,1,1,0,0
3515,odd,OO,208395,95132945,0,0,1,1
3516,even,EO,59,453,1,1,0,0
3517,odd,OO,208573,95254857,0,0,1,1
3518,even,EO,59,453,1,1,0,0
3519,odd,OO,208751,95376821,0,0,1,1
3520,even,EO,59,453,1,1,0,0
3521,odd,OO,208929,95498838,0,0,1,1
3522,even,EO,59,453,1,1,0,0
3523,odd,OO,209107,95620906,0,0,1,1
3524,even,EO,59,453,1,1,0,0
3525,odd,OO,209285,95743026,0,0,1,1
3526,even,EO,59,453,1,1,0,0
3527,odd,OO,209463,95865199,0,0,1,1
3528,even,EO,59,453,1,1,0,0
3529,odd,OO,209641,95987423,0,0,1,1
3530,even,EO,59,453,1,1,0,0
3531,odd,OO,209819,96109699,0,0,1,1
3532,even,EO,59,453,1,1,0,0
3533,odd,OE,209998,458,0,1,0,0
3534,even,EO,59,453,1,1,0,0
3535,odd,OE,210176,458,0,1,0,0
3536,even,EO,59,453,1,1,0,0
3537,odd,OE,210354,458,0,1,0,0
3538,even,EO,59,453,1,1,0,0
3539,odd,OO,210533,96600698,0,0,1,1
3540,even,EO,59,453,1,1,0,0
3541,odd,OO,210711,96723234,0,0,1,1
3542,even,EO,59,453,1,1,0,0
3543,odd,OE,210890,459,0,1,0,0
3544,even,EO,59,453,1,1,0,0
3545,odd,OE,211068,459,0,1,0,0
3546,even,EO,59,453,1,1,0,0
3547,odd,OO,211247,97092531,0,0,1,1
3548,even,EO,59,453,1,1,0,0
3549,odd,OE,211426,459,0,1,0,0
3550,even,EO,59,453,1,1,0,0
3551,odd,OO,211605,97339450,0,0,1,1
3552,even,EO,59,453,1,1,0,0
3553,odd,OO,211783,97462297,0,0,1,1
3554,even,EO,59,453,1,1,0,0
3555,odd,OE,211962,460,0,1,0,0
3556,even,EO,59,453,1,1,0,0
3557,odd,OO,212141,97709528,0,0,1,1
3558,even,EO,59,453,1,1,0,0
3559,odd,OE,212320,460,0,1,0,0
3560,even,EO,59,453,1,1,0,0
3561,odd,OO,212499,97956968,0,0,1,1
3562,even,EO,59,453,1,1,0,0
3563,odd,OE,212678,461,0,1,0,0
3564,even,EO,59,453,1,1,0,0
3565,odd,OO,212857,98204616,0,0,1,1
3566,even,EO,59,453,1,1,0,0
3567,odd,OE,213036,461,0,1,0,0
3568,even,EO,59,453,1,1,0,0
3569,odd,OE,213216,461,0,1,0,0
3570,even,EO,59,453,1,1,0,0
3571,odd,OO,213395,98577172,0,0,1,1
3572,even,EO,59,453,1,1,0,0
3573,odd,OE,213574,462,0,1,0,0
3574,even,EO,59,453,1,1,0,0
3575,odd,OO,213753,98825342,0,0,1,1
3576,even,EO,59,453,1,1,0,0
3577,odd,OO,213933,98950199,0,0,1,1
3578,even,EO,59,453,1,1,0,0
3579,odd,OE,214112,462,0,1,0,0
3580,even,EO,59,453,1,1,0,0
3581,odd,OE,214292,462,0,1,0,0
3582,even,EO,59,453,1,1,0,0
3583,odd,OO,214471,99323694,0,0,1,1
3584,even,EO,59,453,1,1,0,0
3585,odd,OO,214651,99448760,0,0,1,1
3586,even,EO,59,453,1,1,0,0
3587,odd,OO,214831,99573878,0,0,1,1
3588,even,EO,59,453,1,1,0,0
3589,odd,OE,215010,463,0,1,0,0
3590,even,EO,59,453,1,1,0,0
3591,odd,OE,215190,463,0,1,0,0
3592,even,EO,59,453,1,1,0,0
3593,odd,OE,215370,464,0,1,0,0
3594,even,EO,59,453,1,1,0,0
3595,odd,OE,215550,464,0,1,0,0
3596,even,EO,59,453,1,1,0,0
3597,odd,OE,215730,464,0,1,0,0
3598,even,EO,59,453,1,1,0,0
3599,odd,OE,215910,464,0,1,0,0
3600,even,EE,60,7,1,1,0,0
3601,odd,OE,216090,464,0,1,0,0
3602,even,EE,60,7,1,1,0,0
3603,odd,OE,216270,465,0,1,0,0
3604,even,EE,60,7,1,1,0,0
3605,odd,OE,216450,465,0,1,0,0
3606,even,EE,60,7,1,1,0,0
3607,odd,OE,216630,465,0,1,0,0
3608,even,EE,60,7,1,1,0,0
3609,odd,OE,216810,465,0,1,0,0
3610,even,EE,60,7,1,1,0,0
3611,odd,OE,216990,465,0,1,0,0
3612,even,EE,60,7,1,1,0,0
3613,odd,OO,217171,101205181,0,0,1,1
3614,even,EE,60,7,1,1,0,0
3615,odd,OO,217351,101331031,0,0,1,1
3616,even,EE,60,7,1,1,0,0
3617,odd,OO,217531,101456934,0,0,1,1
3618,even,EE,60,7,1,1,0,0
3619,odd,OE,217712,466,0,1,0,0
3620,even,EE,60,7,1,1,0,0
3621,odd,OE,217892,466,0,1,0,0
3622,even,EE,60,7,1,1,0,0
3623,odd,OO,218073,101836355,0,0,1,1
3624,even,EE,60,7,1,1,0,0
3625,odd,OO,218253,101962466,0,0,1,1
3626,even,EE,60,7,1,1,0,0
3627,odd,OE,218434,467,0,1,0,0
3628,even,EE,60,7,1,1,0,0
3629,odd,OO,218615,102216248,0,0,1,1
3630,even,EE,60,7,1,1,0,0
3631,odd,OO,218795,102342516,0,0,1,1
3632,even,EE,60,7,1,1,0,0
3633,odd,OE,218976,467,0,1,0,0
3634,even,EE,60,7,1,1,0,0
3635,odd,OO,219157,102596612,0,0,1,1
3636,even,EE,60,7,1,1,0,0
3637,odd,OE,219338,468,0,1,0,0
3638,even,EE,60,7,1,1,0,0
3639,odd,OO,219519,102850918,0,0,1,1
3640,even,EE,60,7,1,1,0,0
3641,odd,OE,219700,468,0,1,0,0
3642,even,EE,60,7,1,1,0,0
3643,odd,OO,219881,103105434,0,0,1,1
3644,even,EE,60,7,1,1,0,0
3645,odd,OE,220062,469,0,1,0,0
3646,even,EE,60,7,1,1,0,0
3647,odd,OO,220243,103360159,0,0,1,1
3648,even,EE,60,7,1,1,0,0
3649,odd,OE,220424,469,0,1,0,0
3650,even,EE,60,7,1,1,0,0
3651,odd,OE,220606,469,0,1,0,0
3652,even,EE,60,7,1,1,0,0
3653,odd,OO,220787,103743345,0,0,1,1
3654,even,EE,60,7,1,1,0,0
3655,odd,OE,220968,470,0,1,0,0
3656,even,EE,60,7,1,1,0,0
3657,odd,OE,221150,470,0,1,0,0
3658,even,EE,60,7,1,1,0,0
3659,odd,OO,221331,104127003,0,0,1,1
3660,even,EE,60,7,1,1,0,0
3661,odd,OO,221513,104255464,0,0,1,1
3662,even,EE,60,7,1,1,0,0
3663,odd,OE,221694,470,0,1,0,0
3664,even,EE,60,7,1,1,0,0
3665,odd,OE,221876,471,0,1,0,0
3666,even,EE,60,7,1,1,0,0
3667,odd,OO,222057,104639752,0,0,1,1
3668,even,EE,60,7,1,1,0,0
3669,odd,OO,222239,104768424,0,0,1,1
3670,even,EE,60,7,1,1,0,0
3671,odd,OO,222421,104897148,0,0,1,1
3672,even,EE,60,7,1,1,0,0
3673,odd,OO,222603,105025926,0,0,1,1
3674,even,EE,60,7,1,1,0,0
3675,odd,OO,222785,105154756,0,0,1,1
3676,even,EE,60,7,1,1,0,0
3677,odd,OE,222966,472,0,1,0,0
3678,even,EE,60,7,1,1,0,0
3679,odd,OE,223148,472,0,1,0,0
3680,even,EE,60,7,1,1,0,0
3681,odd,OE,223330,472,0,1,0,0
3682,even,EE,60,7,1,1,0,0
3683,odd,OE,223512,472,0,1,0,0
3684,even,EE,60,7,1,1,0,0
3685,odd,OE,223694,472,0,1,0,0
3686,even,EE,60,7,1,1,0,0
3687,odd,OO,223877,105928840,0,0,1,1
3688,even,EE,60,7,1,1,0,0
3689,odd,OO,224059,106058038,0,0,1,1
3690,even,EE,60,7,1,1,0,0
3691,odd,OO,224241,106187288,0,0,1,1
3692,even,EE,60,7,1,1,0,0
3693,odd,OO,224423,106316591,0,0,1,1
3694,even,EE,60,7,1,1,0,0
3695,odd,OE,224606,473,0,1,0,0
3696,even,EE,60,7,1,1,0,0
3697,odd,OE,224788,474,0,1,0,0
3698,even,EE,60,7,1,1,0,0
3699,odd,OE,224970,474,0,1,0,0
3700,even,EE,60,7,1,1,0,0
3701,odd,OO,225153,106835750,0,0,1,1
3702,even,EE,60,7,1,1,0,0
3703,odd,OO,225335,106965316,0,0,1,1
3704,even,EE,60,7,1,1,0,0
3705,odd,OE,225518,474,0,1,0,0
3706,even,EE,60,7,1,1,0,0
3707,odd,OO,225701,107226029,0,0,1,1
3708,even,EE,60,7,1,1,0,0
3709,odd,OO,225883,107355752,0,0,1,1
3710,even,EE,60,7,1,1,0,0
3711,odd,OE,226066,475,0,1,0,0
3712,even,EE,60,7,1,1,0,0
3713,odd,OO,226249,107616782,0,0,1,1
3714,even,EE,60,7,1,1,0,0
3715,odd,OE,226432,475,0,1,0,0
3716,even,EE,60,7,1,1,0,0
3717,odd,OO,226615,107878023,0,0,1,1
3718,even,EE,60,7,1,1,0,0
3719,odd,OE,226798,476,0,1,0,0
3720,even,EE,60,7,1,1,0,0
3721,odd,OO,226981,108139475,0,0,1,1
3722,even,EO,61,476,1,1,0,0
3723,odd,OE,227164,476,0,1,0,0
3724,even,EO,61,476,1,1,0,0
3725,odd,OO,227347,108401138,0,0,1,1
3726,even,EO,61,476,1,1,0,0
3727,odd,OE,227530,477,0,1,0,0
3728,even,EO,61,476,1,1,0,0
3729,odd,OO,227713,108663011,0,0,1,1
3730,even,EO,61,476,1,1,0,0
3731,odd,OE,227896,477,0,1,0,0
3732,even,EO,61,476,1,1,0,0
3733,odd,OO,228079,108925095,0,0,1,1
3734,even,EO,61,476,1,1,0,0
3735,odd,OO,228263,109056933,0,0,1,1
3736,even,EO,61,476,1,1,0,0
3737,odd,OE,228446,477,0,1,0,0
3738,even,EO,61,476,1,1,0,0
3739,odd,OO,228629,109319333,0,0,1,1
3740,even,EO,61,476,1,1,0,0
3741,odd,OO,228813,109451329,0,0,1,1
3742,even,EO,61,476,1,1,0,0
3743,odd,OE,228996,478,0,1,0,0
3744,even,EO,61,476,1,1,0,0
3745,odd,OE,229180,478,0,1,0,0
3746,even,EO,61,476,1,1,0,0
3747,odd,OE,229364,478,0,1,0,0
3748,even,EO,61,476,1,1,0,0
3749,odd,OO,229547,109978408,0,0,1,1
3750,even,EO,61,476,1,1,0,0
3751,odd,OO,229731,110110669,0,0,1,1
3752,even,EO,61,476,1,1,0,0
3753,odd,OO,229915,110242983,0,0,1,1
3754,even,EO,61,476,1,1,0,0
3755,odd,OO,230099,110375350,0,0,1,1
3756,even,EO,61,476,1,1,0,0
3757,odd,OE,230282,479,0,1,0,0
3758,even,EO,61,476,1,1,0,0
3759,odd,OE,230466,480,0,1,0,0
3760,even,EO,61,476,1,1,0,0
3761,odd,OE,230650,480,0,1,0,0
3762,even,EO,61,476,1,1,0,0
3763,odd,OE,230834,480,0,1,0,0
3764,even,EO,61,476,1,1,0,0
3765,odd,OE,231018,480,0,1,0,0
3766,even,EO,61,476,1,1,0,0
3767,odd,OE,231202,480,0,1,0,0
3768,even,EO,61,476,1,1,0,0
3769,odd,OO,231387,111303400,0,0,1,1
3770,even,EO,61,476,1,1,0,0
3771,odd,OO,231571,111436190,0,0,1,1
3772,even,EO,61,476,1,1,0,0
3773,odd,OO,231755,111569032,0,0,1,1
3774,even,EO,61,476,1,1,0,0
3775,odd,OO,231939,111701928,0,0,1,1
3776,even,EO,61,476,1,1,0,0
3777,odd,OE,232124,481,0,1,0,0
3778,even,EO,61,476,1,1,0,0
3779,odd,OE,232308,481,0,1,0,0
3780,even,EO,61,476,1,1,0,0
3781,odd,OO,232493,112102377,0,0,1,1
3782,even,EO,61,476,1,1,0,0
3783,odd,OO,232677,112235483,0,0,1,1
3784,even,EO,61,476,1,1,0,0
3785,odd,OE,232862,482,0,1,0,0
3786,even,EO,61,476,1,1,0,0
3787,odd,OE,233046,482,0,1,0,0
3788,even,EO,61,476,1,1,0,0
3789,odd,OO,233231,112636568,0,0,1,1
3790,even,EO,61,476,1,1,0,0
3791,odd,OE,233416,483,0,1,0,0
3792,even,EO,61,476,1,1,0,0
3793,odd,OE,233600,483,0,1,0,0
3794,even,EO,61,476,1,1,0,0
3795,odd,OO,233785,113038129,0,0,1,1
3796,even,EO,61,476,1,1,0,0
3797,odd,OE,233970,483,0,1,0,0
3798,even,EO,61,476,1,1,0,0
3799,odd,OO,234155,113306585,0,0,1,1
3800,even,EO,61,476,1,1,0,0
3801,odd,OE,234340,484,0,1,0,0
3802,even,EO,61,476,1,1,0,0
3803,odd,OO,234525,113575254,0,0,1,1
3804,even,EO,61,476,1,1,0,0
3805,odd,OE,234710,484,0,1,0,0
3806,even,EO,61,476,1,1,0,0
3807,odd,OO,234895,113844134,0,0,1,1
3808,even,EO,61,476,1,1,0,0
3809,odd,OE,235080,484,0,1,0,0
3810,even,EO,61,476,1,1,0,0
3811,odd,OO,235265,114113226,0,0,1,1
3812,even,EO,61,476,1,1,0,0
3813,odd,OE,235450,485,0,1,0,0
3814,even,EO,61,476,1,1,0,0
3815,odd,OE,235636,485,0,1,0,0
3816,even,EO,61,476,1,1,0,0
3817,odd,OO,235821,114517989,0,0,1,1
3818,even,EO,61,476,1,1,0,0
3819,odd,OE,236006,485,0,1,0,0
3820,even,EO,61,476,1,1,0,0
3821,odd,OE,236192,485,0,1,0,0
3822,even,EO,61,476,1,1,0,0
3823,odd,OO,236377,114923230,0,0,1,1
3824,even,EO,61,476,1,1,0,0
3825,odd,OO,236563,115058902,0,0,1,1
3826,even,EO,61,476,1,1,0,0
3827,odd,OE,236748,486,0,1,0,0
3828,even,EO,61,476,1,1,0,0
3829,odd,OE,236934,486,0,1,0,0
3830,even,EO,61,476,1,1,0,0
3831,odd,OE,237120,486,0,1,0,0
3832,even,EO,61,476,1,1,0,0
3833,odd,OO,237305,115600665,0,0,1,1
3834,even,EO,61,476,1,1,0,0
3835,odd,OO,237491,115736603,0,0,1,1
3836,even,EO,61,476,1,1,0,0
3837,odd,OO,237677,115872595,0,0,1,1
3838,even,EO,61,476,1,1,0,0
3839,odd,OO,237863,116008640,0,0,1,1
3840,even,EO,61,476,1,1,0,0
3841,odd,OO,238049,116144738,0,0,1,1
3842,even,EO,61,476,1,1,0,0
3843,odd,OO,238235,116280890,0,0,1,1
3844,even,EE,62,7,1,1,0,0
3845,odd,OO,238421,116417094,0,0,1,1
3846,even,EE,62,7,1,1,0,0
3847,odd,OO,238607,116553352,0,0,1,1
3848,even,EE,62,7,1,1,0,0
3849,odd,OO,238793,116689663,0,0,1,1
3850,even,EE,62,7,1,1,0,0
3851,odd,OO,238979,116826027,0,0,1,1
3852,even,EE,62,7,1,1,0,0
3853,odd,OO,239165,116962444,0,0,1,1
3854,even,EE,62,7,1,1,0,0
3855,odd,OO,239351,117098914,0,0,1,1
3856,even,EE,62,7,1,1,0,0
3857,odd,OE,239538,489,0,1,0,0
3858,even,EE,62,7,1,1,0,0
3859,odd,OE,239724,489,0,1,0,0
3860,even,EE,62,7,1,1,0,0
3861,odd,OE,239910,489,0,1,0,0
3862,even,EE,62,7,1,1,0,0
3863,odd,OO,240097,117646795,0,0,1,1
3864,even,EE,62,7,1,1,0,0
3865,odd,OO,240283,117783530,0,0,1,1
3866,even,EE,62,7,1,1,0,0
3867,odd,OE,240470,490,0,1,0,0
3868,even,EE,62,7,1,1,0,0
3869,odd,OE,240656,490,0,1,0,0
3870,even,EE,62,7,1,1,0,0
3871,odd,OO,240843,118195527,0,0,1,1
3872,even,EE,62,7,1,1,0,0
3873,odd,OE,241030,490,0,1,0,0
3874,even,EE,62,7,1,1,0,0
3875,odd,OE,241216,491,0,1,0,0
3876,even,EE,62,7,1,1,0,0
3877,odd,OO,241403,118608003,0,0,1,1
3878,even,EE,62,7,1,1,0,0
3879,odd,OE,241590,491,0,1,0,0
3880,even,EE,62,7,1,1,0,0
3881,odd,OO,241777,118883744,0,0,1,1
3882,even,EE,62,7,1,1,0,0
3883,odd,OE,241964,491,0,1,0,0
3884,even,EE,62,7,1,1,0,0
3885,odd,OO,242151,119159699,0,0,1,1
3886,even,EE,62,7,1,1,0,0
3887,odd,OE,242338,492,0,1,0,0
3888,even,EE,62,7,1,1,0,0
3889,odd,OO,242525,119435867,0,0,1,1
3890,even,EE,62,7,1,1,0,0
3891,odd,OE,242712,492,0,1,0,0
3892,even,EE,62,7,1,1,0,0
3893,odd,OO,242899,119712249,0,0,1,1
3894,even,EE,62,7,1,1,0,0
3895,odd,OE,243086,493,0,1,0,0
3896,even,EE,62,7,1,1,0,0
3897,odd,OO,243273,119988843,0,0,1,1
3898,even,EE,62,7,1,1,0,0
3899,odd,OO,243461,120127960,0,0,1,1
3900,even,EE,62,7,1,1,0,0
3901,odd,OE,243648,493,0,1,0,0
3902,even,EE,62,7,1,1,0,0
3903,odd,OE,243836,493,0,1,0,0
3904,even,EE,62,7,1,1,0,0
3905,odd,OO,244023,120544151,0,0,1,1
3906,even,EE,62,7,1,1,0,0
3907,odd,OE,244210,494,0,1,0,0
3908,even,EE,62,7,1,1,0,0
3909,odd,OE,244398,494,0,1,0,0
3910,even,EE,62,7,1,1,0,0
3911,odd,OE,244586,494,0,1,0,0
3912,even,EE,62,7,1,1,0,0
3913,odd,OO,244773,121100313,0,0,1,1
3914,even,EE,62,7,1,1,0,0
3915,odd,OO,244961,121239858,0,0,1,1
3916,even,EE,62,7,1,1,0,0
3917,odd,OO,245149,121379456,0,0,1,1
3918,even,EE,62,7,1,1,0,0
3919,odd,OE,245336,495,0,1,0,0
3920,even,EE,62,7,1,1,0,0
3921,odd,OE,245524,495,0,1,0,0
3922,even,EE,62,7,1,1,0,0
3923,odd,OE,245712,495,0,1,0,0
3924,even,EE,62,7,1,1,0,0
3925,odd,OE,245900,495,0,1,0,0
3926,even,EE,62,7,1,1,0,0
3927,odd,OE,246088,496,0,1,0,0
3928,even,EE,62,7,1,1,0,0
3929,odd,OE,246276,496,0,1,0,0
3930,even,EE,62,7,1,1,0,0
3931,odd,OE,246464,496,0,1,0,0
3932,even,EE,62,7,1,1,0,0
3933,odd,OE,246652,496,0,1,0,0
3934,even,EE,62,7,1,1,0,0
3935,odd,OE,246840,496,0,1,0,0
3936,even,EE,62,7,1,1,0,0
3937,odd,OO,247029,122778383,0,0,1,1
3938,even,EE,62,7,1,1,0,0
3939,odd,OO,247217,122918569,0,0,1,1
3940,even,EE,62,7,1,1,0,0
3941,odd,OO,247405,123058809,0,0,1,1
3942,even,EE,62,7,1,1,0,0
3943,odd,OE,247594,497,0,1,0,0
3944,even,EE,62,7,1,1,0,0
3945,odd,OE,247782,497,0,1,0,0
3946,even,EE,62,7,1,1,0,0
3947,odd,OE,247970,497,0,1,0,0
3948,even,EE,62,7,1,1,0,0
3949,odd,OO,248159,123621795,0,0,1,1
3950,even,EE,62,7,1,1,0,0
3951,odd,OO,248347,123762301,0,0,1,1
3952,even,EE,62,7,1,1,0,0
3953,odd,OE,248536,498,0,1,0,0
3954,even,EE,62,7,1,1,0,0
3955,odd,OO,248725,124044970,0,0,1,1
3956,even,EE,62,7,1,1,0,0
3957,odd,OO,248913,124185636,0,0,1,1
3958,even,EE,62,7,1,1,0,0
3959,odd,OE,249102,499,0,1,0,0
3960,even,EE,62,7,1,1,0,0
3961,odd,OO,249291,124468627,0,0,1,1
3962,even,EE,62,7,1,1,0,0
3963,odd,OE,249480,499,0,1,0,0
3964,even,EE,62,7,1,1,0,0
3965,odd,OO,249669,124751832,0,0,1,1
3966,even,EE,62,7,1,1,0,0
3967,odd,OE,249858,499,0,1,0,0
3968,even,EE,62,7,1,1,0,0
3969,odd,OO,250047,125035251,0,0,1,1
3970,even,EO,63,500,1,1,0,0
3971,odd,OE,250236,500,0,1,0,0
3972,even,EO,63,500,1,1,0,0
3973,odd,OO,250425,125318885,0,0,1,1
3974,even,EO,63,500,1,1,0,0
3975,odd,OE,250614,500,0,1,0,0
3976,even,EO,63,500,1,1,0,0
3977,odd,OO,250803,125602733,0,0,1,1
3978,even,EO,63,500,1,1,0,0
3979,odd,OE,250992,500,0,1,0,0
3980,even,EO,63,500,1,1,0,0
3981,odd,OO,251181,125886795,0,0,1,1
3982,even,EO,63,500,1,1,0,0
3983,odd,OO,251371,126029658,0,0,1,1
3984,even,EO,63,500,1,1,0,0
3985,odd,OE,251560,501,0,1,0,0
3986,even,EO,63,500,1,1,0,0
3987,odd,OO,251749,126314041,0,0,1,1
3988,even,EO,63,500,1,1,0,0
3989,odd,OO,251939,126457066,0,0,1,1
3990,even,EO,63,500,1,1,0,0
3991,odd,OE,252128,502,0,1,0,0
3992,even,EO,63,500,1,1,0,0
3993,odd,OE,252318,502,0,1,0,0
3994,even,EO,63,500,1,1,0,0
3995,odd,OE,252508,502,0,1,0,0
3996,even,EO,63,500,1,1,0,0
3997,odd,OO,252697,127028195,0,0,1,1
3998,even,EO,63,500,1,1,0,0
3999,odd,OO,252887,127171489,0,0,1,1
4000,even,EO,63,500,1,1,0,0
