log10_L,count,sup_rho,inf_rho,sup_c,sup_eta,grew,declined,witness
0,4,1.2222222222222223,0.4,1.091329169322069,15.555555555555555,1,3,"{""n"":9,""L"":9,""H"":140,""L_next"":11,""r"":2,""rho"":1.2222222222222223,""c"":1.091329169322069,""eta"":15.555555555555555}"
1,47,251.8108108108108,0.1411764705882353,2.5311004538338087,2346452.0,10,37,"{""n"":37,""L"":37,""H"":86818724,""L_next"":9317,""r"":4,""rho"":251.8108108108108,""c"":2.5311004538338087,""eta"":2346452.0}"
2,490,1.5553591193842496e+58,0.04804804804804805,21.624331619915086,1.705545480102559e+241,135,355,"{""n"":663,""L"":663,""H"":11307766533079965984258844223359010907828494119652873324896780021733166159542096097177379727797856873718731056545100741084109625941065866738774869304120991337004025480315579808620479972369688625760748850793673889668580129932035025942104899396452,""L_next"":10312030961517575737940741412429331887892113723138592610754271,""r"":11,""rho"":1.5553591193842496e+58,""c"":21.624331619915086,""eta"":1.705545480102559e+241}"
3,4830,1.533320128983697e+105,0.0035517452541334966,28.832516780607875,1.4141689766948683e+214,1362,3468,"{""n"":3439,""L"":3439,""H"":848164528648926255180520072995009534333467099050701526143439141299603182659858719918542796483855417198539211071297838877241137280829640556966421055585965997440016970231167365551857085324847595538734041110,""L_next"":920958483672812612405158366722789431210704273760127073080008522988011511103151244786797801245329721147,""r"":10,""rho"":2.6779833779378092e+98,""c"":28.832516780607875,""eta"":2.4663115110466015e+200}"
4,47417,6.335362466506588e+138,0.00027729315663597184,28.832519521250628,3.8956393776933216e+282,13530,33887,"{""n"":50231,""L"":50231,""H"":12070458846139238150359075784024134507303456080959301553578276740873667328566617144525480861811496698243004971848111458701295067705565893836747492930382005284224821565576392669563698249059364402790914128013963510735783519334508520471141801515948107916526359381101032377440,""L_next"":3474256588989828504482829423613288380263076413390655585229300598037722405301563716043884856798893065278042504334427129136545650115276451,""r"":10,""rho"":6.916558676892414e+130,""c"":28.832519521250628,""eta"":2.402989955632824e+266}"
5,468339,2.3155909837573475e+148,5.2301909360791074e-05,28.832519530102534,7.507077198875823e+302,133548,334791,"{""n"":42269,""L"":160057,""H"":1272630333269704879530768912004234664406424314542753796342803862209941926065056929394993682027249279527434822429878854856526889734071982276031430443063449149649526092038033109654779451218619555615760170293722788545246872622270286640824226378115734342816952140944694281040246374025597108076615483905200,""L_next"":1128109184994832350616284631794785737242980703231507925171055786537981798637744111668051715940483706269286176792680449029891782283877165762923957447827,""r"":10,""rho"":7.048171495122565e+144,""c"":28.832519530102534,""eta"":7.951107001066526e+294}"
6,4642117,3.558248628247451e+127,1.3082935636317647e-05,19.221679687499996,1.2660298931740371e+262,1322599,3319518,"{""n"":1476225,""L"":1476225,""H"":1455287317080148079740441235273517444529350438252999824395041070264245772943618980319885896760555270796927154126121734073674195630135206926730786454881519787809523571306585166721608964375422562671976622606895215564502351093815002431373314,""L_next"":38148228229894872533644142239228380574831366085665909877327852906274986569142859795171441372600183872087759641260270387,""r"":9,""rho"":2.584174379237235e+112,""c"":19.221679687499996,""eta"":9.858167400498894e+230}"
7,5955908,5.930091013343787e+145,5.981697467940815e-07,19.221679687500004,3.5164307987538594e+299,1696995,4258913,"{""n"":16120225,""L"":16120225,""H"":11900283745734213695640355314152251766320118737833897459468471417348978751999001066093331553350337934389894727981880709468241661117812433280652201265240502426033429557904457710206378618652894073958650750915703589874051121060656664150798965947206363105403388724985387105028972466,""L_next"":3449678788776458487913783631193388154526570065030367379580758599868837225458604992072437091694807345063680241154020784590685159170060108289,""r"":9,""rho"":2.1399693793209826e+131,""c"":19.221679687500004,""eta"":7.382206976474716e+269}"
8,869039,1.271512492417483e+146,4.92444575232252e-08,19.221679687499982,1.6857766113445704e+300,246473,622566,"{""n"":13105983,""L"":101660747,""H"":66354709228242230196916037066246980960381335445958428431974116461335622566977744091997701754724121291122131611787786045094071234172446736330932262651243335655730456759409038613714879297343389111399540044148700484634296261965260846934742968064711938791739262302060294506487690051715800196766063547330129092390,""L_next"":8145839995251700878876192788133689157214570758302806900927222850701352211227571785064781440303867040285370325901917093311118948266164343114281139821655687,""r"":9,""rho"":8.012768187953312e+145,""c"":19.221679687499982,""eta"":6.5270727578110585e+299}"
9,393598,1.323299420426355e+118,7.467645149062028e-09,12.814453125000002,1.9434765768552314e+246,111113,282485,"{""n"":656329,""L"":6552283647,""H"":383184520812065393167955944209692958756297452807892767740196160836265287417770041954942583668033802587310471981531905998049305247915678500593606253922813009668407065191027667929649076740704432495470419932993453600462311913887167341666735996965559384428,""L_next"":619018998748879591420177464217375298131559166343404280554504141809567612100026339924416541470727587649574132389123985778725601,""r"":8,""rho"":9.447377923455755e+115,""c"":12.814453125000002,""eta"":5.84810642297985e+241}"
10,295972,8.986695628788703e+129,1.4883593083219045e-09,12.814453125000002,8.207208752528986e+270,83736,212236,"{""n"":86859,""L"":35321177807,""H"":2160750749380423854130512850378063888482744669209164433811923380243537300861013023930639400724154546707770429951581782455737110016942667061129485311467168127071719934197523756695606683520421796792575155660903063292105318943522620900982179750002554144885952779997300509642,""L_next"":1469949233606529642225621897882143725208571555041799658327235738929515387302407999964603256133463599202563573241023255946764226388863685,""r"":8,""rho"":4.1616653941681783e+124,""c"":12.814453125000002,""eta"":6.1174368566843295e+259}"
11,466568,5.8994027605696335e+141,2.1557111644808514e-10,12.814453125000002,3.500503571987199e+295,132114,334454,"{""n"":66703,""L"":100557746225,""H"":954720326405252183397401153262972708188338206861734946019204057604694907305153326100993162913150382076698960851951012562828268662840553866467741253686184572462650443520549194780701280739418180011345615828558418610740455561041310548319254872153230449269726509666311355163494566097292,""L_next"":977097910347398186163716005447771772195322377476295925239765917685639270902787816726952140922535881593440604773222312693524328020352037143261,""r"":8,""rho"":9.7167841069262e+129,""c"":12.814453125000002,""eta"":9.494249446174401e+270}"
12,398723,1.1836084471897752e+142,2.093783274510347e-11,12.814453125000002,1.6627403820731282e+296,112095,286628,"{""n"":12932795,""L"":1002261190841,""H"":37326283960464811475767543357072174530967686293705532309220352027059929348187109584481378480724281212401743184375879144357936813890182733839322934111361347172841447009252847032378741488881593794165979796382290867307126181038001929928850451271358190622317376478656399167220029250174213926112080789357186928774,""L_next"":6109524037146004344687237874959573120367161704401041337807918581771849296821301132910297738168641757843564528071155338505871074501164447308725326596216527,""r"":8,""rho"":6.095740404773617e+141,""c"":12.814453125000002,""eta"":3.7242072527166523e+295}"
13,291196,3.8521025318727455e+105,4.3266496810335775e-12,8.542968750000002,1.5679747844674177e+225,81769,209427,"{""n"":186749,""L"":22022799690251,""H"":945118131888387022031575274099498032079483517207828734256877929025071323544680703767289102861839739521347717269589507579057943873025389715464555550135243902249785169113002059709301656163850196718691888663972519676951657390299648,""L_next"":972171863349473317820885994018302523115088869377930951615031995778750213717183841724811371647611662189742022811629,""r"":7,""rho"":4.4143881660052155e+100,""c"":8.542968750000002,""eta"":4.291543968893154e+214}"
14,133326,1.3883839172255248e+113,6.517329480252152e-14,8.542968750000002,1.9360862634429867e+241,37679,95647,"{""n"":180849,""L"":935465680676765,""H"":6223666510374123568809712623908490874945493183408971850831777257112003576129991360116607002452456822203841538719683074129170208391334628760088617609482584930479600994696709573729547392950402596005803646379272534935153925258760900635371409946562685271848362,""L_next"":78890218090547344923111322567796663162525953266370109482184366199576020644788005591019464369088099380289796129221516269712492955,""r"":7,""rho"":8.43325626157381e+112,""c"":8.542968750000002,""eta"":6.653014256890319e+240}"
15,152124,4.802491161434082e+120,3.712083176229592e-15,8.542968750000002,2.321363172748209e+257,42517,109607,"{""n"":195305,""L"":1164482490037251,""H"":262425579635431560561728998030055977236770177988326861835775851531382913414667690720009542335811013116551189593421920492046477116758218819967806723148309898687395756943739023343249446149030941806653585197354740288895837689249659202496120895102345745182677460,""L_next"":512274906310500007651476435270176060887217462768480861352415059120578298669046974549163014973010795157453038662581798346817247937,""r"":7,""rho"":4.399163668782282e+113,""c"":8.542968750000002,""eta"":2.253581156269999e+242}"
16,130370,1.6910581330781915e+128,3.6443856457415624e-15,8.542968750000002,2.8576616153377267e+273,36813,93557,"{""n"":71889,""L"":41196881877112181,""H"":75951051553472910610105244998428384376283370092302698760209594682568942378029068684458112606433478777306644053496761545457580423329474754304007121518852993463140122333398740852305779778398654285962158751839212311946641391257108095176381800189753461701826861399911527380938462610273160,""L_next"":8714990048960062387508048546799713454240792986549176157671051556353668955746547466600102869073452473383109852765970662211344160777407416356555,""r"":7,""rho"":2.1154489494997106e+125,""c"":8.542968750000002,""eta"":1.8436116543972995e+267}"
17,205998,5.76068335549195e+135,4.575788256393017e-16,8.542968750000002,3.4765519161573966e+289,57943,148055,"{""n"":797929,""L"":108658705775947923,""H"":1194355927942310182632339300231509716522139171801549831666631734572706903707235357470730275759946682639682769932249908653771404781203948567408962359961077831077980519984205762308438981122093624365238789810191239044359564572199097169052056669741530334408340996787421130245360035353464504964246,""L_next"":34559454971719536402303720919946297587144120291546059677861086663094866819663920584168334077289341628479680767265386877986494605859651590907694031,""r"":7,""rho"":3.1805509484882364e+128,""c"":8.542968750000002,""eta"":1.0991810728953907e+274}"
18,183666,1.2056247842922452e+136,6.851642147297189e-18,8.542968750000002,1.5967142106953936e+290,50697,132969,"{""n"":2112709,""L"":1025579311849936259,""H"":54236911065186756561061556354050875669231590308959062900086468769198497496989511918361593884715054690851942975860266545418788756111441115135705586232347144020757415647778633468219381262468372838233845633222632899222669548131287983345074210362771171159155772980439933378997391190081896456990571028814164326428,""L_next"":7364571342935497461855289123011742802226442651771187247836331168716044109643071822575893879173683286144357443706800290447407328959742507021335250530903363,""r"":7,""rho"":7.180889140257042e+135,""c"":8.542968750000002,""eta"":5.288417037913373e+289}"
19,113629,7.824033358836189e+93,1.1317599895390558e-18,5.695312500000001,6.344031202547304e+207,31260,82369,"{""n"":12103,""L"":41687675000807435801,""H"":30489472880910201037176742153501164399647167621422593450408368792462955791878439697921087104966194914274311441002857942849052058111654803341257185734266229312788135572890255624066928507179009654163491065010944887919619043208,""L_next"":5521727345759676409882534131696532400758552078044739966919952547051063183016546590946135388994106779854321851905,""r"":6,""rho"":1.3245467264971548e+92,""c"":5.695312500000001,""eta"":7.313785880435802e+203}"
20,130907,3.953862133021665e+98,2.993731215050605e-19,5.695312500000001,1.5598251325211051e+218,36434,94473,"{""n"":198337,""L"":129891228649712147851,""H"":12771596592284299096998503931164305865647049323889846545032534322048250108006161630096516484579369028105412672449318240985197026656234827898410048715587709689149689689484980794986503877542862717389776095699073980422995216283006242,""L_next"":3573737062555707818423952751298802327045487205768648997924200612393839298812589529954602529611150443092080458001311,""r"":6,""rho"":2.7513305553474166e+94,""c"":5.695312500000001,""eta"":9.83253197698704e+208}"
21,59061,1.9521180991783735e+103,3.824716265508223e-20,5.695312500000001,3.884730151290647e+228,16132,42929,"{""n"":352923,""L"":1158370136560091293501,""H"":851895356793957450022342030186551436660626664165414308684757134496825443860507017391199377883306914095771956181500512268699027564472907546344298452824931137117505459099006277843287617904847234857144498579756757259587398193708763270093056474,""L_next"":922981774898051521663008209426087179376891206826254226265172013437717054555401346506531118414078976786587295354353835013,""r"":6,""rho"":7.967934822965554e+98,""c"":5.695312500000001,""eta"":7.354258625172738e+218}"
22,75441,9.769252227666874e+107,1.6901563343160525e-21,5.695312500000001,9.532947904621051e+238,20771,54670,"{""n"":742313,""L"":39263776607824295101523,""H"":228923788109798276145123635532171782371275645129195980089388472792130590095139131665195116562630749320879256595495044888418853696812297020406700485973687646438343311650547131286120559413698881327514492871915075223248933781790187399689038651102264785510328358,""L_next"":478459808249134209495665497143640577231772465716348664582506379204893289461550398049304023955231691852749581137247571644809708839,""r"":6,""rho"":1.2185781643678899e+106,""c"":5.695312500000001,""eta"":5.830406748600425e+234}"
23,64929,4.740807669858686e+112,2.2089808116325895e-22,5.695312500000001,2.3460607990794543e+249,17985,46944,"{""n"":1330791,""L"":371295206080905101961729,""H"":29773807713585532923581126113344867626998981418662408670872748963792930768904680061266068107579144333820223998156901841078196031779333276693984541725159227026150285647963505993952642512284109690765747211463737911353800535017174552278908149667418577024964645761049917794,""L_next"":172550884418439110252514954152389338697337478816029163125895252263329699790247098018603066548581009205475629755196605454486498651275041,""r"":6,""rho"":4.647269385450679e+110,""c"":5.695312500000001,""eta"":8.018904425902507e+244}"
24,54483,2.400615745515265e+117,2.83121518244024e-23,5.695312500000001,5.755923542386983e+259,15188,39295,"{""n"":25499,""L"":1403146750582450875251911,""H"":112355979420364113864703345918179034603062376635945854469634710155861880756893249607840133677524241028739043394892392178248081662907020779747759939552634817067583910972787437904924286568131403907124396916753931655527196490743462554759584119652599422483240813177435796866767060,""L_next"":335195434665157863430604431554715656471491990697800776143923565126828094474290901898252378884040727870448211311133899790726071937710566933,""r"":6,""rho"":2.3888836611424793e+113,""c"":5.695312500000001,""eta"":8.00742897161147e+250}"
25,70032,1.1368398587591196e+122,3.2125172744232015e-24,5.695312500000001,1.3791631745801435e+270,19196,50836,"{""n"":818485,""L"":18085599878220608966943581,""H"":497516826271612017267342258782574942336880056753847493623824579930288354790746017754172860927927526972604765443033978703490499296279903071949357335087962378333885064346737799086485436870867372069614709374700069738599399773891198436892168875302264418346131709593957325459741437216812477488,""L_next"":705348726710137343299778790862739195749944654297905678860038105095890290863437367552073235465625094751306414054311234936934243418827949773347529,""r"":6,""rho"":3.900057125335091e+118,""c"":5.695312500000001,""eta"":2.750900327451905e+262}"
26,82369,5.856653201824533e+126,3.7879794145959593e-25,5.695312500000001,3.5004285192363474e+280,22780,59589,"{""n"":81963,""L"":366013146232205007894444561,""H"":375689814328662492942713430443935869231903786239758928324722647807973911986854855715867938382720764014095754166608242315152575075581211336215327840999607345493295535051037638396427375214032401907622330667088580903266113440639008041253529906542833936125843827229085175842391085589029633901464266998930318,""L_next"":19382719477118335804713649034081272700631337463048216656279102021419285218844530462711525718783279018574703428059047176809869140128211677917582874412593,""r"":6,""rho"":5.295634781604704e+124,""c"":5.695312500000001,""eta"":1.026438034251148e+276}"
27,86949,1.1282362116583053e+127,4.515510868768384e-26,5.695312500000001,1.555027512004439e+281,23201,63748,"{""n"":10521843,""L"":1061112961063163813294855591,""H"":69233445401373372734620629917681750090870207569467787861319009932494773500244669202391611471398602586791176578358264203591462609983630083544791012440848656825218308844254337868048904431321760170270780018312828890432120430238551407986137203883443081090719509991341993679899546874532656907163607764614322147140,""L_next"":8320663759663250130810911979652142691418601003764016945813661635218981687808214166324773848852460382582305203806509034172985666654854876646463214103613265,""r"":6,""rho"":7.841449558137999e+126,""c"":5.695312500000001,""eta"":6.5246065161626255e+280}"
28,40352,1.2840673319279423e+81,5.237527548149809e-27,3.7968750000000004,1.6477606844733905e+191,10678,29674,"{""n"":3431,""L"":46663695195492521653810514711,""H"":50706104013917114554357305639677173526607409495500104961413306013572943748468989456591743729101788830276923873922109669065753625325730612577963446841616230989842276212343001172697753674498158055753934388123850064308980,""L_next"":7120821863655705476459786280137269190597406410093201301544513213264308038570810313042140104440196186926413233,""r"":5,""rho"":1.5259875656704402e+80,""c"":3.7968750000000004,""eta"":1.0866285621292818e+189}"
29,51759,7.862320322236045e+83,6.859574764468481e-28,3.796875000000001,6.491277322202828e+197,13763,37996,"{""n"":1241275,""L"":192129713158836010115589868001,""H"":2356654925617397196229710354441839090592390283887799070683082161498422781926153254390345628546761783207327726819256016831233435477324683825445855538850453570422298160533807298484048168648404571107610132375133328007351280452,""L_next"":1535140034530204412592562756170429782050871678045353388148943400692812613537411112123391025856652117814422073707,""r"":5,""rho"":7.990122971042407e+81,""c"":3.796875000000001,""eta"":1.2265957653666621e+193}"
30,59079,5.027091018288803e+86,8.110003385822941e-29,3.796875000000001,2.523405069336541e+204,15642,43437,"{""n"":4203465,""L"":1632630075828146480511488334439,""H"":26860659755890065593935286798626726210606377020963724108745187137149796791947003380377338594264578180515449892958179315665203429605621695987869165412807209577376334279648713117763703681528987428943064548243434467787281119205324740,""L_next"":5182727057822943621228985992779558547900717946653451030681382178739457802278232173736080188220522497480918827236207,""r"":5,""rho"":3.1744650147976855e+84,""c"":3.796875000000001,""eta"":1.6452385726304276e+199}"
31,33381,2.9604845894178873e+89,2.2497966742892024e-30,3.796875000000001,9.763462912786797e+210,8946,24435,"{""n"":4339199,""L"":78621289293522324884980041348427,""H"":160974876644640653381276782212770986591029631683726458933456304251558103744020306501621266030933692680794138916740898493219389026797109313372105084763053767163528169474715105062044129325154914465791858070733623870703474386000205574731039383890,""L_next"":12687587502935325702095084870760141896833949124575162120574251141651841165547279547571689105942508305937426205663342152787,""r"":5,""rho"":1.6137597865595758e+89,""c"":3.796875000000001,""eta"":2.0474718500692853e+210}"
32,29017,1.9794436987398261e+92,1.2606419572796462e-30,3.796875000000001,3.9171270536449094e+217,7779,21238,"{""n"":564501,""L"":572173773599641319253466814012085,""H"":565558912498865241482071823153706296720562749889484572782672348843529015681774613205727342306332425990838505735672289756698407874757258272178499823949964260348707597297505305783282117200165339759377112964453417807082739835151030516408449945837673898,""L_next"":23781482554686645134327573293755606905971455304508062357044972952540976599181615357283910026733833636881393456296721233188929,""r"":5,""rho"":4.156339149393958e+91,""c"":3.796875000000001,""eta"":9.884390697267355e+215}"
33,31698,1.2223763683388932e+95,1.197612454709461e-31,3.796875000000001,1.5389560916059035e+224,8463,23235,"{""n"":1340927,""L"":1334593623869614967432833759056959,""H"":351252412149120285254509688634127487550008063837351555658698453108602205692808615682236559517781955934709286275346017223106129482453073658101283262993938908817861965598590209994233736316139995521263769874434923753631644434283357652980321103860028306292,""L_next"":592665514560380242522836981218527500786112690335559694602837653291520342940807260670704583681665128664979419422439794857934829,""r"":5,""rho"":4.4407938413639654e+92,""c"":3.796875000000001,""eta"":2.6319053670485422e+218}"
34,40794,7.769333908425184e+97,4.8402463829757765e-33,3.7968750000000004,6.035056355172904e+230,10827,29967,"{""n"":205381,""L"":31854635549492455946285712622970001,""H"":10196878393985776056421089823027767700495348846356872342585156198415701220350268242445759813678081304153879409241298045274684579903536749381772539936606951190759624746502201690331173907891825772098187289922830735036051465874542376358491294875573688956616390832370,""L_next"":100979593948410072107041592794615117087896350696859398138844594814140611281931008279483728425470551421171495045284256070766685633455,""r"":5,""rho"":3.170012533702304e+96,""c"":3.7968750000000004,""eta"":3.201065784646293e+227}"
35,19706,4.859040057863378e+100,1.0562055404018785e-33,3.7968750000000004,2.359182105379682e+237,5160,14546,"{""n"":388031,""L"":644367152681647984017820462589581059,""H"":84257138982775416395655467925753990152047934233971739139373362631973164717375789701168129691357637285752687301634620946760665024275861432237852431415432430018874174479004097639382023790782571229144929022882063345204170579908701483355216670973906169182868498148401381425014,""L_next"":9179168752276832196296178947340036003249087625779345253429930989961446427703750961521215980209455336653645951490025094317271898413353573,""r"":5,""rho"":1.4245246229693888e+100,""c"":3.7968750000000004,""eta"":1.307595190600955e+236}"
36,20961,3.0096874913539167e+103,4.324226109308888e-35,3.7968750000000004,9.29480545433779e+243,5515,15446,"{""n"":240773,""L"":6629118069144434802039588121917130533,""H"":4101376448495190878100357400572695237321359718484552756692700033685690966225426389858695182498108018928051002306476081391634717068788037636767282170129937461578717638268295575891497234420191372261485394933873503150520049224167195215822117281762929332262269433720811323950636758262,""L_next"":64041989729357963461576111695679071059355499492801454211150463059582750964943675207030311517497593828434761421638086420294741893251948758631,""r"":5,""rho"":9.66071037826957e+102,""c"":3.7968750000000004,""eta"":6.186911148234416e+242}"
37,25316,1.881149447561792e+106,1.4842089510588472e-35,3.7968750000000004,3.579236121120459e+250,6866,18450,"{""n"":620669,""L"":13066726801021833827187953399139313563,""H"":709400876635689840360459437674505976663089973631850732352839498376636786249702625071962360660461960472857142793761961468131179692172978833236224908574613764165987668703093772527625708270636412693889732757583864748171620937977091207810972739626790515751426695443524210069710004800428,""L_next"":842259387977177634237268114187821946895914175343918904784314009629088772283299222948149384564835301495340292299536526421053968745012074054481,""r"":5,""rho"":6.445832998600016e+103,""c"":3.7968750000000004,""eta"":5.4290633564039455e+244}"
38,30462,1.1889035553743072e+109,7.2543962743871444e-37,3.7968750000000004,1.4100300167588673e+257,8069,22393,"{""n"":1018027,""L"":311225336559389380534911482979696124815,""H"":20266925243307336875448079238150952985408854646259220869015607429701544579276474530237391597985931603333378317621991267454991627828319711568348465141658682176578581929018741580651297423724003252812737190830794046603397756106151568024996145481532464356096877373927144223697080302279012090869318,""L_next"":142361951529568942178253846487240776751778962243102641090077619467383912692818683525484995308321584148686478712940912746568229478080498574381693971,""r"":5,""rho"":4.574240423462529e+107,""c"":3.7968750000000004,""eta"":6.511977934495674e+253}"
39,31586,7.456191064755233e+111,3.1081430805801977e-38,3.7968750000000004,5.548125675826509e+263,8401,23185,"{""n"":268315,""L"":1350137198458698373233560870759587399665,""H"":1400577678233210426995970692789162235800973598503640854176652060077256468977537433769123362754085657423278534489647306014301135608205063944940672506420871190337437404762275563431704990977146374480650930543350215768950445652155095723463584248969419257550237648031452017438179765061176636566121419974,""L_next"":37424292621681046638218926674655942780196868351389353636864450387026512199697730285689144473114550571130076944602379576806935786467120401631326495545,""r"":5,""rho"":2.771888121029789e+109,""c"":3.7968750000000004,""eta"":1.0373595215598046e+258}"
40,30040,3.2899656336847326e+113,1.0782390631611053e-38,3.7968750000000004,4.517066337352646e+267,7719,22321,"{""n"":1209813,""L"":11067663436115489365389849938588154759853,""H"":12149259940886179538178947721549277499618791551811932886070001940634563585819610815090620894100757510874214053042123400145481557197305919828723416403420973555407418495684044338937684347642409212585119307787055573709680628928687971097500469593545584276515074315835955019269112654492794607818298914234281824,""L_next"":110223681397811149039403054510124406571495948428651143313027990075219361054772855607080634325494556323360583416116265379724491411870092111030710161318843,""r"":5,""rho"":9.959074201527878e+111,""c"":3.7968750000000004,""eta"":1.0977258218063692e+264}"
41,29562,2.0470470593811075e+64,1.044207589232171e-39,2.5312500000000004,4.181764200030478e+170,7270,22292,"{""n"":2300049,""L"":207589416884298490420468016890944205429735,""H"":147350417406316059603356275821703344927854774531555741438065203745925809207993804382601088803098463639573198369372864702648980466514644356843553817648571302136068229625600676907120113475714625636531764788633032,""L_next"":383862498046261429269936335358821666696839597586178483525103573090387865547028300580554301865302318676041,""r"":4,""rho"":1.8491429081869336e+63,""c"":2.5312500000000004,""eta"":7.098166159811649e+167}"
42,15456,6.968448211197909e+65,1.2338589017266471e-40,2.5312500000000004,4.8575489782310195e+174,3900,11556,"{""n"":43721,""L"":2167893788374784664043231463028269910153959,""H"":21192997165758008487423844352049958462758890673279329907723005614840891437298769413026685563694365845698540988469733598885961874286766419619693594843799335151189546061099359417749940154677999149765479839130324731422,""L_next"":145578147967880153573571219691545288699395290933441574754939241480592503573025350265153701235445293659670833,""r"":4,""rho"":6.715188204723646e+64,""c"":2.5312500000000004,""eta"":9.775846620994226e+171}"
43,19975,2.3660769890911592e+67,1.2912478088216404e-41,2.5312500000000004,5.590150981802975e+178,4894,15081,"{""n"":111099,""L"":49367470442125109208481086341492874506572071,""H"":157777266914823964377198978648190244374925070983581671649948754414666392160089600732766927715714938601370194906290125844009057801023051202324482546885983882022032427942231152869033337379831157189375221095948646430987503592,""L_next"":397211866533244402236525061579607128704104988579104693977463829782824240033597948192463271133960604551786848195,""r"":4,""rho"":8.046024294457363e+66,""c"":2.5312500000000004,""eta"":3.19597632817324e+177}"
44,20326,7.979848814997207e+68,1.505681211859503e-42,2.5312500000000004,6.421781076006805e+182,5050,15276,"{""n"":267801,""L"":103495671043093461833676267598190195001801657,""H"":6691809364310562231919016502738417582284341373502701659011330264135684052185451087967090315568315020215877136188786799566132847018504203577068958276159983397144241799753124753503999052386491051351574243726861361580794335088,""L_next"":2586853177957837295533832343593973424232000824625682518120945451419132761719770725745751799480613624360226831165,""r"":4,""rho"":2.4994795935771315e+67,""c"":2.5312500000000004,""eta"":6.4657867298857656e+178}"
45,20713,2.733146303744783e+70,4.976717700140864e-44,2.5312500000000004,7.465166014082688e+186,5140,15573,"{""n"":727311,""L"":1317444468739582958417629866524366467490543755,""H"":2622073504474066721035276188751655846430234655983345039957927746439354398090890202627274610024299440025587601949445998208990199535362151194879752295615202541767743941756295093675009216588650518173646358380901195178654479156854786,""L_next"":1619281786618396668809582271419703248468200507809341957462566296456327919010623544963866398065510620802801332983291,""r"":4,""rho"":1.2291081901672756e+69,""c"":2.5312500000000004,""eta"":1.9902725061213701e+183}"
46,23676,9.176948617254293e+71,8.86955864249597e-45,2.5312500000000004,8.434540775198797e+190,5917,17759,"{""n"":25007,""L"":23876563279128269523322508753839056968300112059,""H"":6144440146039651317775264460609240710531060087256676486727034062352368518970173388223197782379098607629315404925685837530663153068677194853374315752627094160466921163152460212946076394937787474310948063142183602818083925787771792686174,""L_next"":2478798125309854940825254653655068955537472520084602742546187246348174489352104940402466922422454335887766402021408315,""r"":4,""rho"":1.038172075407812e+71,""c"":2.5312500000000004,""eta"":2.5734189942699258e+188}"
47,9453,3.1441070352562815e+73,2.0468998180227474e-46,2.5312500000000004,9.973076646424193e+194,2323,7130,"{""n"":329299,""L"":602142949364000488867323010244300684967200524621,""H"":76688325085265049376764441121456091657896445017644175762063112553811808967884090014184606726359388211596037051969618183117681915995762767556490228683407922172062749909184812208384867605668322692792569916474869343524778255623085088775823201146,""L_next"":8757187053230337923770245264985394639327485791246790019259084302913522730664159010368357583602803808890060501093111744273,""r"":4,""rho"":1.4543368916766214e+73,""c"":2.5312500000000004,""eta"":1.2735900198825762e+194}"
48,10931,1.0707507685040437e+75,6.235810471229976e-47,2.5312500000000004,1.143818102890836e+199,2726,8205,"{""n"":189023,""L"":6212569864861860898575444534725958173858630871785,""H"":10373752541317699409244018970142384746628808465890755107180693783346497780733309281124735521970658429887381286730066454335143084192988140803847052281111473928918613604142926534174814746943830745789908892570421289818924120845883801765301888013825966,""L_next"":3220831032717751775674156408006655749991159246054807795927941975405638404950981785925563309883297208059475641843999177013805,""r"":4,""rho"":5.184377967215614e+74,""c"":2.5312500000000004,""eta"":1.6698005442146225e+198}"
49,14409,3.648387351531953e+76,1.6654495354196615e-47,2.5312500000000004,1.3302745213364947e+203,3653,10756,"{""n"":534361,""L"":39839626298293416395793568600228568714608179308197,""H"":126356033298049536207343379254102550402527424953288941525490608035824378266774882528622335196410880833837391917002776025003973173819879013692432277750117337687959683293690358296268838893826671017182273370463489816691837824820603501771941910845385695952,""L_next"":355465938309213441586814468277042380259113565711771529781981939556857577864330022035234459135122631322516650232021647342800943,""r"":4,""rho"":8.922421501841253e+75,""c"":2.5312500000000004,""eta"":3.171616931142303e+201}"
50,11633,1.2404097318927672e+78,3.8795417353227906e-48,2.5312500000000004,1.5381887165100343e+207,2994,8639,"{""n"":604563,""L"":116017777709715134787434685831321813003805475680101,""H"":28291468851200631371920615656255594550092607714647799794942235205468320945323484524108501498246213312514471971134588803261462961898333524873564828052693607734526288026506406552619416115032215203365379994976964385618967040619953017546456893532661821751706,""L_next"":5318972537173004747635782445623019558973169866935618876964514938386544346196748599856729580196005573133319726794663095601263251,""r"":4,""rho"":4.584618531895567e+76,""c"":2.5312500000000004,""eta"":2.438546006456694e+203}"
51,14932,4.212845477256836e+79,7.072996656196963e-50,2.5312500000000004,1.7736742252812314e+211,3730,11202,"{""n"":456289,""L"":4246729230801094290293989813026384995836226121549137,""H"":2328232075753807658273294827080142526289609373210705994536828519177483768961237437997707176362781737801405724995423150408237210027209263653036926610250382392744069447874456356064864522403985624101422490843196933908512519383384832962015501527827396062077061502360,""L_next"":48251757229698978687052515177894319131890100579529110333380506709718100083699068946101313916411599872059276724630275164501196803019,""r"":4,""rho"":1.1362098831197879e+79,""c"":2.5312500000000004,""eta"":5.4824123442280654e+209}"
52,14373,1.4069764257291298e+81,6.452521030024035e-51,2.5312500000000004,1.9560195807063335e+215,3730,10643,"{""n"":551527,""L"":23938913851853459691865879641919598527005724345709357,""H"":14764414762277834623623908169798347965454867649353504819353230666105853297103789534940364863414205090966806178588864327618289374488648552317258134058932828255374553112113538750593470070151737398543693009861403597577619611991616624041090514788469270306631382644444958,""L_next"":3842449057863725878393328791085130653230517770146787071599204826584972369452583996775433517293270169765225503719996772683723368577959,""r"":4,""rho"":1.6051058463399023e+80,""c"":2.5312500000000004,""eta"":6.1675374470403164e+212}"
53,6635,4.8112059964708005e+82,6.316828834659441e-51,2.5312500000000004,2.3658111566829884e+219,1703,4932,"{""n"":397379,""L"":650221732058955813277388800876192186037207829983553917,""H"":268301898452175952211138814558112165795115488730293651730341663602676910788837449639756030205505017876754540548239558663334829377687667032453835982818395383414477867593469668859698589613887135242915708461188309414077194600748153753701298900487584562121894310501327790430144,""L_next"":16379923639998324247717274820884526807735071009724255547654436363951024052125633790222277146757720435622763788209095561005629418489305187,""r"":4,""rho"":2.519128911322384e+82,""c"":2.5312500000000004,""eta"":4.126313920677276e+218}"
54,7657,1.6430991138596983e+84,4.30041672086734e-53,2.5312500000000004,2.687274432306898e+223,1890,5767,"{""n"":416281,""L"":1016306088925793478950278426997765198495300519675660995,""H"":2573722212265470807872279012142955355751076884499895789792830681148542825609701349450460580290085487308510179379527964301054407339270581612183076714804084476184766881966536529222451168629861771957427611400676425996338970116669621792637152623032982395861468973640937135661052,""L_next"":50731865846482236473467931319091785577178235096570110572242290162106137569791692594592420997340487339312387801447944713003975446391210037,""r"":4,""rho"":4.9917900128006094e+82,""c"":2.5312500000000004,""eta"":2.5324282126321036e+219}"
55,10105,5.599684768475753e+85,1.9904151760772517e-53,2.5312500000000004,3.1286746764730713e+227,2599,7506,"{""n"":39137,""L"":72936481698394124735008256789261924757211605172235599125,""H"":6399677673060190481452808072556544048489734314206938905129232750484986509688187692303474512154195290358696183665142093871144027803989053132822016632779110781667325095865010162266808006023449109815859885143495058372426883691971097462415771893521915232477968883851604902510636627704024,""L_next"":2529758421877510121683430114946077636023393358331104906232879568174193417908249816054786643455837755714345670029863512455197475547746378960739,""r"":4,""rho"":3.468440433332842e+85,""c"":2.5312500000000004,""eta"":8.774316397004238e+226}"
56,9450,1.906327451493541e+87,4.6992004605205535e-55,2.5312500000000004,3.628337337633643e+231,2251,7199,"{""n"":177765,""L"":578576128134171062329930027764429405060478592855773192567,""H"":228796873781041377571754206871637002435772693299767609617875398719596090893968180006294596124485055545101804137697273312733304094146078206144386232474347413795648553646369389846286986585119995589172466550973998212739128857870218691182274137492835034703186294454554433906328793720306804606,""L_next"":478327161868361159003579042426150162291532541765961769281341393479984597075902628496678049749798590290074129720068963639649136996280371976763077,""r"":4,""rho"":8.267315891702979e+86,""c"":2.5312500000000004,""eta"":3.954481746747486e+230}"
57,10723,6.48432986048921e+88,6.41607796431487e-56,2.5312500000000004,4.200641029834503e+235,2739,7984,"{""n"":99401,""L"":5012161229713404842690877468629309700277309138219943946029,""H"":12775465354921468722019721841769069570085667288340527719681143673087267376587180396235526557415161068292473678809947980363182693779036246475310062352621494245717496828610253568111538234679858952010899942706481564092693055296300140850104889852880388899268097548783187775660270314055902974672118,""L_next"":113028604144798093326239940160875463312788540393732715543384163847224236230069443536996080517657870830293120377135551268927388607681023062238856575,""r"":4,""rho"":2.255087156309636e+88,""c"":2.5312500000000004,""eta"":2.5488935350254025e+234}"
58,13578,2.169401570733194e+90,6.947659427422622e-57,2.5312500000000004,4.821755176515197e+239,3409,10169,"{""n"":261327,""L"":37295107350794353014784478009754421491054499083035333030661,""H"":330360069796012591849400553113478588948322380022763364544820266033062310454737329353420086266922463205695430519624534494377316015222648738811136268970798594308166709627545128629437806819294614764222426002550524191262242829526397133158419160778475569647889442307499437223355612615002941527176574436,""L_next"":18175810017603413315266840728566283550906263396463871066822458545060702023692328357214100571775137473606732402579564388745937874825489038973017627341,""r"":4,""rho"":4.8735105778469586e+89,""c"":2.5312500000000004,""eta"":8.858000238172694e+237}"
59,10047,7.343368547398327e+91,8.264569836298213e-58,2.5312500000000004,5.556175282362507e+243,2551,7496,"{""n"":1382043,""L"":661811429711436689866316701046098473873960376903977796907227,""H"":695772417429306957184787407845472371323566388378958376326174804086312420473861079403582953113513238952103220088043196561997662505602806717446034886649093504856594475895333097638228456454099153731804313094524289428377348612930896171171922940032711971145146269280527552177639120669007815366736342807253208,""L_next"":26377498316354926026425026866851085205350229145096013370494719560342199021794679384691352977183882254334140143098116921660085432694765748219136736298229,""r"":4,""rho"":3.985651672388924e+91,""c"":2.5312500000000004,""eta"":1.0513152027801605e+243}"
60,9634,1.7259304259023834e+93,8.698203259846924e-59,2.5312500000000004,2.3095701820754078e+247,2356,7278,"{""n"":42201,""L"":1201243056493306811946867932560327840921557113456163026602025,""H"":14227591338309091074442268746962565461754657528873013693115881175977975095699330169114930415461345515881001386213823170743940809849227453649696913395448497236976601143857862546712312799796150511268913286886213904556206946233010241462927420909081225458393449146134195888045988987933732481378760714360155764,""L_next"":119279467379382152715820950757904021565235978809228295807438123340122113585069608038020096588873698164795928076294211977814439747108591922403544165668951,""r"":4,""rho"":9.929669664654313e+91,""c"":2.5312500000000004,""eta"":1.1844057088531746e+244}"
61,11914,4.208420786973723e+42,9.180433818476548e-60,1.6875000000000002,1.7728354825933005e+147,2514,9400,"{""n"":28719,""L"":10148369579455045137284479102613070644378650920239952632029029,""H"":78811106949981482539883084077735101545303537031379800131682571131798532724974674139577643486281635158541528818692877949535489685340888624723785058270267762684268539194035043382838472806454737220456074939160,""L_next"":8877561993587061543403318638024633108986844330880266887288334200238362710971542545888768655612240989967,""r"":3,""rho"":8.747771673155576e+41,""c"":1.6875000000000002,""eta"":7.765888533418345e+144}"
62,9161,2.021459106573455e+43,1.2603392788909347e-60,1.6875000000000002,4.17935331023645e+149,1982,7179,"{""n"":12097,""L"":710602787444203497654146756570136553565231506614881847010949371,""H"":133119234101435722851480380846890178689820222980744536656326581980232044904727309586416019997414911965996756509465028367076593440577357368330231909143511503704932495272718688968763940299945643389240056199745326546,""L_next"":11537730890492970882216397428739862275603680292826346471145168739610407463253028891865404719051353854571279,""r"":3,""rho"":1.6236540433496278e+43,""c"":1.6875000000000002,""eta"":1.8733283411428812e+149}"
63,5627,9.999796829676229e+43,1.038601850860922e-61,1.6875000000000002,9.999298156381931e+151,1211,4416,"{""n"":148917,""L"":6035403651076743192495037319008359401947627782837304826661301861,""H"":181921418729132238853970815850722011909096012324940585001736508269220864545670381605901184368392258853670556517211231443613345191091448632275987925187775096540322700786258213735918471508292057896428785068794422998440,""L_next"":426522471540635522063366326289047211915920364749028822195202039128092821103609667165126761840150812913319199,""r"":3,""rho"":7.067008210205493e+43,""c"":1.6875000000000002,""eta"":3.01423780821481e+151}"
64,6468,4.824690622412815e+44,1.1843905015966959e-62,1.6875000000000002,2.3539509650621458e+154,1338,5130,"{""n"":190415,""L"":16626551846084557263865417408450651662456740754656498797800034673,""H"":5561697889447848583581785514662856028538566211880919454375823392662886619966686529797834970013561377897636281115713189117780907738758413089862125044500821301370173924985596523741117628649927848646179551751205109564222,""L_next"":2358325229786563722497305952603629866477996195920635732908100074662025423255690805331158464872713868861453947,""r"":3,""rho"":1.4184090914448588e+44,""c"":1.6875000000000002,""eta"":3.3450699465130476e+152}"
65,7847,2.367802202022665e+45,1.297427624703155e-63,1.6875000000000002,5.5970963884625025e+156,1654,6193,"{""n"":265577,""L"":951326343470495421556031265671523363544521809986584330490965886431,""H"":4751843626346071404165706120893143699804381056822673141387145405584949855562359143374843256340023775480567275309945454293138987678438027005613402559510751801084695016756388529464477193606353643529645314276435431403853208836,""L_next"":2179872387628705068039020959972184308699485258832868685010449317142132333348985119354361470016991598292501389509,""r"":3,""rho"":2.2914033681401065e+45,""c"":1.6875000000000002,""eta"":4.994966931128031e+156}"
66,8017,1.1536360978187897e+46,1.3984337939716437e-64,1.6875000000000002,1.331365148507662e+159,1665,6352,"{""n"":1301203,""L"":1286737525859264041087150704314860083444292155285368287558746536125,""H"":13168267423369524560978977512948312907986042178480658497661669467069427955046584470494521399765946748563810010151069425232361377183603123301186785849568106812532507567981180567245758438851555824134837180226177919580374530582,""L_next"":3628810745047132457437754313693781678060609356345199211637867112020248366963567996771246884480878563003640208899,""r"":3,""rho"":2.820163920084531e+45,""c"":1.6875000000000002,""eta"":1.0233841135996988e+157}"
67,6621,5.604030849515751e+46,1.701486341943178e-65,1.6875000000000002,3.1562972431229984e+161,1426,5195,"{""n"":82603,""L"":19278614298728522267778749119257085805563175970694659708020840036005,""H"":122216790419642342101043849212726902376919948859480521323041190011100992148787505095304393834061939983340068620686852020144013280824885638960130248555371887339764604212347339169240795723001056894239924120952893824750374353384054,""L_next"":349595180772908169820385982206088032940755396961037695129866158064220909957027786499742315205504115108866677145359,""r"":3,""rho"":1.8133833446523433e+46,""c"":1.6875000000000002,""eta"":6.339500781843168e+159}"
68,7819,2.7092145507961757e+47,1.8511017429688429e-66,1.6875000000000002,7.378641287824382e+163,1681,6138,"{""n"":395967,""L"":122560660989330028808975298265517064929696219097485734254245759559067,""H"":62832587396225259138141464942408327921246765767591611811974319649316522441631007022961867346768233408149304899062052786441449180304049298896007821067425255165909981885900988438937377894663733208063188198672672837491094076477261426,""L_next"":7926700915022923907249560925113114441842683748612078239091735538853216572674867360153945704372390016641840448189701,""r"":3,""rho"":6.467573568090509e+46,""c"":1.6875000000000002,""eta"":5.126652132016111e+161}"
69,10046,1.3307807874865506e+48,2.0906974342025438e-67,1.6875000000000002,1.7697599321512982e+166,2087,7959,"{""n"":62317,""L"":1319147181362277797652693066094779136406453065791932304039974084059043,""H"":190980810325091159301097464075618701330306009354100098077155206511155622658750942897414894291026692013402083137547854926344998570908753477878383371603057150411234079582651828607353100362739265341861758707157724186650538782124486657866,""L_next"":437013512748852148466656476988395025610550652535576413455833558673690743665212906760634864516585697256602424850215503,""r"":3,""rho"":3.31284877778043e+47,""c"":1.6875000000000002,""eta"":1.4477596815835672e+164}"
70,5075,6.406325586789036e+48,2.1638198089958353e-68,1.6875000000000002,4.1706209663262326e+168,1039,4036,"{""n"":342261,""L"":83131124472160433825568585814342975082802744368101120374990926807153017,""H"":226048867565222813555880862626073309459168471203303092712098097411247325438425427268824007195128087638927275831700761069701278594731768330726619563307640783950601776497166805112917737117530385929721205105235139048404440528973845020681566656,""L_next"":475445967030137730198658494293786045821309853275891117796460555041927313762571540091521676538516859502359043218094730105,""r"":3,""rho"":5.719229350606927e+48,""c"":1.6875000000000002,""eta"":2.719184529266457e+168}"
71,3443,3.105897448238185e+49,2.449043974621746e-69,1.6875000000000002,9.924489868270582e+170,734,2709,"{""n"":404183,""L"":700215166778792636803477767321582064484280068247249553181360476226032655,""H"":300369863925636648321081447843572751520469124324307235155105493927062320244791503013155651351495091992927656638976258522524430559151682315279408206767593380299064870920176429691938936203650789962758646932307995131191021653655669086425619262458,""L_next"":17331181838687073458094813681186719363207883649724864802080179748560949670938505405939439384673312979932315584148285452877,""r"":3,""rho"":2.4751223139618493e+49,""c"":1.6875000000000002,""eta"":4.2896794896264727e+170}"
72,3907,1.5289592963785473e+50,2.654944809464808e-70,1.6875000000000002,2.313539015976839e+173,806,3101,"{""n"":25029,""L"":2033786489682715034035918698626837667827856207838100653043167292049792937,""H"":10978185966663911692885529296663658591746369789519926383705351888499441106388627129577787858661135372085246858965786211959514651106274130928675691289040948038321723069780501927969504697539374951033417680059393491122979615558979998844823549330808,""L_next"":104776838884669123677153107583575090745905069256702508951404861392541541431660015570857667175134240950124641286603791561189,""r"":3,""rho"":5.151811137314372e+49,""c"":1.6875000000000002,""eta"":5.39790485498632e+171}"
73,4720,7.44097192524847e+50,3.090860585351108e-71,1.6875000000000002,5.5802004831093894e+175,1018,3702,"{""n"":11239,""L"":80885388239358687138250587744224550358131782768900085094262119887253048481,""H"":2748283313931997425766644228725826336261334158979626355217709034425322390940247322000586960610536215784106605992332532689877251410235214697939008729197114266004102525586436136701396190349785846565272309982380937652329483339747753296627338268734526022,""L_next"":52424071893854233743038126973885590000797971816114976746768679009473266882321999274546164501378335406719410281897723474566085,""r"":3,""rho"":6.481278390939932e+50,""c"":1.6875000000000002,""eta"":3.397750043307189e+175}"
74,5671,3.6340087343618e+51,3.5037366451126426e-72,1.6875000000000002,1.3112846465979878e+178,1242,4429,"{""n"":629419,""L"":204288001777074027195938106424311516409759789445256332445822686274954240043,""H"":62671437171482129840760195803660586279648014589802705669972414220947870848145346384124199360906962568035887518937598704085738576216028219383316611794515826627543742157480168476393821095218105713297903038302456116693007460871191267842811572540191597902,""L_next"":250342639539256535819218923349122409357464028919564419318724496224811076932524994257411009659863692049679895802926846632174087,""r"":3,""rho"":1.225439758387959e+51,""c"":1.6875000000000002,""eta"":3.0677982371119047e+176}"
75,4096,1.7726219959042262e+52,3.6864352370920055e-73,1.6875000000000002,3.127658820243231e+180,839,3257,"{""n"":316671,""L"":1867825949412785025894601092732376020687715094260344951468508284766470672009,""H"":109839959940824451098637870389860308756192505936850238866409805858781215309768917757414639110837218174247287850104689209557222686365930082991711561256738396969235511793793076498356475164516284481910752559673984013706042723625950357707268348822559072518376,""L_next"":10480456094122261580967361786253177064949347503816104519970292988224175116218715401164465613672519410698758735927961406655399931,""r"":3,""rho"":5.611045342536949e+51,""c"":1.6875000000000002,""eta"":5.88063143545877e+178}"
76,4781,8.626530132653616e+52,4.070642509363899e-74,1.6875000000000002,7.40034782620127e+182,1020,3761,"{""n"":194453,""L"":17576093492133064070170181155820236152002517159895492621704030490139852098639,""H"":212135301166676661029796083655532809815771711697173272588572200602763098614620833603399703081258832949798380873944603136898721235777442901221365343630335971411116437361758442556302194615458506117050271335037401693399303294850279231500734639521681824117897802,""L_next"":460581481571585399569165715821398801466392877270404255517198067788912475063355256060397787255253812313969350319952522529424648523,""r"":3,""rho"":2.620499724684205e+52,""c"":1.6875000000000002,""eta"":1.2069536456529827e+181}"
77,4954,4.2006870993821965e+53,1.1828446852199958e-75,1.6875000000000002,1.754678335912759e+185,1104,3850,"{""n"":873113,""L"":147996690455586513088153692166124874163125313472098910971598263639093197275069,""H"":281579162216269170906312166979703497498534312348972857659626220149141524997507965646114282166948963179669870194816053667536905191374376028820804831278880909514874629607523229825161132009051537763988864695768838213145542566134814960688069327037883929863349114182,""L_next"":16780320682760182903092575383403785466527393711494401487647935701061012528853946260806360986194323006893706742338846379548354188903,""r"":3,""rho"":1.1338308060203495e+53,""c"":1.6875000000000002,""eta"":1.902604452501392e+183}"
78,5685,2.0484349887765313e+54,5.0726961381808494e-76,1.6875000000000002,4.180966041085451e+187,1249,4436,"{""n"":301087,""L"":9599466617966144608000932719024287825971300707454535758244746334825949169760771,""H"":367353322036916787873649774564404215893229095998620349933585741552877980790944511407403875263935768982173812879656150749170601303828477074326444832201982917916647497917726056908992020797753364879359541151141365600067205969696639008039021631240999187312737436290352596,""L_next"":19166463472349738310072507717527865130716576380723497518179040299250792364219511227967637014558215286596689807812326860159322284495753,""r"":3,""rho"":1.9966175450288267e+54,""c"":1.6875000000000002,""eta"":3.8268097245047615e+187}"
79,2088,9.993849701309608e+54,2.2943177087804604e-77,1.6875000000000002,9.978769545880474e+189,436,1652,"{""n"":341679,""L"":59439982275795646561689109346111609602100028053287112928324074701365000497069187,""H"":172788770940436516588939409752652392940535902180512233417755834977460714908296379058806478252553583140824002929391594213271783314387860991874013814559473497751659458650453770982415674021924972616684306736874317185481485091747618890450945604204730691288990252585595820016,""L_next"":415678687137597321137138776336318988930430155117596417549909742403402760306008045403408160590055296574994072434297847348308112354452229,""r"":3,""rho"":6.993250523004689e+54,""c"":1.6875000000000002,""eta"":2.9069451962269046e+189}"
80,2014,4.834969213229576e+55,1.0733691449254156e-78,1.6875000000000002,2.3237076660575816e+192,427,1587,"{""n"":1887523,""L"":264318210319941486852939793436340892417036133464378911175224360878820469518974823,""H"":26587586271939196036758553514041306045390279047592701566628807851983146072178248275988170686185074254405119044227440278761490305835639617827167475535866125166044174337974728557765844114118877912916894711804073170880894257187763632237877506839290783490730147116348021749372,""L_next"":5156315183533605137794562457699994331161779292308326400162859346329918726809827759958524047066003384248420025300319470636461207280419607,""r"":3,""rho"":1.9507983113581892e+55,""c"":1.6875000000000002,""eta"":1.0058930952867948e+191}"
81,2277,2.3711459092944683e+56,7.084454777998746e-79,1.6875000000000002,5.621547359896085e+194,488,1789,"{""n"":911843,""L"":3602825932979758086580517027444270818481869647973852705716711459020347124257378027,""H"":179337483100082792565390455340153859591259904030589914741129569225161012490500634158066158679346429204452995720452188983094235513129580172436087288977598680551705279580613713250382702059337478290115070081456410705307434401583099454951222966339391051866622124316185423963068766,""L_next"":423482565284667643264551857310063878518606556883546546430761761590885138226254843671883692518361927210019564345211561601883660191871545099,""r"":3,""rho"":1.175417778050747e+56,""c"":1.6875000000000002,""eta"":4.977689359301344e+193}"
82,2769,1.1519388472681625e+57,7.96829733919344e-80,1.6875000000000002,1.3272359003069944e+197,587,2182,"{""n"":446685,""L"":36572703969886999330209502718220010299081868516399191164502212836471053448427091483,""H"":447357902618305318261611881675473865367782614148324933747886343820036084571324215280054605625854785648254214298433195868555663316242062959974045937108849379024816232985131748178805586907838764700725162665273075495445733222412011692653478021232430794982251251945845128654751093438,""L_next"":21150836924772157068828612541396848195049465493933468698673911040173985446258026103906465594483979157032013988820868342390459173316946972655,""r"":3,""rho"":5.78323028622308e+56,""c"":1.6875000000000002,""eta"":1.2232016068230777e+196}"
83,3427,5.60293823288085e+57,3.7437598582924146e-81,1.6875000000000002,3.1622219988697153e+199,752,2675,"{""n"":588809,""L"":151862038300075109636295184616333625135748776523511750676445035325189780364378558193,""H"":54624960178100031945698424927279117456069986939710193162258425398632965153421479912455163307630417330093794446406597346236500117272157208066810368183898322929697212457706398766310370490052494596102700993979323372040508794661508334738439439414105000345216997432689040340100971831112,""L_next"":233719832658891042484492755969843157290335120952120554510751984167588063915733716189375575697381262465789107472247039204282306439562620370145,""r"":3,""rho"":1.5390273650684658e+57,""c"":1.6875000000000002,""eta"":3.5970121822125586e+197}"
84,3021,2.7334348849212627e+58,9.687290587588548e-82,1.6875000000000002,7.451891642151208e+201,659,2362,"{""n"":1439173,""L"":1856743355255116972832182684404436319929975506146461477506756868130569793450292009951,""H"":255292225636120012731508786045132211717444878502482293382838656228653133869070280225896566536731731555666993577650649662813010966187341839309357441616700898019048909857792471538857186464049705086639749943431026180822044873101387326646688942519534269380534120141913725567046106488647782,""L_next"":15977866742344549067318478452777115366957525119291855221278341100875610626734862847648632046800594090574361511048654716632341748017440578879245,""r"":3,""rho"":8.605317852422952e+57,""c"":1.6875000000000002,""eta"":1.374946219215325e+200}"
85,3062,1.3149316687174371e+59,1.3278851895334489e-83,1.6875000000000002,1.7490808012709502e+204,659,2403,"{""n"":344381,""L"":17421851787494398912379127200913277863047383375662725406370265606573183997239207445411,""H"":488307407308399323964333475075762607390356939747445329543334048462632719384684898654046357375011827928070975432576725498959757872223060432967168576205054556045483040517736975485346006707365083421612035272646149641681756773536200265220097814123298032465487788172956710922943933719899768450,""L_next"":698789959364328104800085219261529721555619672605127936342176517222790303223295874792973792106360739935743995380992686870370654494508086767289487,""r"":3,""rho"":4.0109970391662235e+58,""c"":1.6875000000000002,""eta"":2.8028444580094057e+202}"
86,3538,6.257208098856212e+59,3.6524472851302635e-84,1.6875000000000002,4.119782002591836e+206,772,2766,"{""n"":933303,""L"":116251214220398717942100426412115659038619797548384073841566902639456546388401328270909,""H"":295608252943910947242939872225865823535303732080892724117597699208775539200477916898248388595150528236709499019881851100756651857879710129175691467514937948544439641646762280125182307279593070853385786716329688770064883836795562624846273450398964738832775357464193071846077976678779494460018,""L_next"":17193261847128105297096143889686022422246907636335132442211286138103224508852069284466247516563919193924985052168573899755163040939205947052273091,""r"":3,""rho"":1.478974818665695e+59,""c"":1.6875000000000002,""eta"":2.54284013226281e+204}"
87,4066,3.1558335958988944e+60,1.3459676352500518e-85,1.6875000000000002,9.92977942988654e+208,835,3231,"{""n"":1153113,""L"":2451994658225195837756150177139146316091115219515234006000193284876097826390177442818439,""H"":8702186348843387483130821646399100523848653289593992765679400930170851990202911272240529511502192114188373357044357723233008530223296963620819932631358127851627245262616240573122309613334125505686983655061099328070963812006585039032220268382339285398143137823678408155421065686042812106836170764,""L_next"":2949946838308003726648167371274156757631101596599793664562709930432152108297965932957898300761287070411440694156260326113290458973301454056948206205,""r"":3,""rho"":1.2030804506088263e+60,""c"":1.6875000000000002,""eta"":3.5490233715036755e+207}"
88,4238,1.5341757131796456e+61,2.329034935109389e-86,1.6875000000000002,2.3409208007421987e+211,939,3299,"{""n"":1355911,""L"":25341813436995642158719826544998595374816871521731724217487486990649920187885513825858721,""H"":23064933225871760572530505264258269701591045673218580335375872644348819425531793714298691989614902163736998640244251012367584279631469371152213477201155430662151176570963988913548755205556058758826069750951391025167089846516720561438972607117536774251215320975946073687805540021791120677354465321532,""L_next"":151871436504274102992738326103426746035654455123350167701383591853646155706965165277238113440271144201983372596352509972125243268311790865505462777561,""r"":3,""rho"":5.992919049848351e+60,""c"":1.6875000000000002,""eta"":9.101532249542986e+209}"
89,2806,7.448948108355818e+61,1.6700515245978045e-87,1.6875000000000002,5.494957892200207e+213,593,2213,"{""n"":332813,""L"":363628521400721082375005473929824915766270131051690840120083241142737438942293240876927371,""H"":185020797055888675939877643978263166841261001652908772490209728397939186553713284412407079012221001317610574700064520358548097064088890260198707069971075570886041269626312557408949901944565493623668532231999942582006532552430824077859200751026151241833371473231642108159861830001538807575665926320317132,""L_next"":13602235002229915743071087940954809432233407971136921316507109357318812659158107128054668422019616564942230008143128745567970806920162810659100188859745,""r"":3,""rho"":3.74069529800171e+61,""c"":1.6875000000000002,""eta"":5.0881816515155726e+212}"
90,2974,3.6403071302956876e+62,1.8274883634741606e-88,1.6875000000000002,1.3191524854179119e+216,626,2348,"{""n"":94685,""L"":6239219769978986860349584761393875962323895082055901267884412957459663656974386186756500035,""H"":2713717946174043370243074131993616207403893982788884263377988813054655090381649324388429757870974350309030638523626767450379263981106986740134405699046582599412136546341417087432087142193918509982233080142602806129622719132036703681343809256478208676296819981375118266389093547276461289705354391017366170914,""L_next"":1647336621997472431060622576078707762100675332602893968957068815000251918810676029907716411706487231374063740275466931467432144295990855272671829522309131,""r"":3,""rho"":2.640292669163376e+62,""c"":1.6875000000000002,""eta"":4.349450806704286e+215}"
91,3132,6.116232210495528e+62,2.859418828475288e-89,1.6875000000000002,8.083399764192742e+216,569,2563,"{""n"":10509561,""L"":16045628470303327452712781344224552714881107814897538850814519713258054798831496135552312883,""H"":65777743469790883522868455922988949869842975896646351493682450700698955945088494084969893957219546321358310065111751366861346786951560724725185279786605409155039494263447155296574325438418559333126033435705047471164357810977102824069087886779703526821050532567937487007522858668621950763796521303152821300378,""L_next"":8110347925322987247046133052376696286163033860059641984568012495271568241391989664488369121709187529367467563486178402641278979513522375720173007649997727,""r"":3,""rho"":5.05455298328347e+62,""c"":1.6875000000000002,""eta"":4.099418330140821e+216}"
92,3631,421601311717.3489,2.743263836908949e-90,1.1250000000000002,1.7742692840649037e+116,608,3023,"{""n"":2432991,""L"":115947231246137946233219838210442100436935564826716558173512138072002731938296006060980884553,""H"":1395037430451034062126583079949655095870186395330710645837534553993049711043987426417307728675592296626670048022907389889095618500097089648302345309071879042917537316338112832762461112455799738030970588934246,""L_next"":37350199871634342595874199859120677279950179898318190671342419695114092290832986734129411060359223582563,""r"":2,""rho"":322131020035.70636,""c"":1.1250000000000002,""eta"":1.203165798318708e+115}"
93,2999,561953765220.8015,2.193470531259884e-91,1.1250000000000002,3.145377952826888e+117,535,2464,"{""n"":592893,""L"":4244407541086985447720537138204126753992680568898938311964106506309582460871403042425667870445,""H"":4598206005619787172212635219397310334697343817097287206976688109405642834641565325917698653932802582159113156569164768967425694042420606802334818802297981021327787613295554534262756482859638352506214475634857188,""L_next"":2144342791071377928121460597848601608926816929612403208588404656639717565830276822410843581724166792094051,""r"":2,""rho"":505216044951.7568,""c"":1.1250000000000002,""eta"":1.0833563839258929e+117}"
94,1868,749069561724.5042,2.700837608488667e-92,1.1250000000000002,5.5994624133680105e+118,308,1560,"{""n"":3862183,""L"":90676211760999695063046763052628570383828869048491761035582239323522399930933436018332921556995,""H"":4511906363512282726027079493039244568870744186404225795051405492661401194621148303586571746591960564748070519492420161129336352877711015359692738957711546377293597980658704934183951541830442281300047579859192348548,""L_next"":67170725494907993631847485138343033113087166944339085542126555641633727056879442361114996587366856123393627,""r"":2,""rho"":740775603550.2849,""c"":1.1250000000000002,""eta"":4.975843471940098e+118}"
95,1453,999985213398.7234,5.2179497686027645e-93,1.1250000000000002,9.998521438258064e+119,242,1211,"{""n"":1628251,""L"":424258666316190671787863606902609547962335782367260847881207754851516875261331157741632687527671,""H"":145267721716722308063503324094380036804012743777924724838853374790226798976433161614757222318089230636244548927838564396426589188625129249710367471783361855461172909776966033903432879512373656632240675750711238146000,""L_next"":381140029013907574981201860920940273190072462718506809348367041837830434482086306738478595766157550002082503,""r"":2,""rho"":898367103077.2822,""c"":1.1250000000000002,""eta"":3.424036637320155e+119}"
96,1773,1333056201071.8953,2.5895610632968967e-94,1.1250000000000002,1.7720851844685074e+121,320,1453,"{""n"":1929575,""L"":5792168105291773231104415361931742850288782557740789379246565385166133520684415237080239770486755,""H"":52046628896377831449094969614525966435249287709018508816792475005252783247188110347736013724040474014516741994390239733307769546862468206774592114263254040697887800629777721769920208961992450997049516668439365191880424,""L_next"":7214334958703943588960777016231728663393314028918443375374130630963208128415600973355949377929221542786282239,""r"":2,""rho"":1245532731018.7815,""c"":1.1250000000000002,""eta"":8.985690323598791e+120}"
97,1969,1777436601311.047,2.9169268274573908e-95,1.1250000000000002,3.1473220904240852e+122,313,1656,"{""n"":991095,""L"":17650214003415587181205812261865287310380635239876467618529932074408074395533597134507437609809075,""H"":638539024942410057692940323666198987792648199366630679575504666479108213576500283543386820259739096014643951687736967542983828917391289178800550619839471686739295276678726706434484685546884713346656203648546857057255794,""L_next"":25269329728791977945975399767423692041666120118573912628032266747160906467284084693741142523334623185553633273,""r"":2,""rho"":1431672710818.2356,""c"":1.1250000000000002,""eta"":3.6177409793379445e+121}"
98,2291,2371164462565.029,3.1105913646763708e-96,1.1250000000000002,5.619003019135318e+123,374,1917,"{""n"":5546829,""L"":355101748960378355303674024933068182098863434832913125333990262222323430759643286870212001927564445,""H"":547386176193984086277652725729931104229585310030529416864549141188693041489520643265900075589559814465020441041322167280928284710431927115058214271950793295711321780889611316209863365572310168247835517501115192471185670492,""L_next"":739855510349138432554050371702734175671675362148042222712765074451442879213325860625957144647126663269575924559,""r"":2,""rho"":2083502862250.589,""c"":1.1250000000000002,""eta"":1.5414910734643e+123}"
99,2601,3160567673369.984,4.244973751103785e-97,1.1250000000000002,9.946056862389961e+124,454,2147,"{""n"":1464743,""L"":9956822160636197068388008307669979287517810241344885836177790692992641536619810969929104162627901515,""H"":990311193783920879740335127332528967221009554304199766382591474064262837643464837250826528002438116421193969423542778157314374513264969550378124616496683664329832853793115962041839523553004955689625055725436841565051671100550,""L_next"":31469210250400642676442358650839387854316518622133467530889378259374110613217684862830235786483976573786434289335,""r"":2,""rho"":3160567673369.984,""c"":1.1250000000000002,""eta"":9.946056862389961e+124}"
100,1749,4215459817172.445,4.665582512768898e-98,1.1250000000000002,1.7739480820072723e+126,307,1442,"{""n"":1652523,""L"":70426082179156769465306815945508783611974154090686469811406103562289255391405738973480682116972416269,""H"":80797968337834455579226231233660266058831155101277653478044622534070097118839154011994440849344482631068338954514540797504493396896898813207455210258039734652595141430364018920392463852092611629535201199511334910510931957411810,""L_next"":284249834367294672622958954298727351400186202501693486822468206708145144621019064398373680071603960704710410395971,""r"":2,""rho"":4036144359758.535,""c"":1.1250000000000002,""eta"":1.1472733657438543e+126}"
101,1951,5622059873327.342,4.631939323769732e-99,1.1250000000000002,3.154675290211917e+127,321,1630,"{""n"":1774943,""L"":224439355107967246296229842759685623565760005745622565973702208012200733492515779526781600169542123107,""H"":1096409468332762019814904890242577169823930678790587435586981818176221351778887166909829090085164350080896963578255361618984789148106590014432394380807804388070743660213080974709859539982143280825080941504995566179932547759116504,""L_next"":1047095730261928830397531168448733203212126766624940362908134848261508648548039150998943952707821623855845322750947,""r"":2,""rho"":4665383794915.202,""c"":1.1250000000000002,""eta"":4.885103451688902e+126}"
102,2156,7495500837958.968,4.888599886587049e-100,1.1250000000000002,5.59766070210147e+128,336,1820,"{""n"":213019,""L"":2637245535326992768164761543120599455314745994067898362895280485412288139470634435555258276512822226237,""H"":280277847164465188130935276301531087421839504001848593147797336374966384521646451657903267856601462508443894273897536503790354868862443968135068621396543819729882378376244942646154111409265813453669520881353856517511215171084669284,""L_next"":16741500744092961635952564589145417125832551414418347272689399783708943287070607230548936420714629765086347364973409,""r"":2,""rho"":6348100895359.816,""c"":1.1250000000000002,""eta"":1.0627673586324356e+128}"
103,2603,9999408236881.967,4.6969278789899065e-101,1.1250000000000002,9.994083944397175e+129,451,2152,"{""n"":241425,""L"":29249337219950397533918217424646541687930109340131097187332761866372778754559312567580682191795916980507,""H"":62915994604787691153602266253744468507252239759923791276008057704267206955166214524272983131872966524624648709228851960075742796674128658677429945573835303575279518067090620250234626557928281685200595742065590959201693342788026562474,""L_next"":250830609385672248646613904441002429375566196791425617514582567334055924887921845199251498520535515947368076120614681,""r"":2,""rho"":8575599764858.454,""c"":1.1250000000000002,""eta"":2.1510229148670735e+129}"
104,2893,13330597285844.25,4.990736878318943e-102,1.1250000000000002,1.775407119711795e+131,471,2422,"{""n"":192367,""L"":229224212105908029585645844021763695558098736676453460727672869903121102570999635350443166197032297031441,""H"":6465261559322262270946055313991691557534472244055742825684224971496090968599606451045705980690719863528081737575856145533804632461481332122103697868444474340024322930131284970087748683603355915987180249135003516886995707013324384809884,""L_next"":2542687861166262434899478233032903978617230578977735224809887632144059922963970228219826730708318656718595303473527955,""r"":2,""rho"":11092579783812.145,""c"":1.1250000000000002,""eta"":2.820496796531742e+130}"
105,1601,17724858358060.617,6.962683332146518e-103,1.1250000000000002,3.098372158716561e+132,278,1323,"{""n"":1237781,""L"":3301985816689551656964713156539058052194882364188908275449817741687889431855984239506480001612209193800265,""H"":2613630609924686808236799869269807633864244553190203671416274065342850155239388197547559335391976791994870412219366213309596925992233444757398016879457880003005235449316619859180832580437086476395204198816208067069236267935012826000386714,""L_next"":51123679542113230097838279813137625032856564119876174796057877692191168111657427233681016264403558062673644205571475473,""r"":2,""rho"":15482707189023.584,""c"":1.1250000000000002,""eta"":7.915329607760144e+131}"
106,1101,23700047618570.582,6.383803757899113e-104,1.1250000000000002,5.5910346791094e+133,189,912,"{""n"":362113,""L"":70846927368025696908186463961011334706694875142411950087421888138901973743731520798515706815808334639481591,""H"":2589538034313505771388821140453444262817502677509105695018015876825669584898282528681136497893651360184291454178093013508528953071640479352667084833623000341626614594820603990485296742159160073214026532546067735896936776143802863269005618292,""L_next"":1609204161787281039652062428720569275435875170747483620051426815127192828238885010578381017545890024399573896851257028239,""r"":2,""rho"":22713817261657.836,""c"":1.1250000000000002,""eta"":3.6551169267535576e+133}"
107,1030,31622579475450.754,1.1484840230771345e-104,1.1250000000000002,9.999376649603171e+134,160,870,"{""n"":1553917,""L"":169675796376712066617662540182085474316723173135914102447991875861022650725323150783224934902645770843835723,""H"":18477566184063907156570653269176722263373706234136931063917046157100023874937037844812432733984425998595220598577751001770894646727661961634704586532842447829329347089166400913596080430662354368993517876441860432658108294900081924670877921762,""L_next"":4298553964307521306306448397462098001064142588981508716714793867426470006811943650235560796448363652970837543678449669771,""r"":2,""rho"":25333925380635.47,""c"":1.1250000000000002,""eta"":1.0889924537640152e+134}"
108,1088,42109517759329.164,1.1184180727063186e-105,1.1250000000000002,1.7530838093623112e+136,179,909,"{""n"":876395,""L"":2679161791151876802937086124629473550268050568441549069393199579722074475374958133391606390665953271566933919,""H"":9183275575473464371887341917976188180467560554422919800588513799127296043850325076417408196329303195033104085539507069624830940454860078721341467368892147528827958663887308406370661757778846788123698477022345398251769940733328121767513110893910,""L_next"":95829408719210327661754137637208607691854893144648978631578367647535078496743218910779487840303577270032607000381151225625,""r"":2,""rho"":35768429154108.49,""c"":1.1250000000000002,""eta"":3.4276674166531815e+135}"
109,1219,56043345910756.805,1.0381982036145302e-106,1.1250000000000002,3.112684994854589e+137,198,1021,"{""n"":493229,""L"":26912664360092559690352020953463072771788402273362689385035860547259266592795992042723788765551081222722342259,""H"":1649690844249484116748462260704297855045409132928802052820684631244950263552179712302987602930214819212119303215105903950330568466622940438816197248310238668588093957214757540796060989591095608141721773941737239192137857099951551968839960560623222,""L_next"":1284402913516426167386684475054051050456759142394423850618323556440187026114459190220210774585035557632386214941477135670993,""r"":2,""rho"":47724851628625.92,""c"":1.1250000000000002,""eta"":6.129793847894629e+136}"
110,1438,74893682574392.33,9.81843778746623e-109,1.1250000000000002,5.603495069690143e+138,244,1194,"{""n"":104419,""L"":102028352944178428958238642525491846764749186275138049879555371810151140435132273268225002649752783983367849511,""H"":33084301554104973667216418043011416992514346479131154511244785835298330603099802242011807862737427073081270035506437700676096663362591243519390827827347767590579249950597073512098350828867768057084142890753861195418192108689217249331913625604352076,""L_next"":5751895474893904369168422845873243783841660936532068093855158019250436647934981990181883679662793029195080085245352088796765,""r"":2,""rho"":56375461417483.34,""c"":1.1250000000000002,""eta"":3.2426576142227835e+137}"
111,1682,99939957626289.73,8.899471406713702e-109,1.1250000000000002,9.94011959571175e+139,261,1421,"{""n"":650569,""L"":5511413336619975801493187246294394072148499413826267516652153504076997338185135487941275493305957712214628954395,""H"":261722892463620384704526768887674605587278960016857091935958874364620562746012579288311548493498329256506813264938143158562446315991110102922381885782727798125128076904262075777046008294211603100169413621727203916479839406903698345180897897030297968608,""L_next"":511588596885837932086955596410109237638481392519431227372456194255797303009088953092173458102411946001178835741215345779247573,""r"":2,""rho"":92823485672294.64,""c"":1.1250000000000002,""eta"":4.7487436793141897e+139}"
112,1390,132866294095180.02,1.1363253833068108e-109,1.1250000000000002,1.7527742574741632e+141,239,1151,"{""n"":1238929,""L"":48741164726618120964998471443744337571519390978323718708704093313102213795847758881086178874884581810011814261693,""H"":35299274672495058491809429670260793628498765835342276786889715406612802571321172254900505180094715516662754197250415187963503548548318288282471690079702907081900493910150417494981593525651364398812084405163772240806928830012019995293147042162778761260214,""L_next"":5941319270372116477059055521667155839796749374594088370492335822266220598752819918636123886657934567299043566076273733276773563,""r"":2,""rho"":121895307666447.55,""c"":1.1250000000000002,""eta"":7.242189404066028e+140}"
113,1245,177752875063530.47,1.2042773215359855e-110,1.1250000000000002,3.148954167061019e+142,190,1055,"{""n"":173423,""L"":196103138243316899282598181450728638421405674653464139415234857494773401109310617174377720593791074260058253633201,""H"":809264003994437934356848869032049037635333755028254554553458312363650681768508820658271553154488829534398884025490050199911879485807057512543629104449004283075391714722420176132528256703261732060805255782723114749072043607007395606751157735556047058191864,""L_next"":28447565871167922024667146454459487134040955022444149578052584698435421184838838334568977305686389868853733860355048482748961657,""r"":2,""rho"":145064307109003.66,""c"":1.1250000000000002,""eta"":4.126726432038714e+141}"
114,1326,236423777075393.16,1.3515264037208975e-112,1.1250000000000002,5.621213918987368e+143,212,1114,"{""n"":778685,""L"":6121506006640236353203383600568419249310756970341718792846929616895418595376706170203827196491490607378309061583383,""H"":1863936573303868385150333202211882787698866424836272757216526323526230656622853627325847554103040336250746460886681837057761208518934817663038961036804829656775666716097845644400403762740119887879814756159203029989356087100608427184804508461831510652564634490,""L_next"":1365260624680822026215126003235633150772044310187826002046014677307274189982470683584582421037002261799368699966432821416363741345,""r"":2,""rho"":223026919062052.8,""c"":1.1250000000000002,""eta"":3.0448987083929734e+143}"
115,1351,315961526405775.7,1.2180993778396137e-114,1.1250000000000002,9.91612590336772e+144,219,1132,"{""n"":819197,""L"":16444549656360533291584594760709344981791096548433396642945089244889324037947908248092272334563530759058992449764163,""H"":17220647036012004392055438709236279818108710785659887646548848813306834103715609792731183897492974204822478468130439650519880890224970842745302720519354599147665095034522335360833453229246840858746253915072560279968416825657364854418658472035248712462380416768,""L_next"":4149776745321608791384752734998074988379564928846697134399191501468933128952441837268839970157049811484787593704488057439855321379,""r"":2,""rho"":252349674028107.56,""c"":1.1250000000000002,""eta"":1.047194808971329e+144}"
116,1448,421678785437911.8,9.273032853369744e-115,1.1250000000000002,1.7775323898189828e+146,230,1218,"{""n"":1185517,""L"":563261300442893464735827058146088592175893028515841676347904058250758305954658649970740833789547896949443565002602581,""H"":48876185614551984236754247427582859776477537033993830640065872935363436720010269152631235344572150823106571843788133540028501650134909742992628654612890864585450695644443749779540077047408929963791659410076246663646511632490288466010220299530010440635472836086492,""L_next"":221079591130778021974111930567398138535989991963141278502801761482913978263872955620109799920322238294022857544857013791117435870639,""r"":2,""rho"":392499166828863.8,""c"":1.1250000000000002,""eta"":8.677355532169624e+145}"
117,1627,561402843429007.1,1.2946069915155256e-115,1.1250000000000002,3.157041748960829e+147,279,1348,"{""n"":466623,""L"":8919322029386413243572564934813701341458770094354374442572736230332459732360223218746517158869305861315560028760673411,""H"":24448186486045563249280017316296000154262898154961343848065614927976348772130679805876192166643637417621482453039691284579410199748891011109504106673831242487180024040721252214623070378914302955229008746734404933766109118029706731940003997999949230613336760456539802,""L_next"":4944510742838523073085973727691261927141508713939306535824624309326961218615692653468766268868636463473515164179857906375273910684983,""r"":2,""rho"":554359482318037.9,""c"":1.1250000000000002,""eta"":2.7410364157159404e+147}"
118,1103,744241571900455.5,2.845686588692384e-115,1.1250000000000002,5.622690883152365e+148,177,926,"{""n"":265333,""L"":76973647231493645395536327161400464876614255800997355409473960163410010038970477647722638073527204584005405161559932735,""H"":3120826654867328337685626635985500499940971473146616519247349188202649704958345066403334748719061263136246237759330010394751133368938018976501285283197491008943133370452981864830289638889968165810462562629336246633315527645284710068747980022976558718761700493841415574,""L_next"":55864359433070816673429425564467519901225049040823807793163056932422938181561493726155122035524886316200779985596302923603923159554627,""r"":2,""rho"":725759548135507.9,""c"":1.1250000000000002,""eta"":4.054409225902507e+148}"
119,657,999962107619561.9,2.2034358632673174e-116,1.1250000000000002,9.99621140801553e+149,127,530,"{""n"":320667,""L"":116160824310138130691324545687439554628582095924382362249591159403838105516169941355200103981383224382100833272871368533,""H"":7877425268399453778204065404617112695109192317294470047564926013042068122324491266346312958453568043529956309762012194511671833713335123580850334372443733640178560081676529687325354252410231623901278016198926114603603470487267497709325823374503331863592516040196240868,""L_next"":88754860533941766643033718033768732622775701097318723356112012173230208875185155419898312837101567459985594647096085833990075108879677,""r"":2,""rho"":764068790498377.5,""c"":1.1250000000000002,""eta"":6.781481893902106e+148}"
120,559,1331326407692247.2,3.004811835737269e-117,1.1250000000000002,1.7492241552727795e+151,101,458,"{""n"":1596207,""L"":7253240946004060807473635002720958171321134560973481479702980807930819911774400871559015935229666852837520098715505999859,""H"":86337055934418189760278817243850180572862987813149092666943452471356405154471228270120605069497528994735496736626674993946221397306886447457050634021138114670731648239303807522138399498770992377327240321781915792217539339081826469308489735454324973468678816298951148133294,""L_next"":9291773562373234553654285081242957390730823056692836954648712759591859678028479564765290736329311132455783245835287770520195044539121685,""r"":2,""rho"":1281051275084448.8,""c"":1.1250000000000002,""eta"":1.1903238369874202e+151}"
121,609,1777122246094210.2,2.198797037817596e-118,1.1250000000000002,3.154366693937545e+152,107,502,"{""n"":1763283,""L"":50451833693448809848445403670274665568337003009049831675305900487136112412984791596990714546786066099343539927825945464467,""H"":6783801784759760163217113410042984144120273949356920997310486440101589069524638525601212457316505162951586560761107379028621250448810691956987736877222369848767119784860470300317770536560772719858555636321192905347377132518321075474106874174781142633473440438086212403191282,""L_next"":82363837846228123436715779249195897929942325143346344770424090653535822512279435714049881780662703582534599355398638271622739214746212607,""r"":2,""rho"":1632524168431228.0,""c"":1.1250000000000002,""eta"":1.3446095588871805e+152}"
122,659,2366416482368922.0,2.1442466904810901e-119,1.1250000000000002,5.506958653044973e+153,134,525,"{""n"":443375,""L"":128227126518441167974353714320984315064678594233379290425487538061161616569739337776283998453223193664111452540315274244543,""H"":55329251848445738060249211944659201695818230561613427183437810690296205219853986357900638472461679491670824073147604893158290784149409896988380282567401489408404665399762248619754733844467168952456916525139971676287489369158518296257480633233360088501047979137561381825455332,""L_next"":235221707859724838917869117607209610066327879790324855410780423108071755039653363284155436538625070805981312804867160121634869807470957027,""r"":2,""rho"":1834414559901224.0,""c"":1.1250000000000002,""eta"":4.314941257027114e+152}"
123,748,3151922172578364.5,9.474489993132458e-122,1.1250000000000002,9.978938282055172e+154,125,623,"{""n"":516497,""L"":3480187223030560119485064201839773854749315960465801972742929174204777552443351506284415468363602401471653638335476564409523,""H"":93026325862151702035965552937823608678020480642326381403766529209591839857935358968346959138869239165495988260488403648171680217479417324350152899608430839719399732065240705026485172792739425769217147500767472178068523516755085585138894655786539596981479782167549681087764648234,""L_next"":9645015596781153056175698528162907423543957547273771762075839988670819285583460716570440040044266553095302735528240147282143356404759128553,""r"":2,""rho"":2771407105041388.5,""c"":1.1250000000000002,""eta"":2.6730264753154294e+154}"
124,863,4215226346857941.0,6.482857078750988e-122,1.1250000000000002,1.7709610146566107e+156,146,717,"{""n"":2382597,""L"":17782088997222429156887141272271002185621644937117964155561105168739794130899899967653627339616844981653524732428753675778625,""H"":3651415492547129705205380070668886902375841771881195656204401239445184727277493922930014695296010179808931373690354468129921090689763439887619268780698513812469863852187240378470278769437271738254943002267043438713694551088006913596115456682723539216023115498142293938261050650864,""L_next"":60426943432107582527287680208248774044322212849423024005864981289890526573724529947967778133772078430643701373271643046236195196595008230209,""r"":2,""rho"":3398191485912948.5,""c"":1.1250000000000002,""eta"":2.0534232469073136e+155}"
125,950,5613027976697809.0,3.2336415566861046e-122,1.1250000000000002,3.13299869368824e+157,138,812,"{""n"":2612091,""L"":106690614024338386639326700087098354018387591648947917749501007088550840243619089267310599070982248371498942802636002032552793,""H"":205723537132822458677755125891834251329039262154691302055362541581341469645771358545854698336453111579311104473512880914422891708437293774621103831174539132925593778688617207506097882249994043433482536244797354688349825176196336230576968063556838649223146373755044396573313435983982,""L_next"":453567566226711650085620268543727316044160659658262522997569683912183119394424399173310155514934560527561482000497794425678727844895990877229,""r"":2,""rho"":4251241502117921.0,""c"":1.1250000000000002,""eta"":1.928225261557615e+156}"
126,884,7498145345983493.0,1.316921557603368e-124,1.1250000000000002,5.617441345549088e+158,134,750,"{""n"":679671,""L"":1317954721943058584334691827101346215091141741681362492349057615586667967192430700493261306801375917046365862111430963051181115,""H"":58854016062029518807314683497994679224842936874484361689165119580294025506702670759279107168547589530165788993764633659979250264753069098522188157266687878538099223676702699008815824572186655786014917420644287553039251287723280923810196301292905888926939167032548401572977107625417954,""L_next"":7671637117462577088166297969037412971022049487641372835179894107407191392678386873838292421192336873573993004207457007338906443670456851421183,""r"":2,""rho"":5820865458983518.0,""c"":1.1250000000000002,""eta"":4.46555675108938e+157}"
127,770,9981977198966746.0,3.1765506504128014e-124,1.1250000000000002,9.965317507950082e+159,122,648,"{""n"":346893,""L"":86006346918013531502766773665810029603646039239961730140758795801928959234525160647361356798431552467527387809300144804373658529,""H"":712350327949257638548735649169305310661351521015578666923789947482837688099446701056855654532088287795549536680349011157740003414939332120162328620333988809043094089895001270811084772904784072681121844080718266492498783352771731064419240859846980370101179926939412660798857216052890865646,""L_next"":844008488078915968521935006346494393235945675269138355904802715858490234062110421165687363781596877451536558561653817835894967978683681089126443,""r"":2,""rho"":9813327949895094.0,""c"":1.1250000000000002,""eta"":8.282532086013526e+159}"
128,881,1.327303885529792e+16,5.3065858115087834e-126,1.1250000000000002,1.770926937378584e+161,151,730,"{""n"":876531,""L"":322637803367080781738212154866931462702416709550279235025417139157931632316487663379515469747980357906370279178247003481569114341,""H"":13951127809382414078976363427126598038145138862035097288239998401965608016255664343017448694947631418270100825938653429345460181378081341950693324906855752849056545191930419298054057173821515957591403746227250153839043230084527747782690205915046895447988908971725920949249272545448190636852,""L_next"":3735120856061074508772552730955700756802225083462485267077784202830406622718134816274194549831361052822729982020178913306657377557443075898333061,""r"":2,""rho"":1.1576823351389624e+16,""c"":1.1250000000000002,""eta"":4.324083434671025e+160}"
129,998,1.776921703249954e+16,4.33478394786515e-126,1.1250000000000002,3.1382166227763453e+162,152,846,"{""n"":299395,""L"":8548761930061916774832596367992450461023627323729344440161852633872073378742692521438885334838938857701069821879426552107203469301,""H"":22221954361778196010318543602677486234960862179024556116962002353601476654408868361374876649547445351986630154503785981458963051576977015444922155258485530847285696350690152525568026943898332911065464288265191958496567339485256497423762506518534373648969751501835975593088224926769752555697680,""L_next"":149070300066036614959377250489817351184647091742140599657417922997745300256318649743744944985767283541178305100059074075541681809918394329624135451,""r"":2,""rho"":1.743764784720785e+16,""c"":1.1250000000000002,""eta"":2.5994353970291517e+162}"
130,1123,2.3698202794532684e+16,3.031000756771934e-128,1.1250000000000002,5.586684112768758e+163,206,917,"{""n"":1043359,""L"":13962295969619557068715836306706051263230732214134473388701786665211143479578058158240071163751881200293488455377456841777135803419,""H"":67012047806894713525553461858648817541270198482554798824981175763054157618274872208605350759382336633814723619085812372236031559404322135108028309154676432979233080728135960629121706211921296548008913062134106028628668907554063182677968093248520454780199905309824636097376465778717213630507546,""L_next"":258866853434144236182050399570764778907091370153179654627609736756084762125819798320745103997494422607763903795515223674415123728616322046205387711,""r"":2,""rho"":1.854042157517721e+16,""c"":1.1250000000000002,""eta"":4.7995005945086445e+162}"
131,1211,3.162123729616473e+16,3.474713769170273e-129,1.1250000000000002,9.995133354664161e+164,205,1006,"{""n"":261259,""L"":607389238632618629839589989070048807768541551239178054406206850121827671120542740599086609086444999758836157197710168979452171146435,""H"":325687401690542952142987790827399855785090964549325893661014716228615925613035601249963607798822681717516903975783435405156466935793541058731386676130543585685942878654343572337492516589607225783709428380058999040576857616791596767180657227676448381179527439901182709977389793556879971481137221422,""L_next"":18046811399539336686999886864763700461278866774487126682636689482795542551622539454138395582067777195683862296773146598378293135903363648391384567167,""r"":2,""rho"":2.9712102638115736e+16,""c"":1.1250000000000002,""eta"":5.362087125938299e+164}"
132,1334,4.214935164772629e+16,8.864582909730856e-130,1.1250000000000002,1.776123021824475e+166,198,1136,"{""n"":2789175,""L"":2002696715701593830641933570794940466977686360335899153574987267643068421362560435609151304264298151455536602877087200334518802209633,""H"":4771271913714801242129147060703466708622107444486538053800062247335676965570175880234752969438034026201436893507402692266632246992380815162334162584319590833917425968887246581553503365536503606171905121668766686388663874470371411642282282524932397840165976366384254285727087333026727723059387507794,""L_next"":69074394052462025503813199872160442556671660385632235541481208652125547797398649367275030537893491083297561312102632188991471950605852840855340004335,""r"":2,""rho"":3.4490691231929028e+16,""c"":1.1250000000000002,""eta"":2.3824235972960626e+165}"
133,887,5.597655469073448e+16,2.3870647119965e-131,1.1250000000000002,3.0203804112138884e+167,155,732,"{""n"":77145,""L"":57231667210979087878926978659496450339291763763526850133365230919395283404933693197155569578699446293157768233664817512597123130090833,""H"":9009110097995434695106681932224810775573714230326887463305559117101465226481734761369701923423334304541769758907691113422516591608411029845991404610124643463676174247898813983046223177836196092797132546157144866739495068119346465295502071465393845447638078724558632709431537307216483594617111919794360,""L_next"":3001517965629297161263312147966895090724473297947502114918790913460539805830303526729650608471400488295924683967234536392172236588886263656775011235173,""r"":2,""rho"":5.24450555417945e+16,""c"":1.1250000000000002,""eta"":1.5741477641712252e+167}"
134,850,7.47952443314036e+16,5.757513081255528e-131,1.1250000000000002,5.6128084865718125e+168,143,707,"{""n"":3749571,""L"":869683230853366839154333107452604375951299667537805109491591717259723671267049532142097173155025002823559079774303118406924308539846889,""H"":4107357133719430465145841707718737818652206076034999704292467621214096502657885216097337134421149084132521833432332245260624872874310229516382304780023987150378621436414696213263070496263129491023342609486314066337415348255105612227564137005865505425763440374171129861482262648780067985604405775322910570,""L_next"":64088666187707717538633543130350873329831210775098954921604091314533730601007031934400907331908462161343787158934819187938530962122717455749433813572679,""r"":2,""rho"":7.3691964975364e+16,""c"":1.1250000000000002,""eta"":4.722819744022352e+168}"
135,779,9.982082378939014e+16,1.6541513734514975e-133,1.1250000000000002,9.972118211748511e+169,136,643,"{""n"":746935,""L"":4228659495972755359624193044982016890188655212532715773315172254722389815323962788771694442041406678910163942874706846525021445077741665,""H"":144196962057116613684727358480233720261431453554201646213204423136934282954176962493383373584455971400944043321731987192991456452531342368223235183145364434673579745759262391291314525911051919347449802732067461261362366578126378205928176143958273724727339078223851709531960016479978610616677403262838645916,""L_next"":379732750835527239863590367075481438533410812711701821349996745057227036634930943819262040168234289026164252609592720919918104428329045142786111840379729,""r"":2,""rho"":8.979979381105832e+16,""c"":1.1250000000000002,""eta"":3.409992272833633e+169}"
136,957,1.332821784340894e+17,1.657156070573756e-134,1.1250000000000002,1.7689714534047457e+171,165,792,"{""n"":2056203,""L"":32824552216305838550389834550092607960146561176380495400748646668791772644540550821139629516933837084772289617103311726527346324386203233,""H"":14502648566489016445499105784612224443245467268925121836498319868124059060343983649824221708579567854558363334184756099642432231336639935986178015100212487958481579386086823359084370020754637564005373214215944225012511098820375476107921585710451028338180669255695386519831652988598244334727106453039705830226,""L_next"":3808234310870198601926605216922328252761402028656418724355108345292713936127932862926034268200412851271102795089086009102936047803424681306924711959354215,""r"":2,""rho"":1.1601786022166755e+17,""c"":1.1250000000000002,""eta"":4.4182319596989713e+170}"
137,717,1.3335939808453645e+17,8.136986998242024e-135,1.1249999999999998,1.7792470991460549e+171,1,716,"{""n"":2164949,""L"":100043531357524026888083838264043837863287186994808679739631506247046545422955505525491838740704086424284111503860500713541454776930963569,""H"":178002162956201997972350285630141755514324673928752348105612481594955727147335156105447605007127545890967010204804030305079629623004432178881155783836245424156754864412049759746914927826414933184732374667816547016223223265886496351188661647331099340494861902025000892713404331339704599059494110180308238291358,""L_next"":13341745124090851030873809088077544124062473748065522998377789422622848817357978492977894625876730250468232322720583515857993261522000450324654106395008833,""r"":2,""rho"":1.3335939808453645e+17,""c"":1.1249999999999998,""eta"":1.7792470991460549e+171}"
138,794,3.16227392591356e-35,2.8259382714884787e-136,0.7500000000000001,3.1613218020007204e+69,0,794,"{""n"":2410525,""L"":1021571769030372915401779986882538338032806492534992321047976059943787154376429061748789031244072866929845828209994947716386906453069411147,""H"":1032531534134293036697718553987118690770706964828113626798045170519724530459643696007925595521128636462868060259229712554603749252050726713034230853261440748575643964647948207344841607694209221121242031793036,""L_next"":32133028710880850247697405067115600117203594517917621493533864273595034486519462628431637677825641173717,""r"":1,""rho"":3.1454499512432677e-35,""c"":0.7500000000000001,""eta"":1.0107283359193869e+69}"
139,837,1.777504184878136e-35,2.582035539035806e-137,0.7500000000000001,9.948801223190185e+69,0,837,"{""n"":386441,""L"":45028840181973265429917663296054858980747866808483898840271052111893330932600339567461740721004087644562917335662308828681614981902025838889,""H"":302159422187276130212161756881023868694980232355170193803702266473945636842462391827766515539571471878819441409243864179408419596700214469251157301717010415476469813376013545956299265585577547070239028852625076,""L_next"":549690296610078546702201491778521065610507999420032658616650744614523160550420575276879304739607586054673,""r"":1,""rho"":1.2207516213800688e-35,""c"":0.7500000000000001,""eta"":6.710353208436443e+69}"
140,549,9.987950166700928e-36,4.1377170968181753e-138,0.7500000000000001,3.145358992208868e+70,0,549,"{""n"":1234135,""L"":459320726170816582159023525169794040863313404763261632431114032507406681910236979578660559089013710045923822113033988114305644241613608573143,""H"":9844055739869566270225832653950845242608961263103472004812948659595904562206682480609889679610854772352646450527148478822093033433148444052369110315058079460479074605487969466891867631784581476431055360329948060,""L_next"":3137523822996339620020443627332618743513166762526557947247746468131556733974258257272394423409846309116597,""r"":1,""rho"":6.830790870581196e-36,""c"":0.7500000000000001,""eta"":2.1431769086354412e+70}"
141,412,5.5949576925538825e-36,7.037946013462487e-139,0.7500000000000001,9.977073250337409e+70,0,412,"{""n"":674045,""L"":6267144308273810614943076467558448284157391103233140017618101298878599510396859594361149079462944577590610161065910259333645431964835832541323,""H"":496140342848682829741577879542714129459357525175891071362302448908225566297801007095485227613160168532952134141631874196207751671718819041832958897241449619081090503569179676587700438690307272774036461521101638280,""L_next"":22274208018438788696809981996601328659517529775462442365961659006738662688654032278465232158131887526075651,""r"":1,""rho"":3.5541240033411454e-36,""c"":0.7500000000000001,""eta"":7.91652973737471e+70}"
142,358,3.1515493917267755e-36,2.977932698868977e-140,0.7500000000000001,3.1492702520700307e+71,0,358,"{""n"":89467,""L"":58737628387789774007540854361671608403906194685226716897493431714474770760330074141056034224879419343777393742526660715526713454738919850050257,""H"":14235561796819167726327951075727830595457794807777742192878278114720561927817670862456412055263363707725376397176577441521463936928179451590756582157570531789373384765608841521923231369275763530544486460283768675042,""L_next"":119312873558636444930184832073788048106668973513090644573816093544181478132416666884289737127587979601217343,""r"":1,""rho"":2.031285171592643e-36,""c"":0.7500000000000001,""eta"":2.423584708397661e+71}"
143,360,1.77753367231028e-36,2.9084306735367304e-141,0.7500000000000001,9.976355052263819e+71,0,360,"{""n"":3436859,""L"":185717874444385163834626518558765950303845077966353481541408393793992533009087340812199164168011879472365198915318667037908364408756392508198129,""H"":80035111946524864458307021062007332905865909865799982553561193481193595345653379521835162509639093012940538837714768593437516329726633818675710948674456649716446555740151237969248284342596879477849821675491011739214,""L_next"":282904775404242451006518115267319425984768150553786849777096369077102684648314495973912691873833122383740813,""r"":1,""rho"":1.5233039698015752e-36,""c"":0.7500000000000001,""eta"":4.309499674491056e+71}"
144,380,9.988314347484894e-37,2.7003024027861393e-142,0.7500000000000001,3.1619698049901285e+72,0,380,"{""n"":1284129,""L"":8623148799403860475143311172913273874837946718832487317730695198075514571342363845953177350381908606811235114040739350246566971062308212431677407,""H"":25322047574846338525524733679108221560105548807958897381172692740613402772384029072475821701635371870235759596822299116661319459806178972822033652586345431043722951311325191442696157663988088030453297514163981340146590,""L_next"":5032101705534809490723390743524370896071969936182357897904761538200767543547573681270371183483917652865737863,""r"":1,""rho"":5.835573318510625e-37,""c"":0.7500000000000001,""eta"":2.936519844885074e+72}"
145,419,5.616790330643414e-37,3.691135883944943e-143,0.7500000000000001,9.956162004009806e+72,0,419,"{""n"":4141505,""L"":11072589637545272661947485317886549027025616520136310549881930703465473451101917874463933575230697763206739557717305536700547159731983521423599067,""H"":36844596704986266017528171631851052761370290554378865573566209971408157037859435216832806584080048085410450720735211658901836265588059314117472523878769359375994040479112737182162372723589157690005175187392787425956698,""L_next"":6069975016833781501089540896414451129458785553313188384454247106006161052929346367690031496466646512345062433,""r"":1,""rho"":5.481983181469605e-37,""c"":0.7500000000000001,""eta"":3.3275500954223473e+72}"
146,461,3.1590243934463363e-37,5.0687181957868383e-144,0.7500000000000001,3.144172490039547e+73,0,461,"{""n"":2124651,""L"":128857157164840639854426288775192742405652670404040604037331456963706930886529188658100453241992051881384338485742214196379691119876975103142987951,""H"":1462725452914183610671245542660982190916247696506492148298303084428658336604882927197179709479807261134266366819459641205850822291352172772028839624807489245955360552722759386833542930501334461777233736800924991184857482,""L_next"":38245593901967107649848470913075425094502172549365399706785016620157284989125137675508393244818065728550805519,""r"":1,""rho"":2.968061281457684e-37,""c"":0.7500000000000001,""eta"":1.1351526644678268e+73}"
147,535,1.7691381091928112e-37,3.1578815130364162e-145,0.7500000000000001,9.997705362494317e+73,0,535,"{""n"":240101,""L"":1788969453344328054545055222957631396656660668524175603366517104450871642435970816241384871117539814911424870079880127138557989273171982774771895455,""H"":75666629225630474746944225112759988947183687203310561310884286319280057822730375259697177264626058667231333328832049607904847410684319062663563800100177753692194516898337152108522919813211732787634456121703893416078024146,""L_next"":275075679087829345572987263568621003956006943692861354611858415380777457550648858258546800639774487614400076603,""r"":1,""rho"":1.537620883205124e-37,""c"":0.7500000000000001,""eta"":4.229621086272774e+73}"
148,565,9.98131861240894e-38,5.439242507061064e-146,0.7500000000000001,3.157532074348458e+74,0,565,"{""n"":1059003,""L"":37154591782810730611889490477267357821761557645159101544462084671439939320307289553202737600030592727724038305032361674202944565759760621409239704557,""H"":7161743146279230774327166686755551775657893938609618656567956441881159072192687975488545551501292412429167660988681218207767109838957722557323240926336133794320064979192443614822526284846300657932225748768230139971903750810,""L_next"":2676143334404798052226320928382180692593425241444520430703936621161369369733943556949542256017389625614155387753,""r"":1,""rho"":7.202725708973861e-38,""c"":0.7500000000000001,""eta"":1.927552639561647e+74}"
149,595,5.602943697345351e-38,3.713740090002838e-147,0.7500000000000001,9.98800421648666e+74,0,595,"{""n"":289899,""L"":311013373795730872054160599532968555497997342076335856316111168201321799607363268120986994788157671650027654821557785488210000850555964122779246491827,""H"":173447720502657363905751012833066727226697401054094383140502700882938089990346303949599981122924836708664255643108392666561444507121016269212928239745303775278109250773026669233524971842601601648722381322289752105841551708058,""L_next"":13169955220222176742743004191021495218160595344345440985196022524267875671765533913267853416371172512022703892821,""r"":1,""rho"":4.234530193827618e-38,""c"":0.7500000000000001,""eta"":5.576857303138846e+74}"
150,396,3.139488080698602e-38,3.7760259423555805e-148,0.7500000000000001,3.1603259098077057e+75,0,396,"{""n"":1489417,""L"":1491673088229348866421257627806007100542517480812418097738829854410239787927787438669198609327758276755219738094903291529394438878317148391365075119405,""H"":1821841043216877083850417744251904942562178636844087711287006338997170981492317237202609144359608140455140649025665297819990761493196652489010361688864710121122411754544288452950053079942151939704617319938401105267409729266608,""L_next"":42683029920764494432238671922695840956669486865654330636367264229655392568861441885306309246874666942181135181409,""r"":1,""rho"":2.861419855166138e-38,""c"":0.7500000000000001,""eta"":1.2213406929392588e+75}"
151,438,1.7779763147092073e-38,5.003095284575019e-149,0.7500000000000001,9.985299991117417e+75,0,438,"{""n"":1372623,""L"":22283680112512638134743040930623165541511621328359015038260385245339985037645505232345828454850793693027215291295189315575591550117270165814624208664261,""H"":105191433411511642145020643518633352207647922070453500298755236264846078137178028396088879981107551166533638906912173862509489658945458798265243556246268357062253585954698106231026908321715729502368717680419256313793025956684568,""L_next"":324332288573789153264609059080969957831081786834083228111695593936421468228511164352334101662912935837143326372295,""r"":1,""rho"":1.455470043261263e-38,""c"":0.7500000000000001,""eta"":4.720559300815174e+75}"
152,402,9.985410458685053e-39,3.963505498015617e-150,0.7500000000000001,3.144665026750334e+76,0,402,"{""n"":196657,""L"":427543064571206225932984127096706185719856654971408192308775388591779493407289124957457271671294529060045025989486319880158318375808902131000991801626149,""H"":8840356905248459350657521519340142673002043727459062173489346290385598380764343377345792567798469323886349057586480059304133978991267563362648879052004594397118421032328208992628800438501388697569050274370894656470543339920021760,""L_next"":2973273768970570148607236342787501738462991605984625185012035048639091490937364609586540872292001305965594646012121,""r"":1,""rho"":6.954325810319345e-39,""c"":0.7500000000000001,""eta"":2.0677114512697516e+76}"
153,434,5.617443255245818e-39,4.9477935414440593e-151,0.7500000000000001,9.965312174540163e+76,0,434,"{""n"":830275,""L"":5928040317490368105872770385575785856574754696970432051253349747535698963589804485392118034151465633446387868521630487097965298810625133219016496364945227,""H"":456422161155601963142386864897036221684542347521513884004354171394479772965526252619160932215339109259382301898172373647436092919785290566288871380618302350555510076399759580648979868576115001049440449907595552339606205748312038088,""L_next"":21364038971027972807553115430494077290851253085477792485281475140414483595359402056791922003555222606482499073275743,""r"":1,""rho"":3.603895693488202e-39,""c"":0.7500000000000001,""eta"":7.699376804320183e+76}"
154,58,3.159655953221072e-39,3.610578938598644e-151,0.7500000000000001,1.1567884387695937e+77,0,58,"{""n"":4675521,""L"":10474151798903411725500423770421810516957315885946106958748615562086686143396542029794498799572135118859318525350608381178584439328021406375408185959267367,""H"":1071959297873107465675141321884722381769793824105418901714191863612795124085195228595753041882183037760513615732099754665009654437370534205241543423152977655570678931225801538030142259969551968589158911785696428804948097250224783168,""L_next"":32740789512061364853918150015065922364470712468395820656996921660762533173041879797313341105150815359112549049578207,""r"":1,""rho"":3.1258654772875404e-39,""c"":0.7500000000000001,""eta"":1.023433036348906e+77}"
