n,step,state,branch,floor_output,lower_gap,upper_gap,cell_width,exact_boundary_flag
1,0,1,O,1,0,3,3,1
2,0,2,E,1,1,2,3,0
3,0,3,O,5,2,9,11,0
4,0,4,E,2,0,5,5,1
5,0,5,O,11,4,19,23,0
6,0,6,E,2,2,3,5,0
7,0,7,O,18,19,18,37,0
8,0,8,E,2,4,1,5,0
9,0,9,O,27,0,55,55,1
10,0,10,E,3,1,6,7,0
11,0,11,O,36,35,38,73,0
12,0,12,E,3,3,4,7,0
13,0,13,O,46,81,12,93,0
14,0,14,E,3,5,2,7,0
15,0,15,O,58,11,106,117,0
16,0,16,E,4,0,9,9,1
17,0,17,O,70,13,128,141,0
18,0,18,E,4,2,7,9,0
19,0,19,O,82,135,30,165,0
20,0,20,E,4,4,5,9,0
21,0,21,O,96,45,148,193,0
22,0,22,E,4,6,3,9,0
23,0,23,O,110,67,154,221,0
24,0,24,E,4,8,1,9,0
25,0,25,O,125,0,251,251,1
26,0,26,E,5,1,10,11,0
27,0,27,O,140,83,198,281,0
28,0,28,E,5,3,8,11,0
29,0,29,O,156,53,260,313,0
30,0,30,E,5,5,6,11,0
31,0,31,O,172,207,138,345,0
32,0,32,E,5,7,4,11,0
33,0,33,O,189,216,163,379,0
34,0,34,E,5,9,2,11,0
35,0,35,O,207,26,389,415,0
36,0,36,E,6,0,13,13,1
37,0,37,O,225,28,423,451,0
38,0,38,E,6,2,11,13,0
39,0,39,O,243,270,217,487,0
40,0,40,E,6,4,9,13,0
41,0,41,O,262,277,248,525,0
42,0,42,E,6,6,7,13,0
43,0,43,O,281,546,17,563,0
44,0,44,E,6,8,5,13,0
45,0,45,O,301,524,79,603,0
46,0,46,E,6,10,3,13,0
47,0,47,O,322,139,506,645,0
48,0,48,E,6,12,1,13,0
49,0,49,O,343,0,687,687,1
50,0,50,E,7,1,14,15,0
51,0,51,O,364,155,574,729,0
52,0,52,E,7,3,12,15,0
53,0,53,O,385,652,119,771,0
54,0,54,E,7,5,10,15,0
55,0,55,O,407,726,89,815,0
56,0,56,E,7,7,8,15,0
57,0,57,O,430,293,568,861,0
58,0,58,E,7,9,6,15,0
59,0,59,O,453,170,737,907,0
60,0,60,E,7,11,4,15,0
61,0,61,O,476,405,548,953,0
62,0,62,E,7,13,2,15,0
63,0,63,O,500,47,954,1001,0
64,0,64,E,8,0,17,17,1
65,0,65,O,524,49,1000,1049,0
66,0,66,E,8,2,15,17,0
67,0,67,O,548,459,638,1097,0
68,0,68,E,8,4,13,17,0
69,0,69,O,573,180,967,1147,0
70,0,70,E,8,6,11,17,0
71,0,71,O,598,307,890,1197,0
72,0,72,E,8,8,9,17,0
73,0,73,O,623,888,359,1247,0
74,0,74,E,8,10,7,17,0
75,0,75,O,649,674,625,1299,0
76,0,76,E,8,12,5,17,0
77,0,77,O,675,908,443,1351,0
78,0,78,E,8,14,3,17,0
79,0,79,O,702,235,1170,1405,0
80,0,80,E,8,16,1,17,0
81,0,81,O,729,0,1459,1459,1
82,0,82,E,9,1,18,19,0
83,0,83,O,756,251,1262,1513,0
84,0,84,E,9,3,16,19,0
85,0,85,O,783,1036,531,1567,0
86,0,86,E,9,5,14,19,0
87,0,87,O,811,782,841,1623,0
88,0,88,E,9,7,12,19,0
89,0,89,O,839,1048,631,1679,0
90,0,90,E,9,9,10,19,0
91,0,91,O,868,147,1590,1737,0
92,0,92,E,9,11,8,19,0
93,0,93,O,896,1541,252,1793,0
94,0,94,E,9,13,6,19,0
95,0,95,O,925,1750,101,1851,0
96,0,96,E,9,15,4,19,0
97,0,97,O,955,648,1263,1911,0
98,0,98,E,9,17,2,19,0
99,0,99,O,985,74,1897,1971,0
100,0,100,E,10,0,21,21,1
101,0,101,O,1015,76,1955,2031,0
102,0,102,E,10,2,19,21,0
103,0,103,O,1045,702,1389,2091,0
104,0,104,E,10,4,17,21,0
105,0,105,O,1075,2000,151,2151,0
106,0,106,E,10,6,15,21,0
107,0,107,O,1106,1807,406,2213,0
108,0,108,E,10,8,13,21,0
109,0,109,O,1137,2260,15,2275,0
110,0,110,E,10,10,11,21,0
111,0,111,O,1169,1070,1269,2339,0
112,0,112,E,10,12,9,21,0
113,0,113,O,1201,496,1907,2403,0
114,0,114,E,10,14,7,21,0
115,0,115,O,1233,586,1881,2467,0
116,0,116,E,10,16,5,21,0
117,0,117,O,1265,1388,1143,2531,0
118,0,118,E,10,18,3,21,0
119,0,119,O,1298,355,2242,2597,0
120,0,120,E,10,20,1,21,0
121,0,121,O,1331,0,2663,2663,1
122,0,122,E,11,1,22,23,0
123,0,123,O,1364,371,2358,2729,0
124,0,124,E,11,3,20,23,0
125,0,125,O,1397,1516,1279,2795,0
126,0,126,E,11,5,18,23,0
127,0,127,O,1431,622,2241,2863,0
128,0,128,E,11,7,16,23,0
129,0,129,O,1465,464,2467,2931,0
130,0,130,E,11,9,14,23,0
131,0,131,O,1499,1090,1909,2999,0
132,0,132,E,11,11,12,23,0
133,0,133,O,1533,2548,519,3067,0
134,0,134,E,11,13,10,23,0
135,0,135,O,1568,1751,1386,3137,0
136,0,136,E,11,15,8,23,0
137,0,137,O,1603,1744,1463,3207,0
138,0,138,E,11,17,6,23,0
139,0,139,O,1638,2575,702,3277,0
140,0,140,E,11,19,4,23,0
141,0,141,O,1674,945,2404,3349,0
142,0,142,E,11,21,2,23,0
143,0,143,O,1710,107,3314,3421,0
144,0,144,E,12,0,25,25,1
145,0,145,O,1746,109,3384,3493,0
146,0,146,E,12,2,23,25,0
147,0,147,O,1782,999,2566,3565,0
148,0,148,E,12,4,21,25,0
149,0,149,O,1818,2825,812,3637,0
150,0,150,E,12,6,19,25,0
151,0,151,O,1855,1926,1785,3711,0
152,0,152,E,12,8,17,25,0
153,0,153,O,1892,1913,1872,3785,0
154,0,154,E,12,10,15,25,0
155,0,155,O,1929,2834,1025,3859,0
156,0,156,E,12,12,13,25,0
157,0,157,O,1967,804,3131,3935,0
158,0,158,E,12,14,11,25,0
159,0,159,O,2004,3663,346,4009,0
160,0,160,E,12,16,9,25,0
161,0,161,O,2042,3517,568,4085,0
162,0,162,E,12,18,7,25,0
163,0,163,O,2081,186,3977,4163,0
164,0,164,E,12,20,5,25,0
165,0,165,O,2119,1964,2275,4239,0
166,0,166,E,12,22,3,25,0
167,0,167,O,2158,499,3818,4317,0
168,0,168,E,12,24,1,25,0
169,0,169,O,2197,0,4395,4395,1
170,0,170,E,13,1,26,27,0
171,0,171,O,2236,515,3958,4473,0
172,0,172,E,13,3,24,27,0
173,0,173,O,2275,2092,2459,4551,0
174,0,174,E,13,5,22,27,0
175,0,175,O,2315,150,4481,4631,0
176,0,176,E,13,7,20,27,0
177,0,177,O,2354,3917,792,4709,0
178,0,178,E,13,9,18,27,0
179,0,179,O,2394,4103,686,4789,0
180,0,180,E,13,11,16,27,0
181,0,181,O,2435,516,4355,4871,0
182,0,182,E,13,13,14,27,0
183,0,183,O,2475,2862,2089,4951,0
184,0,184,E,13,15,12,27,0
185,0,185,O,2516,1369,3664,5033,0
186,0,186,E,13,17,10,27,0
187,0,187,O,2557,954,4161,5115,0
188,0,188,E,13,19,8,27,0
189,0,189,O,2598,1665,3532,5197,0
190,0,190,E,13,21,6,27,0
191,0,191,O,2639,3550,1729,5279,0
192,0,192,E,13,23,4,27,0
193,0,193,O,2681,1296,4067,5363,0
194,0,194,E,13,25,2,27,0
195,0,195,O,2723,146,5301,5447,0
196,0,196,E,14,0,29,29,1
197,0,197,O,2765,148,5383,5531,0
198,0,198,E,14,2,27,29,0
199,0,199,O,2807,1350,4265,5615,0
200,0,200,E,14,4,25,29,0
201,0,201,O,2849,3800,1899,5699,0
202,0,202,E,14,6,23,29,0
203,0,203,O,2892,1763,4022,5785,0
204,0,204,E,14,8,21,29,0
205,0,205,O,2935,900,4971,5871,0
206,0,206,E,14,10,19,29,0
207,0,207,O,2978,1259,4698,5957,0
208,0,208,E,14,12,17,29,0
209,0,209,O,3021,2888,3155,6043,0
210,0,210,E,14,14,15,29,0
211,0,211,O,3064,5835,294,6129,0
212,0,212,E,14,16,13,29,0
213,0,213,O,3108,3933,2284,6217,0
214,0,214,E,14,18,11,29,0
215,0,215,O,3152,3271,3034,6305,0
216,0,216,E,14,20,9,29,0
217,0,217,O,3196,3897,2496,6393,0
218,0,218,E,14,22,7,29,0
219,0,219,O,3240,5859,622,6481,0
220,0,220,E,14,24,5,29,0
221,0,221,O,3285,2636,3935,6571,0
222,0,222,E,14,26,3,29,0
223,0,223,O,3330,667,5994,6661,0
224,0,224,E,14,28,1,29,0
225,0,225,O,3375,0,6751,6751,1
226,0,226,E,15,1,30,31,0
227,0,227,O,3420,683,6158,6841,0
228,0,228,E,15,3,28,31,0
229,0,229,O,3465,2764,4167,6931,0
230,0,230,E,15,5,26,31,0
231,0,231,O,3510,6291,730,7021,0
232,0,232,E,15,7,24,31,0
233,0,233,O,3556,4201,2912,7113,0
234,0,234,E,15,9,22,31,0
235,0,235,O,3602,3471,3734,7205,0
236,0,236,E,15,11,20,31,0
237,0,237,O,3648,4149,3148,7297,0
238,0,238,E,15,13,18,31,0
239,0,239,O,3694,6283,1106,7389,0
240,0,240,E,15,15,16,31,0
241,0,241,O,3741,2440,5043,7483,0
242,0,242,E,15,17,14,31,0
243,0,243,O,3787,7538,37,7575,0
244,0,244,E,15,19,12,31,0
245,0,245,O,3834,6569,1100,7669,0
246,0,246,E,15,21,10,31,0
247,0,247,O,3881,7062,701,7763,0
248,0,248,E,15,23,8,31,0
249,0,249,O,3929,1208,6651,7859,0
250,0,250,E,15,25,6,31,0
251,0,251,O,3976,4675,3278,7953,0
252,0,252,E,15,27,4,31,0
253,0,253,O,4024,1701,6348,8049,0
254,0,254,E,15,29,2,31,0
255,0,255,O,4072,191,7954,8145,0
256,0,256,E,16,0,33,33,1
257,0,257,O,4120,193,8048,8241,0
258,0,258,E,16,2,31,33,0
259,0,259,O,4168,1755,6582,8337,0
260,0,260,E,16,4,29,33,0
261,0,261,O,4216,4925,3508,8433,0
262,0,262,E,16,6,27,33,0
263,0,263,O,4265,1222,7309,8531,0
264,0,264,E,16,8,25,33,0
265,0,265,O,4313,7656,971,8627,0
266,0,266,E,16,10,23,33,0
267,0,267,O,4362,7119,1606,8725,0
268,0,268,E,16,12,21,33,0
269,0,269,O,4411,8188,635,8823,0
270,0,270,E,16,14,19,33,0
271,0,271,O,4461,1990,6933,8923,0
272,0,272,E,16,16,17,33,0
273,0,273,O,4510,6317,2704,9021,0
274,0,274,E,16,18,15,33,0
275,0,275,O,4560,3275,5846,9121,0
276,0,276,E,16,20,13,33,0
277,0,277,O,4610,1833,7388,9221,0
278,0,278,E,16,22,11,33,0
279,0,279,O,4660,2039,7282,9321,0
280,0,280,E,16,24,9,33,0
281,0,281,O,4710,3941,5480,9421,0
282,0,282,E,16,26,7,33,0
283,0,283,O,4760,7587,1934,9521,0
284,0,284,E,16,28,5,33,0
285,0,285,O,4811,3404,6219,9623,0
286,0,286,E,16,30,3,33,0
287,0,287,O,4862,859,8866,9725,0
288,0,288,E,16,32,1,33,0
289,0,289,O,4913,0,9827,9827,1
290,0,290,E,17,1,34,35,0
291,0,291,O,4964,875,9054,9929,0
292,0,292,E,17,3,32,35,0
293,0,293,O,5015,3532,6499,10031,0
294,0,294,E,17,5,30,35,0
295,0,295,O,5066,8019,2114,10133,0
296,0,296,E,17,7,28,35,0
297,0,297,O,5118,4149,6088,10237,0
298,0,298,E,17,9,26,35,0
299,0,299,O,5170,1999,8342,10341,0
300,0,300,E,17,11,24,35,0
301,0,301,O,5222,1617,8828,10445,0
302,0,302,E,17,13,22,35,0
303,0,303,O,5274,3051,7498,10549,0
304,0,304,E,17,15,20,35,0
305,0,305,O,5326,6349,4304,10653,0
306,0,306,E,17,17,18,35,0
307,0,307,O,5379,802,9957,10759,0
308,0,308,E,17,19,16,35,0
309,0,309,O,5431,7868,2995,10863,0
310,0,310,E,17,21,14,35,0
311,0,311,O,5484,5975,4994,10969,0
312,0,312,E,17,23,12,35,0
313,0,313,O,5537,5928,5147,11075,0
314,0,314,E,17,25,10,35,0
315,0,315,O,5590,7775,3406,11181,0
316,0,316,E,17,27,8,35,0
317,0,317,O,5644,277,11012,11289,0
318,0,318,E,17,29,6,35,0
319,0,319,O,5697,5950,5445,11395,0
320,0,320,E,17,31,4,35,0
321,0,321,O,5751,2160,9343,11503,0
322,0,322,E,17,33,2,35,0
323,0,323,O,5805,242,11369,11611,0
324,0,324,E,18,0,37,37,1
325,0,325,O,5859,244,11475,11719,0
326,0,326,E,18,2,35,37,0
327,0,327,O,5913,2214,9613,11827,0
328,0,328,E,18,4,33,37,0
329,0,329,O,5967,6200,5735,11935,0
330,0,330,E,18,6,31,37,0
331,0,331,O,6022,207,11838,12045,0
332,0,332,E,18,8,29,37,0
333,0,333,O,6076,8261,3892,12153,0
334,0,334,E,18,10,27,37,0
335,0,335,O,6131,6214,6049,12263,0
336,0,336,E,18,12,25,37,0
337,0,337,O,6186,6157,6216,12373,0
338,0,338,E,18,14,23,37,0
339,0,339,O,6241,8138,4345,12483,0
340,0,340,E,18,16,21,37,0
341,0,341,O,6296,12205,388,12593,0
342,0,342,E,18,18,19,37,0
343,0,343,O,6352,5703,7002,12705,0
344,0,344,E,18,20,17,37,0
345,0,345,O,6408,1161,11656,12817,0
346,0,346,E,18,22,15,37,0
347,0,347,O,6463,11554,1373,12927,0
348,0,348,E,18,24,13,37,0
349,0,349,O,6519,11188,1851,13039,0
350,0,350,E,18,26,11,37,0
351,0,351,O,6575,12926,225,13151,0
352,0,352,E,18,28,9,37,0
353,0,353,O,6632,3553,9712,13265,0
354,0,354,E,18,30,7,37,0
355,0,355,O,6688,9531,3846,13377,0
356,0,356,E,18,32,5,37,0
357,0,357,O,6745,4268,9223,13491,0
358,0,358,E,18,34,3,37,0
359,0,359,O,6802,1075,12530,13605,0
360,0,360,E,18,36,1,37,0
361,0,361,O,6859,0,13719,13719,1
362,0,362,E,19,1,38,39,0
363,0,363,O,6916,1091,12742,13833,0
364,0,364,E,19,3,36,39,0
365,0,365,O,6973,4396,9551,13947,0
366,0,366,E,19,5,34,39,0
367,0,367,O,7030,9963,4098,14061,0
368,0,368,E,19,7,32,39,0
369,0,369,O,7088,3665,10512,14177,0
370,0,370,E,19,9,30,39,0
371,0,371,O,7145,13786,505,14291,0
372,0,372,E,19,11,28,39,0
373,0,373,O,7203,11908,2499,14407,0
374,0,374,E,19,13,26,39,0
375,0,375,O,7261,12254,2269,14523,0
376,0,376,E,19,15,24,39,0
377,0,377,O,7320,233,14408,14641,0
378,0,378,E,19,17,22,39,0
379,0,379,O,7378,5055,9702,14757,0
380,0,380,E,19,19,20,39,0
381,0,381,O,7436,12245,2628,14873,0
382,0,382,E,19,21,18,39,0
383,0,383,O,7495,6862,8129,14991,0
384,0,384,E,19,23,16,39,0
385,0,385,O,7554,3709,11400,15109,0
386,0,386,E,19,25,14,39,0
387,0,387,O,7613,2834,12393,15227,0
388,0,388,E,19,27,12,39,0
389,0,389,O,7672,4285,11060,15345,0
390,0,390,E,19,29,10,39,0
391,0,391,O,7731,8110,7353,15463,0
392,0,392,E,19,31,8,39,0
393,0,393,O,7790,14357,1224,15581,0
394,0,394,E,19,33,6,39,0
395,0,395,O,7850,7375,8326,15701,0
396,0,396,E,19,35,4,39,0
397,0,397,O,7910,2673,13148,15821,0
398,0,398,E,19,37,2,39,0
399,0,399,O,7970,299,15642,15941,0
400,0,400,E,20,0,41,41,1
401,0,401,O,8030,301,15760,16061,0
402,0,402,E,20,2,39,41,0
403,0,403,O,8090,2727,13454,16181,0
404,0,404,E,20,4,37,41,0
405,0,405,O,8150,7625,8676,16301,0
406,0,406,E,20,6,35,41,0
407,0,407,O,8210,15043,1378,16421,0
408,0,408,E,20,8,33,41,0
409,0,409,O,8271,8488,8055,16543,0
410,0,410,E,20,10,31,41,0
411,0,411,O,8332,4307,12358,16665,0
412,0,412,E,20,12,29,41,0
413,0,413,O,8393,2548,14239,16787,0
414,0,414,E,20,14,27,41,0
415,0,415,O,8454,3259,13650,16909,0
416,0,416,E,20,16,25,41,0
417,0,417,O,8515,6488,10543,17031,0
418,0,418,E,20,18,23,41,0
419,0,419,O,8576,12283,4870,17153,0
420,0,420,E,20,20,21,41,0
421,0,421,O,8638,3417,13860,17277,0
422,0,422,E,20,22,19,41,0
423,0,423,O,8699,14366,3033,17399,0
424,0,424,E,20,24,17,41,0
425,0,425,O,8761,10504,7019,17523,0
426,0,426,E,20,26,15,41,0
427,0,427,O,8823,9154,8493,17647,0
428,0,428,E,20,28,13,41,0
429,0,429,O,8885,10364,7407,17771,0
430,0,430,E,20,30,11,41,0
431,0,431,O,8947,14182,3713,17895,0
432,0,432,E,20,32,9,41,0
433,0,433,O,9010,2637,15384,18021,0
434,0,434,E,20,34,7,41,0
435,0,435,O,9072,11691,6454,18145,0
436,0,436,E,20,36,5,41,0
437,0,437,O,9135,5228,13043,18271,0
438,0,438,E,20,38,3,41,0
439,0,439,O,9198,1315,17082,18397,0
440,0,440,E,20,40,1,41,0
441,0,441,O,9261,0,18523,18523,1
442,0,442,E,21,1,42,43,0
443,0,443,O,9324,1331,17318,18649,0
444,0,444,E,21,3,40,43,0
445,0,445,O,9387,5356,13419,18775,0
446,0,446,E,21,5,38,43,0
447,0,447,O,9450,12123,6778,18901,0
448,0,448,E,21,7,36,43,0
449,0,449,O,9514,2653,16376,19029,0
450,0,450,E,21,9,34,43,0
451,0,451,O,9577,14922,4233,19155,0
452,0,452,E,21,11,32,43,0
453,0,453,O,9641,10796,8487,19283,0
454,0,454,E,21,13,30,43,0
455,0,455,O,9705,9350,10061,19411,0
456,0,456,E,21,15,28,43,0
457,0,457,O,9769,10632,8907,19539,0
458,0,458,E,21,17,26,43,0
459,0,459,O,9833,14690,4977,19667,0
460,0,460,E,21,19,24,43,0
461,0,461,O,9898,1777,18020,19797,0
462,0,462,E,21,21,22,43,0
463,0,463,O,9962,11403,8522,19925,0
464,0,464,E,21,23,20,43,0
465,0,465,O,10027,3896,16159,20055,0
466,0,466,E,21,25,18,43,0
467,0,467,O,10091,19282,901,20183,0
468,0,468,E,21,27,16,43,0
469,0,469,O,10156,17373,2940,20313,0
470,0,470,E,21,29,14,43,0
471,0,471,O,10221,18270,2173,20443,0
472,0,472,E,21,31,12,43,0
473,0,473,O,10287,1448,19127,20575,0
474,0,474,E,21,33,10,43,0
475,0,475,O,10352,7971,12734,20705,0
476,0,476,E,21,35,8,43,0
477,0,477,O,10417,17444,3391,20835,0
478,0,478,E,21,37,6,43,0
479,0,479,O,10483,8950,12017,20967,0
480,0,480,E,21,39,4,43,0
481,0,481,O,10549,3240,17859,21099,0
482,0,482,E,21,41,2,43,0
483,0,483,O,10615,362,20869,21231,0
484,0,484,E,22,0,45,45,1
485,0,485,O,10681,364,20999,21363,0
486,0,486,E,22,2,43,45,0
487,0,487,O,10747,3294,18201,21495,0
488,0,488,E,22,4,41,45,0
489,0,489,O,10813,9200,12427,21627,0
490,0,490,E,22,6,39,45,0
491,0,491,O,10879,18130,3629,21759,0
492,0,492,E,22,8,37,45,0
493,0,493,O,10946,8241,13652,21893,0
494,0,494,E,22,10,35,45,0
495,0,495,O,11013,1206,20821,22027,0
496,0,496,E,22,12,33,45,0
497,0,497,O,11079,19232,2927,22159,0
498,0,498,E,22,14,31,45,0
499,0,499,O,11146,18183,4110,22293,0
500,0,500,E,22,16,29,45,0
501,0,501,O,11213,20132,2295,22427,0
502,0,502,E,22,18,27,45,0
503,0,503,O,11281,2566,19997,22563,0
504,0,504,E,22,20,25,45,0
505,0,505,O,11348,10521,12176,22697,0
506,0,506,E,22,22,23,45,0
507,0,507,O,11415,21618,1213,22831,0
508,0,508,E,22,24,21,45,0
509,0,509,O,11483,12940,10027,22967,0
510,0,510,E,22,26,19,45,0
511,0,511,O,11551,7230,15873,23103,0
512,0,512,E,22,28,17,45,0
513,0,513,O,11619,4536,18703,23239,0
514,0,514,E,22,30,15,45,0
515,0,515,O,11687,4906,18469,23375,0
516,0,516,E,22,32,13,45,0
517,0,517,O,11755,8388,15123,23511,0
518,0,518,E,22,34,11,45,0
519,0,519,O,11823,15030,8617,23647,0
520,0,520,E,22,36,9,45,0
521,0,521,O,11892,1097,22688,23785,0
522,0,522,E,22,38,7,45,0
523,0,523,O,11960,14067,9854,23921,0
524,0,524,E,22,40,5,45,0
525,0,525,O,12029,6284,17775,24059,0
526,0,526,E,22,42,3,45,0
527,0,527,O,12098,1579,22618,24197,0
528,0,528,E,22,44,1,45,0
529,0,529,O,12167,0,24335,24335,1
530,0,530,E,23,1,46,47,0
531,0,531,O,12236,1595,22878,24473,0
532,0,532,E,23,3,44,47,0
533,0,533,O,12305,6412,18199,24611,0
534,0,534,E,23,5,42,47,0
535,0,535,O,12374,14499,10250,24749,0
536,0,536,E,23,7,40,47,0
537,0,537,O,12444,1017,23872,24889,0
538,0,538,E,23,9,38,47,0
539,0,539,O,12513,15650,9377,25027,0
540,0,540,E,23,11,36,47,0
541,0,541,O,12583,8532,16635,25167,0
542,0,542,E,23,13,34,47,0
543,0,543,O,12653,4598,20709,25307,0
544,0,544,E,23,15,32,47,0
545,0,545,O,12723,3896,21551,25447,0
546,0,546,E,23,17,30,47,0
547,0,547,O,12793,6474,19113,25587,0
548,0,548,E,23,19,28,47,0
549,0,549,O,12863,12380,13347,25727,0
550,0,550,E,23,21,26,47,0
551,0,551,O,12933,21662,4205,25867,0
552,0,552,E,23,23,24,47,0
553,0,553,O,13004,8361,17648,26009,0
554,0,554,E,23,25,22,47,0
555,0,555,O,13074,24399,1750,26149,0
556,0,556,E,23,27,20,47,0
557,0,557,O,13145,17668,8623,26291,0
558,0,558,E,23,29,18,47,0
559,0,559,O,13216,14223,12210,26433,0
560,0,560,E,23,31,16,47,0
561,0,561,O,13287,14112,12463,26575,0
562,0,562,E,23,33,14,47,0
563,0,563,O,13358,17383,9334,26717,0
564,0,564,E,23,35,12,47,0
565,0,565,O,13429,24084,2775,26859,0
566,0,566,E,23,37,10,47,0
567,0,567,O,13501,7262,19741,27003,0
568,0,568,E,23,39,8,47,0
569,0,569,O,13572,20825,6320,27145,0
570,0,570,E,23,41,6,47,0
571,0,571,O,13644,10675,16614,27289,0
572,0,572,E,23,43,4,47,0
573,0,573,O,13716,3861,23572,27433,0
574,0,574,E,23,45,2,47,0
575,0,575,O,13788,431,27146,27577,0
576,0,576,E,24,0,49,49,1
577,0,577,O,13860,433,27288,27721,0
578,0,578,E,24,2,47,49,0
579,0,579,O,13932,3915,23950,27865,0
580,0,580,E,24,4,45,49,0
581,0,581,O,14004,10925,17084,28009,0
582,0,582,E,24,6,43,49,0
583,0,583,O,14076,21511,6642,28153,0
584,0,584,E,24,8,41,49,0
585,0,585,O,14149,7424,20875,28299,0
586,0,586,E,24,10,39,49,0
587,0,587,O,14221,25162,3281,28443,0
588,0,588,E,24,12,37,49,0
589,0,589,O,14294,18033,10556,28589,0
590,0,590,E,24,14,35,49,0
591,0,591,O,14367,14382,14353,28735,0
592,0,592,E,24,16,33,49,0
593,0,593,O,14440,14257,14624,28881,0
594,0,594,E,24,18,31,49,0
595,0,595,O,14513,17706,11321,29027,0
596,0,596,E,24,20,29,49,0
597,0,597,O,14586,24777,4396,29173,0
598,0,598,E,24,22,27,49,0
599,0,599,O,14660,6199,23122,29321,0
600,0,600,E,24,24,25,49,0
601,0,601,O,14733,20512,8955,29467,0
602,0,602,E,24,26,23,49,0
603,0,603,O,14807,8978,20637,29615,0
604,0,604,E,24,28,21,49,0
605,0,605,O,14881,964,28799,29763,0
606,0,606,E,24,30,19,49,0
607,0,607,O,14954,26427,3482,29909,0
608,0,608,E,24,32,17,49,0
609,0,609,O,15028,25745,4312,30057,0
610,0,610,E,24,34,15,49,0
611,0,611,O,15102,28727,1478,30205,0
612,0,612,E,24,36,13,49,0
613,0,613,O,15177,5068,25287,30355,0
614,0,614,E,24,38,11,49,0
615,0,615,O,15251,15374,15129,30503,0
616,0,616,E,24,40,9,49,0
617,0,617,O,15325,29488,1163,30651,0
618,0,618,E,24,42,7,49,0
619,0,619,O,15400,16659,14142,30801,0
620,0,620,E,24,44,5,49,0
621,0,621,O,15475,7436,23515,30951,0
622,0,622,E,24,46,3,49,0
623,0,623,O,15550,1867,29234,31101,0
624,0,624,E,24,48,1,49,0
625,0,625,O,15625,0,31251,31251,1
626,0,626,E,25,1,50,51,0
627,0,627,O,15700,1883,29518,31401,0
628,0,628,E,25,3,48,51,0
629,0,629,O,15775,7564,23987,31551,0
630,0,630,E,25,5,46,51,0
631,0,631,O,15850,17091,14610,31701,0
632,0,632,E,25,7,44,51,0
633,0,633,O,15925,30512,1339,31851,0
634,0,634,E,25,9,42,51,0
635,0,635,O,16001,15874,16129,32003,0
636,0,636,E,25,11,40,51,0
637,0,637,O,16077,4924,27231,32155,0
638,0,638,E,25,13,38,51,0
639,0,639,O,16152,30015,2290,32305,0
640,0,640,E,25,15,36,51,0
641,0,641,O,16228,26737,5720,32457,0
642,0,642,E,25,17,34,51,0
643,0,643,O,16304,27291,5318,32609,0
644,0,644,E,25,19,32,51,0
645,0,645,O,16380,31725,1036,32761,0
646,0,646,E,25,21,30,51,0
647,0,647,O,16457,7174,25741,32915,0
648,0,648,E,25,23,28,51,0
649,0,649,O,16533,19360,13707,33067,0
650,0,650,E,25,25,26,51,0
651,0,651,O,16610,2351,30870,33221,0
652,0,652,E,25,27,24,51,0
653,0,653,O,16686,22481,10892,33373,0
654,0,654,E,25,29,22,51,0
655,0,655,O,16763,13206,20321,33527,0
656,0,656,E,25,31,20,51,0
657,0,657,O,16840,7793,25888,33681,0
658,0,658,E,25,33,18,51,0
659,0,659,O,16917,6290,27545,33835,0
660,0,660,E,25,35,16,51,0
661,0,661,O,16994,8745,25244,33989,0
662,0,662,E,25,37,14,51,0
663,0,663,O,17071,15206,18937,34143,0
664,0,664,E,25,39,12,51,0
665,0,665,O,17148,25721,8576,34297,0
666,0,666,E,25,41,10,51,0
667,0,667,O,17226,5887,28566,34453,0
668,0,668,E,25,43,8,51,0
669,0,669,O,17303,24500,10107,34607,0
670,0,670,E,25,45,6,51,0
671,0,671,O,17381,12550,22213,34763,0
672,0,672,E,25,47,4,51,0
673,0,673,O,17459,4536,30383,34919,0
674,0,674,E,25,49,2,51,0
675,0,675,O,17537,506,34569,35075,0
676,0,676,E,26,0,53,53,1
677,0,677,O,17615,508,34723,35231,0
678,0,678,E,26,2,51,53,0
679,0,679,O,17693,4590,30797,35387,0
680,0,680,E,26,4,49,53,0
681,0,681,O,17771,12800,22743,35543,0
682,0,682,E,26,6,47,53,0
683,0,683,O,17849,25186,10513,35699,0
684,0,684,E,26,8,45,53,0
685,0,685,O,17928,5941,29916,35857,0
686,0,686,E,26,10,43,53,0
687,0,687,O,18006,26667,9346,36013,0
688,0,688,E,26,12,41,53,0
689,0,689,O,18085,15544,20627,36171,0
690,0,690,E,26,14,39,53,0
691,0,691,O,18164,8475,27854,36329,0
692,0,692,E,26,16,37,53,0
693,0,693,O,18243,5508,30979,36487,0
694,0,694,E,26,18,35,53,0
695,0,695,O,18322,6691,29954,36645,0
696,0,696,E,26,20,33,53,0
697,0,697,O,18401,12072,24731,36803,0
698,0,698,E,26,22,31,53,0
699,0,699,O,18480,21699,15262,36961,0
700,0,700,E,26,24,29,53,0
701,0,701,O,18559,35620,1499,37119,0
702,0,702,E,26,26,27,53,0
703,0,703,O,18639,16606,20673,37279,0
704,0,704,E,26,28,25,53,0
705,0,705,O,18719,1664,35775,37439,0
706,0,706,E,26,30,23,53,0
707,0,707,O,18798,28439,9158,37597,0
708,0,708,E,26,32,21,53,0
709,0,709,O,18878,21945,15812,37757,0
710,0,710,E,26,34,19,53,0
711,0,711,O,18958,19667,18250,37917,0
712,0,712,E,26,36,17,53,0
713,0,713,O,19038,21653,16424,38077,0
714,0,714,E,26,38,15,53,0
715,0,715,O,19118,27951,10286,38237,0
716,0,716,E,26,40,13,53,0
717,0,717,O,19199,212,38187,38399,0
718,0,718,E,26,42,11,53,0
719,0,719,O,19279,15118,23441,38559,0
720,0,720,E,26,44,9,53,0
721,0,721,O,19359,34480,4239,38719,0
722,0,722,E,26,46,7,53,0
723,0,723,O,19440,19467,19414,38881,0
724,0,724,E,26,48,5,53,0
725,0,725,O,19521,8684,30359,39043,0
726,0,726,E,26,50,3,53,0
727,0,727,O,19602,2179,37026,39205,0
728,0,728,E,26,52,1,53,0
729,0,729,O,19683,0,39367,39367,1
730,0,730,E,27,1,54,55,0
731,0,731,O,19764,2195,37334,39529,0
732,0,732,E,27,3,52,55,0
733,0,733,O,19845,8812,30879,39691,0
734,0,734,E,27,5,50,55,0
735,0,735,O,19926,19899,19954,39853,0
736,0,736,E,27,7,48,55,0
737,0,737,O,20007,35504,4511,40015,0
738,0,738,E,27,9,46,55,0
739,0,739,O,20089,15498,24681,40179,0
740,0,740,E,27,11,44,55,0
741,0,741,O,20170,40121,220,40341,0
742,0,742,E,27,13,42,55,0
743,0,743,O,20252,28903,11602,40505,0
744,0,744,E,27,15,40,55,0
745,0,745,O,20334,22069,18600,40669,0
746,0,746,E,27,17,38,55,0
747,0,747,O,20416,19667,21166,40833,0
748,0,748,E,27,19,36,55,0
749,0,749,O,20498,21745,19252,40997,0
750,0,750,E,27,21,34,55,0
751,0,751,O,20580,28351,12810,41161,0
752,0,752,E,27,23,32,55,0
753,0,753,O,20662,39533,1792,41325,0
754,0,754,E,27,25,30,55,0
755,0,755,O,20745,13850,27641,41491,0
756,0,756,E,27,27,28,55,0
757,0,757,O,20827,34164,7491,41655,0
758,0,758,E,27,29,26,55,0
759,0,759,O,20910,17379,24442,41821,0
760,0,760,E,27,31,24,55,0
761,0,761,O,20993,5032,36955,41987,0
762,0,762,E,27,33,22,55,0
763,0,763,O,21075,39322,2829,42151,0
764,0,764,E,27,35,20,55,0
765,0,765,O,21158,36161,6156,42317,0
766,0,766,E,27,37,18,55,0
767,0,767,O,21241,37582,4901,42483,0
768,0,768,E,27,39,16,55,0
769,0,769,O,21325,984,41667,42651,0
770,0,770,E,27,41,14,55,0
771,0,771,O,21408,11547,31270,42817,0
772,0,772,E,27,43,12,55,0
773,0,773,O,21491,26836,16147,42983,0
774,0,774,E,27,45,10,55,0
775,0,775,O,21575,3750,39401,43151,0
776,0,776,E,27,47,8,55,0
777,0,777,O,21658,28469,14848,43317,0
778,0,778,E,27,49,6,55,0
779,0,779,O,21742,14575,28910,43485,0
780,0,780,E,27,51,4,55,0
781,0,781,O,21826,5265,38388,43653,0
782,0,782,E,27,53,2,55,0
783,0,783,O,21910,587,43234,43821,0
784,0,784,E,28,0,57,57,1
785,0,785,O,21994,589,43400,43989,0
786,0,786,E,28,2,55,57,0
787,0,787,O,22078,5319,38838,44157,0
788,0,788,E,28,4,53,57,0
789,0,789,O,22162,14825,29500,44325,0
790,0,790,E,28,6,51,57,0
791,0,791,O,22246,29155,15338,44493,0
792,0,792,E,28,8,49,57,0
793,0,793,O,22331,3696,40967,44663,0
794,0,794,E,28,10,47,57,0
795,0,795,O,22415,27650,17181,44831,0
796,0,796,E,28,12,45,57,0
797,0,797,O,22500,11573,33428,45001,0
798,0,798,E,28,14,43,57,0
799,0,799,O,22585,174,44997,45171,0
800,0,800,E,28,16,41,57,0
801,0,801,O,22669,38840,6499,45339,0
802,0,802,E,28,18,39,57,0
803,0,803,O,22754,37111,8398,45509,0
804,0,804,E,28,20,37,57,0
805,0,805,O,22839,40204,5475,45679,0
806,0,806,E,28,22,35,57,0
807,0,807,O,22925,2318,43533,45851,0
808,0,808,E,28,24,33,57,0
809,0,809,O,23010,15029,30992,46021,0
810,0,810,E,28,26,31,57,0
811,0,811,O,23095,32706,13485,46191,0
812,0,812,E,28,28,29,57,0
813,0,813,O,23181,9036,37327,46363,0
814,0,814,E,28,30,27,57,0
815,0,815,O,23266,36619,9914,46533,0
816,0,816,E,28,32,25,57,0
817,0,817,O,23352,22609,24096,46705,0
818,0,818,E,28,34,23,57,0
819,0,819,O,23438,13415,33462,46877,0
820,0,820,E,28,36,21,57,0
821,0,821,O,23524,9085,37964,47049,0
822,0,822,E,28,38,19,57,0
823,0,823,O,23610,9667,37554,47221,0
824,0,824,E,28,40,17,57,0
825,0,825,O,23696,15209,32184,47393,0
826,0,826,E,28,42,15,57,0
827,0,827,O,23782,25759,21806,47565,0
828,0,828,E,28,44,13,57,0
829,0,829,O,23868,41365,6372,47737,0
830,0,830,E,28,46,11,57,0
831,0,831,O,23955,14166,33745,47911,0
832,0,832,E,28,48,9,57,0
833,0,833,O,24041,39856,8227,48083,0
834,0,834,E,28,50,7,57,0
835,0,835,O,24128,22491,25766,48257,0
836,0,836,E,28,52,5,57,0
837,0,837,O,24215,10028,38403,48431,0
838,0,838,E,28,54,3,57,0
839,0,839,O,24302,2515,46090,48605,0
840,0,840,E,28,56,1,57,0
841,0,841,O,24389,0,48779,48779,1
842,0,842,E,29,1,58,59,0
843,0,843,O,24476,2531,46422,48953,0
844,0,844,E,29,3,56,59,0
845,0,845,O,24563,10156,38971,49127,0
846,0,846,E,29,5,54,59,0
847,0,847,O,24650,22923,26378,49301,0
848,0,848,E,29,7,52,59,0
849,0,849,O,24737,40880,8595,49475,0
850,0,850,E,29,9,50,59,0
851,0,851,O,24825,14426,35225,49651,0
852,0,852,E,29,11,48,59,0
853,0,853,O,24912,42733,7092,49825,0
854,0,854,E,29,13,46,59,0
855,0,855,O,25000,26375,23626,50001,0
856,0,856,E,29,15,44,59,0
857,0,857,O,25088,15049,35128,50177,0
858,0,858,E,29,17,42,59,0
859,0,859,O,25176,8803,41550,50353,0
860,0,860,E,29,19,40,59,0
861,0,861,O,25264,7685,42844,50529,0
862,0,862,E,29,21,38,59,0
863,0,863,O,25352,11743,38962,50705,0
864,0,864,E,29,23,36,59,0
865,0,865,O,25440,21025,29856,50881,0
866,0,866,E,29,25,34,59,0
867,0,867,O,25528,35579,15478,51057,0
868,0,868,E,29,27,32,59,0
869,0,869,O,25617,4220,47015,51235,0
870,0,870,E,29,29,30,59,0
871,0,871,O,25705,29286,22125,51411,0
872,0,872,E,29,31,28,59,0
873,0,873,O,25794,8181,43408,51589,0
874,0,874,E,29,33,26,59,0
875,0,875,O,25882,43951,7814,51765,0
876,0,876,E,29,35,24,59,0
877,0,877,O,25971,33292,18651,51943,0
878,0,878,E,29,37,22,59,0
879,0,879,O,26060,27839,24282,52121,0
880,0,880,E,29,39,20,59,0
881,0,881,O,26149,27640,24659,52299,0
882,0,882,E,29,41,18,59,0
883,0,883,O,26238,32743,19734,52477,0
884,0,884,E,29,43,16,59,0
885,0,885,O,26327,43196,9459,52655,0
886,0,886,E,29,45,14,59,0
887,0,887,O,26417,6214,46621,52835,0
888,0,888,E,29,47,12,59,0
889,0,889,O,26506,27333,25680,53013,0
890,0,890,E,29,49,10,59,0
891,0,891,O,26596,755,52438,53193,0
892,0,892,E,29,51,8,59,0
893,0,893,O,26685,32732,20639,53371,0
894,0,894,E,29,53,6,59,0
895,0,895,O,26775,16750,36801,53551,0
896,0,896,E,29,55,4,59,0
897,0,897,O,26865,6048,47683,53731,0
898,0,898,E,29,57,2,59,0
899,0,899,O,26955,674,53237,53911,0
900,0,900,E,30,0,61,61,1
901,0,901,O,27045,676,53415,54091,0
902,0,902,E,30,2,59,61,0
903,0,903,O,27135,6102,48169,54271,0
904,0,904,E,30,4,57,61,0
905,0,905,O,27225,17000,37451,54451,0
906,0,906,E,30,6,55,61,0
907,0,907,O,27315,33418,21213,54631,0
908,0,908,E,30,8,53,61,0
909,0,909,O,27406,593,54220,54813,0
910,0,910,E,30,10,51,61,0
911,0,911,O,27496,28015,26978,54993,0
912,0,912,E,30,12,49,61,0
913,0,913,O,27587,5928,49247,55175,0
914,0,914,E,30,14,47,61,0
915,0,915,O,27677,44546,10809,55355,0
916,0,916,E,30,16,45,61,0
917,0,917,O,27768,33389,22148,55537,0
918,0,918,E,30,18,43,61,0
919,0,919,O,27859,27678,28041,55719,0
920,0,920,E,30,20,41,61,0
921,0,921,O,27950,27461,28440,55901,0
922,0,922,E,30,22,39,61,0
923,0,923,O,28041,32786,23297,56083,0
924,0,924,E,30,24,37,61,0
925,0,925,O,28132,43701,12564,56265,0
926,0,926,E,30,26,35,61,0
927,0,927,O,28224,3807,52642,56449,0
928,0,928,E,30,28,33,61,0
929,0,929,O,28315,25864,30767,56631,0
930,0,930,E,30,30,31,61,0
931,0,931,O,28406,53655,3158,56813,0
932,0,932,E,30,32,29,61,0
933,0,933,O,28498,30233,26764,56997,0
934,0,934,E,30,34,27,61,0
935,0,935,O,28590,12275,44906,57181,0
936,0,936,E,30,36,25,61,0
937,0,937,O,28681,57192,171,57363,0
938,0,938,E,30,38,23,61,0
939,0,939,O,28773,50490,7057,57547,0
940,0,940,E,30,40,21,61,0
941,0,941,O,28865,49396,8335,57731,0
942,0,942,E,30,42,19,61,0
943,0,943,O,28957,53958,3957,57915,0
944,0,944,E,30,44,17,61,0
945,0,945,O,29050,6125,51976,58101,0
946,0,946,E,30,46,15,61,0
947,0,947,O,29142,21959,36326,58285,0
948,0,948,E,30,48,13,61,0
949,0,949,O,29234,43593,14876,58469,0
950,0,950,E,30,50,11,61,0
951,0,951,O,29327,12422,46233,58655,0
952,0,952,E,30,52,9,61,0
953,0,953,O,29419,45616,13223,58839,0
954,0,954,E,30,54,7,61,0
955,0,955,O,29512,25731,33294,59025,0
956,0,956,E,30,56,5,61,0
957,0,957,O,29605,11468,47743,59211,0
958,0,958,E,30,58,3,61,0
959,0,959,O,29698,2875,56522,59397,0
960,0,960,E,30,60,1,61,0
961,0,961,O,29791,0,59583,59583,1
962,0,962,E,31,1,62,63,0
963,0,963,O,29884,2891,56878,59769,0
964,0,964,E,31,3,60,63,0
965,0,965,O,29977,11596,48359,59955,0
966,0,966,E,31,5,58,63,0
967,0,967,O,30070,26163,33978,60141,0
968,0,968,E,31,7,56,63,0
969,0,969,O,30163,46640,13687,60327,0
970,0,970,E,31,9,54,63,0
971,0,971,O,30257,12562,47953,60515,0
972,0,972,E,31,11,52,63,0
973,0,973,O,30350,44817,15884,60701,0
974,0,974,E,31,13,50,63,0
975,0,975,O,30444,22239,38650,60889,0
976,0,976,E,31,15,48,63,0
977,0,977,O,30538,5389,55688,61077,0
978,0,978,E,31,17,46,63,0
979,0,979,O,30631,55578,5685,61263,0
980,0,980,E,31,19,44,63,0
981,0,981,O,30725,50516,10935,61451,0
982,0,982,E,31,21,42,63,0
983,0,983,O,30819,51326,10313,61639,0
984,0,984,E,31,23,40,63,0
985,0,985,O,30913,58056,3771,61827,0
986,0,986,E,31,25,38,63,0
987,0,987,O,31008,8739,53278,62017,0
988,0,988,E,31,27,36,63,0
989,0,989,O,31102,27265,34940,62205,0
990,0,990,E,31,29,34,63,0
991,0,991,O,31196,51855,10538,62393,0
992,0,992,E,31,31,32,63,0
993,0,993,O,31291,19976,42607,62583,0
994,0,994,E,31,33,30,63,0
995,0,995,O,31385,56650,6121,62771,0
996,0,996,E,31,35,28,63,0
997,0,997,O,31480,36573,26388,62961,0
998,0,998,E,31,37,26,63,0
999,0,999,O,31575,22374,40777,63151,0
1000,0,1000,E,31,39,24,63,0
1001,0,1001,O,31670,14101,49240,63341,0
1002,0,1002,E,31,41,22,63,0
1003,0,1003,O,31765,11802,51729,63531,0
1004,0,1004,E,31,43,20,63,0
1005,0,1005,O,31860,15525,48196,63721,0
1006,0,1006,E,31,45,18,63,0
1007,0,1007,O,31955,25318,38593,63911,0
1008,0,1008,E,31,47,16,63,0
1009,0,1009,O,32050,41229,22872,64101,0
1010,0,1010,E,31,49,14,63,0
1011,0,1011,O,32145,63306,985,64291,0
1012,0,1012,E,31,51,12,63,0
1013,0,1013,O,32241,27116,37367,64483,0
1014,0,1014,E,31,53,10,63,0
1015,0,1015,O,32336,61479,3194,64673,0
1016,0,1016,E,31,55,8,63,0
1017,0,1017,O,32432,37289,27576,64865,0
1018,0,1018,E,31,57,6,63,0
1019,0,1019,O,32528,19075,45982,65057,0
1020,0,1020,E,31,59,4,63,0
1021,0,1021,O,32624,6885,58364,65249,0
1022,0,1022,E,31,61,2,63,0
1023,0,1023,O,32720,767,64674,65441,0
1024,0,1024,E,32,0,65,65,1
1025,0,1025,O,32816,769,64864,65633,0
1026,0,1026,E,32,2,63,65,0
1027,0,1027,O,32912,6939,58886,65825,0
1028,0,1028,E,32,4,61,65,0
1029,0,1029,O,33008,19325,46692,66017,0
1030,0,1030,E,32,6,59,65,0
1031,0,1031,O,33104,37975,28234,66209,0
1032,0,1032,E,32,8,57,65,0
1033,0,1033,O,33200,62937,3464,66401,0
1034,0,1034,E,32,10,55,65,0
1035,0,1035,O,33297,27666,38929,66595,0
1036,0,1036,E,32,12,53,65,0
1037,0,1037,O,33393,65204,1583,66787,0
1038,0,1038,E,32,14,51,65,0
1039,0,1039,O,33490,42219,24762,66981,0
1040,0,1040,E,32,16,49,65,0
1041,0,1041,O,33587,25352,41823,67175,0
1042,0,1042,E,32,18,47,65,0
1043,0,1043,O,33684,14651,52718,67369,0
1044,0,1044,E,32,20,45,65,0
1045,0,1045,O,33781,10164,57399,67563,0
1046,0,1046,E,32,22,43,65,0
1047,0,1047,O,33878,11939,55818,67757,0
1048,0,1048,E,32,24,41,65,0
1049,0,1049,O,33975,20024,47927,67951,0
1050,0,1050,E,32,26,39,65,0
1051,0,1051,O,34072,34467,33678,68145,0
1052,0,1052,E,32,28,37,65,0
1053,0,1053,O,34169,55316,13023,68339,0
1054,0,1054,E,32,30,35,65,0
1055,0,1055,O,34267,14086,54449,68535,0
1056,0,1056,E,32,32,33,65,0
1057,0,1057,O,34364,47697,21032,68729,0
1058,0,1058,E,32,34,31,65,0
1059,0,1059,O,34462,18935,49990,68925,0
1060,0,1060,E,32,36,29,65,0
1061,0,1061,O,34559,65500,3619,69119,0
1062,0,1062,E,32,38,27,65,0
1063,0,1063,O,34657,49398,19917,69315,0
1064,0,1064,E,32,40,25,65,0
1065,0,1065,O,34755,39600,29911,69511,0
1066,0,1066,E,32,42,23,65,0
1067,0,1067,O,34853,36154,33553,69707,0
1068,0,1068,E,32,44,21,65,0
1069,0,1069,O,34951,39108,30795,69903,0
1070,0,1070,E,32,46,19,65,0
1071,0,1071,O,35049,48510,21589,70099,0
1072,0,1072,E,32,48,17,65,0
1073,0,1073,O,35147,64408,5887,70295,0
1074,0,1074,E,32,50,15,65,0
1075,0,1075,O,35246,16359,54134,70493,0
1076,0,1076,E,32,52,13,65,0
1077,0,1077,O,35344,45197,25492,70689,0
1078,0,1078,E,32,54,11,65,0
1079,0,1079,O,35443,9790,61097,70887,0
1080,0,1080,E,32,56,9,65,0
1081,0,1081,O,35541,51760,19323,71083,0
1082,0,1082,E,32,58,7,65,0
1083,0,1083,O,35640,29187,42094,71281,0
1084,0,1084,E,32,60,5,65,0
1085,0,1085,O,35739,13004,58475,71479,0
1086,0,1086,E,32,62,3,65,0
1087,0,1087,O,35838,3259,68418,71677,0
1088,0,1088,E,32,64,1,65,0
1089,0,1089,O,35937,0,71875,71875,1
1090,0,1090,E,33,1,66,67,0
1091,0,1091,O,36036,3275,68798,72073,0
1092,0,1092,E,33,3,64,67,0
1093,0,1093,O,36135,13132,59139,72271,0
1094,0,1094,E,33,5,62,67,0
1095,0,1095,O,36234,29619,42850,72469,0
1096,0,1096,E,33,7,60,67,0
1097,0,1097,O,36333,52784,19883,72667,0
1098,0,1098,E,33,9,58,67,0
1099,0,1099,O,36433,9810,63057,72867,0
1100,0,1100,E,33,11,56,67,0
1101,0,1101,O,36532,46277,26788,73065,0
1102,0,1102,E,33,13,54,67,0
1103,0,1103,O,36632,16303,56962,73265,0
1104,0,1104,E,33,15,52,67,0
1105,0,1105,O,36731,66264,7199,73463,0
1106,0,1106,E,33,17,50,67,0
1107,0,1107,O,36831,49482,24181,73663,0
1108,0,1108,E,33,19,48,67,0
1109,0,1109,O,36931,39268,34595,73863,0
1110,0,1110,E,33,21,46,67,0
1111,0,1111,O,37031,35670,38393,74063,0
1112,0,1112,E,33,23,44,67,0
1113,0,1113,O,37131,38736,35527,74263,0
1114,0,1114,E,33,25,42,67,0
1115,0,1115,O,37231,48514,25949,74463,0
1116,0,1116,E,33,27,40,67,0
1117,0,1117,O,37331,65052,9611,74663,0
1118,0,1118,E,33,29,38,67,0
1119,0,1119,O,37432,13535,61330,74865,0
1120,0,1120,E,33,31,36,67,0
1121,0,1121,O,37532,43537,31528,75065,0
1122,0,1122,E,33,33,34,67,0
1123,0,1123,O,37633,5178,70089,75267,0
1124,0,1124,E,33,35,32,67,0
1125,0,1125,O,37733,48836,26631,75467,0
1126,0,1126,E,33,37,30,67,0
1127,0,1127,O,37834,23827,51842,75669,0
1128,0,1128,E,33,39,28,67,0
1129,0,1129,O,37935,5464,70407,75871,0
1130,0,1130,E,33,41,26,67,0
1131,0,1131,O,38035,69866,6205,76071,0
1132,0,1132,E,33,43,24,67,0
1133,0,1133,O,38136,65141,11132,76273,0
1134,0,1134,E,33,45,22,67,0
1135,0,1135,O,38237,67206,9269,76475,0
1136,0,1136,E,33,47,20,67,0
1137,0,1137,O,38338,76109,568,76677,0
1138,0,1138,E,33,49,18,67,0
1139,0,1139,O,38440,15019,61862,76881,0
1140,0,1140,E,33,51,16,67,0
1141,0,1141,O,38541,37540,39543,77083,0
1142,0,1142,E,33,53,14,67,0
1143,0,1143,O,38642,67043,10242,77285,0
1144,0,1144,E,33,55,12,67,0
1145,0,1145,O,38744,26089,51400,77489,0
1146,0,1146,E,33,57,10,67,0
1147,0,1147,O,38845,69498,8193,77691,0
1148,0,1148,E,33,59,8,67,0
1149,0,1149,O,38947,42140,35755,77895,0
1150,0,1150,E,33,61,6,67,0
1151,0,1151,O,39049,21550,56549,78099,0
1152,0,1152,E,33,63,4,67,0
1153,0,1153,O,39151,7776,70527,78303,0
1154,0,1154,E,33,65,2,67,0
1155,0,1155,O,39253,866,77641,78507,0
1156,0,1156,E,34,0,69,69,1
1157,0,1157,O,39355,868,77843,78711,0
1158,0,1158,E,34,2,67,69,0
1159,0,1159,O,39457,7830,71085,78915,0
1160,0,1160,E,34,4,65,69,0
1161,0,1161,O,39559,21800,57319,79119,0
1162,0,1162,E,34,6,63,69,0
1163,0,1163,O,39661,42826,36497,79323,0
1164,0,1164,E,34,8,61,69,0
1165,0,1165,O,39763,70956,8571,79527,0
1166,0,1166,E,34,10,59,69,0
1167,0,1167,O,39866,26507,53226,79733,0
1168,0,1168,E,34,12,57,69,0
1169,0,1169,O,39968,68785,11152,79937,0
1170,0,1170,E,34,14,55,69,0
1171,0,1171,O,40071,38170,41973,80143,0
1172,0,1172,E,34,16,53,69,0
1173,0,1173,O,40174,14441,65908,80349,0
1174,0,1174,E,34,18,51,69,0
1175,0,1175,O,40276,78199,2354,80553,0
1176,0,1176,E,34,20,49,69,0
1177,0,1177,O,40379,68592,12167,80759,0
1178,0,1178,E,34,22,47,69,0
1179,0,1179,O,40482,66015,14950,80965,0
1180,0,1180,E,34,24,45,69,0
1181,0,1181,O,40585,70516,10655,81171,0
1182,0,1182,E,34,26,43,69,0
1183,0,1183,O,40689,766,80613,81379,0
1184,0,1184,E,34,28,41,69,0
1185,0,1185,O,40792,19361,62224,81585,0
1186,0,1186,E,34,30,39,69,0
1187,0,1187,O,40895,45178,36613,81791,0
1188,0,1188,E,34,32,37,69,0
1189,0,1189,O,40998,78265,3732,81997,0
1190,0,1190,E,34,34,35,69,0
1191,0,1191,O,41102,36467,45738,82205,0
1192,0,1192,E,34,36,33,69,0
1193,0,1193,O,41206,1621,80792,82413,0
1194,0,1194,E,34,38,31,69,0
1195,0,1195,O,41309,56394,26225,82619,0
1196,0,1196,E,34,40,29,69,0
1197,0,1197,O,41413,35804,47023,82827,0
1198,0,1198,E,34,42,27,69,0
1199,0,1199,O,41517,22310,60725,83035,0
1200,0,1200,E,34,44,25,69,0
1201,0,1201,O,41621,15960,67283,83243,0
1202,0,1202,E,34,46,23,69,0
1203,0,1203,O,41725,16802,66649,83451,0
1204,0,1204,E,34,48,21,69,0
1205,0,1205,O,41829,24884,58775,83659,0
1206,0,1206,E,34,50,19,69,0
1207,0,1207,O,41933,40254,43613,83867,0
1208,0,1208,E,34,52,17,69,0
1209,0,1209,O,42037,62960,21115,84075,0
1210,0,1210,E,34,54,15,69,0
1211,0,1211,O,42142,8767,75518,84285,0
1212,0,1212,E,34,56,13,69,0
1213,0,1213,O,42246,46081,38412,84493,0
1214,0,1214,E,34,58,11,69,0
1215,0,1215,O,42351,6174,78529,84703,0
1216,0,1216,E,34,60,9,69,0
1217,0,1217,O,42455,58288,26623,84911,0
1218,0,1218,E,34,62,7,69,0
1219,0,1219,O,42560,32859,52262,85121,0
1220,0,1220,E,34,64,5,69,0
1221,0,1221,O,42665,14636,70695,85331,0
1222,0,1222,E,34,66,3,69,0
1223,0,1223,O,42770,3667,81874,85541,0
1224,0,1224,E,34,68,1,69,0
1225,0,1225,O,42875,0,85751,85751,1
1226,0,1226,E,35,1,70,71,0
1227,0,1227,O,42980,3683,82278,85961,0
1228,0,1228,E,35,3,68,71,0
1229,0,1229,O,43085,14764,71407,86171,0
1230,0,1230,E,35,5,66,71,0
1231,0,1231,O,43190,33291,53090,86381,0
1232,0,1232,E,35,7,64,71,0
1233,0,1233,O,43295,59312,27279,86591,0
1234,0,1234,E,35,9,62,71,0
1235,0,1235,O,43401,6074,80729,86803,0
1236,0,1236,E,35,11,60,71,0
1237,0,1237,O,43506,47017,39996,87013,0
1238,0,1238,E,35,13,58,71,0
1239,0,1239,O,43612,8375,78850,87225,0
1240,0,1240,E,35,15,56,71,0
1241,0,1241,O,43717,64432,23003,87435,0
1242,0,1242,E,35,17,54,71,0
1243,0,1243,O,43823,40578,47069,87647,0
1244,0,1244,E,35,19,52,71,0
1245,0,1245,O,43929,24084,63775,87859,0
1246,0,1246,E,35,21,50,71,0
1247,0,1247,O,44035,14998,73073,88071,0
1248,0,1248,E,35,23,48,71,0
1249,0,1249,O,44141,13368,74915,88283,0
1250,0,1250,E,35,25,46,71,0
1251,0,1251,O,44247,19242,69253,88495,0
1252,0,1252,E,35,27,44,71,0
1253,0,1253,O,44353,32668,56039,88707,0
1254,0,1254,E,35,29,42,71,0
1255,0,1255,O,44459,53694,35225,88919,0
1256,0,1256,E,35,31,40,71,0
1257,0,1257,O,44565,82368,6763,89131,0
1258,0,1258,E,35,33,38,71,0
1259,0,1259,O,44672,29395,59950,89345,0
1260,0,1260,E,35,35,36,71,0
1261,0,1261,O,44778,73297,16260,89557,0
1262,0,1262,E,35,37,34,71,0
1263,0,1263,O,44885,35222,54549,89771,0
1264,0,1264,E,35,39,32,71,0
1265,0,1265,O,44992,4561,85424,89985,0
1266,0,1266,E,35,41,30,71,0
1267,0,1267,O,45098,71559,18638,90197,0
1268,0,1268,E,35,43,28,71,0
1269,0,1269,O,45205,56084,34327,90411,0
1270,0,1270,E,35,45,26,71,0
1271,0,1271,O,45312,48167,42458,90625,0
1272,0,1272,E,35,47,24,71,0
1273,0,1273,O,45419,47856,42983,90839,0
1274,0,1274,E,35,49,22,71,0
1275,0,1275,O,45526,55199,35854,91053,0
1276,0,1276,E,35,51,20,71,0
1277,0,1277,O,45633,70244,21023,91267,0
1278,0,1278,E,35,53,18,71,0
1279,0,1279,O,45741,1558,89925,91483,0
1280,0,1280,E,35,55,16,71,0
1281,0,1281,O,45848,31937,59760,91697,0
1282,0,1282,E,35,57,14,71,0
1283,0,1283,O,45955,70162,21749,91911,0
1284,0,1284,E,35,59,12,71,0
1285,0,1285,O,46063,24156,67971,92127,0
1286,0,1286,E,35,61,10,71,0
1287,0,1287,O,46170,78003,14338,92341,0
1288,0,1288,E,35,63,8,71,0
1289,0,1289,O,46278,47285,45272,92557,0
1290,0,1290,E,35,65,6,71,0
1291,0,1291,O,46386,24175,68598,92773,0
1292,0,1292,E,35,67,4,71,0
1293,0,1293,O,46494,8721,84268,92989,0
1294,0,1294,E,35,69,2,71,0
1295,0,1295,O,46602,971,92234,93205,0
1296,0,1296,E,36,0,73,73,1
1297,0,1297,O,46710,973,92448,93421,0
1298,0,1298,E,36,2,71,73,0
1299,0,1299,O,46818,8775,84862,93637,0
1300,0,1300,E,36,4,69,73,0
1301,0,1301,O,46926,24425,69428,93853,0
1302,0,1302,E,36,6,67,73,0
1303,0,1303,O,47034,47971,46098,94069,0
1304,0,1304,E,36,8,65,73,0
1305,0,1305,O,47142,79461,14824,94285,0
1306,0,1306,E,36,10,63,73,0
1307,0,1307,O,47251,24442,70061,94503,0
1308,0,1308,E,36,12,61,73,0
1309,0,1309,O,47359,71748,22971,94719,0
1310,0,1310,E,36,14,59,73,0
1311,0,1311,O,47468,32207,62730,94937,0
1312,0,1312,E,36,16,57,73,0
1313,0,1313,O,47577,368,94787,95155,0
1314,0,1314,E,36,18,55,73,0
1315,0,1315,O,47685,71650,23721,95371,0
1316,0,1316,E,36,20,53,73,0
1317,0,1317,O,47794,55577,40012,95589,0
1318,0,1318,E,36,22,51,73,0
1319,0,1319,O,47903,47350,48457,95807,0
1320,0,1320,E,36,24,49,73,0
1321,0,1321,O,48012,47017,49008,96025,0
1322,0,1322,E,36,26,47,73,0
1323,0,1323,O,48121,54626,41617,96243,0
1324,0,1324,E,36,28,45,73,0
1325,0,1325,O,48230,70225,26236,96461,0
1326,0,1326,E,36,30,43,73,0
1327,0,1327,O,48339,93862,2817,96679,0
1328,0,1328,E,36,32,41,73,0
1329,0,1329,O,48449,28688,68211,96899,0
1330,0,1330,E,36,34,39,73,0
1331,0,1331,O,48558,68327,28790,97117,0
1332,0,1332,E,36,36,37,73,0
1333,0,1333,O,48668,18813,78524,97337,0
1334,0,1334,E,36,38,35,73,0
1335,0,1335,O,48777,74646,22909,97555,0
1336,0,1336,E,36,40,33,73,0
1337,0,1337,O,48887,40984,56791,97775,0
1338,0,1338,E,36,42,31,73,0
1339,0,1339,O,48997,15210,82785,97995,0
1340,0,1340,E,36,44,29,73,0
1341,0,1341,O,49106,95585,2628,98213,0
1342,0,1342,E,36,46,27,73,0
1343,0,1343,O,49216,85951,12482,98433,0
1344,0,1344,E,36,48,25,73,0
1345,0,1345,O,49326,84349,14304,98653,0
1346,0,1346,E,36,50,23,73,0
1347,0,1347,O,49436,90827,8046,98873,0
1348,0,1348,E,36,52,21,73,0
1349,0,1349,O,49547,6340,92755,99095,0
1350,0,1350,E,36,54,19,73,0
1351,0,1351,O,49657,28902,70413,99315,0
1352,0,1352,E,36,56,17,73,0
1353,0,1353,O,49767,59688,39847,99535,0
1354,0,1354,E,36,58,15,73,0
1355,0,1355,O,49877,98746,1009,99755,0
1356,0,1356,E,36,60,13,73,0
1357,0,1357,O,49988,46149,53828,99977,0
1358,0,1358,E,36,62,11,73,0
1359,0,1359,O,50099,1478,98721,100199,0
1360,0,1360,E,36,64,9,73,0
1361,0,1361,O,50209,65200,35219,100419,0
1362,0,1362,E,36,66,7,73,0
1363,0,1363,O,50320,36747,63894,100641,0
1364,0,1364,E,36,68,5,73,0
1365,0,1365,O,50431,16364,84499,100863,0
1366,0,1366,E,36,70,3,73,0
1367,0,1367,O,50542,4099,96986,101085,0
1368,0,1368,E,36,72,1,73,0
1369,0,1369,O,50653,0,101307,101307,1
1370,0,1370,E,37,1,74,75,0
1371,0,1371,O,50764,4115,97414,101529,0
1372,0,1372,E,37,3,72,75,0
1373,0,1373,O,50875,16492,85259,101751,0
1374,0,1374,E,37,5,70,75,0
1375,0,1375,O,50986,37179,64794,101973,0
1376,0,1376,E,37,7,68,75,0
1377,0,1377,O,51097,66224,35971,102195,0
1378,0,1378,E,37,9,66,75,0
1379,0,1379,O,51209,1258,101161,102419,0
1380,0,1380,E,37,11,64,75,0
1381,0,1381,O,51320,46941,55700,102641,0
1382,0,1382,E,37,13,62,75,0
1383,0,1383,O,51431,101126,1737,102863,0
1384,0,1384,E,37,15,60,75,0
1385,0,1385,O,51543,60776,42311,103087,0
1386,0,1386,E,37,17,58,75,0
1387,0,1387,O,51655,28578,74733,103311,0
1388,0,1388,E,37,19,56,75,0
1389,0,1389,O,51767,4580,98955,103535,0
1390,0,1390,E,37,21,54,75,0
1391,0,1391,O,51878,92587,11170,103757,0
1392,0,1392,E,37,23,52,75,0
1393,0,1393,O,51990,85357,18624,103981,0
1394,0,1394,E,37,25,50,75,0
1395,0,1395,O,52102,86471,17734,104205,0
1396,0,1396,E,37,27,48,75,0
1397,0,1397,O,52214,95977,8452,104429,0
1398,0,1398,E,37,29,46,75,0
1399,0,1399,O,52327,9270,95385,104655,0
1400,0,1400,E,37,31,44,75,0
1401,0,1401,O,52439,35480,69399,104879,0
1402,0,1402,E,37,33,42,75,0
1403,0,1403,O,52551,70226,34877,105103,0
1404,0,1404,E,37,35,40,75,0
1405,0,1405,O,52664,8229,97100,105329,0
1406,0,1406,E,37,37,38,75,0
1407,0,1407,O,52776,59967,45586,105553,0
1408,0,1408,E,37,39,36,75,0
1409,0,1409,O,52889,14608,91171,105779,0
1410,0,1410,E,37,41,34,75,0
1411,0,1411,O,53001,83530,22473,106003,0
1412,0,1412,E,37,43,32,75,0
1413,0,1413,O,53114,55001,51228,106229,0
1414,0,1414,E,37,45,30,75,0
1415,0,1415,O,53227,34846,71609,106455,0
1416,0,1416,E,37,47,28,75,0
1417,0,1417,O,53340,23113,83568,106681,0
1418,0,1418,E,37,49,26,75,0
1419,0,1419,O,53453,19850,87057,106907,0
1420,0,1420,E,37,51,24,75,0
1421,0,1421,O,53566,25105,82028,107133,0
1422,0,1422,E,37,53,22,75,0
1423,0,1423,O,53679,38926,68433,107359,0
1424,0,1424,E,37,55,20,75,0
1425,0,1425,O,53792,61361,46224,107585,0
1426,0,1426,E,37,57,18,75,0
1427,0,1427,O,53905,92458,15353,107811,0
1428,0,1428,E,37,59,16,75,0
1429,0,1429,O,54019,24228,83811,108039,0
1430,0,1430,E,37,61,14,75,0
1431,0,1431,O,54132,72567,35698,108265,0
1432,0,1432,E,37,63,12,75,0
1433,0,1433,O,54246,21221,87272,108493,0
1434,0,1434,E,37,65,10,75,0
1435,0,1435,O,54359,86994,21725,108719,0
1436,0,1436,E,37,67,8,75,0
1437,0,1437,O,54473,52724,56223,108947,0
1438,0,1438,E,37,69,6,75,0
1439,0,1439,O,54587,26950,82225,109175,0
1440,0,1440,E,37,71,4,75,0
1441,0,1441,O,54701,9720,99683,109403,0
1442,0,1442,E,37,73,2,75,0
1443,0,1443,O,54815,1082,108549,109631,0
1444,0,1444,E,38,0,77,77,1
1445,0,1445,O,54929,1084,108775,109859,0
1446,0,1446,E,38,2,75,77,0
1447,0,1447,O,55043,9774,100313,110087,0
1448,0,1448,E,38,4,73,77,0
1449,0,1449,O,55157,27200,83115,110315,0
1450,0,1450,E,38,6,71,77,0
1451,0,1451,O,55271,53410,57133,110543,0
1452,0,1452,E,38,8,69,77,0
1453,0,1453,O,55385,88452,22319,110771,0
1454,0,1454,E,38,10,67,77,0
1455,0,1455,O,55500,21375,89626,111001,0
1456,0,1456,E,38,12,65,77,0
1457,0,1457,O,55614,73997,37232,111229,0
1458,0,1458,E,38,14,63,77,0
1459,0,1459,O,55729,24138,87321,111459,0
1460,0,1460,E,38,16,61,77,0
1461,0,1461,O,55843,94532,17155,111687,0
1462,0,1462,E,38,18,59,77,0
1463,0,1463,O,55958,62083,49834,111917,0
1464,0,1464,E,38,20,57,77,0
1465,0,1465,O,56073,38296,73851,112147,0
1466,0,1466,E,38,22,55,77,0
1467,0,1467,O,56188,23219,89158,112377,0
1468,0,1468,E,38,24,53,77,0
1469,0,1469,O,56303,16900,95707,112607,0
1470,0,1470,E,38,26,51,77,0
1471,0,1471,O,56418,19387,93450,112837,0
1472,0,1472,E,38,28,49,77,0
1473,0,1473,O,56533,30728,82339,113067,0
1474,0,1474,E,38,30,47,77,0
1475,0,1475,O,56648,50971,62326,113297,0
1476,0,1476,E,38,32,45,77,0
1477,0,1477,O,56763,80164,33363,113527,0
1478,0,1478,E,38,34,43,77,0
1479,0,1479,O,56879,4598,109161,113759,0
1480,0,1480,E,38,36,41,77,0
1481,0,1481,O,56994,51605,62384,113989,0
1482,0,1482,E,38,38,39,77,0
1483,0,1483,O,57109,107706,6513,114219,0
1484,0,1484,E,38,40,37,77,0
1485,0,1485,O,57225,58500,55951,114451,0
1486,0,1486,E,38,42,35,77,0
1487,0,1487,O,57341,18022,96661,114683,0
1488,0,1488,E,38,44,33,77,0
1489,0,1489,O,57456,101233,13680,114913,0
1490,0,1490,E,38,46,31,77,0
1491,0,1491,O,57572,78587,36558,115145,0
1492,0,1492,E,38,48,29,77,0
1493,0,1493,O,57688,64813,50564,115377,0
1494,0,1494,E,38,50,27,77,0
1495,0,1495,O,57804,59959,55650,115609,0
1496,0,1496,E,38,52,25,77,0
1497,0,1497,O,57920,64073,51768,115841,0
1498,0,1498,E,38,54,23,77,0
1499,0,1499,O,58036,77203,38870,116073,0
1500,0,1500,E,38,56,21,77,0
1501,0,1501,O,58152,99397,16908,116305,0
1502,0,1502,E,38,58,19,77,0
1503,0,1503,O,58269,14166,102373,116539,0
1504,0,1504,E,38,60,17,77,0
1505,0,1505,O,58385,54400,62371,116771,0
1506,0,1506,E,38,62,15,77,0
1507,0,1507,O,58501,103842,13161,117003,0
1508,0,1508,E,38,64,13,77,0
1509,0,1509,O,58618,45305,71932,117237,0
1510,0,1510,E,38,66,11,77,0
1511,0,1511,O,58734,113075,4394,117469,0
1512,0,1512,E,38,68,9,77,0
1513,0,1513,O,58851,72496,45207,117703,0
1514,0,1514,E,38,70,7,77,0
1515,0,1515,O,58968,40851,77086,117937,0
1516,0,1516,E,38,72,5,77,0
1517,0,1517,O,59085,18188,99983,118171,0
1518,0,1518,E,38,74,3,77,0
1519,0,1519,O,59202,4555,113850,118405,0
1520,0,1520,E,38,76,1,77,0
1521,0,1521,O,59319,0,118639,118639,1
1522,0,1522,E,39,1,78,79,0
1523,0,1523,O,59436,4571,114302,118873,0
1524,0,1524,E,39,3,76,79,0
1525,0,1525,O,59553,18316,100791,119107,0
1526,0,1526,E,39,5,74,79,0
1527,0,1527,O,59670,41283,78058,119341,0
1528,0,1528,E,39,7,72,79,0
1529,0,1529,O,59787,73520,46055,119575,0
1530,0,1530,E,39,9,70,79,0
1531,0,1531,O,59904,115075,4734,119809,0
1532,0,1532,E,39,11,68,79,0
1533,0,1533,O,60022,45953,74092,120045,0
1534,0,1534,E,39,13,66,79,0
1535,0,1535,O,60139,106054,14225,120279,0
1536,0,1536,E,39,15,64,79,0
1537,0,1537,O,60257,55104,65411,120515,0
1538,0,1538,E,39,17,62,79,0
1539,0,1539,O,60375,13194,107557,120751,0
1540,0,1540,E,39,19,60,79,0
1541,0,1541,O,60492,101357,19628,120985,0
1542,0,1542,E,39,21,58,79,0
1543,0,1543,O,60610,77907,43314,121221,0
1544,0,1544,E,39,23,56,79,0
1545,0,1545,O,60728,63641,57816,121457,0
1546,0,1546,E,39,25,54,79,0
1547,0,1547,O,60846,58607,63086,121693,0
1548,0,1548,E,39,27,52,79,0
1549,0,1549,O,60964,62853,59076,121929,0
1550,0,1550,E,39,29,50,79,0
1551,0,1551,O,61082,76427,45738,122165,0
1552,0,1552,E,39,31,48,79,0
1553,0,1553,O,61200,99377,23024,122401,0
1554,0,1554,E,39,33,46,79,0
1555,0,1555,O,61319,9114,113525,122639,0
1556,0,1556,E,39,35,44,79,0
1557,0,1557,O,61437,50724,72151,122875,0
1558,0,1558,E,39,37,42,79,0
1559,0,1559,O,61555,101854,21257,123111,0
1560,0,1560,E,39,39,40,79,0
1561,0,1561,O,61674,39205,84144,123349,0
1562,0,1562,E,39,41,38,79,0
1563,0,1563,O,61792,109283,14302,123585,0
1564,0,1564,E,39,43,36,79,0
1565,0,1565,O,61911,65204,58619,123823,0
1566,0,1566,E,39,45,34,79,0
1567,0,1567,O,62030,30363,93698,124061,0
1568,0,1568,E,39,47,32,79,0
1569,0,1569,O,62149,4808,119491,124299,0
1570,0,1570,E,39,49,30,79,0
1571,0,1571,O,62267,113122,11413,124535,0
1572,0,1572,E,39,51,28,79,0
1573,0,1573,O,62386,106521,18252,124773,0
1574,0,1574,E,39,53,26,79,0
1575,0,1575,O,62505,109350,15661,125011,0
1576,0,1576,E,39,55,24,79,0
1577,0,1577,O,62624,121657,3592,125249,0
1578,0,1578,E,39,57,22,79,0
1579,0,1579,O,62744,18003,107486,125489,0
1580,0,1580,E,39,59,20,79,0
1581,0,1581,O,62863,49172,76555,125727,0
1582,0,1582,E,39,61,18,79,0
1583,0,1583,O,62982,89963,36002,125965,0
1584,0,1584,E,39,63,16,79,0
1585,0,1585,O,63102,14221,111984,126205,0
1586,0,1586,E,39,65,14,79,0
1587,0,1587,O,63221,74162,52281,126443,0
1588,0,1588,E,39,67,12,79,0
1589,0,1589,O,63341,17188,109495,126683,0
1590,0,1590,E,39,69,10,79,0
1591,0,1591,O,63460,96471,30450,126921,0
1592,0,1592,E,39,71,8,79,0
1593,0,1593,O,63580,58457,68704,127161,0
1594,0,1594,E,39,73,6,79,0
1595,0,1595,O,63700,29875,97526,127401,0
1596,0,1596,E,39,75,4,79,0
1597,0,1597,O,63820,10773,116868,127641,0
1598,0,1598,E,39,77,2,79,0
1599,0,1599,O,63940,1199,126682,127881,0
1600,0,1600,E,40,0,81,81,1
1601,0,1601,O,64060,1201,126920,128121,0
1602,0,1602,E,40,2,79,81,0
1603,0,1603,O,64180,10827,117534,128361,0
1604,0,1604,E,40,4,77,81,0
1605,0,1605,O,64300,30125,98476,128601,0
1606,0,1606,E,40,6,75,81,0
1607,0,1607,O,64420,59143,69698,128841,0
1608,0,1608,E,40,8,73,81,0
1609,0,1609,O,64540,97929,31152,129081,0
1610,0,1610,E,40,10,71,81,0
1611,0,1611,O,64661,17210,112113,129323,0
1612,0,1612,E,40,12,69,81,0
1613,0,1613,O,64781,75436,54127,129563,0
1614,0,1614,E,40,14,67,81,0
1615,0,1615,O,64902,13771,116034,129805,0
1616,0,1616,E,40,16,65,81,0
1617,0,1617,O,65022,91629,38416,130045,0
1618,0,1618,E,40,18,63,81,0
1619,0,1619,O,65143,49210,81077,130287,0
1620,0,1620,E,40,20,61,81,0
1621,0,1621,O,65264,16365,114164,130529,0
1622,0,1622,E,40,22,59,81,0
1623,0,1623,O,65384,123911,6858,130769,0
1624,0,1624,E,40,24,57,81,0
1625,0,1625,O,65505,110600,20411,131011,0
1626,0,1626,E,40,26,55,81,0
1627,0,1627,O,65626,107007,24246,131253,0
1628,0,1628,E,40,28,53,81,0
1629,0,1629,O,65747,113180,18315,131495,0
1630,0,1630,E,40,30,51,81,0
1631,0,1631,O,65868,129167,2570,131737,0
1632,0,1632,E,40,32,49,81,0
1633,0,1633,O,65990,23037,108944,131981,0
1634,0,1634,E,40,34,47,81,0
1635,0,1635,O,66111,58554,73669,132223,0
1636,0,1636,E,40,36,45,81,0
1637,0,1637,O,66232,104029,28436,132465,0
1638,0,1638,E,40,38,43,81,0
1639,0,1639,O,66354,26803,105906,132709,0
1640,0,1640,E,40,40,41,81,0
1641,0,1641,O,66475,92096,40855,132951,0
1642,0,1642,E,40,42,39,81,0
1643,0,1643,O,66597,34298,98897,133195,0
1644,0,1644,E,40,44,37,81,0
1645,0,1645,O,66718,119601,13836,133437,0
1646,0,1646,E,40,46,35,81,0
1647,0,1647,O,66840,81423,52258,133681,0
1648,0,1648,E,40,48,33,81,0
1649,0,1649,O,66962,53005,80920,133925,0
1650,0,1650,E,40,50,31,81,0
1651,0,1651,O,67084,34395,99774,134169,0
1652,0,1652,E,40,52,29,81,0
1653,0,1653,O,67206,25641,108772,134413,0
1654,0,1654,E,40,54,27,81,0
1655,0,1655,O,67328,26791,107866,134657,0
1656,0,1656,E,40,56,25,81,0
1657,0,1657,O,67450,37893,97008,134901,0
1658,0,1658,E,40,58,23,81,0
1659,0,1659,O,67572,58995,76150,135145,0
1660,0,1660,E,40,60,21,81,0
1661,0,1661,O,67694,90145,45244,135389,0
1662,0,1662,E,40,62,19,81,0
1663,0,1663,O,67816,131391,4242,135633,0
1664,0,1664,E,40,64,17,81,0
1665,0,1665,O,67939,46904,88975,135879,0
1666,0,1666,E,40,66,15,81,0
1667,0,1667,O,68061,108242,27881,136123,0
1668,0,1668,E,40,68,13,81,0
1669,0,1669,O,68184,43453,92916,136369,0
1670,0,1670,E,40,70,11,81,0
1671,0,1671,O,68306,125075,11538,136613,0
1672,0,1672,E,40,72,9,81,0
1673,0,1673,O,68429,80176,56683,136859,0
1674,0,1674,E,40,74,7,81,0
1675,0,1675,O,68552,45171,91934,137105,0
1676,0,1676,E,40,76,5,81,0
1677,0,1677,O,68675,20108,117243,137351,0
1678,0,1678,E,40,78,3,81,0
1679,0,1679,O,68798,5035,132562,137597,0
1680,0,1680,E,40,80,1,81,0
1681,0,1681,O,68921,0,137843,137843,1
1682,0,1682,E,41,1,82,83,0
1683,0,1683,O,69044,5051,133038,138089,0
1684,0,1684,E,41,3,80,83,0
1685,0,1685,O,69167,20236,118099,138335,0
1686,0,1686,E,41,5,78,83,0
1687,0,1687,O,69290,45603,92978,138581,0
1688,0,1688,E,41,7,76,83,0
1689,0,1689,O,69413,81200,57627,138827,0
1690,0,1690,E,41,9,74,83,0
1691,0,1691,O,69536,127075,11998,139073,0
1692,0,1692,E,41,11,72,83,0
1693,0,1693,O,69660,43957,95364,139321,0
1694,0,1694,E,41,13,70,83,0
1695,0,1695,O,69783,110286,29281,139567,0
1696,0,1696,E,41,15,68,83,0
1697,0,1697,O,69907,47224,92591,139815,0
1698,0,1698,E,41,17,66,83,0
1699,0,1699,O,70030,134199,5862,140061,0
1700,0,1700,E,41,19,64,83,0
1701,0,1701,O,70154,91385,48924,140309,0
1702,0,1702,E,41,21,62,83,0
1703,0,1703,O,70278,58643,81914,140557,0
1704,0,1704,E,41,23,60,83,0
1705,0,1705,O,70402,36021,104784,140805,0
1706,0,1706,E,41,25,58,83,0
1707,0,1707,O,70526,23567,117486,141053,0
1708,0,1708,E,41,27,56,83,0
1709,0,1709,O,70650,21329,119972,141301,0
1710,0,1710,E,41,29,54,83,0
1711,0,1711,O,70774,29355,112194,141549,0
1712,0,1712,E,41,31,52,83,0
1713,0,1713,O,70898,47693,94104,141797,0
1714,0,1714,E,41,33,50,83,0
1715,0,1715,O,71022,76391,65654,142045,0
1716,0,1716,E,41,35,48,83,0
1717,0,1717,O,71146,115497,26796,142293,0
1718,0,1718,E,41,37,46,83,0
1719,0,1719,O,71271,22518,120025,142543,0
1720,0,1720,E,41,39,44,83,0
1721,0,1721,O,71395,82336,60455,142791,0
1722,0,1722,E,41,41,42,83,0
1723,0,1723,O,71520,9667,133374,143041,0
1724,0,1724,E,41,43,40,83,0
1725,0,1725,O,71644,90389,52900,143289,0
1726,0,1726,E,41,45,38,83,0
1727,0,1727,O,71769,38222,105317,143539,0
1728,0,1728,E,41,47,36,83,0
1729,0,1729,O,71893,140040,3747,143787,0
1730,0,1730,E,41,49,34,83,0
1731,0,1731,O,72018,108567,35470,144037,0
1732,0,1732,E,41,51,32,83,0
1733,0,1733,O,72143,87388,56899,144287,0
1734,0,1734,E,41,53,30,83,0
1735,0,1735,O,72268,76551,67986,144537,0
1736,0,1736,E,41,55,28,83,0
1737,0,1737,O,72393,76104,68683,144787,0
1738,0,1738,E,41,57,26,83,0
1739,0,1739,O,72518,86095,58942,145037,0
1740,0,1740,E,41,59,24,83,0
1741,0,1741,O,72643,106572,38715,145287,0
1742,0,1742,E,41,61,22,83,0
1743,0,1743,O,72768,137583,7954,145537,0
1744,0,1744,E,41,63,20,83,0
1745,0,1745,O,72894,33389,112400,145789,0
1746,0,1746,E,41,65,18,83,0
1747,0,1747,O,73019,85362,60677,146039,0
1748,0,1748,E,41,67,16,83,0
1749,0,1749,O,73145,1724,144567,146291,0
1750,0,1750,E,41,69,14,83,0
1751,0,1751,O,73270,74851,71690,146541,0
1752,0,1752,E,41,71,12,83,0
1753,0,1753,O,73396,11961,134832,146793,0
1754,0,1754,E,41,73,10,83,0
1755,0,1755,O,73521,106434,40609,147043,0
1756,0,1756,E,41,75,8,83,0
1757,0,1757,O,73647,64484,82811,147295,0
1758,0,1758,E,41,77,6,83,0
1759,0,1759,O,73773,32950,114597,147547,0
1760,0,1760,E,41,79,4,83,0
1761,0,1761,O,73899,11880,135919,147799,0
1762,0,1762,E,41,81,2,83,0
1763,0,1763,O,74025,1322,146729,148051,0
1764,0,1764,E,42,0,85,85,1
1765,0,1765,O,74151,1324,146979,148303,0
1766,0,1766,E,42,2,83,85,0
1767,0,1767,O,74277,11934,136621,148555,0
1768,0,1768,E,42,4,81,85,0
1769,0,1769,O,74403,33200,115607,148807,0
1770,0,1770,E,42,6,79,85,0
1771,0,1771,O,74529,65170,83889,149059,0
1772,0,1772,E,42,8,77,85,0
1773,0,1773,O,74655,107892,41419,149311,0
1774,0,1774,E,42,10,75,85,0
1775,0,1775,O,74782,11851,137714,149565,0
1776,0,1776,E,42,12,73,85,0
1777,0,1777,O,74908,75969,73848,149817,0
1778,0,1778,E,42,14,71,85,0
1779,0,1779,O,75035,914,149157,150071,0
1780,0,1780,E,42,16,69,85,0
1781,0,1781,O,75161,86620,63703,150323,0
1782,0,1782,E,42,18,67,85,0
1783,0,1783,O,75288,32743,117834,150577,0
1784,0,1784,E,42,20,65,85,0
1785,0,1785,O,75414,140229,10600,150829,0
1786,0,1786,E,42,22,63,85,0
1787,0,1787,O,75541,107722,43361,151083,0
1788,0,1788,E,42,24,61,85,0
1789,0,1789,O,75668,85845,65492,151337,0
1790,0,1790,E,42,26,59,85,0
1791,0,1791,O,75795,74646,76945,151591,0
1792,0,1792,E,42,28,57,85,0
1793,0,1793,O,75922,74173,77672,151845,0
1794,0,1794,E,42,30,55,85,0
1795,0,1795,O,76049,84474,67625,152099,0
1796,0,1796,E,42,32,53,85,0
1797,0,1797,O,76176,105597,46756,152353,0
1798,0,1798,E,42,34,51,85,0
1799,0,1799,O,76303,137590,15017,152607,0
1800,0,1800,E,42,36,49,85,0
1801,0,1801,O,76431,27640,125223,152863,0
1802,0,1802,E,42,38,47,85,0
1803,0,1803,O,76558,81263,71854,153117,0
1804,0,1804,E,42,40,45,85,0
1805,0,1805,O,76685,145900,7471,153371,0
1806,0,1806,E,42,42,43,85,0
1807,0,1807,O,76813,67974,85653,153627,0
1808,0,1808,E,42,44,41,85,0
1809,0,1809,O,76941,648,153235,153883,0
1810,0,1810,E,42,46,39,85,0
1811,0,1811,O,77068,98107,56030,154137,0
1812,0,1812,E,42,48,37,85,0
1813,0,1813,O,77196,52381,102012,154393,0
1814,0,1814,E,42,50,35,85,0
1815,0,1815,O,77324,17399,137250,154649,0
1816,0,1816,E,42,52,33,85,0
1817,0,1817,O,77451,148112,6791,154903,0
1818,0,1818,E,42,54,31,85,0
1819,0,1819,O,77579,135018,20141,155159,0
1820,0,1820,E,42,56,29,85,0
1821,0,1821,O,77707,132812,22603,155415,0
1822,0,1822,E,42,58,27,85,0
1823,0,1823,O,77835,141542,14129,155671,0
1824,0,1824,E,42,60,25,85,0
1825,0,1825,O,77964,5329,150600,155929,0
1826,0,1826,E,42,62,23,85,0
1827,0,1827,O,78092,35819,120366,156185,0
1828,0,1828,E,42,64,21,85,0
1829,0,1829,O,78220,77389,79052,156441,0
1830,0,1830,E,42,66,19,85,0
1831,0,1831,O,78348,130087,26610,156697,0
1832,0,1832,E,42,68,17,85,0
1833,0,1833,O,78477,37008,119947,156955,0
1834,0,1834,E,42,70,15,85,0
1835,0,1835,O,78605,111850,45361,157211,0
1836,0,1836,E,42,72,13,85,0
1837,0,1837,O,78734,40497,116972,157469,0
1838,0,1838,E,42,74,11,85,0
1839,0,1839,O,78862,137675,20050,157725,0
1840,0,1840,E,42,76,9,85,0
1841,0,1841,O,78991,88240,69743,157983,0
1842,0,1842,E,42,78,7,85,0
1843,0,1843,O,79120,49707,108534,158241,0
1844,0,1844,E,42,80,5,85,0
1845,0,1845,O,79249,22124,136375,158499,0
1846,0,1846,E,42,82,3,85,0
1847,0,1847,O,79378,5539,153218,158757,0
1848,0,1848,E,42,84,1,85,0
1849,0,1849,O,79507,0,159015,159015,1
1850,0,1850,E,43,1,86,87,0
1851,0,1851,O,79636,5555,153718,159273,0
1852,0,1852,E,43,3,84,87,0
1853,0,1853,O,79765,22252,137279,159531,0
1854,0,1854,E,43,5,82,87,0
1855,0,1855,O,79894,50139,109650,159789,0
1856,0,1856,E,43,7,80,87,0
1857,0,1857,O,80023,89264,70783,160047,0
1858,0,1858,E,43,9,78,87,0
1859,0,1859,O,80152,139675,20630,160305,0
1860,0,1860,E,43,11,76,87,0
1861,0,1861,O,80282,40857,119708,160565,0
1862,0,1862,E,43,13,74,87,0
1863,0,1863,O,80411,113726,47097,160823,0
1864,0,1864,E,43,15,72,87,0
1865,0,1865,O,80541,36944,124139,161083,0
1866,0,1866,E,43,17,70,87,0
1867,0,1867,O,80670,132463,28878,161341,0
1868,0,1868,E,43,19,68,87,0
1869,0,1869,O,80800,77909,83692,161601,0
1870,0,1870,E,43,21,66,87,0
1871,0,1871,O,80930,34411,127450,161861,0
1872,0,1872,E,43,23,64,87,0
1873,0,1873,O,81060,2017,160104,162121,0
1874,0,1874,E,43,25,62,87,0
1875,0,1875,O,81189,143154,19225,162379,0
1876,0,1876,E,43,27,60,87,0
1877,0,1877,O,81319,133372,29267,162639,0
1878,0,1878,E,43,29,58,87,0
1879,0,1879,O,81449,134838,28061,162899,0
1880,0,1880,E,43,31,56,87,0
1881,0,1881,O,81579,147600,15559,163159,0
1882,0,1882,E,43,33,54,87,0
1883,0,1883,O,81710,8287,155134,163421,0
1884,0,1884,E,43,35,52,87,0
1885,0,1885,O,81840,43525,120156,163681,0
1886,0,1886,E,43,37,50,87,0
1887,0,1887,O,81970,90203,73738,163941,0
1888,0,1888,E,43,39,48,87,0
1889,0,1889,O,82100,148369,15832,164201,0
1890,0,1890,E,43,41,46,87,0
1891,0,1891,O,82231,53610,110853,164463,0
1892,0,1892,E,43,43,44,87,0
1893,0,1893,O,82361,134636,30087,164723,0
1894,0,1894,E,43,45,42,87,0
1895,0,1895,O,82492,62311,102674,164985,0
1896,0,1896,E,43,47,40,87,0
1897,0,1897,O,82623,1144,164103,165247,0
1898,0,1898,E,43,49,38,87,0
1899,0,1899,O,82753,116690,48817,165507,0
1900,0,1900,E,43,51,36,87,0
1901,0,1901,O,82884,78245,87524,165769,0
1902,0,1902,E,43,53,34,87,0
1903,0,1903,O,83015,51102,114929,166031,0
1904,0,1904,E,43,55,32,87,0
1905,0,1905,O,83146,35309,130984,166293,0
1906,0,1906,E,43,57,30,87,0
1907,0,1907,O,83277,30914,135641,166555,0
1908,0,1908,E,43,59,28,87,0
1909,0,1909,O,83408,37965,128852,166817,0
1910,0,1910,E,43,61,26,87,0
1911,0,1911,O,83539,56510,110569,167079,0
1912,0,1912,E,43,63,24,87,0
1913,0,1913,O,83670,86597,80744,167341,0
1914,0,1914,E,43,65,22,87,0
1915,0,1915,O,83801,128274,39329,167603,0
1916,0,1916,E,43,67,20,87,0
1917,0,1917,O,83933,13724,154143,167867,0
1918,0,1918,E,43,69,18,87,0
1919,0,1919,O,84064,78463,89666,168129,0
1920,0,1920,E,43,71,16,87,0
1921,0,1921,O,84195,154936,13455,168391,0
1922,0,1922,E,43,73,14,87,0
1923,0,1923,O,84327,74538,94117,168655,0
1924,0,1924,E,43,75,12,87,0
1925,0,1925,O,84459,5444,163475,168919,0
1926,0,1926,E,43,77,10,87,0
1927,0,1927,O,84590,116883,52298,169181,0
1928,0,1928,E,43,79,8,87,0
1929,0,1929,O,84722,70805,98640,169445,0
1930,0,1930,E,43,81,6,87,0
1931,0,1931,O,84854,36175,133534,169709,0
1932,0,1932,E,43,83,4,87,0
1933,0,1933,O,84986,13041,156932,169973,0
1934,0,1934,E,43,85,2,87,0
1935,0,1935,O,85118,1451,168786,170237,0
1936,0,1936,E,44,0,89,89,1
1937,0,1937,O,85250,1453,169048,170501,0
1938,0,1938,E,44,2,87,89,0
1939,0,1939,O,85382,13095,157670,170765,0
1940,0,1940,E,44,4,85,89,0
1941,0,1941,O,85514,36425,134604,171029,0
1942,0,1942,E,44,6,83,89,0
1943,0,1943,O,85646,71491,99802,171293,0
1944,0,1944,E,44,8,81,89,0
1945,0,1945,O,85778,118341,53216,171557,0
1946,0,1946,E,44,10,79,89,0
1947,0,1947,O,85911,5202,166621,171823,0
1948,0,1948,E,44,12,77,89,0
1949,0,1949,O,86043,75500,96587,172087,0
1950,0,1950,E,44,14,75,89,0
1951,0,1951,O,86175,157726,14625,172351,0
1952,0,1952,E,44,16,73,89,0
1953,0,1953,O,86308,79313,93304,172617,0
1954,0,1954,E,44,18,71,89,0
1955,0,1955,O,86441,12394,160489,172883,0
1956,0,1956,E,44,20,69,89,0
1957,0,1957,O,86573,130164,42983,173147,0
1958,0,1958,E,44,22,67,89,0
1959,0,1959,O,86706,86643,86770,173413,0
1960,0,1960,E,44,24,65,89,0
1961,0,1961,O,86839,54760,118919,173679,0
1962,0,1962,E,44,26,63,89,0
1963,0,1963,O,86972,34563,139382,173945,0
1964,0,1964,E,44,28,61,89,0
1965,0,1965,O,87105,26100,148111,174211,0
1966,0,1966,E,44,30,59,89,0
1967,0,1967,O,87238,29419,145058,174477,0
1968,0,1968,E,44,32,57,89,0
1969,0,1969,O,87371,44568,130175,174743,0
1970,0,1970,E,44,34,55,89,0
1971,0,1971,O,87504,71595,103414,175009,0
1972,0,1972,E,44,36,53,89,0
1973,0,1973,O,87637,110548,64727,175275,0
1974,0,1974,E,44,38,51,89,0
1975,0,1975,O,87770,161475,14066,175541,0
1976,0,1976,E,44,40,49,89,0
1977,0,1977,O,87904,48617,127192,175809,0
1978,0,1978,E,44,42,47,89,0
1979,0,1979,O,88037,123370,52705,176075,0
1980,0,1980,E,44,44,45,89,0
1981,0,1981,O,88171,33900,142443,176343,0
1982,0,1982,E,44,46,43,89,0
1983,0,1983,O,88304,132671,43938,176609,0
1984,0,1984,E,44,48,41,89,0
1985,0,1985,O,88438,66781,110096,176877,0
1986,0,1986,E,44,50,39,89,0
1987,0,1987,O,88572,12619,164526,177145,0
1988,0,1988,E,44,52,37,89,0
1989,0,1989,O,88705,147644,29767,177411,0
1990,0,1990,E,44,54,35,89,0
1991,0,1991,O,88839,117350,60329,177679,0
1992,0,1992,E,44,56,33,89,0
1993,0,1993,O,88973,98928,79019,177947,0
1994,0,1994,E,44,58,31,89,0
1995,0,1995,O,89107,92426,85789,178215,0
1996,0,1996,E,44,60,29,89,0
1997,0,1997,O,89241,97892,80591,178483,0
1998,0,1998,E,44,62,27,89,0
1999,0,1999,O,89375,115374,63377,178751,0
2000,0,2000,E,44,64,25,89,0
2001,0,2001,O,89509,144920,34099,179019,0
2002,0,2002,E,44,66,23,89,0
2003,0,2003,O,89644,7291,171998,179289,0
2004,0,2004,E,44,68,21,89,0
2005,0,2005,O,89778,60841,118716,179557,0
2006,0,2006,E,44,70,19,89,0
2007,0,2007,O,89912,126599,53226,179825,0
2008,0,2008,E,44,72,17,89,0
2009,0,2009,O,90047,24520,155575,180095,0
2010,0,2010,E,44,74,15,89,0
2011,0,2011,O,90181,114570,65793,180363,0
2012,0,2012,E,44,76,13,89,0
2013,0,2013,O,90316,36341,144292,180633,0
2014,0,2014,E,44,78,11,89,0
2015,0,2015,O,90450,150875,30026,180901,0
2016,0,2016,E,44,80,9,89,0
2017,0,2017,O,90585,96688,84483,181171,0
2018,0,2018,E,44,82,7,89,0
2019,0,2019,O,90720,54459,126982,181441,0
2020,0,2020,E,44,84,5,89,0
2021,0,2021,O,90855,24236,157475,181711,0
2022,0,2022,E,44,86,3,89,0
2023,0,2023,O,90990,6067,175914,181981,0
2024,0,2024,E,44,88,1,89,0
2025,0,2025,O,91125,0,182251,182251,1
2026,0,2026,E,45,1,90,91,0
2027,0,2027,O,91260,6083,176438,182521,0
2028,0,2028,E,45,3,88,91,0
2029,0,2029,O,91395,24364,158427,182791,0
2030,0,2030,E,45,5,86,91,0
2031,0,2031,O,91530,54891,128170,183061,0
2032,0,2032,E,45,7,84,91,0
2033,0,2033,O,91665,97712,85619,183331,0
2034,0,2034,E,45,9,82,91,0
2035,0,2035,O,91800,152875,30726,183601,0
2036,0,2036,E,45,11,80,91,0
2037,0,2037,O,91936,36557,147316,183873,0
2038,0,2038,E,45,13,78,91,0
2039,0,2039,O,92071,116278,67865,184143,0
2040,0,2040,E,45,15,76,91,0
2041,0,2041,O,92207,24072,160343,184415,0
2042,0,2042,E,45,17,74,91,0
2043,0,2043,O,92342,128543,56142,184685,0
2044,0,2044,E,45,19,72,91,0
2045,0,2045,O,92478,60641,124316,184957,0
2046,0,2046,E,45,21,70,91,0
2047,0,2047,O,92614,4827,180402,185229,0
2048,0,2048,E,45,23,68,91,0
2049,0,2049,O,92749,146648,38851,185499,0
2050,0,2050,E,45,25,66,91,0
2051,0,2051,O,92885,115426,70345,185771,0
2052,0,2052,E,45,27,64,91,0
2053,0,2053,O,93021,96436,89607,186043,0
2054,0,2054,E,45,29,62,91,0
2055,0,2055,O,93157,89726,96589,186315,0
2056,0,2056,E,45,31,60,91,0
2057,0,2057,O,93293,95344,91243,186587,0
2058,0,2058,E,45,33,58,91,0
2059,0,2059,O,93429,113338,73521,186859,0
2060,0,2060,E,45,35,56,91,0
2061,0,2061,O,93565,143756,43375,187131,0
2062,0,2062,E,45,37,54,91,0
2063,0,2063,O,93701,186646,757,187403,0
2064,0,2064,E,45,39,52,91,0
2065,0,2065,O,93838,54381,133296,187677,0
2066,0,2066,E,45,41,50,91,0
2067,0,2067,O,93974,122087,65862,187949,0
2068,0,2068,E,45,43,48,91,0
2069,0,2069,O,94111,14188,174035,188223,0
2070,0,2070,E,45,45,46,91,0
2071,0,2071,O,94247,106902,81593,188495,0
2072,0,2072,E,45,47,44,91,0
2073,0,2073,O,94384,23561,165208,188769,0
2074,0,2074,E,45,49,42,91,0
2075,0,2075,O,94520,141475,47566,189041,0
2076,0,2076,E,45,51,40,91,0
2077,0,2077,O,94657,82884,106431,189315,0
2078,0,2078,E,45,53,38,91,0
2079,0,2079,O,94794,36603,152986,189589,0
2080,0,2080,E,45,55,36,91,0
2081,0,2081,O,94931,2680,187183,189863,0
2082,0,2082,E,45,57,34,91,0
2083,0,2083,O,95067,171298,18837,190135,0
2084,0,2084,E,45,59,32,91,0
2085,0,2085,O,95204,162509,27900,190409,0
2086,0,2086,E,45,61,30,91,0
2087,0,2087,O,95341,166222,24461,190683,0
2088,0,2088,E,45,63,28,91,0
2089,0,2089,O,95478,182485,8472,190957,0
2090,0,2090,E,45,65,26,91,0
2091,0,2091,O,95616,20115,171118,191233,0
2092,0,2092,E,45,67,24,91,0
2093,0,2093,O,95753,61348,130159,191507,0
2094,0,2094,E,45,69,22,91,0
2095,0,2095,O,95890,115275,76506,191781,0
2096,0,2096,E,45,71,20,91,0
2097,0,2097,O,96027,181944,10111,192055,0
2098,0,2098,E,45,73,18,91,0
2099,0,2099,O,96165,69074,123257,192331,0
2100,0,2100,E,45,75,16,91,0
2101,0,2101,O,96302,161097,31508,192605,0
2102,0,2102,E,45,77,14,91,0
2103,0,2103,O,96440,73127,119754,192881,0
2104,0,2104,E,45,79,12,91,0
2105,0,2105,O,96577,190696,2459,193155,0
2106,0,2106,E,45,81,10,91,0
2107,0,2107,O,96715,127818,65613,193431,0
2108,0,2108,E,45,83,8,91,0
2109,0,2109,O,96853,77420,116287,193707,0
2110,0,2110,E,45,85,6,91,0
2111,0,2111,O,96991,39550,154433,193983,0
2112,0,2112,E,45,87,4,91,0
2113,0,2113,O,97129,14256,180003,194259,0
2114,0,2114,E,45,89,2,91,0
2115,0,2115,O,97267,1586,192949,194535,0
2116,0,2116,E,46,0,93,93,1
2117,0,2117,O,97405,1588,193223,194811,0
2118,0,2118,E,46,2,91,93,0
2119,0,2119,O,97543,14310,180777,195087,0
2120,0,2120,E,46,4,89,93,0
2121,0,2121,O,97681,39800,155563,195363,0
2122,0,2122,E,46,6,87,93,0
2123,0,2123,O,97819,78106,117533,195639,0
2124,0,2124,E,46,8,85,93,0
2125,0,2125,O,97957,129276,66639,195915,0
2126,0,2126,E,46,10,83,93,0
2127,0,2127,O,98095,193358,2833,196191,0
2128,0,2128,E,46,12,81,93,0
2129,0,2129,O,98234,73933,122536,196469,0
2130,0,2130,E,46,14,79,93,0
2131,0,2131,O,98372,163707,33038,196745,0
2132,0,2132,E,46,16,77,93,0
2133,0,2133,O,98511,69516,127507,197023,0
2134,0,2134,E,46,18,75,93,0
2135,0,2135,O,98649,185174,12125,197299,0
2136,0,2136,E,46,20,73,93,0
2137,0,2137,O,98788,116409,81168,197577,0
2138,0,2138,E,46,22,71,93,0
2139,0,2139,O,98927,60290,137565,197855,0
2140,0,2140,E,46,24,69,93,0
2141,0,2141,O,99066,16865,181268,198133,0
2142,0,2142,E,46,26,67,93,0
2143,0,2143,O,99204,184591,13818,198409,0
2144,0,2144,E,46,28,65,93,0
2145,0,2145,O,99343,166976,31711,198687,0
2146,0,2146,E,46,30,63,93,0
2147,0,2147,O,99482,162199,36766,198965,0
2148,0,2148,E,46,32,61,93,0
2149,0,2149,O,99621,170308,28935,199243,0
2150,0,2150,E,46,34,59,93,0
2151,0,2151,O,99760,191351,8170,199521,0
2152,0,2152,E,46,36,57,93,0
2153,0,2153,O,99900,25577,174224,199801,0
2154,0,2154,E,46,38,55,93,0
2155,0,2155,O,100039,72354,127725,200079,0
2156,0,2156,E,46,40,53,93,0
2157,0,2157,O,100178,132209,68148,200357,0
2158,0,2158,E,46,42,51,93,0
2159,0,2159,O,100318,4555,196082,200637,0
2160,0,2160,E,46,44,49,93,0
2161,0,2161,O,100457,90432,110483,200915,0
2162,0,2162,E,46,46,47,93,0
2163,0,2163,O,100596,189531,11662,201193,0
2164,0,2164,E,46,48,45,93,0
2165,0,2165,O,100736,100429,101044,201473,0
2166,0,2166,E,46,50,43,93,0
2167,0,2167,O,100876,24087,177666,201753,0
2168,0,2168,E,46,52,41,93,0
2169,0,2169,O,101015,162584,39447,202031,0
2170,0,2170,E,46,54,39,93,0
2171,0,2171,O,101155,112186,90125,202311,0
2172,0,2172,E,46,56,37,93,0
2173,0,2173,O,101295,74692,127899,202591,0
2174,0,2174,E,46,58,35,93,0
2175,0,2175,O,101435,50150,152721,202871,0
2176,0,2176,E,46,60,33,93,0
2177,0,2177,O,101575,38608,164543,203151,0
2178,0,2178,E,46,62,31,93,0
2179,0,2179,O,101715,40114,163317,203431,0
2180,0,2180,E,46,64,29,93,0
2181,0,2181,O,101855,54716,148995,203711,0
2182,0,2182,E,46,66,27,93,0
2183,0,2183,O,101995,82462,121529,203991,0
2184,0,2184,E,46,68,25,93,0
2185,0,2185,O,102135,123400,80871,204271,0
2186,0,2186,E,46,70,23,93,0
2187,0,2187,O,102275,177578,26973,204551,0
2188,0,2188,E,46,72,21,93,0
2189,0,2189,O,102416,40213,164620,204833,0
2190,0,2190,E,46,74,19,93,0
2191,0,2191,O,102556,120735,84378,205113,0
2192,0,2192,E,46,76,17,93,0
2193,0,2193,O,102697,9248,196147,205395,0
2194,0,2194,E,46,78,15,93,0
2195,0,2195,O,102837,116306,89369,205675,0
2196,0,2196,E,46,80,13,93,0
2197,0,2197,O,102978,30889,175068,205957,0
2198,0,2198,E,46,82,11,93,0
2199,0,2199,O,103118,164675,41562,206237,0
2200,0,2200,E,46,84,9,93,0
2201,0,2201,O,103259,105520,100999,206519,0
2202,0,2202,E,46,86,7,93,0
2203,0,2203,O,103400,59427,147374,206801,0
2204,0,2204,E,46,88,5,93,0
2205,0,2205,O,103541,26444,180639,207083,0
2206,0,2206,E,46,90,3,93,0
2207,0,2207,O,103682,6619,200746,207365,0
2208,0,2208,E,46,92,1,93,0
2209,0,2209,O,103823,0,207647,207647,1
2210,0,2210,E,47,1,94,95,0
2211,0,2211,O,103964,6635,201294,207929,0
2212,0,2212,E,47,3,92,95,0
2213,0,2213,O,104105,26572,181639,208211,0
2214,0,2214,E,47,5,90,95,0
2215,0,2215,O,104246,59859,148634,208493,0
2216,0,2216,E,47,7,88,95,0
2217,0,2217,O,104387,106544,102231,208775,0
2218,0,2218,E,47,9,86,95,0
2219,0,2219,O,104528,166675,42382,209057,0
2220,0,2220,E,47,11,84,95,0
2221,0,2221,O,104670,30961,178380,209341,0
2222,0,2222,E,47,13,82,95,0
2223,0,2223,O,104811,117846,91777,209623,0
2224,0,2224,E,47,15,80,95,0
2225,0,2225,O,104953,8416,201491,209907,0
2226,0,2226,E,47,17,78,95,0
2227,0,2227,O,105094,122247,87942,210189,0
2228,0,2228,E,47,19,76,95,0
2229,0,2229,O,105236,39293,171180,210473,0
2230,0,2230,E,47,21,74,95,0
2231,0,2231,O,105377,180262,30493,210755,0
2232,0,2232,E,47,23,72,95,0
2233,0,2233,O,105519,123976,87063,211039,0
2234,0,2234,E,47,25,70,95,0
2235,0,2235,O,105661,80954,130369,211323,0
2236,0,2236,E,47,27,68,95,0
2237,0,2237,O,105803,51244,160363,211607,0
2238,0,2238,E,47,29,66,95,0
2239,0,2239,O,105945,34894,176997,211891,0
2240,0,2240,E,47,31,64,95,0
2241,0,2241,O,106087,31952,180223,212175,0
2242,0,2242,E,47,33,62,95,0
2243,0,2243,O,106229,42466,169993,212459,0
2244,0,2244,E,47,35,60,95,0
2245,0,2245,O,106371,66484,146259,212743,0
2246,0,2246,E,47,37,58,95,0
2247,0,2247,O,106513,104054,108973,213027,0
2248,0,2248,E,47,39,56,95,0
2249,0,2249,O,106655,155224,58087,213311,0
2250,0,2250,E,47,41,54,95,0
2251,0,2251,O,106798,6447,207150,213597,0
2252,0,2252,E,47,43,52,95,0
2253,0,2253,O,106940,84677,129204,213881,0
2254,0,2254,E,47,45,50,95,0
2255,0,2255,O,107082,176651,37514,214165,0
2256,0,2256,E,47,47,48,95,0
2257,0,2257,O,107225,67968,146483,214451,0
2258,0,2258,E,47,49,46,95,0
2259,0,2259,O,107367,187290,27445,214735,0
2260,0,2260,E,47,51,44,95,0
2261,0,2261,O,107510,105481,109540,215021,0
2262,0,2262,E,47,53,42,95,0
2263,0,2263,O,107653,37038,178269,215307,0
2264,0,2264,E,47,55,40,95,0
2265,0,2265,O,107795,197600,17991,215591,0
2266,0,2266,E,47,57,38,95,0
2267,0,2267,O,107938,156319,59558,215877,0
2268,0,2268,E,47,59,36,95,0
2269,0,2269,O,108081,128548,87615,216163,0
2270,0,2270,E,47,61,34,95,0
2271,0,2271,O,108224,114335,102114,216449,0
2272,0,2272,E,47,63,32,95,0
2273,0,2273,O,108367,113728,103007,216735,0
2274,0,2274,E,47,65,30,95,0
2275,0,2275,O,108510,126775,90246,217021,0
2276,0,2276,E,47,67,28,95,0
2277,0,2277,O,108653,153524,63783,217307,0
2278,0,2278,E,47,69,26,95,0
2279,0,2279,O,108796,194023,23570,217593,0
2280,0,2280,E,47,71,24,95,0
2281,0,2281,O,108940,30441,187440,217881,0
2282,0,2282,E,47,73,22,95,0
2283,0,2283,O,109083,98298,119869,218167,0
2284,0,2284,E,47,75,20,95,0
2285,0,2285,O,109226,180049,38404,218453,0
2286,0,2286,E,47,77,18,95,0
2287,0,2287,O,109370,57003,161738,218741,0
2288,0,2288,E,47,79,16,95,0
2289,0,2289,O,109513,166400,52627,219027,0
2290,0,2290,E,47,81,14,95,0
2291,0,2291,O,109657,70522,148793,219315,0
2292,0,2292,E,47,83,12,95,0
2293,0,2293,O,109800,207757,11844,219601,0
2294,0,2294,E,47,85,10,95,0
2295,0,2295,O,109944,139239,80650,219889,0
2296,0,2296,E,47,87,8,95,0
2297,0,2297,O,110088,84329,135848,220177,0
2298,0,2298,E,47,89,6,95,0
2299,0,2299,O,110232,43075,177390,220465,0
2300,0,2300,E,47,91,4,95,0
2301,0,2301,O,110376,15525,205228,220753,0
2302,0,2302,E,47,93,2,95,0
2303,0,2303,O,110520,1727,219314,221041,0
2304,0,2304,E,48,0,97,97,1
2305,0,2305,O,110664,1729,219600,221329,0
2306,0,2306,E,48,2,95,97,0
2307,0,2307,O,110808,15579,206038,221617,0
2308,0,2308,E,48,4,93,97,0
2309,0,2309,O,110952,43325,178580,221905,0
2310,0,2310,E,48,6,91,97,0
2311,0,2311,O,111096,85015,137178,222193,0
2312,0,2312,E,48,8,89,97,0
2313,0,2313,O,111240,140697,81784,222481,0
2314,0,2314,E,48,10,87,97,0
2315,0,2315,O,111384,210419,12350,222769,0
2316,0,2316,E,48,12,85,97,0
2317,0,2317,O,111529,71172,151887,223059,0
2318,0,2318,E,48,14,83,97,0
2319,0,2319,O,111673,168830,54517,223347,0
2320,0,2320,E,48,16,81,97,0
2321,0,2321,O,111818,57037,166600,223637,0
2322,0,2322,E,48,18,79,97,0
2323,0,2323,O,111962,182823,41102,223925,0
2324,0,2324,E,48,20,77,97,0
2325,0,2325,O,112107,98676,125539,224215,0
2326,0,2326,E,48,22,75,97,0
2327,0,2327,O,112252,28279,196226,224505,0
2328,0,2328,E,48,24,73,97,0
2329,0,2329,O,112396,196473,28320,224793,0
2330,0,2330,E,48,26,71,97,0
2331,0,2331,O,112541,154010,71073,225083,0
2332,0,2332,E,48,28,69,97,0
2333,0,2333,O,112686,125441,99932,225373,0
2334,0,2334,E,48,30,67,97,0
2335,0,2335,O,112831,110814,114849,225663,0
2336,0,2336,E,48,32,65,97,0
2337,0,2337,O,112976,110177,115776,225953,0
2338,0,2338,E,48,34,63,97,0
2339,0,2339,O,113121,123578,102665,226243,0
2340,0,2340,E,48,36,61,97,0
2341,0,2341,O,113266,151065,75468,226533,0
2342,0,2342,E,48,38,59,97,0
2343,0,2343,O,113411,192686,34137,226823,0
2344,0,2344,E,48,40,57,97,0
2345,0,2345,O,113557,21376,205739,227115,0
2346,0,2346,E,48,42,55,97,0
2347,0,2347,O,113702,91119,136286,227405,0
2348,0,2348,E,48,44,53,97,0
2349,0,2349,O,113847,175140,52555,227695,0
2350,0,2350,E,48,46,51,97,0
2351,0,2351,O,113993,45502,182485,227987,0
2352,0,2352,E,48,48,49,97,0
2353,0,2353,O,114138,157933,70344,228277,0
2354,0,2354,E,48,50,47,97,0
2355,0,2355,O,114284,56219,172350,228569,0
2356,0,2356,E,48,52,45,97,0
2357,0,2357,O,114429,197252,31607,228859,0
2358,0,2358,E,48,54,43,97,0
2359,0,2359,O,114575,123654,105497,229151,0
2360,0,2360,E,48,56,41,97,0
2361,0,2361,O,114721,64040,165403,229443,0
2362,0,2362,E,48,58,39,97,0
2363,0,2363,O,114867,18458,211277,229735,0
2364,0,2364,E,48,60,37,97,0
2365,0,2365,O,115012,216981,13044,230025,0
2366,0,2366,E,48,62,35,97,0
2367,0,2367,O,115158,199899,30418,230317,0
2368,0,2368,E,48,64,33,97,0
2369,0,2369,O,115304,196993,33616,230609,0
2370,0,2370,E,48,66,31,97,0
2371,0,2371,O,115450,208311,22590,230901,0
2372,0,2372,E,48,68,29,97,0
2373,0,2373,O,115597,2708,228487,231195,0
2374,0,2374,E,48,70,27,97,0
2375,0,2375,O,115743,42326,189161,231487,0
2376,0,2376,E,48,72,25,97,0
2377,0,2377,O,115889,96312,135467,231779,0
2378,0,2378,E,48,74,23,97,0
2379,0,2379,O,116035,164714,67357,232071,0
2380,0,2380,E,48,76,21,97,0
2381,0,2381,O,116182,15217,217148,232365,0
2382,0,2382,E,48,78,19,97,0
2383,0,2383,O,116328,112303,120354,232657,0
2384,0,2384,E,48,80,17,97,0
2385,0,2385,O,116474,223949,9000,232949,0
2386,0,2386,E,48,82,15,97,0
2387,0,2387,O,116621,116962,116281,233243,0
2388,0,2388,E,48,84,13,97,0
2389,0,2389,O,116768,24045,209492,233537,0
2390,0,2390,E,48,86,11,97,0
2391,0,2391,O,116914,179075,54754,233829,0
2392,0,2392,E,48,88,9,97,0
2393,0,2393,O,117061,114736,119387,234123,0
2394,0,2394,E,48,90,7,97,0
2395,0,2395,O,117208,64611,169806,234417,0
2396,0,2396,E,48,92,5,97,0
2397,0,2397,O,117355,28748,205963,234711,0
2398,0,2398,E,48,94,3,97,0
2399,0,2399,O,117502,7195,227810,235005,0
2400,0,2400,E,48,96,1,97,0
2401,0,2401,O,117649,0,235299,235299,1
2402,0,2402,E,49,1,98,99,0
2403,0,2403,O,117796,7211,228382,235593,0
2404,0,2404,E,49,3,96,99,0
2405,0,2405,O,117943,28876,207011,235887,0
2406,0,2406,E,49,5,94,99,0
2407,0,2407,O,118090,65043,171138,236181,0
2408,0,2408,E,49,7,92,99,0
2409,0,2409,O,118237,115760,120715,236475,0
2410,0,2410,E,49,9,90,99,0
2411,0,2411,O,118384,181075,55694,236769,0
2412,0,2412,E,49,11,88,99,0
2413,0,2413,O,118532,23973,213092,237065,0
2414,0,2414,E,49,13,86,99,0
2415,0,2415,O,118679,118334,119025,237359,0
2416,0,2416,E,49,15,84,99,0
2417,0,2417,O,118826,227437,10216,237653,0
2418,0,2418,E,49,17,82,99,0
2419,0,2419,O,118974,113383,124566,237949,0
2420,0,2420,E,49,19,80,99,0
2421,0,2421,O,119122,13577,224668,238245,0
2422,0,2422,E,49,21,78,99,0
2423,0,2423,O,119269,166606,71933,238539,0
2424,0,2424,E,49,23,76,99,0
2425,0,2425,O,119417,95736,143099,238835,0
2426,0,2426,E,49,25,74,99,0
2427,0,2427,O,119565,39258,199873,239131,0
2428,0,2428,E,49,27,72,99,0
2429,0,2429,O,119712,236645,2780,239425,0
2430,0,2430,E,49,29,70,99,0
2431,0,2431,O,119860,209391,30330,239721,0
2432,0,2432,E,49,31,68,99,0
2433,0,2433,O,120008,196673,43344,240017,0
2434,0,2434,E,49,33,66,99,0
2435,0,2435,O,120156,198539,41774,240313,0
2436,0,2436,E,49,35,64,99,0
2437,0,2437,O,120304,215037,25572,240609,0
2438,0,2438,E,49,37,62,99,0
2439,0,2439,O,120453,5310,235597,240907,0
2440,0,2440,E,49,39,60,99,0
2441,0,2441,O,120601,50920,190283,241203,0
2442,0,2442,E,49,41,58,99,0
2443,0,2443,O,120749,111306,130193,241499,0
2444,0,2444,E,49,43,56,99,0
2445,0,2445,O,120897,186516,55279,241795,0
2446,0,2446,E,49,45,54,99,0
2447,0,2447,O,121046,34507,207586,242093,0
2448,0,2448,E,49,47,52,99,0
2449,0,2449,O,121194,139213,103176,242389,0
2450,0,2450,E,49,49,50,99,0
2451,0,2451,O,121343,16202,226485,242687,0
2452,0,2452,E,49,51,48,99,0
2453,0,2453,O,121491,150596,92387,242983,0
2454,0,2454,E,49,53,46,99,0
2455,0,2455,O,121640,56775,186506,243281,0
2456,0,2456,E,49,55,44,99,0
2457,0,2457,O,121788,221049,22528,243577,0
2458,0,2458,E,49,57,42,99,0
2459,0,2459,O,121937,156610,87265,243875,0
2460,0,2460,E,49,59,40,99,0
2461,0,2461,O,122086,106785,137388,244173,0
2462,0,2462,E,49,61,38,99,0
2463,0,2463,O,122235,71622,172849,244471,0
2464,0,2464,E,49,63,36,99,0
2465,0,2465,O,122384,51169,193600,244769,0
2466,0,2466,E,49,65,34,99,0
2467,0,2467,O,122533,45474,199593,245067,0
2468,0,2468,E,49,67,32,99,0
2469,0,2469,O,122682,54585,190780,245365,0
2470,0,2470,E,49,69,30,99,0
2471,0,2471,O,122831,78550,167113,245663,0
2472,0,2472,E,49,71,28,99,0
2473,0,2473,O,122980,117417,128544,245961,0
2474,0,2474,E,49,73,26,99,0
2475,0,2475,O,123129,171234,75025,246259,0
2476,0,2476,E,49,75,24,99,0
2477,0,2477,O,123278,240049,6508,246557,0
2478,0,2478,E,49,77,22,99,0
2479,0,2479,O,123428,77055,169802,246857,0
2480,0,2480,E,49,79,20,99,0
2481,0,2481,O,123577,175712,71443,247155,0
2482,0,2482,E,49,81,18,99,0
2483,0,2483,O,123727,42058,205397,247455,0
2484,0,2484,E,49,83,16,99,0
2485,0,2485,O,123876,170749,77004,247753,0
2486,0,2486,E,49,85,14,99,0
2487,0,2487,O,124026,66627,181426,248053,0
2488,0,2488,E,49,87,12,99,0
2489,0,2489,O,124175,225544,22807,248351,0
2490,0,2490,E,49,89,10,99,0
2491,0,2491,O,124325,151146,97505,248651,0
2492,0,2492,E,49,91,8,99,0
2493,0,2493,O,124475,91532,157419,248951,0
2494,0,2494,E,49,93,6,99,0
2495,0,2495,O,124625,46750,202501,249251,0
2496,0,2496,E,49,95,4,99,0
2497,0,2497,O,124775,16848,232703,249551,0
2498,0,2498,E,49,97,2,99,0
2499,0,2499,O,124925,1874,247977,249851,0
2500,0,2500,E,50,0,101,101,1
2501,0,2501,O,125075,1876,248275,250151,0
2502,0,2502,E,50,2,99,101,0
2503,0,2503,O,125225,16902,233549,250451,0
2504,0,2504,E,50,4,97,101,0
2505,0,2505,O,125375,47000,203751,250751,0
2506,0,2506,E,50,6,95,101,0
2507,0,2507,O,125525,92218,158833,251051,0
2508,0,2508,E,50,8,93,101,0
2509,0,2509,O,125675,152604,98747,251351,0
2510,0,2510,E,50,10,91,101,0
2511,0,2511,O,125825,228206,23445,251651,0
2512,0,2512,E,50,12,89,101,0
2513,0,2513,O,125976,67121,184832,251953,0
2514,0,2514,E,50,14,87,101,0
2515,0,2515,O,126126,172999,79254,252253,0
2516,0,2516,E,50,16,85,101,0
2517,0,2517,O,126277,41684,210871,252555,0
2518,0,2518,E,50,18,83,101,0
2519,0,2519,O,126427,178030,74825,252855,0
2520,0,2520,E,50,20,81,101,0
2521,0,2521,O,126578,76677,176480,253157,0
2522,0,2522,E,50,22,79,101,0
2523,0,2523,O,126728,243683,9774,253457,0
2524,0,2524,E,50,24,77,101,0
2525,0,2525,O,126879,172484,81275,253759,0
2526,0,2526,E,50,26,75,101,0
2527,0,2527,O,127030,116283,137778,254061,0
2528,0,2528,E,50,28,73,101,0
2529,0,2529,O,127181,75128,179235,254363,0
2530,0,2530,E,50,30,71,101,0
2531,0,2531,O,127332,49067,205598,254665,0
2532,0,2532,E,50,32,69,101,0
2533,0,2533,O,127483,38148,216819,254967,0
2534,0,2534,E,50,34,67,101,0
2535,0,2535,O,127634,42419,212850,255269,0
2536,0,2536,E,50,36,65,101,0
2537,0,2537,O,127785,61928,193643,255571,0
2538,0,2538,E,50,38,63,101,0
2539,0,2539,O,127936,96723,159150,255873,0
2540,0,2540,E,50,40,61,101,0
2541,0,2541,O,128087,146852,109323,256175,0
2542,0,2542,E,50,42,59,101,0
2543,0,2543,O,128238,212363,44114,256477,0
2544,0,2544,E,50,44,57,101,0
2545,0,2545,O,128390,36525,220256,256781,0
2546,0,2546,E,50,46,55,101,0
2547,0,2547,O,128541,132642,124441,257083,0
2548,0,2548,E,50,48,53,101,0
2549,0,2549,O,128692,244285,13100,257385,0
2550,0,2550,E,50,50,51,101,0
2551,0,2551,O,128844,113815,143874,257689,0
2552,0,2552,E,50,52,49,101,0
2553,0,2553,O,128995,256352,1639,257991,0
2554,0,2554,E,50,54,47,101,0
2555,0,2555,O,129147,156266,102029,258295,0
2556,0,2556,E,50,56,45,101,0
2557,0,2557,O,129299,71292,187307,258599,0
2558,0,2558,E,50,58,43,101,0
2559,0,2559,O,129451,1478,257425,258903,0
2560,0,2560,E,50,60,41,101,0
2561,0,2561,O,129602,206077,53128,259205,0
2562,0,2562,E,50,62,39,101,0
2563,0,2563,O,129754,167031,92478,259509,0
2564,0,2564,E,50,64,37,101,0
2565,0,2565,O,129906,143289,116524,259813,0
2566,0,2566,E,50,66,35,101,0
2567,0,2567,O,130058,134899,125218,260117,0
2568,0,2568,E,50,68,33,101,0
2569,0,2569,O,130210,141909,118512,260421,0
2570,0,2570,E,50,70,31,101,0
2571,0,2571,O,130362,164367,96358,260725,0
2572,0,2572,E,50,72,29,101,0
2573,0,2573,O,130514,202321,58708,261029,0
2574,0,2574,E,50,74,27,101,0
2575,0,2575,O,130666,255819,5514,261333,0
2576,0,2576,E,50,76,25,101,0
2577,0,2577,O,130819,63272,198367,261639,0
2578,0,2578,E,50,78,23,101,0
2579,0,2579,O,130971,147698,114245,261943,0
2580,0,2580,E,50,80,21,101,0
2581,0,2581,O,131123,247812,14435,262247,0
2582,0,2582,E,50,82,19,101,0
2583,0,2583,O,131276,101111,161442,262553,0
2584,0,2584,E,50,84,17,101,0
2585,0,2585,O,131428,232441,30416,262857,0
2586,0,2586,E,50,86,15,101,0
2587,0,2587,O,131581,116442,146721,263163,0
2588,0,2588,E,50,88,13,101,0
2589,0,2589,O,131734,15713,247756,263469,0
2590,0,2590,E,50,90,11,101,0
2591,0,2591,O,131886,194075,69698,263773,0
2592,0,2592,E,50,92,9,101,0
2593,0,2593,O,132039,124336,139743,264079,0
2594,0,2594,E,50,94,7,101,0
2595,0,2595,O,132192,70011,194374,264385,0
2596,0,2596,E,50,96,5,101,0
2597,0,2597,O,132345,31148,233543,264691,0
2598,0,2598,E,50,98,3,101,0
2599,0,2599,O,132498,7795,257202,264997,0
2600,0,2600,E,50,100,1,101,0
2601,0,2601,O,132651,0,265303,265303,1
2602,0,2602,E,51,1,102,103,0
2603,0,2603,O,132804,7811,257798,265609,0
2604,0,2604,E,51,3,100,103,0
2605,0,2605,O,132957,31276,234639,265915,0
2606,0,2606,E,51,5,98,103,0
2607,0,2607,O,133110,70443,195778,266221,0
2608,0,2608,E,51,7,96,103,0
2609,0,2609,O,133263,125360,141167,266527,0
2610,0,2610,E,51,9,94,103,0
2611,0,2611,O,133416,196075,70758,266833,0
2612,0,2612,E,51,11,92,103,0
2613,0,2613,O,133570,15497,251644,267141,0
2614,0,2614,E,51,13,90,103,0
2615,0,2615,O,133723,117646,149801,267447,0
2616,0,2616,E,51,15,88,103,0
2617,0,2617,O,133876,235737,32016,267753,0
2618,0,2618,E,51,17,86,103,0
2619,0,2619,O,134030,101759,166302,268061,0
2620,0,2620,E,51,19,84,103,0
2621,0,2621,O,134183,251572,16795,268367,0
2622,0,2622,E,51,21,82,103,0
2623,0,2623,O,134337,148798,119877,268675,0
2624,0,2624,E,51,23,80,103,0
2625,0,2625,O,134491,61544,207439,268983,0
2626,0,2626,E,51,25,78,103,0
2627,0,2627,O,134644,259147,10142,269289,0
2628,0,2628,E,51,27,76,103,0
2629,0,2629,O,134798,203385,66212,269597,0
2630,0,2630,E,51,29,74,103,0
2631,0,2631,O,134952,163287,106618,269905,0
2632,0,2632,E,51,31,72,103,0
2633,0,2633,O,135106,138901,131312,270213,0
2634,0,2634,E,51,33,70,103,0
2635,0,2635,O,135260,130275,140246,270521,0
2636,0,2636,E,51,35,68,103,0
2637,0,2637,O,135414,137457,133372,270829,0
2638,0,2638,E,51,37,66,103,0
2639,0,2639,O,135568,160495,110642,271137,0
2640,0,2640,E,51,39,64,103,0
2641,0,2641,O,135722,199437,72008,271445,0
2642,0,2642,E,51,41,62,103,0
2643,0,2643,O,135876,254331,17422,271753,0
2644,0,2644,E,51,43,60,103,0
2645,0,2645,O,136031,53164,218899,272063,0
2646,0,2646,E,51,45,58,103,0
2647,0,2647,O,136185,139798,132573,272371,0
2648,0,2648,E,51,47,56,103,0
2649,0,2649,O,136339,242528,30151,272679,0
2650,0,2650,E,51,49,54,103,0
2651,0,2651,O,136494,88415,184574,272989,0
2652,0,2652,E,51,51,52,103,0
2653,0,2653,O,136648,223173,50124,273297,0
2654,0,2654,E,51,53,50,103,0
2655,0,2655,O,136803,100566,173041,273607,0
2656,0,2656,E,51,55,48,103,0
2657,0,2657,O,136957,267544,6371,273915,0
2658,0,2658,E,51,57,46,103,0
2659,0,2659,O,137112,176635,97590,274225,0
2660,0,2660,E,51,59,44,103,0
2661,0,2661,O,137267,101492,173043,274535,0
2662,0,2662,E,51,61,42,103,0
2663,0,2663,O,137422,42163,232682,274845,0
2664,0,2664,E,51,63,40,103,0
2665,0,2665,O,137576,273849,1304,275153,0
2666,0,2666,E,51,65,38,103,0
2667,0,2667,O,137731,246602,28861,275463,0
2668,0,2668,E,51,67,36,103,0
2669,0,2669,O,137886,235313,40460,275773,0
2670,0,2670,E,51,69,34,103,0
2671,0,2671,O,138041,240030,36053,276083,0
2672,0,2672,E,51,71,32,103,0
2673,0,2673,O,138196,260801,15592,276393,0
2674,0,2674,E,51,73,30,103,0
2675,0,2675,O,138352,20971,255734,276705,0
2676,0,2676,E,51,75,28,103,0
2677,0,2677,O,138507,73684,203331,277015,0
2678,0,2678,E,51,77,26,103,0
2679,0,2679,O,138662,142595,134730,277325,0
2680,0,2680,E,51,79,24,103,0
2681,0,2681,O,138817,227752,49883,277635,0
2682,0,2682,E,51,81,22,103,0
2683,0,2683,O,138973,51258,226689,277947,0
2684,0,2684,E,51,83,20,103,0
2685,0,2685,O,139128,168741,109516,278257,0
2686,0,2686,E,51,85,18,103,0
2687,0,2687,O,139284,24047,254522,278569,0
2688,0,2688,E,51,87,16,103,0
2689,0,2689,O,139439,174048,104831,278879,0
2690,0,2690,E,51,89,14,103,0
2691,0,2691,O,139595,61346,217845,279191,0
2692,0,2692,E,51,91,12,103,0
2693,0,2693,O,139750,244057,35444,279501,0
2694,0,2694,E,51,93,10,103,0
2695,0,2695,O,139906,163539,116274,279813,0
2696,0,2696,E,51,95,8,103,0
2697,0,2697,O,140062,99029,181096,280125,0
2698,0,2698,E,51,97,6,103,0
2699,0,2699,O,140218,50575,229862,280437,0
2700,0,2700,E,51,99,4,103,0
2701,0,2701,O,140374,18225,262524,280749,0
2702,0,2702,E,51,101,2,103,0
2703,0,2703,O,140530,2027,279034,281061,0
2704,0,2704,E,52,0,105,105,1
2705,0,2705,O,140686,2029,279344,281373,0
2706,0,2706,E,52,2,103,105,0
2707,0,2707,O,140842,18279,263406,281685,0
2708,0,2708,E,52,4,101,105,0
2709,0,2709,O,140998,50825,231172,281997,0
2710,0,2710,E,52,6,99,105,0
2711,0,2711,O,141154,99715,182594,282309,0
2712,0,2712,E,52,8,97,105,0
2713,0,2713,O,141310,164997,117624,282621,0
2714,0,2714,E,52,10,95,105,0
2715,0,2715,O,141466,246719,36214,282933,0
2716,0,2716,E,52,12,93,105,0
2717,0,2717,O,141623,61684,221563,283247,0
2718,0,2718,E,52,14,91,105,0
2719,0,2719,O,141779,176118,107441,283559,0
2720,0,2720,E,52,16,89,105,0
2721,0,2721,O,141936,23265,260608,283873,0
2722,0,2722,E,52,18,87,105,0
2723,0,2723,O,142092,170603,113582,284185,0
2724,0,2724,E,52,20,85,105,0
2725,0,2725,O,142249,50124,234375,284499,0
2726,0,2726,E,52,22,83,105,0
2727,0,2727,O,142405,230558,54253,284811,0
2728,0,2728,E,52,24,81,105,0
2729,0,2729,O,142562,142645,142480,285125,0
2730,0,2730,E,52,26,79,105,0
2731,0,2731,O,142719,70930,214509,285439,0
2732,0,2732,E,52,28,77,105,0
2733,0,2733,O,142876,15461,270292,285753,0
2734,0,2734,E,52,30,75,105,0
2735,0,2735,O,143032,262351,23714,286065,0
2736,0,2736,E,52,32,73,105,0
2737,0,2737,O,143189,239832,46547,286379,0
2738,0,2738,E,52,34,71,105,0
2739,0,2739,O,143346,233703,52990,286693,0
2740,0,2740,E,52,36,69,105,0
2741,0,2741,O,143503,244012,42995,287007,0
2742,0,2742,E,52,38,67,105,0
2743,0,2743,O,143660,270807,16514,287321,0
2744,0,2744,E,52,40,65,105,0
2745,0,2745,O,143818,26501,261136,287637,0
2746,0,2746,E,52,42,63,105,0
2747,0,2747,O,143975,86098,201853,287951,0
2748,0,2748,E,52,44,61,105,0
2749,0,2749,O,144132,162325,125940,288265,0
2750,0,2750,E,52,46,59,105,0
2751,0,2751,O,144289,255230,33349,288579,0
2752,0,2752,E,52,48,57,105,0
2753,0,2753,O,144447,75968,212927,288895,0
2754,0,2754,E,52,50,55,105,0
2755,0,2755,O,144604,202059,87150,289209,0
2756,0,2756,E,52,52,53,105,0
2757,0,2757,O,144762,55449,234076,289525,0
2758,0,2758,E,52,54,51,105,0
2759,0,2759,O,144919,214918,74921,289839,0
2760,0,2760,E,52,56,49,105,0
2761,0,2761,O,145077,101152,189003,290155,0
2762,0,2762,E,52,58,47,105,0
2763,0,2763,O,145235,3722,286749,290471,0
2764,0,2764,E,52,60,45,105,0
2765,0,2765,O,145392,213461,77324,290785,0
2766,0,2766,E,52,62,43,105,0
2767,0,2767,O,145550,149163,141938,291101,0
2768,0,2768,E,52,64,41,105,0
2769,0,2769,O,145708,101345,190072,291417,0
2770,0,2770,E,52,66,39,105,0
2771,0,2771,O,145866,70055,221678,291733,0
2772,0,2772,E,52,68,37,105,0
2773,0,2773,O,146024,55341,236708,292049,0
2774,0,2774,E,52,70,35,105,0
2775,0,2775,O,146182,57251,235114,292365,0
2776,0,2776,E,52,72,33,105,0
2777,0,2777,O,146340,75833,216848,292681,0
2778,0,2778,E,52,74,31,105,0
2779,0,2779,O,146498,111135,181862,292997,0
2780,0,2780,E,52,76,29,105,0
2781,0,2781,O,146656,163205,130108,293313,0
2782,0,2782,E,52,78,27,105,0
2783,0,2783,O,146814,232091,61538,293629,0
2784,0,2784,E,52,80,25,105,0
2785,0,2785,O,146973,23896,270051,293947,0
2786,0,2786,E,52,82,23,105,0
2787,0,2787,O,147131,126242,168021,294263,0
2788,0,2788,E,52,84,21,105,0
2789,0,2789,O,147289,245548,49031,294579,0
2790,0,2790,E,52,86,19,105,0
2791,0,2791,O,147448,86967,207930,294897,0
2792,0,2792,E,52,88,17,105,0
2793,0,2793,O,147606,240021,55192,295213,0
2794,0,2794,E,52,90,15,105,0
2795,0,2795,O,147765,114650,180881,295531,0
2796,0,2796,E,52,92,13,105,0
2797,0,2797,O,147924,5797,290052,295849,0
2798,0,2798,E,52,94,11,105,0
2799,0,2799,O,148082,209675,86490,296165,0
2800,0,2800,E,52,96,9,105,0
2801,0,2801,O,148241,134320,162163,296483,0
2802,0,2802,E,52,98,7,105,0
2803,0,2803,O,148400,75627,221174,296801,0
2804,0,2804,E,52,100,5,105,0
2805,0,2805,O,148559,33644,263475,297119,0
2806,0,2806,E,52,102,3,105,0
2807,0,2807,O,148718,8419,289018,297437,0
2808,0,2808,E,52,104,1,105,0
2809,0,2809,O,148877,0,297755,297755,1
2810,0,2810,E,53,1,106,107,0
2811,0,2811,O,149036,8435,289638,298073,0
2812,0,2812,E,53,3,104,107,0
2813,0,2813,O,149195,33772,264619,298391,0
2814,0,2814,E,53,5,102,107,0
2815,0,2815,O,149354,76059,222650,298709,0
2816,0,2816,E,53,7,100,107,0
2817,0,2817,O,149513,135344,163683,299027,0
2818,0,2818,E,53,9,98,107,0
2819,0,2819,O,149672,211675,87670,299345,0
2820,0,2820,E,53,11,96,107,0
2821,0,2821,O,149832,5437,294228,299665,0
2822,0,2822,E,53,13,94,107,0
2823,0,2823,O,149991,115686,184297,299983,0
2824,0,2824,E,53,15,92,107,0
2825,0,2825,O,150150,243125,57176,300301,0
2826,0,2826,E,53,17,90,107,0
2827,0,2827,O,150310,87183,213438,300621,0
2828,0,2828,E,53,19,88,107,0
2829,0,2829,O,150469,248828,52111,300939,0
2830,0,2830,E,53,21,86,107,0
2831,0,2831,O,150629,126550,174709,301259,0
2832,0,2832,E,53,23,84,107,0
2833,0,2833,O,150789,21016,280563,301579,0
2834,0,2834,E,53,25,82,107,0
2835,0,2835,O,150948,234171,67726,301897,0
2836,0,2836,E,53,27,80,107,0
2837,0,2837,O,151108,162589,139628,302217,0
2838,0,2838,E,53,29,78,107,0
2839,0,2839,O,151268,107895,194642,302537,0
2840,0,2840,E,53,31,76,107,0
2841,0,2841,O,151428,70137,232720,302857,0
2842,0,2842,E,53,33,74,107,0
2843,0,2843,O,151588,49363,253814,303177,0
2844,0,2844,E,53,35,72,107,0
2845,0,2845,O,151748,45621,257876,303497,0
2846,0,2846,E,53,37,70,107,0
2847,0,2847,O,151908,58959,244858,303817,0
2848,0,2848,E,53,39,68,107,0
2849,0,2849,O,152068,89425,214712,304137,0
2850,0,2850,E,53,41,66,107,0
2851,0,2851,O,152228,137067,167390,304457,0
2852,0,2852,E,53,43,64,107,0
2853,0,2853,O,152388,201933,102844,304777,0
2854,0,2854,E,53,45,62,107,0
2855,0,2855,O,152548,284071,21026,305097,0
2856,0,2856,E,53,47,60,107,0
2857,0,2857,O,152709,78112,227307,305419,0
2858,0,2858,E,53,49,58,107,0
2859,0,2859,O,152869,194618,111121,305739,0
2860,0,2860,E,53,51,56,107,0
2861,0,2861,O,153030,22481,283580,306061,0
2862,0,2862,E,53,53,54,107,0
2863,0,2863,O,153190,173547,132834,306381,0
2864,0,2864,E,53,55,52,107,0
2865,0,2865,O,153351,35424,271279,306703,0
2866,0,2866,E,53,57,50,107,0
2867,0,2867,O,153511,221242,85781,307023,0
2868,0,2868,E,53,59,48,107,0
2869,0,2869,O,153672,117325,190020,307345,0
2870,0,2870,E,53,61,46,107,0
2871,0,2871,O,153833,30422,277245,307667,0
2872,0,2872,E,53,63,44,107,0
2873,0,2873,O,153993,268568,39419,307987,0
2874,0,2874,E,53,65,42,107,0
2875,0,2875,O,154154,216159,92150,308309,0
2876,0,2876,E,53,67,40,107,0
2877,0,2877,O,154315,180908,127723,308631,0
2878,0,2878,E,53,69,38,107,0
2879,0,2879,O,154476,162863,146090,308953,0
2880,0,2880,E,53,71,36,107,0
2881,0,2881,O,154637,162072,147203,309275,0
2882,0,2882,E,53,73,34,107,0
2883,0,2883,O,154798,178583,131014,309597,0
2884,0,2884,E,53,75,32,107,0
2885,0,2885,O,154959,212444,97475,309919,0
2886,0,2886,E,53,77,30,107,0
2887,0,2887,O,155120,263703,46538,310241,0
2888,0,2888,E,53,79,28,107,0
2889,0,2889,O,155282,21845,288720,310565,0
2890,0,2890,E,53,81,26,107,0
2891,0,2891,O,155443,107722,203165,310887,0
2892,0,2892,E,53,83,24,107,0
2893,0,2893,O,155604,211141,100068,311209,0
2894,0,2894,E,53,85,22,107,0
2895,0,2895,O,155766,20619,290914,311533,0
2896,0,2896,E,53,87,20,107,0
2897,0,2897,O,155927,158944,152911,311855,0
2898,0,2898,E,53,89,18,107,0
2899,0,2899,O,156089,2778,309401,312179,0
2900,0,2900,E,53,91,16,107,0
2901,0,2901,O,156250,176201,136300,312501,0
2902,0,2902,E,53,93,14,107,0
2903,0,2903,O,156412,54583,258242,312825,0
2904,0,2904,E,53,95,12,107,0
2905,0,2905,O,156573,263296,49851,313147,0
2906,0,2906,E,53,97,10,107,0
2907,0,2907,O,156735,176418,137053,313471,0
2908,0,2908,E,53,99,8,107,0
2909,0,2909,O,156897,106820,206975,313795,0
2910,0,2910,E,53,101,6,107,0
2911,0,2911,O,157059,54550,259569,314119,0
2912,0,2912,E,53,103,4,107,0
2913,0,2913,O,157221,19656,294787,314443,0
2914,0,2914,E,53,105,2,107,0
2915,0,2915,O,157383,2186,312581,314767,0
2916,0,2916,E,54,0,109,109,1
2917,0,2917,O,157545,2188,312903,315091,0
2918,0,2918,E,54,2,107,109,0
2919,0,2919,O,157707,19710,295705,315415,0
2920,0,2920,E,54,4,105,109,0
2921,0,2921,O,157869,54800,260939,315739,0
2922,0,2922,E,54,6,103,109,0
2923,0,2923,O,158031,107506,208557,316063,0
2924,0,2924,E,54,8,101,109,0
2925,0,2925,O,158193,177876,138511,316387,0
2926,0,2926,E,54,10,99,109,0
2927,0,2927,O,158355,265958,50753,316711,0
2928,0,2928,E,54,12,97,109,0
2929,0,2929,O,158518,54765,262272,317037,0
2930,0,2930,E,54,14,95,109,0
2931,0,2931,O,158680,178091,139270,317361,0
2932,0,2932,E,54,16,93,109,0
2933,0,2933,O,158843,1588,316099,317687,0
2934,0,2934,E,54,18,91,109,0
2935,0,2935,O,159005,160350,157661,318011,0
2936,0,2936,E,54,20,89,109,0
2937,0,2937,O,159168,18729,299608,318337,0
2938,0,2938,E,54,22,87,109,0
2939,0,2939,O,159330,213119,105542,318661,0
2940,0,2940,E,54,24,85,109,0
2941,0,2941,O,159493,106572,212415,318987,0
2942,0,2942,E,54,26,83,109,0
2943,0,2943,O,159656,17471,301842,319313,0
2944,0,2944,E,54,28,81,109,0
2945,0,2945,O,159818,265501,54136,319637,0
2946,0,2946,E,54,30,79,109,0
2947,0,2947,O,159981,211762,108201,319963,0
2948,0,2948,E,54,32,77,109,0
2949,0,2949,O,160144,175613,144676,320289,0
2950,0,2950,E,54,34,75,109,0
2951,0,2951,O,160307,157102,163513,320615,0
2952,0,2952,E,54,36,73,109,0
2953,0,2953,O,160470,156277,164664,320941,0
2954,0,2954,E,54,38,71,109,0
2955,0,2955,O,160633,173186,148081,321267,0
2956,0,2956,E,54,40,69,109,0
2957,0,2957,O,160796,207877,113716,321593,0
2958,0,2958,E,54,42,67,109,0
2959,0,2959,O,160959,260398,61521,321919,0
2960,0,2960,E,54,44,65,109,0
2961,0,2961,O,161123,8552,313695,322247,0
2962,0,2962,E,54,46,63,109,0
2963,0,2963,O,161286,96551,226022,322573,0
2964,0,2964,E,54,48,61,109,0
2965,0,2965,O,161449,202524,120375,322899,0
2966,0,2966,E,54,50,59,109,0
2967,0,2967,O,161613,3294,319933,323227,0
2968,0,2968,E,54,52,57,109,0
2969,0,2969,O,161776,145033,178520,323553,0
2970,0,2970,E,54,54,55,109,0
2971,0,2971,O,161939,304890,18989,323879,0
2972,0,2972,E,54,56,53,109,0
2973,0,2973,O,162103,158708,165499,324207,0
2974,0,2974,E,54,58,51,109,0
2975,0,2975,O,162267,30086,294449,324535,0
2976,0,2976,E,54,60,49,109,0
2977,0,2977,O,162430,243933,80928,324861,0
2978,0,2978,E,54,62,47,109,0
2979,0,2979,O,162594,150903,174286,325189,0
2980,0,2980,E,54,64,45,109,0
2981,0,2981,O,162758,75577,249940,325517,0
2982,0,2982,E,54,66,43,109,0
2983,0,2983,O,162922,18003,307842,325845,0
2984,0,2984,E,54,68,41,109,0
2985,0,2985,O,163085,304400,21771,326171,0
2986,0,2986,E,54,70,39,109,0
2987,0,2987,O,163249,282802,43697,326499,0
2988,0,2988,E,54,72,37,109,0
2989,0,2989,O,163413,279100,47727,326827,0
2990,0,2990,E,54,74,35,109,0
2991,0,2991,O,163577,293342,33813,327155,0
2992,0,2992,E,54,76,33,109,0
2993,0,2993,O,163741,325576,1907,327483,0
2994,0,2994,E,54,78,31,109,0
2995,0,2995,O,163906,48039,279774,327813,0
2996,0,2996,E,54,80,29,109,0
2997,0,2997,O,164070,116073,212068,328141,0
2998,0,2998,E,54,82,27,109,0
2999,0,2999,O,164234,202243,126226,328469,0
3000,0,3000,E,54,84,25,109,0
3001,0,3001,O,164398,306597,22200,328797,0
3002,0,3002,E,54,86,23,109,0
3003,0,3003,O,164563,100058,229069,329127,0
3004,0,3004,E,54,88,21,109,0
3005,0,3005,O,164727,240596,88859,329455,0
3006,0,3006,E,54,90,19,109,0
3007,0,3007,O,164892,69679,260106,329785,0
3008,0,3008,E,54,92,17,109,0
3009,0,3009,O,165056,246593,83520,330113,0
3010,0,3010,E,54,94,15,109,0
3011,0,3011,O,165221,111490,218953,330443,0
3012,0,3012,E,54,96,13,109,0
3013,0,3013,O,165385,324972,5799,330771,0
3014,0,3014,E,54,98,11,109,0
3015,0,3015,O,165550,225875,105226,331101,0
3016,0,3016,E,54,100,9,109,0
3017,0,3017,O,165715,144688,186743,331431,0
3018,0,3018,E,54,102,7,109,0
3019,0,3019,O,165880,81459,250302,331761,0
3020,0,3020,E,54,104,5,109,0
3021,0,3021,O,166045,36236,295855,332091,0
3022,0,3022,E,54,106,3,109,0
3023,0,3023,O,166210,9067,323354,332421,0
3024,0,3024,E,54,108,1,109,0
3025,0,3025,O,166375,0,332751,332751,1
3026,0,3026,E,55,1,110,111,0
3027,0,3027,O,166540,9083,323998,333081,0
3028,0,3028,E,55,3,108,111,0
3029,0,3029,O,166705,36364,297047,333411,0
3030,0,3030,E,55,5,106,111,0
3031,0,3031,O,166870,81891,251850,333741,0
3032,0,3032,E,55,7,104,111,0
3033,0,3033,O,167035,145712,188359,334071,0
3034,0,3034,E,55,9,102,111,0
3035,0,3035,O,167200,227875,106526,334401,0
3036,0,3036,E,55,11,100,111,0
3037,0,3037,O,167365,328428,6303,334731,0
3038,0,3038,E,55,13,98,111,0
3039,0,3039,O,167531,112358,222705,335063,0
3040,0,3040,E,55,15,96,111,0
3041,0,3041,O,167696,249505,85888,335393,0
3042,0,3042,E,55,17,94,111,0
3043,0,3043,O,167862,69463,266262,335725,0
3044,0,3044,E,55,19,92,111,0
3045,0,3045,O,168027,243396,92659,336055,0
3046,0,3046,E,55,21,90,111,0
3047,0,3047,O,168193,99574,236813,336387,0
3048,0,3048,E,55,23,88,111,0
3049,0,3049,O,168358,310485,26232,336717,0
3050,0,3050,E,55,25,86,111,0
3051,0,3051,O,168524,203075,133974,337049,0
3052,0,3052,E,55,27,84,111,0
3053,0,3053,O,168690,113777,223604,337381,0
3054,0,3054,E,55,29,82,111,0
3055,0,3055,O,168856,42639,295074,337713,0
3056,0,3056,E,55,31,80,111,0
3057,0,3057,O,169021,327752,10291,338043,0
3058,0,3058,E,55,33,78,111,0
3059,0,3059,O,169187,293410,44965,338375,0
3060,0,3060,E,55,35,76,111,0
3061,0,3061,O,169353,277372,61335,338707,0
3062,0,3062,E,55,37,74,111,0
3063,0,3063,O,169519,279686,59353,339039,0
3064,0,3064,E,55,39,72,111,0
3065,0,3065,O,169685,300400,38971,339371,0
3066,0,3066,E,55,41,70,111,0
3067,0,3067,O,169851,339562,141,339703,0
3068,0,3068,E,55,43,68,111,0
3069,0,3069,O,170018,57185,282852,340037,0
3070,0,3070,E,55,45,66,111,0
3071,0,3071,O,170184,133055,207314,340369,0
3072,0,3072,E,55,47,64,111,0
3073,0,3073,O,170350,227517,113184,340701,0
3074,0,3074,E,55,49,62,111,0
3075,0,3075,O,170516,340619,414,341033,0
3076,0,3076,E,55,51,60,111,0
3077,0,3077,O,170683,131044,210323,341367,0
3078,0,3078,E,55,53,58,111,0
3079,0,3079,O,170849,281238,60461,341699,0
3080,0,3080,E,55,55,56,111,0
3081,0,3081,O,171016,108185,233848,342033,0
3082,0,3082,E,55,57,54,111,0
3083,0,3083,O,171182,295663,46702,342365,0
3084,0,3084,E,55,59,52,111,0
3085,0,3085,O,171349,159324,183375,342699,0
3086,0,3086,E,55,61,50,111,0
3087,0,3087,O,171516,41247,301786,343033,0
3088,0,3088,E,55,63,48,111,0
3089,0,3089,O,171682,284845,58520,343365,0
3090,0,3090,E,55,65,46,111,0
3091,0,3091,O,171849,203770,139929,343699,0
3092,0,3092,E,55,67,44,111,0
3093,0,3093,O,172016,141101,202932,344033,0
3094,0,3094,E,55,69,42,111,0
3095,0,3095,O,172183,96886,247481,344367,0
3096,0,3096,E,55,71,40,111,0
3097,0,3097,O,172350,71173,273528,344701,0
3098,0,3098,E,55,73,38,111,0
3099,0,3099,O,172517,64010,281025,345035,0
3100,0,3100,E,55,75,36,111,0
3101,0,3101,O,172684,75445,269924,345369,0
3102,0,3102,E,55,77,34,111,0
3103,0,3103,O,172851,105526,240177,345703,0
3104,0,3104,E,55,79,32,111,0
3105,0,3105,O,173018,154301,191736,346037,0
3106,0,3106,E,55,81,30,111,0
3107,0,3107,O,173185,221818,124553,346371,0
3108,0,3108,E,55,83,28,111,0
3109,0,3109,O,173352,308125,38580,346705,0
3110,0,3110,E,55,85,26,111,0
3111,0,3111,O,173520,66231,280810,347041,0
3112,0,3112,E,55,87,24,111,0
3113,0,3113,O,173687,189928,157447,347375,0
3114,0,3114,E,55,89,22,111,0
3115,0,3115,O,173854,332559,15150,347709,0
3116,0,3116,E,55,91,20,111,0
3117,0,3117,O,174022,146129,201916,348045,0
3118,0,3118,E,55,93,18,111,0
3119,0,3119,O,174189,326438,21941,348379,0
3120,0,3120,E,55,95,16,111,0
3121,0,3121,O,174357,177112,171603,348715,0
3122,0,3122,E,55,97,14,111,0
3123,0,3123,O,174525,46242,302809,349051,0
3124,0,3124,E,55,99,12,111,0
3125,0,3125,O,174692,283261,66124,349385,0
3126,0,3126,E,55,101,10,111,0
3127,0,3127,O,174860,189783,159938,349721,0
3128,0,3128,E,55,103,8,111,0
3129,0,3129,O,175028,114905,235152,350057,0
3130,0,3130,E,55,105,6,111,0
3131,0,3131,O,175196,58675,291718,350393,0
3132,0,3132,E,55,107,4,111,0
3133,0,3133,O,175364,21141,329588,350729,0
3134,0,3134,E,55,109,2,111,0
3135,0,3135,O,175532,2351,348714,351065,0
3136,0,3136,E,56,0,113,113,1
3137,0,3137,O,175700,2353,349048,351401,0
3138,0,3138,E,56,2,111,113,0
3139,0,3139,O,175868,21195,330542,351737,0
3140,0,3140,E,56,4,109,113,0
3141,0,3141,O,176036,58925,293148,352073,0
3142,0,3142,E,56,6,107,113,0
3143,0,3143,O,176204,115591,236818,352409,0
3144,0,3144,E,56,8,105,113,0
3145,0,3145,O,176372,191241,161504,352745,0
3146,0,3146,E,56,10,103,113,0
3147,0,3147,O,176540,285923,67158,353081,0
3148,0,3148,E,56,12,101,113,0
3149,0,3149,O,176709,46268,307151,353419,0
3150,0,3150,E,56,14,99,113,0
3151,0,3151,O,176877,178822,174933,353755,0
3152,0,3152,E,56,16,97,113,0
3153,0,3153,O,177045,330552,23539,354091,0
3154,0,3154,E,56,18,95,113,0
3155,0,3155,O,177214,147079,207350,354429,0
3156,0,3156,E,56,20,93,113,0
3157,0,3157,O,177382,336969,17796,354765,0
3158,0,3158,E,56,22,91,113,0
3159,0,3159,O,177551,191078,164025,355103,0
3160,0,3160,E,56,24,89,113,0
3161,0,3161,O,177720,63881,291560,355441,0
3162,0,3162,E,56,26,87,113,0
3163,0,3163,O,177888,311203,44574,355777,0
3164,0,3164,E,56,28,85,113,0
3165,0,3165,O,178057,221876,134239,356115,0
3166,0,3166,E,56,30,83,113,0
3167,0,3167,O,178226,151387,205066,356453,0
3168,0,3168,E,56,32,81,113,0
3169,0,3169,O,178395,99784,257007,356791,0
3170,0,3170,E,56,34,79,113,0
3171,0,3171,O,178564,67115,290014,357129,0
3172,0,3172,E,56,36,77,113,0
3173,0,3173,O,178733,53428,304039,357467,0
3174,0,3174,E,56,38,75,113,0
3175,0,3175,O,178902,58771,299034,357805,0
3176,0,3176,E,56,40,73,113,0
3177,0,3177,O,179071,83192,274951,358143,0
3178,0,3178,E,56,42,71,113,0
3179,0,3179,O,179240,126739,231742,358481,0
3180,0,3180,E,56,44,69,113,0
3181,0,3181,O,179409,189460,169359,358819,0
3182,0,3182,E,56,46,67,113,0
3183,0,3183,O,179578,271403,87754,359157,0
3184,0,3184,E,56,48,65,113,0
3185,0,3185,O,179748,13121,346376,359497,0
3186,0,3186,E,56,50,63,113,0
3187,0,3187,O,179917,133314,226521,359835,0
3188,0,3188,E,56,52,61,113,0
3189,0,3189,O,180086,272873,87300,360173,0
3190,0,3190,E,56,54,59,113,0
3191,0,3191,O,180256,71335,289178,360513,0
3192,0,3192,E,56,56,57,113,0
3193,0,3193,O,180425,249432,111419,360851,0
3194,0,3194,E,56,58,55,113,0
3195,0,3195,O,180595,85850,275341,361191,0
3196,0,3196,E,56,60,53,113,0
3197,0,3197,O,180764,302677,58852,361529,0
3198,0,3198,E,56,62,51,113,0
3199,0,3199,O,180934,177243,184626,361869,0
3200,0,3200,E,56,64,49,113,0
3201,0,3201,O,181104,70785,291424,362209,0
3202,0,3202,E,56,66,47,113,0
3203,0,3203,O,181273,345898,16649,362547,0
3204,0,3204,E,56,68,45,113,0
3205,0,3205,O,181443,277876,85011,362887,0
3206,0,3206,E,56,70,43,113,0
3207,0,3207,O,181613,228974,134253,363227,0
3208,0,3208,E,56,72,41,113,0
3209,0,3209,O,181783,199240,164327,363567,0
3210,0,3210,E,56,74,39,113,0
3211,0,3211,O,181953,188722,175185,363907,0
3212,0,3212,E,56,76,37,113,0
3213,0,3213,O,182123,197468,166779,364247,0
3214,0,3214,E,56,78,35,113,0
3215,0,3215,O,182293,225526,139061,364587,0
3216,0,3216,E,56,80,33,113,0
3217,0,3217,O,182463,272944,91983,364927,0
3218,0,3218,E,56,82,31,113,0
3219,0,3219,O,182633,339770,25497,365267,0
3220,0,3220,E,56,84,29,113,0
3221,0,3221,O,182804,60445,305164,365609,0
3222,0,3222,E,56,86,27,113,0
3223,0,3223,O,182974,165891,200058,365949,0
3224,0,3224,E,56,88,25,113,0
3225,0,3225,O,183144,290889,75400,366289,0
3226,0,3226,E,56,90,23,113,0
3227,0,3227,O,183315,68858,297773,366631,0
3228,0,3228,E,56,92,21,113,0
3229,0,3229,O,183485,232764,134207,366971,0
3230,0,3230,E,56,94,19,113,0
3231,0,3231,O,183656,49055,318258,367313,0
3232,0,3232,E,56,96,17,113,0
3233,0,3233,O,183826,252061,115592,367653,0
3234,0,3234,E,56,98,15,113,0
3235,0,3235,O,183997,106866,261129,367995,0
3236,0,3236,E,56,100,13,113,0
3237,0,3237,O,184167,349164,19171,368335,0
3238,0,3238,E,56,102,11,113,0
3239,0,3239,O,184338,242675,126002,368677,0
3240,0,3240,E,56,104,9,113,0
3241,0,3241,O,184509,155440,213579,369019,0
3242,0,3242,E,56,106,7,113,0
3243,0,3243,O,184680,87507,281854,369361,0
3244,0,3244,E,56,108,5,113,0
3245,0,3245,O,184851,38924,330779,369703,0
3246,0,3246,E,56,110,3,113,0
3247,0,3247,O,185022,9739,360306,370045,0
3248,0,3248,E,56,112,1,113,0
3249,0,3249,O,185193,0,370387,370387,1
3250,0,3250,E,57,1,114,115,0
3251,0,3251,O,185364,9755,360974,370729,0
3252,0,3252,E,57,3,112,115,0
3253,0,3253,O,185535,39052,332019,371071,0
3254,0,3254,E,57,5,110,115,0
3255,0,3255,O,185706,87939,283474,371413,0
3256,0,3256,E,57,7,108,115,0
3257,0,3257,O,185877,156464,215291,371755,0
3258,0,3258,E,57,9,106,115,0
3259,0,3259,O,186048,244675,127422,372097,0
3260,0,3260,E,57,11,104,115,0
3261,0,3261,O,186219,352620,19819,372439,0
3262,0,3262,E,57,13,102,115,0
3263,0,3263,O,186391,107566,265217,372783,0
3264,0,3264,E,57,15,100,115,0
3265,0,3265,O,186562,254781,118344,373125,0
3266,0,3266,E,57,17,98,115,0
3267,0,3267,O,186734,48407,325062,373469,0
3268,0,3268,E,57,19,96,115,0
3269,0,3269,O,186905,235084,138727,373811,0
3270,0,3270,E,57,21,94,115,0
3271,0,3271,O,187077,67582,306573,374155,0
3272,0,3272,E,57,23,92,115,0
3273,0,3273,O,187248,293913,80584,374497,0
3274,0,3274,E,57,25,90,115,0
3275,0,3275,O,187420,165475,209366,374841,0
3276,0,3276,E,57,27,88,115,0
3277,0,3277,O,187592,56469,318716,375185,0
3278,0,3278,E,57,29,86,115,0
3279,0,3279,O,187763,342470,33057,375527,0
3280,0,3280,E,57,31,84,115,0
3281,0,3281,O,187935,272816,103055,375871,0
3282,0,3282,E,57,33,82,115,0
3283,0,3283,O,188107,222738,153477,376215,0
3284,0,3284,E,57,35,80,115,0
3285,0,3285,O,188279,192284,184275,376559,0
3286,0,3286,E,57,37,78,115,0
3287,0,3287,O,188451,181502,195401,376903,0
3288,0,3288,E,57,39,76,115,0
3289,0,3289,O,188623,190440,186807,377247,0
3290,0,3290,E,57,41,74,115,0
3291,0,3291,O,188795,219146,158445,377591,0
3292,0,3292,E,57,43,72,115,0
3293,0,3293,O,188967,267668,110267,377935,0
3294,0,3294,E,57,45,70,115,0
3295,0,3295,O,189139,336054,42225,378279,0
3296,0,3296,E,57,47,68,115,0
3297,0,3297,O,189312,45729,332896,378625,0
3298,0,3298,E,57,49,66,115,0
3299,0,3299,O,189484,153643,225326,378969,0
3300,0,3300,E,57,51,64,115,0
3301,0,3301,O,189656,281565,97748,379313,0
3302,0,3302,E,57,53,62,115,0
3303,0,3303,O,189829,49886,329773,379659,0
3304,0,3304,E,57,55,60,115,0
3305,0,3305,O,190001,217624,162379,380003,0
3306,0,3306,E,57,57,58,115,0
3307,0,3307,O,190174,25167,355182,380349,0
3308,0,3308,E,57,59,56,115,0
3309,0,3309,O,190346,232913,147780,380693,0
3310,0,3310,E,57,61,54,115,0
3311,0,3311,O,190519,79870,301169,381039,0
3312,0,3312,E,57,63,52,115,0
3313,0,3313,O,190691,327816,53567,381383,0
3314,0,3314,E,57,65,50,115,0
3315,0,3315,O,190864,214379,167350,381729,0
3316,0,3316,E,57,67,48,115,0
3317,0,3317,O,191037,120644,261431,382075,0
3318,0,3318,E,57,69,46,115,0
3319,0,3319,O,191210,46659,335762,382421,0
3320,0,3320,E,57,71,44,115,0
3321,0,3321,O,191382,375237,7528,382765,0
3322,0,3322,E,57,73,42,115,0
3323,0,3323,O,191555,341242,41869,383111,0
3324,0,3324,E,57,75,40,115,0
3325,0,3325,O,191728,327141,56316,383457,0
3326,0,3326,E,57,77,38,115,0
3327,0,3327,O,191901,332982,50821,383803,0
3328,0,3328,E,57,79,36,115,0
3329,0,3329,O,192074,358813,25336,384149,0
3330,0,3330,E,57,81,34,115,0
3331,0,3331,O,192248,20187,364310,384497,0
3332,0,3332,E,57,83,32,115,0
3333,0,3333,O,192421,85796,299047,384843,0
3334,0,3334,E,57,85,30,115,0
3335,0,3335,O,192594,171539,213650,385189,0
3336,0,3336,E,57,87,28,115,0
3337,0,3337,O,192767,277464,108071,385535,0
3338,0,3338,E,57,89,26,115,0
3339,0,3339,O,192941,17738,368145,385883,0
3340,0,3340,E,57,91,24,115,0
3341,0,3341,O,193114,163825,222404,386229,0
3342,0,3342,E,57,93,22,115,0
3343,0,3343,O,193287,330238,56337,386575,0
3344,0,3344,E,57,95,20,115,0
3345,0,3345,O,193461,130104,256819,386923,0
3346,0,3346,E,57,97,18,115,0
3347,0,3347,O,193634,336967,50302,387269,0
3348,0,3348,E,57,99,16,115,0
3349,0,3349,O,193808,176685,210932,387617,0
3350,0,3350,E,57,101,14,115,0
3351,0,3351,O,193982,36227,351738,387965,0
3352,0,3352,E,57,103,12,115,0
3353,0,3353,O,194155,303952,84359,388311,0
3354,0,3354,E,57,105,10,115,0
3355,0,3355,O,194329,203634,185025,388659,0
3356,0,3356,E,57,107,8,115,0
3357,0,3357,O,194503,123284,265723,389007,0
3358,0,3358,E,57,109,6,115,0
3359,0,3359,O,194677,62950,326405,389355,0
3360,0,3360,E,57,111,4,115,0
3361,0,3361,O,194851,22680,367023,389703,0
3362,0,3362,E,57,113,2,115,0
3363,0,3363,O,195025,2522,387529,390051,0
3364,0,3364,E,58,0,117,117,1
3365,0,3365,O,195199,2524,387875,390399,0
3366,0,3366,E,58,2,115,117,0
3367,0,3367,O,195373,22734,368013,390747,0
3368,0,3368,E,58,4,113,117,0
3369,0,3369,O,195547,63200,327895,391095,0
3370,0,3370,E,58,6,111,117,0
3371,0,3371,O,195721,123970,267473,391443,0
3372,0,3372,E,58,8,109,117,0
3373,0,3373,O,195895,205092,186699,391791,0
3374,0,3374,E,58,10,107,117,0
3375,0,3375,O,196069,306614,85525,392139,0
3376,0,3376,E,58,12,105,117,0
3377,0,3377,O,196244,36097,356392,392489,0
3378,0,3378,E,58,14,103,117,0
3379,0,3379,O,196418,178215,214622,392837,0
3380,0,3380,E,58,16,101,117,0
3381,0,3381,O,196592,340877,52308,393185,0
3382,0,3382,E,58,18,99,117,0
3383,0,3383,O,196767,130598,262937,393535,0
3384,0,3384,E,58,20,97,117,0
3385,0,3385,O,196941,334144,59739,393883,0
3386,0,3386,E,58,22,95,117,0
3387,0,3387,O,197116,164147,230086,394233,0
3388,0,3388,E,58,24,93,117,0
3389,0,3389,O,197291,14188,380395,394583,0
3390,0,3390,E,58,26,91,117,0
3391,0,3391,O,197465,279246,115685,394931,0
3392,0,3392,E,58,28,89,117,0
3393,0,3393,O,197640,169857,225424,395281,0
3394,0,3394,E,58,30,87,117,0
3395,0,3395,O,197815,80650,314981,395631,0
3396,0,3396,E,58,32,85,117,0
3397,0,3397,O,197990,11673,384308,395981,0
3398,0,3398,E,58,34,83,117,0
3399,0,3399,O,198164,359303,37026,396329,0
3400,0,3400,E,58,36,81,117,0
3401,0,3401,O,198339,331280,65399,396679,0
3402,0,3402,E,58,38,79,117,0
3403,0,3403,O,198514,323631,73398,397029,0
3404,0,3404,E,58,40,77,117,0
3405,0,3405,O,198689,336404,60975,397379,0
3406,0,3406,E,58,42,75,117,0
3407,0,3407,O,198864,369647,28082,397729,0
3408,0,3408,E,58,44,73,117,0
3409,0,3409,O,199040,25329,372752,398081,0
3410,0,3410,E,58,46,71,117,0
3411,0,3411,O,199215,99306,299125,398431,0
3412,0,3412,E,58,48,69,117,0
3413,0,3413,O,199390,193897,204884,398781,0
3414,0,3414,E,58,50,67,117,0
3415,0,3415,O,199565,309150,89981,399131,0
3416,0,3416,E,58,52,65,117,0
3417,0,3417,O,199741,45632,353851,399483,0
3418,0,3418,E,58,54,63,117,0
3419,0,3419,O,199916,202003,197830,399833,0
3420,0,3420,E,58,56,61,117,0
3421,0,3421,O,200091,379180,21003,400183,0
3422,0,3422,E,58,58,59,117,0
3423,0,3423,O,200267,176678,223857,400535,0
3424,0,3424,E,58,60,57,117,0
3425,0,3425,O,200442,395261,5624,400885,0
3426,0,3426,E,58,62,55,117,0
3427,0,3427,O,200618,233559,167678,401237,0
3428,0,3428,E,58,64,53,117,0
3429,0,3429,O,200794,92153,309436,401589,0
3430,0,3430,E,58,66,51,117,0
3431,0,3431,O,200969,373030,28909,401939,0
3432,0,3432,E,58,68,49,117,0
3433,0,3433,O,201145,272712,129579,402291,0
3434,0,3434,E,58,70,47,117,0
3435,0,3435,O,201321,192834,209809,402643,0
3436,0,3436,E,58,72,45,117,0
3437,0,3437,O,201497,133444,269551,402995,0
3438,0,3438,E,58,74,43,117,0
3439,0,3439,O,201673,94590,308757,403347,0
3440,0,3440,E,58,76,41,117,0
3441,0,3441,O,201849,76320,327379,403699,0
3442,0,3442,E,58,78,39,117,0
3443,0,3443,O,202025,78682,325369,404051,0
3444,0,3444,E,58,80,37,117,0
3445,0,3445,O,202201,101724,302679,404403,0
3446,0,3446,E,58,82,35,117,0
3447,0,3447,O,202377,145494,259261,404755,0
3448,0,3448,E,58,84,33,117,0
3449,0,3449,O,202553,210040,195067,405107,0
3450,0,3450,E,58,86,31,117,0
3451,0,3451,O,202729,295410,110049,405459,0
3452,0,3452,E,58,88,29,117,0
3453,0,3453,O,202905,401652,4159,405811,0
3454,0,3454,E,58,90,27,117,0
3455,0,3455,O,203082,122651,283514,406165,0
3456,0,3456,E,58,92,25,117,0
3457,0,3457,O,203258,270429,136088,406517,0
3458,0,3458,E,58,94,23,117,0
3459,0,3459,O,203435,32354,374517,406871,0
3460,0,3460,E,58,96,21,117,0
3461,0,3461,O,203611,221860,185363,407223,0
3462,0,3462,E,58,98,19,117,0
3463,0,3463,O,203788,24903,382674,407577,0
3464,0,3464,E,58,100,17,117,0
3465,0,3465,O,203964,256329,151600,407929,0
3466,0,3466,E,58,102,15,117,0
3467,0,3467,O,204141,100682,307601,408283,0
3468,0,3468,E,58,104,13,117,0
3469,0,3469,O,204317,374220,34415,408635,0
3470,0,3470,E,58,106,11,117,0
3471,0,3471,O,204494,260075,148914,408989,0
3472,0,3472,E,58,108,9,117,0
3473,0,3473,O,204671,166576,242767,409343,0
3474,0,3474,E,58,110,7,117,0
3475,0,3475,O,204848,93771,315926,409697,0
3476,0,3476,E,58,112,5,117,0
3477,0,3477,O,205025,41708,368343,410051,0
3478,0,3478,E,58,114,3,117,0
3479,0,3479,O,205202,10435,399970,410405,0
3480,0,3480,E,58,116,1,117,0
3481,0,3481,O,205379,0,410759,410759,1
3482,0,3482,E,59,1,118,119,0
3483,0,3483,O,205556,10451,400662,411113,0
3484,0,3484,E,59,3,116,119,0
3485,0,3485,O,205733,41836,369631,411467,0
3486,0,3486,E,59,5,114,119,0
3487,0,3487,O,205910,94203,317618,411821,0
3488,0,3488,E,59,7,112,119,0
3489,0,3489,O,206087,167600,244575,412175,0
3490,0,3490,E,59,9,110,119,0
3491,0,3491,O,206264,262075,150454,412529,0
3492,0,3492,E,59,11,108,119,0
3493,0,3493,O,206441,377676,35207,412883,0
3494,0,3494,E,59,13,106,119,0
3495,0,3495,O,206619,101214,312025,413239,0
3496,0,3496,E,59,15,104,119,0
3497,0,3497,O,206796,258857,154736,413593,0
3498,0,3498,E,59,17,102,119,0
3499,0,3499,O,206974,23823,390126,413949,0
3500,0,3500,E,59,19,100,119,0
3501,0,3501,O,207151,223700,190603,414303,0
3502,0,3502,E,59,21,98,119,0
3503,0,3503,O,207329,30286,384373,414659,0
3504,0,3504,E,59,23,96,119,0
3505,0,3505,O,207506,272589,142424,415013,0
3506,0,3506,E,59,25,94,119,0
3507,0,3507,O,207684,120987,294382,415369,0
3508,0,3508,E,59,27,92,119,0
3509,0,3509,O,207861,405908,9815,415723,0
3510,0,3510,E,59,29,90,119,0
3511,0,3511,O,208039,296310,119769,416079,0
3512,0,3512,E,59,31,88,119,0
3513,0,3513,O,208217,207608,208827,416435,0
3514,0,3514,E,59,33,86,119,0
3515,0,3515,O,208395,139850,276941,416791,0
3516,0,3516,E,59,35,84,119,0
3517,0,3517,O,208573,93084,324063,417147,0
3518,0,3518,E,59,37,82,119,0
3519,0,3519,O,208751,67358,350145,417503,0
3520,0,3520,E,59,39,80,119,0
3521,0,3521,O,208929,62720,355139,417859,0
3522,0,3522,E,59,41,78,119,0
3523,0,3523,O,209107,79218,338997,418215,0
3524,0,3524,E,59,43,76,119,0
3525,0,3525,O,209285,116900,301671,418571,0
3526,0,3526,E,59,45,74,119,0
3527,0,3527,O,209463,175814,243113,418927,0
3528,0,3528,E,59,47,72,119,0
3529,0,3529,O,209641,256008,163275,419283,0
3530,0,3530,E,59,49,70,119,0
3531,0,3531,O,209819,357530,62109,419639,0
3532,0,3532,E,59,51,68,119,0
3533,0,3533,O,209998,60433,359564,419997,0
3534,0,3534,E,59,53,66,119,0
3535,0,3535,O,210176,204399,215954,420353,0
3536,0,3536,E,59,55,64,119,0
3537,0,3537,O,210354,369837,50872,420709,0
3538,0,3538,E,59,57,62,119,0
3539,0,3539,O,210533,135730,285337,421067,0
3540,0,3540,E,59,59,60,119,0
3541,0,3541,O,210711,343900,77523,421423,0
3542,0,3542,E,59,61,58,119,0
3543,0,3543,O,210890,151907,269874,421781,0
3544,0,3544,E,59,63,56,119,0
3545,0,3545,O,211068,403001,19136,422137,0
3546,0,3546,E,59,65,54,119,0
3547,0,3547,O,211247,253314,169181,422495,0
3548,0,3548,E,59,67,52,119,0
3549,0,3549,O,211426,124673,298180,422853,0
3550,0,3550,E,59,69,50,119,0
3551,0,3551,O,211605,17126,406085,423211,0
3552,0,3552,E,59,71,48,119,0
3553,0,3553,O,211783,354288,69279,423567,0
3554,0,3554,E,59,73,46,119,0
3555,0,3555,O,211962,289431,134494,423925,0
3556,0,3556,E,59,75,44,119,0
3557,0,3557,O,212141,245812,178471,424283,0
3558,0,3558,E,59,77,42,119,0
3559,0,3559,O,212320,223479,201162,424641,0
3560,0,3560,E,59,79,40,119,0
3561,0,3561,O,212499,222480,202519,424999,0
3562,0,3562,E,59,81,38,119,0
3563,0,3563,O,212678,242863,182494,425357,0
3564,0,3564,E,59,83,36,119,0
3565,0,3565,O,212857,284676,141039,425715,0
3566,0,3566,E,59,85,34,119,0
3567,0,3567,O,213036,347967,78106,426073,0
3568,0,3568,E,59,87,32,119,0
3569,0,3569,O,213216,6353,420080,426433,0
3570,0,3570,E,59,89,30,119,0
3571,0,3571,O,213395,112386,314405,426791,0
3572,0,3572,E,59,91,28,119,0
3573,0,3573,O,213574,240041,187108,427149,0
3574,0,3574,E,59,93,26,119,0
3575,0,3575,O,213753,389366,38141,427507,0
3576,0,3576,E,59,95,24,119,0
3577,0,3577,O,213933,132544,295323,427867,0
3578,0,3578,E,59,97,22,119,0
3579,0,3579,O,214112,324995,103230,428225,0
3580,0,3580,E,59,99,20,119,0
3581,0,3581,O,214292,110677,317908,428585,0
3582,0,3582,E,59,101,18,119,0
3583,0,3583,O,214471,346446,82497,428943,0
3584,0,3584,E,59,103,16,119,0
3585,0,3585,O,214651,174824,254479,429303,0
3586,0,3586,E,59,105,14,119,0
3587,0,3587,O,214831,24442,405221,429663,0
3588,0,3588,E,59,107,12,119,0
3589,0,3589,O,215010,325369,104652,430021,0
3590,0,3590,E,59,109,10,119,0
3591,0,3591,O,215190,217971,212410,430381,0
3592,0,3592,E,59,111,8,119,0
3593,0,3593,O,215370,131957,298784,430741,0
3594,0,3594,E,59,113,6,119,0
3595,0,3595,O,215550,67375,363726,431101,0
3596,0,3596,E,59,115,4,119,0
3597,0,3597,O,215730,24273,407188,431461,0
3598,0,3598,E,59,117,2,119,0
3599,0,3599,O,215910,2699,429122,431821,0
3600,0,3600,E,60,0,121,121,1
3601,0,3601,O,216090,2701,429480,432181,0
3602,0,3602,E,60,2,119,121,0
3603,0,3603,O,216270,24327,408214,432541,0
3604,0,3604,E,60,4,117,121,0
3605,0,3605,O,216450,67625,365276,432901,0
3606,0,3606,E,60,6,115,121,0
3607,0,3607,O,216630,132643,300618,433261,0
3608,0,3608,E,60,8,113,121,0
3609,0,3609,O,216810,219429,214192,433621,0
3610,0,3610,E,60,10,111,121,0
3611,0,3611,O,216990,328031,105950,433981,0
3612,0,3612,E,60,12,109,121,0
3613,0,3613,O,217171,24156,410187,434343,0
3614,0,3614,E,60,14,107,121,0
3615,0,3615,O,217351,176174,258529,434703,0
3616,0,3616,E,60,16,105,121,0
3617,0,3617,O,217531,350152,84911,435063,0
3618,0,3618,E,60,18,103,121,0
3619,0,3619,O,217712,110715,324710,435425,0
3620,0,3620,E,60,20,101,121,0
3621,0,3621,O,217892,328397,107388,435785,0
3622,0,3622,E,60,22,99,121,0
3623,0,3623,O,218073,132038,304109,436147,0
3624,0,3624,E,60,24,97,121,0
3625,0,3625,O,218253,393616,42891,436507,0
3626,0,3626,E,60,26,95,121,0
3627,0,3627,O,218434,240527,196342,436869,0
3628,0,3628,E,60,28,93,121,0
3629,0,3629,O,218615,108964,328267,437231,0
3630,0,3630,E,60,30,91,121,0
3631,0,3631,O,218795,436566,1025,437591,0
3632,0,3632,E,60,32,89,121,0
3633,0,3633,O,218976,348561,89392,437953,0
3634,0,3634,E,60,34,87,121,0
3635,0,3635,O,219157,282226,156089,438315,0
3636,0,3636,E,60,36,85,121,0
3637,0,3637,O,219338,237609,201068,438677,0
3638,0,3638,E,60,38,83,121,0
3639,0,3639,O,219519,214758,224281,439039,0
3640,0,3640,E,60,40,81,121,0
3641,0,3641,O,219700,213721,225680,439401,0
3642,0,3642,E,60,42,79,121,0
3643,0,3643,O,219881,234546,205217,439763,0
3644,0,3644,E,60,44,77,121,0
3645,0,3645,O,220062,277281,162844,440125,0
3646,0,3646,E,60,46,75,121,0
3647,0,3647,O,220243,341974,98513,440487,0
3648,0,3648,E,60,48,73,121,0
3649,0,3649,O,220424,428673,12176,440849,0
3650,0,3650,E,60,50,71,121,0
3651,0,3651,O,220606,96215,344998,441213,0
3652,0,3652,E,60,52,69,121,0
3653,0,3653,O,220787,226708,214867,441575,0
3654,0,3654,E,60,54,67,121,0
3655,0,3655,O,220968,379351,62586,441937,0
3656,0,3656,E,60,56,65,121,0
3657,0,3657,O,221150,111893,330408,442301,0
3658,0,3658,E,60,58,63,121,0
3659,0,3659,O,221331,308618,134045,442663,0
3660,0,3660,E,60,60,61,121,0
3661,0,3661,O,221513,84612,358415,443027,0
3662,0,3662,E,60,62,59,121,0
3663,0,3663,O,221694,325611,117778,443389,0
3664,0,3664,E,60,64,57,121,0
3665,0,3665,O,221876,145249,298504,443753,0
3666,0,3666,E,60,66,55,121,0
3667,0,3667,O,222057,430714,13401,444115,0
3668,0,3668,E,60,68,53,121,0
3669,0,3669,O,222239,294188,150291,444479,0
3670,0,3670,E,60,70,51,121,0
3671,0,3671,O,222421,179470,265373,444843,0
3672,0,3672,E,60,72,49,121,0
3673,0,3673,O,222603,86608,358599,445207,0
3674,0,3674,E,60,74,47,121,0
3675,0,3675,O,222785,15650,429921,445571,0
3676,0,3676,E,60,76,45,121,0
3677,0,3677,O,222966,412577,33356,445933,0
3678,0,3678,E,60,78,43,121,0
3679,0,3679,O,223148,385935,60362,446297,0
3680,0,3680,E,60,80,41,121,0
3681,0,3681,O,223330,381341,65320,446661,0
3682,0,3682,E,60,82,39,121,0
3683,0,3683,O,223512,398843,48182,447025,0
3684,0,3684,E,60,84,37,121,0
3685,0,3685,O,223694,438489,8900,447389,0
3686,0,3686,E,60,86,35,121,0
3687,0,3687,O,223877,52574,395181,447755,0
3688,0,3688,E,60,88,33,121,0
3689,0,3689,O,224059,136288,311831,448119,0
3690,0,3690,E,60,90,31,121,0
3691,0,3691,O,224241,242290,206193,448483,0
3692,0,3692,E,60,92,29,121,0
3693,0,3693,O,224423,370628,78219,448847,0
3694,0,3694,E,60,94,27,121,0
3695,0,3695,O,224606,72139,377074,449213,0
3696,0,3696,E,60,96,25,121,0
3697,0,3697,O,224788,244929,204648,449577,0
3698,0,3698,E,60,98,23,121,0
3699,0,3699,O,224970,440199,9742,449941,0
3700,0,3700,E,60,100,21,121,0
3701,0,3701,O,225153,207692,242615,450307,0
3702,0,3702,E,60,102,19,121,0
3703,0,3703,O,225335,447702,2969,450671,0
3704,0,3704,E,60,104,17,121,0
3705,0,3705,O,225518,259301,191736,451037,0
3706,0,3706,E,60,106,15,121,0
3707,0,3707,O,225701,92842,358561,451403,0
3708,0,3708,E,60,108,13,121,0
3709,0,3709,O,225883,400140,51627,451767,0
3710,0,3710,E,60,110,11,121,0
3711,0,3711,O,226066,278075,174058,452133,0
3712,0,3712,E,60,112,9,121,0
3713,0,3713,O,226249,178096,274403,452499,0
3714,0,3714,E,60,114,7,121,0
3715,0,3715,O,226432,100251,352614,452865,0
3716,0,3716,E,60,116,5,121,0
3717,0,3717,O,226615,44588,408643,453231,0
3718,0,3718,E,60,118,3,121,0
3719,0,3719,O,226798,11155,442442,453597,0
3720,0,3720,E,60,120,1,121,0
3721,0,3721,O,226981,0,453963,453963,1
3722,0,3722,E,61,1,122,123,0
3723,0,3723,O,227164,11171,443158,454329,0
3724,0,3724,E,61,3,120,123,0
3725,0,3725,O,227347,44716,409979,454695,0
3726,0,3726,E,61,5,118,123,0
3727,0,3727,O,227530,100683,354378,455061,0
3728,0,3728,E,61,7,116,123,0
3729,0,3729,O,227713,179120,276307,455427,0
3730,0,3730,E,61,9,114,123,0
3731,0,3731,O,227896,280075,175718,455793,0
3732,0,3732,E,61,11,112,123,0
3733,0,3733,O,228079,403596,52563,456159,0
3734,0,3734,E,61,13,110,123,0
3735,0,3735,O,228263,93206,363321,456527,0
3736,0,3736,E,61,15,108,123,0
3737,0,3737,O,228446,261637,195256,456893,0
3738,0,3738,E,61,17,106,123,0
3739,0,3739,O,228629,452778,4481,457259,0
3740,0,3740,E,61,19,104,123,0
3741,0,3741,O,228813,209052,248575,457627,0
3742,0,3742,E,61,21,102,123,0
3743,0,3743,O,228996,445391,12602,457993,0
3744,0,3744,E,61,23,100,123,0
3745,0,3745,O,229180,246225,212136,458361,0
3746,0,3746,E,61,25,98,123,0
3747,0,3747,O,229364,69227,389502,458729,0
3748,0,3748,E,61,27,96,123,0
3749,0,3749,O,229547,373540,85555,459095,0
3750,0,3750,E,61,29,94,123,0
3751,0,3751,O,229731,241390,218073,459463,0
3752,0,3752,E,61,31,92,123,0
3753,0,3753,O,229915,131552,328279,459831,0
3754,0,3754,E,61,33,90,123,0
3755,0,3755,O,230099,44074,416125,460199,0
3756,0,3756,E,61,35,88,123,0
3757,0,3757,O,230282,439569,20996,460565,0
3758,0,3758,E,61,37,86,123,0
3759,0,3759,O,230466,397323,63610,460933,0
3760,0,3760,E,61,39,84,123,0
3761,0,3761,O,230650,377581,83720,461301,0
3762,0,3762,E,61,41,82,123,0
3763,0,3763,O,230834,380391,81278,461669,0
3764,0,3764,E,61,43,80,123,0
3765,0,3765,O,231018,405801,56236,462037,0
3766,0,3766,E,61,45,78,123,0
3767,0,3767,O,231202,453859,8546,462405,0
3768,0,3768,E,61,47,76,123,0
3769,0,3769,O,231387,61840,400935,462775,0
3770,0,3770,E,61,49,74,123,0
3771,0,3771,O,231571,154970,308173,463143,0
3772,0,3772,E,61,51,72,123,0
3773,0,3773,O,231755,270892,192619,463511,0
3774,0,3774,E,61,53,70,123,0
3775,0,3775,O,231939,409654,54225,463879,0
3776,0,3776,E,61,55,68,123,0
3777,0,3777,O,232124,107057,357192,464249,0
3778,0,3778,E,61,57,66,123,0
3779,0,3779,O,232308,291275,173342,464617,0
3780,0,3780,E,61,59,64,123,0
3781,0,3781,O,232493,33492,431495,464987,0
3782,0,3782,E,61,61,62,123,0
3783,0,3783,O,232677,263358,201997,465355,0
3784,0,3784,E,61,63,60,123,0
3785,0,3785,O,232862,50581,415144,465725,0
3786,0,3786,E,61,65,58,123,0
3787,0,3787,O,233046,326287,139806,466093,0
3788,0,3788,E,61,67,56,123,0
3789,0,3789,O,233231,158708,307755,466463,0
3790,0,3790,E,61,69,54,123,0
3791,0,3791,O,233416,13615,453218,466833,0
3792,0,3792,E,61,71,52,123,0
3793,0,3793,O,233600,358257,108944,467201,0
3794,0,3794,E,61,73,50,123,0
3795,0,3795,O,233785,258650,208921,467571,0
3796,0,3796,E,61,75,48,123,0
3797,0,3797,O,233970,181673,286268,467941,0
3798,0,3798,E,61,77,46,123,0
3799,0,3799,O,234155,127374,340937,468311,0
3800,0,3800,E,61,79,44,123,0
3801,0,3801,O,234340,95801,372880,468681,0
3802,0,3802,E,61,81,42,123,0
3803,0,3803,O,234525,87002,382049,469051,0
3804,0,3804,E,61,83,40,123,0
3805,0,3805,O,234710,101025,368396,469421,0
3806,0,3806,E,61,85,38,123,0
3807,0,3807,O,234895,137918,331873,469791,0
3808,0,3808,E,61,87,36,123,0
3809,0,3809,O,235080,197729,272432,470161,0
3810,0,3810,E,61,89,34,123,0
3811,0,3811,O,235265,280506,190025,470531,0
3812,0,3812,E,61,91,32,123,0
3813,0,3813,O,235450,386297,84604,470901,0
3814,0,3814,E,61,93,30,123,0
3815,0,3815,O,235636,43879,427394,471273,0
3816,0,3816,E,61,95,28,123,0
3817,0,3817,O,235821,195472,276171,471643,0
3818,0,3818,E,61,97,26,123,0
3819,0,3819,O,236006,370223,101790,472013,0
3820,0,3820,E,61,99,24,123,0
3821,0,3821,O,236192,95797,376588,472385,0
3822,0,3822,E,61,101,22,123,0
3823,0,3823,O,236377,316638,156117,472755,0
3824,0,3824,E,61,103,20,123,0
3825,0,3825,O,236563,87656,385471,473127,0
3826,0,3826,E,61,105,18,123,0
3827,0,3827,O,236748,354779,118718,473497,0
3828,0,3828,E,61,107,16,123,0
3829,0,3829,O,236934,171433,302436,473869,0
3830,0,3830,E,61,109,14,123,0
3831,0,3831,O,237120,10791,463450,474241,0
3832,0,3832,E,61,111,12,123,0
3833,0,3833,O,237305,347512,127099,474611,0
3834,0,3834,E,61,113,10,123,0
3835,0,3835,O,237491,232794,242189,474983,0
3836,0,3836,E,61,115,8,123,0
3837,0,3837,O,237677,140924,334431,475355,0
3838,0,3838,E,61,117,6,123,0
3839,0,3839,O,237863,71950,403777,475727,0
3840,0,3840,E,61,119,4,123,0
3841,0,3841,O,238049,25920,450179,476099,0
3842,0,3842,E,61,121,2,123,0
3843,0,3843,O,238235,2882,473589,476471,0
3844,0,3844,E,62,0,125,125,1
3845,0,3845,O,238421,2884,473959,476843,0
3846,0,3846,E,62,2,123,125,0
3847,0,3847,O,238607,25974,451241,477215,0
3848,0,3848,E,62,4,121,125,0
3849,0,3849,O,238793,72200,405387,477587,0
3850,0,3850,E,62,6,119,125,0
3851,0,3851,O,238979,141610,336349,477959,0
3852,0,3852,E,62,8,117,125,0
3853,0,3853,O,239165,234252,244079,478331,0
3854,0,3854,E,62,10,115,125,0
3855,0,3855,O,239351,350174,128529,478703,0
3856,0,3856,E,62,12,113,125,0
3857,0,3857,O,239538,10349,468728,479077,0
3858,0,3858,E,62,14,111,125,0
3859,0,3859,O,239724,172603,306846,479449,0
3860,0,3860,E,62,16,109,125,0
3861,0,3861,O,239910,358281,121540,479821,0
3862,0,3862,E,62,18,107,125,0
3863,0,3863,O,240097,87238,392957,480195,0
3864,0,3864,E,62,20,105,125,0
3865,0,3865,O,240283,319536,161031,480567,0
3866,0,3866,E,62,22,103,125,0
3867,0,3867,O,240470,94463,386478,480941,0
3868,0,3868,E,62,24,101,125,0
3869,0,3869,O,240656,373573,107740,481313,0
3870,0,3870,E,62,26,99,125,0
3871,0,3871,O,240843,194662,287025,481687,0
3872,0,3872,E,62,28,97,125,0
3873,0,3873,O,241030,38717,443344,482061,0
3874,0,3874,E,62,30,95,125,0
3875,0,3875,O,241216,388219,94214,482433,0
3876,0,3876,E,62,32,93,125,0
3877,0,3877,O,241403,278724,204083,482807,0
3878,0,3878,E,62,34,91,125,0
3879,0,3879,O,241590,192339,290842,483181,0
3880,0,3880,E,62,36,89,125,0
3881,0,3881,O,241777,129112,354443,483555,0
3882,0,3882,E,62,38,87,125,0
3883,0,3883,O,241964,89091,394838,483929,0
3884,0,3884,E,62,40,85,125,0
3885,0,3885,O,242151,72324,411979,484303,0
3886,0,3886,E,62,42,83,125,0
3887,0,3887,O,242338,78859,405818,484677,0
3888,0,3888,E,62,44,81,125,0
3889,0,3889,O,242525,108744,376307,485051,0
3890,0,3890,E,62,46,79,125,0
3891,0,3891,O,242712,162027,323398,485425,0
3892,0,3892,E,62,48,77,125,0
3893,0,3893,O,242899,238756,247043,485799,0
3894,0,3894,E,62,50,75,125,0
3895,0,3895,O,243086,338979,147194,486173,0
3896,0,3896,E,62,52,73,125,0
3897,0,3897,O,243273,462744,23803,486547,0
3898,0,3898,E,62,54,71,125,0
3899,0,3899,O,243461,123178,363745,486923,0
3900,0,3900,E,62,56,69,125,0
3901,0,3901,O,243648,293797,193500,487297,0
3902,0,3902,E,62,58,67,125,0
3903,0,3903,O,243836,431,487242,487673,0
3904,0,3904,E,62,60,65,125,0
3905,0,3905,O,244023,218096,269951,488047,0
3906,0,3906,E,62,62,63,125,0
3907,0,3907,O,244210,459543,28878,488421,0
3908,0,3908,E,62,64,61,125,0
3909,0,3909,O,244398,236025,252772,488797,0
3910,0,3910,E,62,66,59,125,0
3911,0,3911,O,244586,35635,453538,489173,0
3912,0,3912,E,62,68,57,125,0
3913,0,3913,O,244773,347968,141579,489547,0
3914,0,3914,E,62,70,55,125,0
3915,0,3915,O,244961,194354,295569,489923,0
3916,0,3916,E,62,72,53,125,0
3917,0,3917,O,245149,64012,426287,490299,0
3918,0,3918,E,62,74,51,125,0
3919,0,3919,O,245336,447663,43010,490673,0
3920,0,3920,E,62,76,49,125,0
3921,0,3921,O,245524,364385,126664,491049,0
3922,0,3922,E,62,78,47,125,0
3923,0,3923,O,245712,304523,186902,491425,0
3924,0,3924,E,62,80,45,125,0
3925,0,3925,O,245900,268125,223676,491801,0
3926,0,3926,E,62,82,43,125,0
3927,0,3927,O,246088,255239,236938,492177,0
3928,0,3928,E,62,84,41,125,0
3929,0,3929,O,246276,265913,226640,492553,0
3930,0,3930,E,62,86,39,125,0
3931,0,3931,O,246464,300195,192734,492929,0
3932,0,3932,E,62,88,37,125,0
3933,0,3933,O,246652,358133,135172,493305,0
3934,0,3934,E,62,90,35,125,0
3935,0,3935,O,246840,439775,53906,493681,0
3936,0,3936,E,62,92,33,125,0
3937,0,3937,O,247029,51112,442947,494059,0
3938,0,3938,E,62,94,31,125,0
3939,0,3939,O,247217,179930,314505,494435,0
3940,0,3940,E,62,96,29,125,0
3941,0,3941,O,247405,332596,162215,494811,0
3942,0,3942,E,62,98,27,125,0
3943,0,3943,O,247594,13971,481218,495189,0
3944,0,3944,E,62,100,25,125,0
3945,0,3945,O,247782,214101,281464,495565,0
3946,0,3946,E,62,102,23,125,0
3947,0,3947,O,247970,438223,57718,495941,0
3948,0,3948,E,62,104,21,125,0
3949,0,3949,O,248159,190068,306251,496319,0
3950,0,3950,E,62,106,19,125,0
3951,0,3951,O,248347,461942,34753,496695,0
3952,0,3952,E,62,108,17,125,0
3953,0,3953,O,248536,260881,236192,497073,0
3954,0,3954,E,62,110,15,125,0
3955,0,3955,O,248725,83250,414201,497451,0
3956,0,3956,E,62,112,13,125,0
3957,0,3957,O,248913,426924,70903,497827,0
3958,0,3958,E,62,114,11,125,0
3959,0,3959,O,249102,296675,201530,498205,0
3960,0,3960,E,62,116,9,125,0
3961,0,3961,O,249291,190000,308583,498583,0
3962,0,3962,E,62,118,7,125,0
3963,0,3963,O,249480,106947,392014,498961,0
3964,0,3964,E,62,120,5,125,0
3965,0,3965,O,249669,47564,451775,499339,0
3966,0,3966,E,62,122,3,125,0
3967,0,3967,O,249858,11899,487818,499717,0
3968,0,3968,E,62,124,1,125,0
3969,0,3969,O,250047,0,500095,500095,1
3970,0,3970,E,63,1,126,127,0
3971,0,3971,O,250236,11915,488558,500473,0
3972,0,3972,E,63,3,124,127,0
3973,0,3973,O,250425,47692,453159,500851,0
3974,0,3974,E,63,5,122,127,0
3975,0,3975,O,250614,107379,393850,501229,0
3976,0,3976,E,63,7,120,127,0
3977,0,3977,O,250803,191024,310583,501607,0
3978,0,3978,E,63,9,118,127,0
3979,0,3979,O,250992,298675,203310,501985,0
3980,0,3980,E,63,11,116,127,0
3981,0,3981,O,251181,430380,71983,502363,0
3982,0,3982,E,63,13,114,127,0
3983,0,3983,O,251371,83446,419297,502743,0
3984,0,3984,E,63,15,112,127,0
3985,0,3985,O,251560,263025,240096,503121,0
3986,0,3986,E,63,17,110,127,0
3987,0,3987,O,251749,466802,36697,503499,0
3988,0,3988,E,63,19,108,127,0
3989,0,3989,O,251939,190948,312931,503879,0
3990,0,3990,E,63,21,106,127,0
3991,0,3991,O,252128,442887,61370,504257,0
3992,0,3992,E,63,23,104,127,0
3993,0,3993,O,252318,214533,290104,504637,0
3994,0,3994,E,63,25,102,127,0
3995,0,3995,O,252508,9811,495206,505017,0
3996,0,3996,E,63,27,100,127,0
3997,0,3997,O,252697,334164,171231,505395,0
3998,0,3998,E,63,29,98,127,0
3999,0,3999,O,252887,177230,328545,505775,0
4000,0,4000,E,63,31,96,127,0
