m,c_m,lower_n,upper_n,odd_count,even_count,exact_status
1,1,1,1,1,0,ODD_CELL_UNIQUE
2,0,2,2,0,1,ODD_CELL_UNIQUE
3,0,,,0,0,ODD_CELL_UNIQUE
4,0,,,0,0,ODD_CELL_UNIQUE
5,1,3,3,1,0,ODD_CELL_UNIQUE
6,0,,,0,0,ODD_CELL_UNIQUE
7,0,,,0,0,ODD_CELL_UNIQUE
8,0,4,4,0,1,ODD_CELL_UNIQUE
9,0,,,0,0,ODD_CELL_UNIQUE
10,0,,,0,0,ODD_CELL_UNIQUE
11,1,5,5,1,0,ODD_CELL_UNIQUE
12,0,,,0,0,ODD_CELL_UNIQUE
13,0,,,0,0,ODD_CELL_UNIQUE
14,0,6,6,0,1,ODD_CELL_UNIQUE
15,0,,,0,0,ODD_CELL_UNIQUE
16,0,,,0,0,ODD_CELL_UNIQUE
17,0,,,0,0,ODD_CELL_UNIQUE
18,1,7,7,1,0,ODD_CELL_UNIQUE
19,0,,,0,0,ODD_CELL_UNIQUE
20,0,,,0,0,ODD_CELL_UNIQUE
21,0,,,0,0,ODD_CELL_UNIQUE
22,0,8,8,0,1,ODD_CELL_UNIQUE
23,0,,,0,0,ODD_CELL_UNIQUE
24,0,,,0,0,ODD_CELL_UNIQUE
25,0,,,0,0,ODD_CELL_UNIQUE
26,0,,,0,0,ODD_CELL_UNIQUE
27,1,9,9,1,0,ODD_CELL_UNIQUE
28,0,,,0,0,ODD_CELL_UNIQUE
29,0,,,0,0,ODD_CELL_UNIQUE
30,0,,,0,0,ODD_CELL_UNIQUE
31,0,10,10,0,1,ODD_CELL_UNIQUE
32,0,,,0,0,ODD_CELL_UNIQUE
33,0,,,0,0,ODD_CELL_UNIQUE
34,0,,,0,0,ODD_CELL_UNIQUE
35,0,,,0,0,ODD_CELL_UNIQUE
36,1,11,11,1,0,ODD_CELL_UNIQUE
37,0,,,0,0,ODD_CELL_UNIQUE
38,0,,,0,0,ODD_CELL_UNIQUE
39,0,,,0,0,ODD_CELL_UNIQUE
40,0,,,0,0,ODD_CELL_UNIQUE
41,0,12,12,0,1,ODD_CELL_UNIQUE
42,0,,,0,0,ODD_CELL_UNIQUE
43,0,,,0,0,ODD_CELL_UNIQUE
44,0,,,0,0,ODD_CELL_UNIQUE
45,0,,,0,0,ODD_CELL_UNIQUE
46,1,13,13,1,0,ODD_CELL_UNIQUE
47,0,,,0,0,ODD_CELL_UNIQUE
48,0,,,0,0,ODD_CELL_UNIQUE
49,0,,,0,0,ODD_CELL_UNIQUE
50,0,,,0,0,ODD_CELL_UNIQUE
51,0,,,0,0,ODD_CELL_UNIQUE
52,0,14,14,0,1,ODD_CELL_UNIQUE
53,0,,,0,0,ODD_CELL_UNIQUE
54,0,,,0,0,ODD_CELL_UNIQUE
55,0,,,0,0,ODD_CELL_UNIQUE
56,0,,,0,0,ODD_CELL_UNIQUE
57,0,,,0,0,ODD_CELL_UNIQUE
58,1,15,15,1,0,ODD_CELL_UNIQUE
59,0,,,0,0,ODD_CELL_UNIQUE
60,0,,,0,0,ODD_CELL_UNIQUE
61,0,,,0,0,ODD_CELL_UNIQUE
62,0,,,0,0,ODD_CELL_UNIQUE
63,0,,,0,0,ODD_CELL_UNIQUE
64,0,16,16,0,1,ODD_CELL_UNIQUE
65,0,,,0,0,ODD_CELL_UNIQUE
66,0,,,0,0,ODD_CELL_UNIQUE
67,0,,,0,0,ODD_CELL_UNIQUE
68,0,,,0,0,ODD_CELL_UNIQUE
69,0,,,0,0,ODD_CELL_UNIQUE
70,1,17,17,1,0,ODD_CELL_UNIQUE
71,0,,,0,0,ODD_CELL_UNIQUE
72,0,,,0,0,ODD_CELL_UNIQUE
73,0,,,0,0,ODD_CELL_UNIQUE
74,0,,,0,0,ODD_CELL_UNIQUE
75,0,,,0,0,ODD_CELL_UNIQUE
76,0,18,18,0,1,ODD_CELL_UNIQUE
77,0,,,0,0,ODD_CELL_UNIQUE
78,0,,,0,0,ODD_CELL_UNIQUE
79,0,,,0,0,ODD_CELL_UNIQUE
80,0,,,0,0,ODD_CELL_UNIQUE
81,0,,,0,0,ODD_CELL_UNIQUE
82,1,19,19,1,0,ODD_CELL_UNIQUE
83,0,,,0,0,ODD_CELL_UNIQUE
84,0,,,0,0,ODD_CELL_UNIQUE
85,0,,,0,0,ODD_CELL_UNIQUE
86,0,,,0,0,ODD_CELL_UNIQUE
87,0,,,0,0,ODD_CELL_UNIQUE
88,0,,,0,0,ODD_CELL_UNIQUE
89,0,20,20,0,1,ODD_CELL_UNIQUE
90,0,,,0,0,ODD_CELL_UNIQUE
91,0,,,0,0,ODD_CELL_UNIQUE
92,0,,,0,0,ODD_CELL_UNIQUE
93,0,,,0,0,ODD_CELL_UNIQUE
94,0,,,0,0,ODD_CELL_UNIQUE
95,0,,,0,0,ODD_CELL_UNIQUE
96,1,21,21,1,0,ODD_CELL_UNIQUE
97,0,,,0,0,ODD_CELL_UNIQUE
98,0,,,0,0,ODD_CELL_UNIQUE
99,0,,,0,0,ODD_CELL_UNIQUE
100,0,,,0,0,ODD_CELL_UNIQUE
101,0,,,0,0,ODD_CELL_UNIQUE
102,0,,,0,0,ODD_CELL_UNIQUE
103,0,22,22,0,1,ODD_CELL_UNIQUE
104,0,,,0,0,ODD_CELL_UNIQUE
105,0,,,0,0,ODD_CELL_UNIQUE
106,0,,,0,0,ODD_CELL_UNIQUE
107,0,,,0,0,ODD_CELL_UNIQUE
108,0,,,0,0,ODD_CELL_UNIQUE
109,0,,,0,0,ODD_CELL_UNIQUE
110,1,23,23,1,0,ODD_CELL_UNIQUE
111,0,,,0,0,ODD_CELL_UNIQUE
112,0,,,0,0,ODD_CELL_UNIQUE
113,0,,,0,0,ODD_CELL_UNIQUE
114,0,,,0,0,ODD_CELL_UNIQUE
115,0,,,0,0,ODD_CELL_UNIQUE
116,0,,,0,0,ODD_CELL_UNIQUE
117,0,24,24,0,1,ODD_CELL_UNIQUE
118,0,,,0,0,ODD_CELL_UNIQUE
119,0,,,0,0,ODD_CELL_UNIQUE
120,0,,,0,0,ODD_CELL_UNIQUE
121,0,,,0,0,ODD_CELL_UNIQUE
122,0,,,0,0,ODD_CELL_UNIQUE
123,0,,,0,0,ODD_CELL_UNIQUE
124,0,,,0,0,ODD_CELL_UNIQUE
125,1,25,25,1,0,ODD_CELL_UNIQUE
126,0,,,0,0,ODD_CELL_UNIQUE
127,0,,,0,0,ODD_CELL_UNIQUE
128,0,,,0,0,ODD_CELL_UNIQUE
129,0,,,0,0,ODD_CELL_UNIQUE
130,0,,,0,0,ODD_CELL_UNIQUE
131,0,,,0,0,ODD_CELL_UNIQUE
132,0,26,26,0,1,ODD_CELL_UNIQUE
133,0,,,0,0,ODD_CELL_UNIQUE
134,0,,,0,0,ODD_CELL_UNIQUE
135,0,,,0,0,ODD_CELL_UNIQUE
136,0,,,0,0,ODD_CELL_UNIQUE
137,0,,,0,0,ODD_CELL_UNIQUE
138,0,,,0,0,ODD_CELL_UNIQUE
139,0,,,0,0,ODD_CELL_UNIQUE
140,1,27,27,1,0,ODD_CELL_UNIQUE
141,0,,,0,0,ODD_CELL_UNIQUE
142,0,,,0,0,ODD_CELL_UNIQUE
143,0,,,0,0,ODD_CELL_UNIQUE
144,0,,,0,0,ODD_CELL_UNIQUE
145,0,,,0,0,ODD_CELL_UNIQUE
146,0,,,0,0,ODD_CELL_UNIQUE
147,0,,,0,0,ODD_CELL_UNIQUE
148,0,28,28,0,1,ODD_CELL_UNIQUE
149,0,,,0,0,ODD_CELL_UNIQUE
150,0,,,0,0,ODD_CELL_UNIQUE
151,0,,,0,0,ODD_CELL_UNIQUE
152,0,,,0,0,ODD_CELL_UNIQUE
153,0,,,0,0,ODD_CELL_UNIQUE
154,0,,,0,0,ODD_CELL_UNIQUE
155,0,,,0,0,ODD_CELL_UNIQUE
156,1,29,29,1,0,ODD_CELL_UNIQUE
157,0,,,0,0,ODD_CELL_UNIQUE
158,0,,,0,0,ODD_CELL_UNIQUE
159,0,,,0,0,ODD_CELL_UNIQUE
160,0,,,0,0,ODD_CELL_UNIQUE
161,0,,,0,0,ODD_CELL_UNIQUE
162,0,,,0,0,ODD_CELL_UNIQUE
163,0,,,0,0,ODD_CELL_UNIQUE
164,0,30,30,0,1,ODD_CELL_UNIQUE
165,0,,,0,0,ODD_CELL_UNIQUE
166,0,,,0,0,ODD_CELL_UNIQUE
167,0,,,0,0,ODD_CELL_UNIQUE
168,0,,,0,0,ODD_CELL_UNIQUE
169,0,,,0,0,ODD_CELL_UNIQUE
170,0,,,0,0,ODD_CELL_UNIQUE
171,0,,,0,0,ODD_CELL_UNIQUE
172,1,31,31,1,0,ODD_CELL_UNIQUE
173,0,,,0,0,ODD_CELL_UNIQUE
174,0,,,0,0,ODD_CELL_UNIQUE
175,0,,,0,0,ODD_CELL_UNIQUE
176,0,,,0,0,ODD_CELL_UNIQUE
177,0,,,0,0,ODD_CELL_UNIQUE
178,0,,,0,0,ODD_CELL_UNIQUE
179,0,,,0,0,ODD_CELL_UNIQUE
180,0,,,0,0,ODD_CELL_UNIQUE
181,0,32,32,0,1,ODD_CELL_UNIQUE
182,0,,,0,0,ODD_CELL_UNIQUE
183,0,,,0,0,ODD_CELL_UNIQUE
184,0,,,0,0,ODD_CELL_UNIQUE
185,0,,,0,0,ODD_CELL_UNIQUE
186,0,,,0,0,ODD_CELL_UNIQUE
187,0,,,0,0,ODD_CELL_UNIQUE
188,0,,,0,0,ODD_CELL_UNIQUE
189,1,33,33,1,0,ODD_CELL_UNIQUE
190,0,,,0,0,ODD_CELL_UNIQUE
191,0,,,0,0,ODD_CELL_UNIQUE
192,0,,,0,0,ODD_CELL_UNIQUE
193,0,,,0,0,ODD_CELL_UNIQUE
194,0,,,0,0,ODD_CELL_UNIQUE
195,0,,,0,0,ODD_CELL_UNIQUE
196,0,,,0,0,ODD_CELL_UNIQUE
197,0,,,0,0,ODD_CELL_UNIQUE
198,0,34,34,0,1,ODD_CELL_UNIQUE
199,0,,,0,0,ODD_CELL_UNIQUE
200,0,,,0,0,ODD_CELL_UNIQUE
201,0,,,0,0,ODD_CELL_UNIQUE
202,0,,,0,0,ODD_CELL_UNIQUE
203,0,,,0,0,ODD_CELL_UNIQUE
204,0,,,0,0,ODD_CELL_UNIQUE
205,0,,,0,0,ODD_CELL_UNIQUE
206,0,,,0,0,ODD_CELL_UNIQUE
207,1,35,35,1,0,ODD_CELL_UNIQUE
208,0,,,0,0,ODD_CELL_UNIQUE
209,0,,,0,0,ODD_CELL_UNIQUE
210,0,,,0,0,ODD_CELL_UNIQUE
211,0,,,0,0,ODD_CELL_UNIQUE
212,0,,,0,0,ODD_CELL_UNIQUE
213,0,,,0,0,ODD_CELL_UNIQUE
214,0,,,0,0,ODD_CELL_UNIQUE
215,0,,,0,0,ODD_CELL_UNIQUE
216,0,36,36,0,1,ODD_CELL_UNIQUE
217,0,,,0,0,ODD_CELL_UNIQUE
218,0,,,0,0,ODD_CELL_UNIQUE
219,0,,,0,0,ODD_CELL_UNIQUE
220,0,,,0,0,ODD_CELL_UNIQUE
221,0,,,0,0,ODD_CELL_UNIQUE
222,0,,,0,0,ODD_CELL_UNIQUE
223,0,,,0,0,ODD_CELL_UNIQUE
224,0,,,0,0,ODD_CELL_UNIQUE
225,1,37,37,1,0,ODD_CELL_UNIQUE
226,0,,,0,0,ODD_CELL_UNIQUE
227,0,,,0,0,ODD_CELL_UNIQUE
228,0,,,0,0,ODD_CELL_UNIQUE
229,0,,,0,0,ODD_CELL_UNIQUE
230,0,,,0,0,ODD_CELL_UNIQUE
231,0,,,0,0,ODD_CELL_UNIQUE
232,0,,,0,0,ODD_CELL_UNIQUE
233,0,,,0,0,ODD_CELL_UNIQUE
234,0,38,38,0,1,ODD_CELL_UNIQUE
235,0,,,0,0,ODD_CELL_UNIQUE
236,0,,,0,0,ODD_CELL_UNIQUE
237,0,,,0,0,ODD_CELL_UNIQUE
238,0,,,0,0,ODD_CELL_UNIQUE
239,0,,,0,0,ODD_CELL_UNIQUE
240,0,,,0,0,ODD_CELL_UNIQUE
241,0,,,0,0,ODD_CELL_UNIQUE
242,0,,,0,0,ODD_CELL_UNIQUE
243,1,39,39,1,0,ODD_CELL_UNIQUE
244,0,,,0,0,ODD_CELL_UNIQUE
245,0,,,0,0,ODD_CELL_UNIQUE
246,0,,,0,0,ODD_CELL_UNIQUE
247,0,,,0,0,ODD_CELL_UNIQUE
248,0,,,0,0,ODD_CELL_UNIQUE
249,0,,,0,0,ODD_CELL_UNIQUE
250,0,,,0,0,ODD_CELL_UNIQUE
251,0,,,0,0,ODD_CELL_UNIQUE
252,0,40,40,0,1,ODD_CELL_UNIQUE
253,0,,,0,0,ODD_CELL_UNIQUE
254,0,,,0,0,ODD_CELL_UNIQUE
255,0,,,0,0,ODD_CELL_UNIQUE
256,0,,,0,0,ODD_CELL_UNIQUE
257,0,,,0,0,ODD_CELL_UNIQUE
258,0,,,0,0,ODD_CELL_UNIQUE
259,0,,,0,0,ODD_CELL_UNIQUE
260,0,,,0,0,ODD_CELL_UNIQUE
261,0,,,0,0,ODD_CELL_UNIQUE
262,1,41,41,1,0,ODD_CELL_UNIQUE
263,0,,,0,0,ODD_CELL_UNIQUE
264,0,,,0,0,ODD_CELL_UNIQUE
265,0,,,0,0,ODD_CELL_UNIQUE
266,0,,,0,0,ODD_CELL_UNIQUE
267,0,,,0,0,ODD_CELL_UNIQUE
268,0,,,0,0,ODD_CELL_UNIQUE
269,0,,,0,0,ODD_CELL_UNIQUE
270,0,,,0,0,ODD_CELL_UNIQUE
271,0,,,0,0,ODD_CELL_UNIQUE
272,0,42,42,0,1,ODD_CELL_UNIQUE
273,0,,,0,0,ODD_CELL_UNIQUE
274,0,,,0,0,ODD_CELL_UNIQUE
275,0,,,0,0,ODD_CELL_UNIQUE
276,0,,,0,0,ODD_CELL_UNIQUE
277,0,,,0,0,ODD_CELL_UNIQUE
278,0,,,0,0,ODD_CELL_UNIQUE
279,0,,,0,0,ODD_CELL_UNIQUE
280,0,,,0,0,ODD_CELL_UNIQUE
281,1,43,43,1,0,ODD_CELL_UNIQUE
282,0,,,0,0,ODD_CELL_UNIQUE
283,0,,,0,0,ODD_CELL_UNIQUE
284,0,,,0,0,ODD_CELL_UNIQUE
285,0,,,0,0,ODD_CELL_UNIQUE
286,0,,,0,0,ODD_CELL_UNIQUE
287,0,,,0,0,ODD_CELL_UNIQUE
288,0,,,0,0,ODD_CELL_UNIQUE
289,0,,,0,0,ODD_CELL_UNIQUE
290,0,,,0,0,ODD_CELL_UNIQUE
291,0,44,44,0,1,ODD_CELL_UNIQUE
292,0,,,0,0,ODD_CELL_UNIQUE
293,0,,,0,0,ODD_CELL_UNIQUE
294,0,,,0,0,ODD_CELL_UNIQUE
295,0,,,0,0,ODD_CELL_UNIQUE
296,0,,,0,0,ODD_CELL_UNIQUE
297,0,,,0,0,ODD_CELL_UNIQUE
298,0,,,0,0,ODD_CELL_UNIQUE
299,0,,,0,0,ODD_CELL_UNIQUE
300,0,,,0,0,ODD_CELL_UNIQUE
301,1,45,45,1,0,ODD_CELL_UNIQUE
302,0,,,0,0,ODD_CELL_UNIQUE
303,0,,,0,0,ODD_CELL_UNIQUE
304,0,,,0,0,ODD_CELL_UNIQUE
305,0,,,0,0,ODD_CELL_UNIQUE
306,0,,,0,0,ODD_CELL_UNIQUE
307,0,,,0,0,ODD_CELL_UNIQUE
308,0,,,0,0,ODD_CELL_UNIQUE
309,0,,,0,0,ODD_CELL_UNIQUE
310,0,,,0,0,ODD_CELL_UNIQUE
311,0,46,46,0,1,ODD_CELL_UNIQUE
312,0,,,0,0,ODD_CELL_UNIQUE
313,0,,,0,0,ODD_CELL_UNIQUE
314,0,,,0,0,ODD_CELL_UNIQUE
315,0,,,0,0,ODD_CELL_UNIQUE
316,0,,,0,0,ODD_CELL_UNIQUE
317,0,,,0,0,ODD_CELL_UNIQUE
318,0,,,0,0,ODD_CELL_UNIQUE
319,0,,,0,0,ODD_CELL_UNIQUE
320,0,,,0,0,ODD_CELL_UNIQUE
321,0,,,0,0,ODD_CELL_UNIQUE
322,1,47,47,1,0,ODD_CELL_UNIQUE
323,0,,,0,0,ODD_CELL_UNIQUE
324,0,,,0,0,ODD_CELL_UNIQUE
325,0,,,0,0,ODD_CELL_UNIQUE
326,0,,,0,0,ODD_CELL_UNIQUE
327,0,,,0,0,ODD_CELL_UNIQUE
328,0,,,0,0,ODD_CELL_UNIQUE
329,0,,,0,0,ODD_CELL_UNIQUE
330,0,,,0,0,ODD_CELL_UNIQUE
331,0,,,0,0,ODD_CELL_UNIQUE
332,0,48,48,0,1,ODD_CELL_UNIQUE
333,0,,,0,0,ODD_CELL_UNIQUE
334,0,,,0,0,ODD_CELL_UNIQUE
335,0,,,0,0,ODD_CELL_UNIQUE
336,0,,,0,0,ODD_CELL_UNIQUE
337,0,,,0,0,ODD_CELL_UNIQUE
338,0,,,0,0,ODD_CELL_UNIQUE
339,0,,,0,0,ODD_CELL_UNIQUE
340,0,,,0,0,ODD_CELL_UNIQUE
341,0,,,0,0,ODD_CELL_UNIQUE
342,0,,,0,0,ODD_CELL_UNIQUE
343,1,49,49,1,0,ODD_CELL_UNIQUE
344,0,,,0,0,ODD_CELL_UNIQUE
345,0,,,0,0,ODD_CELL_UNIQUE
346,0,,,0,0,ODD_CELL_UNIQUE
347,0,,,0,0,ODD_CELL_UNIQUE
348,0,,,0,0,ODD_CELL_UNIQUE
349,0,,,0,0,ODD_CELL_UNIQUE
350,0,,,0,0,ODD_CELL_UNIQUE
351,0,,,0,0,ODD_CELL_UNIQUE
352,0,,,0,0,ODD_CELL_UNIQUE
353,0,50,50,0,1,ODD_CELL_UNIQUE
354,0,,,0,0,ODD_CELL_UNIQUE
355,0,,,0,0,ODD_CELL_UNIQUE
356,0,,,0,0,ODD_CELL_UNIQUE
357,0,,,0,0,ODD_CELL_UNIQUE
358,0,,,0,0,ODD_CELL_UNIQUE
359,0,,,0,0,ODD_CELL_UNIQUE
360,0,,,0,0,ODD_CELL_UNIQUE
361,0,,,0,0,ODD_CELL_UNIQUE
362,0,,,0,0,ODD_CELL_UNIQUE
363,0,,,0,0,ODD_CELL_UNIQUE
364,1,51,51,1,0,ODD_CELL_UNIQUE
365,0,,,0,0,ODD_CELL_UNIQUE
366,0,,,0,0,ODD_CELL_UNIQUE
367,0,,,0,0,ODD_CELL_UNIQUE
368,0,,,0,0,ODD_CELL_UNIQUE
369,0,,,0,0,ODD_CELL_UNIQUE
370,0,,,0,0,ODD_CELL_UNIQUE
371,0,,,0,0,ODD_CELL_UNIQUE
372,0,,,0,0,ODD_CELL_UNIQUE
373,0,,,0,0,ODD_CELL_UNIQUE
374,0,52,52,0,1,ODD_CELL_UNIQUE
375,0,,,0,0,ODD_CELL_UNIQUE
376,0,,,0,0,ODD_CELL_UNIQUE
377,0,,,0,0,ODD_CELL_UNIQUE
378,0,,,0,0,ODD_CELL_UNIQUE
379,0,,,0,0,ODD_CELL_UNIQUE
380,0,,,0,0,ODD_CELL_UNIQUE
381,0,,,0,0,ODD_CELL_UNIQUE
382,0,,,0,0,ODD_CELL_UNIQUE
383,0,,,0,0,ODD_CELL_UNIQUE
384,0,,,0,0,ODD_CELL_UNIQUE
385,1,53,53,1,0,ODD_CELL_UNIQUE
386,0,,,0,0,ODD_CELL_UNIQUE
387,0,,,0,0,ODD_CELL_UNIQUE
388,0,,,0,0,ODD_CELL_UNIQUE
389,0,,,0,0,ODD_CELL_UNIQUE
390,0,,,0,0,ODD_CELL_UNIQUE
391,0,,,0,0,ODD_CELL_UNIQUE
392,0,,,0,0,ODD_CELL_UNIQUE
393,0,,,0,0,ODD_CELL_UNIQUE
394,0,,,0,0,ODD_CELL_UNIQUE
395,0,,,0,0,ODD_CELL_UNIQUE
396,0,54,54,0,1,ODD_CELL_UNIQUE
397,0,,,0,0,ODD_CELL_UNIQUE
398,0,,,0,0,ODD_CELL_UNIQUE
399,0,,,0,0,ODD_CELL_UNIQUE
400,0,,,0,0,ODD_CELL_UNIQUE
401,0,,,0,0,ODD_CELL_UNIQUE
402,0,,,0,0,ODD_CELL_UNIQUE
403,0,,,0,0,ODD_CELL_UNIQUE
404,0,,,0,0,ODD_CELL_UNIQUE
405,0,,,0,0,ODD_CELL_UNIQUE
406,0,,,0,0,ODD_CELL_UNIQUE
407,1,55,55,1,0,ODD_CELL_UNIQUE
408,0,,,0,0,ODD_CELL_UNIQUE
409,0,,,0,0,ODD_CELL_UNIQUE
410,0,,,0,0,ODD_CELL_UNIQUE
411,0,,,0,0,ODD_CELL_UNIQUE
412,0,,,0,0,ODD_CELL_UNIQUE
413,0,,,0,0,ODD_CELL_UNIQUE
414,0,,,0,0,ODD_CELL_UNIQUE
415,0,,,0,0,ODD_CELL_UNIQUE
416,0,,,0,0,ODD_CELL_UNIQUE
417,0,,,0,0,ODD_CELL_UNIQUE
418,0,,,0,0,ODD_CELL_UNIQUE
419,0,56,56,0,1,ODD_CELL_UNIQUE
420,0,,,0,0,ODD_CELL_UNIQUE
421,0,,,0,0,ODD_CELL_UNIQUE
422,0,,,0,0,ODD_CELL_UNIQUE
423,0,,,0,0,ODD_CELL_UNIQUE
424,0,,,0,0,ODD_CELL_UNIQUE
425,0,,,0,0,ODD_CELL_UNIQUE
426,0,,,0,0,ODD_CELL_UNIQUE
427,0,,,0,0,ODD_CELL_UNIQUE
428,0,,,0,0,ODD_CELL_UNIQUE
429,0,,,0,0,ODD_CELL_UNIQUE
430,1,57,57,1,0,ODD_CELL_UNIQUE
431,0,,,0,0,ODD_CELL_UNIQUE
432,0,,,0,0,ODD_CELL_UNIQUE
433,0,,,0,0,ODD_CELL_UNIQUE
434,0,,,0,0,ODD_CELL_UNIQUE
435,0,,,0,0,ODD_CELL_UNIQUE
436,0,,,0,0,ODD_CELL_UNIQUE
437,0,,,0,0,ODD_CELL_UNIQUE
438,0,,,0,0,ODD_CELL_UNIQUE
439,0,,,0,0,ODD_CELL_UNIQUE
440,0,,,0,0,ODD_CELL_UNIQUE
441,0,58,58,0,1,ODD_CELL_UNIQUE
442,0,,,0,0,ODD_CELL_UNIQUE
443,0,,,0,0,ODD_CELL_UNIQUE
444,0,,,0,0,ODD_CELL_UNIQUE
445,0,,,0,0,ODD_CELL_UNIQUE
446,0,,,0,0,ODD_CELL_UNIQUE
447,0,,,0,0,ODD_CELL_UNIQUE
448,0,,,0,0,ODD_CELL_UNIQUE
449,0,,,0,0,ODD_CELL_UNIQUE
450,0,,,0,0,ODD_CELL_UNIQUE
451,0,,,0,0,ODD_CELL_UNIQUE
452,0,,,0,0,ODD_CELL_UNIQUE
453,1,59,59,1,0,ODD_CELL_UNIQUE
454,0,,,0,0,ODD_CELL_UNIQUE
455,0,,,0,0,ODD_CELL_UNIQUE
456,0,,,0,0,ODD_CELL_UNIQUE
457,0,,,0,0,ODD_CELL_UNIQUE
458,0,,,0,0,ODD_CELL_UNIQUE
459,0,,,0,0,ODD_CELL_UNIQUE
460,0,,,0,0,ODD_CELL_UNIQUE
461,0,,,0,0,ODD_CELL_UNIQUE
462,0,,,0,0,ODD_CELL_UNIQUE
463,0,,,0,0,ODD_CELL_UNIQUE
464,0,60,60,0,1,ODD_CELL_UNIQUE
465,0,,,0,0,ODD_CELL_UNIQUE
466,0,,,0,0,ODD_CELL_UNIQUE
467,0,,,0,0,ODD_CELL_UNIQUE
468,0,,,0,0,ODD_CELL_UNIQUE
469,0,,,0,0,ODD_CELL_UNIQUE
470,0,,,0,0,ODD_CELL_UNIQUE
471,0,,,0,0,ODD_CELL_UNIQUE
472,0,,,0,0,ODD_CELL_UNIQUE
473,0,,,0,0,ODD_CELL_UNIQUE
474,0,,,0,0,ODD_CELL_UNIQUE
475,0,,,0,0,ODD_CELL_UNIQUE
476,1,61,61,1,0,ODD_CELL_UNIQUE
477,0,,,0,0,ODD_CELL_UNIQUE
478,0,,,0,0,ODD_CELL_UNIQUE
479,0,,,0,0,ODD_CELL_UNIQUE
480,0,,,0,0,ODD_CELL_UNIQUE
481,0,,,0,0,ODD_CELL_UNIQUE
482,0,,,0,0,ODD_CELL_UNIQUE
483,0,,,0,0,ODD_CELL_UNIQUE
484,0,,,0,0,ODD_CELL_UNIQUE
485,0,,,0,0,ODD_CELL_UNIQUE
486,0,,,0,0,ODD_CELL_UNIQUE
487,0,,,0,0,ODD_CELL_UNIQUE
488,0,62,62,0,1,ODD_CELL_UNIQUE
489,0,,,0,0,ODD_CELL_UNIQUE
490,0,,,0,0,ODD_CELL_UNIQUE
491,0,,,0,0,ODD_CELL_UNIQUE
492,0,,,0,0,ODD_CELL_UNIQUE
493,0,,,0,0,ODD_CELL_UNIQUE
494,0,,,0,0,ODD_CELL_UNIQUE
495,0,,,0,0,ODD_CELL_UNIQUE
496,0,,,0,0,ODD_CELL_UNIQUE
497,0,,,0,0,ODD_CELL_UNIQUE
498,0,,,0,0,ODD_CELL_UNIQUE
499,0,,,0,0,ODD_CELL_UNIQUE
500,1,63,63,1,0,ODD_CELL_UNIQUE
501,0,,,0,0,ODD_CELL_UNIQUE
502,0,,,0,0,ODD_CELL_UNIQUE
503,0,,,0,0,ODD_CELL_UNIQUE
504,0,,,0,0,ODD_CELL_UNIQUE
505,0,,,0,0,ODD_CELL_UNIQUE
506,0,,,0,0,ODD_CELL_UNIQUE
507,0,,,0,0,ODD_CELL_UNIQUE
508,0,,,0,0,ODD_CELL_UNIQUE
509,0,,,0,0,ODD_CELL_UNIQUE
510,0,,,0,0,ODD_CELL_UNIQUE
511,0,,,0,0,ODD_CELL_UNIQUE
512,0,64,64,0,1,ODD_CELL_UNIQUE
513,0,,,0,0,ODD_CELL_UNIQUE
514,0,,,0,0,ODD_CELL_UNIQUE
515,0,,,0,0,ODD_CELL_UNIQUE
516,0,,,0,0,ODD_CELL_UNIQUE
517,0,,,0,0,ODD_CELL_UNIQUE
518,0,,,0,0,ODD_CELL_UNIQUE
519,0,,,0,0,ODD_CELL_UNIQUE
520,0,,,0,0,ODD_CELL_UNIQUE
521,0,,,0,0,ODD_CELL_UNIQUE
522,0,,,0,0,ODD_CELL_UNIQUE
523,0,,,0,0,ODD_CELL_UNIQUE
524,1,65,65,1,0,ODD_CELL_UNIQUE
525,0,,,0,0,ODD_CELL_UNIQUE
526,0,,,0,0,ODD_CELL_UNIQUE
527,0,,,0,0,ODD_CELL_UNIQUE
528,0,,,0,0,ODD_CELL_UNIQUE
529,0,,,0,0,ODD_CELL_UNIQUE
530,0,,,0,0,ODD_CELL_UNIQUE
531,0,,,0,0,ODD_CELL_UNIQUE
532,0,,,0,0,ODD_CELL_UNIQUE
533,0,,,0,0,ODD_CELL_UNIQUE
534,0,,,0,0,ODD_CELL_UNIQUE
535,0,,,0,0,ODD_CELL_UNIQUE
536,0,66,66,0,1,ODD_CELL_UNIQUE
537,0,,,0,0,ODD_CELL_UNIQUE
538,0,,,0,0,ODD_CELL_UNIQUE
539,0,,,0,0,ODD_CELL_UNIQUE
540,0,,,0,0,ODD_CELL_UNIQUE
541,0,,,0,0,ODD_CELL_UNIQUE
542,0,,,0,0,ODD_CELL_UNIQUE
543,0,,,0,0,ODD_CELL_UNIQUE
544,0,,,0,0,ODD_CELL_UNIQUE
545,0,,,0,0,ODD_CELL_UNIQUE
546,0,,,0,0,ODD_CELL_UNIQUE
547,0,,,0,0,ODD_CELL_UNIQUE
548,1,67,67,1,0,ODD_CELL_UNIQUE
549,0,,,0,0,ODD_CELL_UNIQUE
550,0,,,0,0,ODD_CELL_UNIQUE
551,0,,,0,0,ODD_CELL_UNIQUE
552,0,,,0,0,ODD_CELL_UNIQUE
553,0,,,0,0,ODD_CELL_UNIQUE
554,0,,,0,0,ODD_CELL_UNIQUE
555,0,,,0,0,ODD_CELL_UNIQUE
556,0,,,0,0,ODD_CELL_UNIQUE
557,0,,,0,0,ODD_CELL_UNIQUE
558,0,,,0,0,ODD_CELL_UNIQUE
559,0,,,0,0,ODD_CELL_UNIQUE
560,0,68,68,0,1,ODD_CELL_UNIQUE
561,0,,,0,0,ODD_CELL_UNIQUE
562,0,,,0,0,ODD_CELL_UNIQUE
563,0,,,0,0,ODD_CELL_UNIQUE
564,0,,,0,0,ODD_CELL_UNIQUE
565,0,,,0,0,ODD_CELL_UNIQUE
566,0,,,0,0,ODD_CELL_UNIQUE
567,0,,,0,0,ODD_CELL_UNIQUE
568,0,,,0,0,ODD_CELL_UNIQUE
569,0,,,0,0,ODD_CELL_UNIQUE
570,0,,,0,0,ODD_CELL_UNIQUE
571,0,,,0,0,ODD_CELL_UNIQUE
572,0,,,0,0,ODD_CELL_UNIQUE
573,1,69,69,1,0,ODD_CELL_UNIQUE
574,0,,,0,0,ODD_CELL_UNIQUE
575,0,,,0,0,ODD_CELL_UNIQUE
576,0,,,0,0,ODD_CELL_UNIQUE
577,0,,,0,0,ODD_CELL_UNIQUE
578,0,,,0,0,ODD_CELL_UNIQUE
579,0,,,0,0,ODD_CELL_UNIQUE
580,0,,,0,0,ODD_CELL_UNIQUE
581,0,,,0,0,ODD_CELL_UNIQUE
582,0,,,0,0,ODD_CELL_UNIQUE
583,0,,,0,0,ODD_CELL_UNIQUE
584,0,,,0,0,ODD_CELL_UNIQUE
585,0,70,70,0,1,ODD_CELL_UNIQUE
586,0,,,0,0,ODD_CELL_UNIQUE
587,0,,,0,0,ODD_CELL_UNIQUE
588,0,,,0,0,ODD_CELL_UNIQUE
589,0,,,0,0,ODD_CELL_UNIQUE
590,0,,,0,0,ODD_CELL_UNIQUE
591,0,,,0,0,ODD_CELL_UNIQUE
592,0,,,0,0,ODD_CELL_UNIQUE
593,0,,,0,0,ODD_CELL_UNIQUE
594,0,,,0,0,ODD_CELL_UNIQUE
595,0,,,0,0,ODD_CELL_UNIQUE
596,0,,,0,0,ODD_CELL_UNIQUE
597,0,,,0,0,ODD_CELL_UNIQUE
598,1,71,71,1,0,ODD_CELL_UNIQUE
599,0,,,0,0,ODD_CELL_UNIQUE
600,0,,,0,0,ODD_CELL_UNIQUE
601,0,,,0,0,ODD_CELL_UNIQUE
602,0,,,0,0,ODD_CELL_UNIQUE
603,0,,,0,0,ODD_CELL_UNIQUE
604,0,,,0,0,ODD_CELL_UNIQUE
605,0,,,0,0,ODD_CELL_UNIQUE
606,0,,,0,0,ODD_CELL_UNIQUE
607,0,,,0,0,ODD_CELL_UNIQUE
608,0,,,0,0,ODD_CELL_UNIQUE
609,0,,,0,0,ODD_CELL_UNIQUE
610,0,72,72,0,1,ODD_CELL_UNIQUE
611,0,,,0,0,ODD_CELL_UNIQUE
612,0,,,0,0,ODD_CELL_UNIQUE
613,0,,,0,0,ODD_CELL_UNIQUE
614,0,,,0,0,ODD_CELL_UNIQUE
615,0,,,0,0,ODD_CELL_UNIQUE
616,0,,,0,0,ODD_CELL_UNIQUE
617,0,,,0,0,ODD_CELL_UNIQUE
618,0,,,0,0,ODD_CELL_UNIQUE
619,0,,,0,0,ODD_CELL_UNIQUE
620,0,,,0,0,ODD_CELL_UNIQUE
621,0,,,0,0,ODD_CELL_UNIQUE
622,0,,,0,0,ODD_CELL_UNIQUE
623,1,73,73,1,0,ODD_CELL_UNIQUE
624,0,,,0,0,ODD_CELL_UNIQUE
625,0,,,0,0,ODD_CELL_UNIQUE
626,0,,,0,0,ODD_CELL_UNIQUE
627,0,,,0,0,ODD_CELL_UNIQUE
628,0,,,0,0,ODD_CELL_UNIQUE
629,0,,,0,0,ODD_CELL_UNIQUE
630,0,,,0,0,ODD_CELL_UNIQUE
631,0,,,0,0,ODD_CELL_UNIQUE
632,0,,,0,0,ODD_CELL_UNIQUE
633,0,,,0,0,ODD_CELL_UNIQUE
634,0,,,0,0,ODD_CELL_UNIQUE
635,0,,,0,0,ODD_CELL_UNIQUE
636,0,74,74,0,1,ODD_CELL_UNIQUE
637,0,,,0,0,ODD_CELL_UNIQUE
638,0,,,0,0,ODD_CELL_UNIQUE
639,0,,,0,0,ODD_CELL_UNIQUE
640,0,,,0,0,ODD_CELL_UNIQUE
641,0,,,0,0,ODD_CELL_UNIQUE
642,0,,,0,0,ODD_CELL_UNIQUE
643,0,,,0,0,ODD_CELL_UNIQUE
644,0,,,0,0,ODD_CELL_UNIQUE
645,0,,,0,0,ODD_CELL_UNIQUE
646,0,,,0,0,ODD_CELL_UNIQUE
647,0,,,0,0,ODD_CELL_UNIQUE
648,0,,,0,0,ODD_CELL_UNIQUE
649,1,75,75,1,0,ODD_CELL_UNIQUE
650,0,,,0,0,ODD_CELL_UNIQUE
651,0,,,0,0,ODD_CELL_UNIQUE
652,0,,,0,0,ODD_CELL_UNIQUE
653,0,,,0,0,ODD_CELL_UNIQUE
654,0,,,0,0,ODD_CELL_UNIQUE
655,0,,,0,0,ODD_CELL_UNIQUE
656,0,,,0,0,ODD_CELL_UNIQUE
657,0,,,0,0,ODD_CELL_UNIQUE
658,0,,,0,0,ODD_CELL_UNIQUE
659,0,,,0,0,ODD_CELL_UNIQUE
660,0,,,0,0,ODD_CELL_UNIQUE
661,0,,,0,0,ODD_CELL_UNIQUE
662,0,76,76,0,1,ODD_CELL_UNIQUE
663,0,,,0,0,ODD_CELL_UNIQUE
664,0,,,0,0,ODD_CELL_UNIQUE
665,0,,,0,0,ODD_CELL_UNIQUE
666,0,,,0,0,ODD_CELL_UNIQUE
667,0,,,0,0,ODD_CELL_UNIQUE
668,0,,,0,0,ODD_CELL_UNIQUE
669,0,,,0,0,ODD_CELL_UNIQUE
670,0,,,0,0,ODD_CELL_UNIQUE
671,0,,,0,0,ODD_CELL_UNIQUE
672,0,,,0,0,ODD_CELL_UNIQUE
673,0,,,0,0,ODD_CELL_UNIQUE
674,0,,,0,0,ODD_CELL_UNIQUE
675,1,77,77,1,0,ODD_CELL_UNIQUE
676,0,,,0,0,ODD_CELL_UNIQUE
677,0,,,0,0,ODD_CELL_UNIQUE
678,0,,,0,0,ODD_CELL_UNIQUE
679,0,,,0,0,ODD_CELL_UNIQUE
680,0,,,0,0,ODD_CELL_UNIQUE
681,0,,,0,0,ODD_CELL_UNIQUE
682,0,,,0,0,ODD_CELL_UNIQUE
683,0,,,0,0,ODD_CELL_UNIQUE
684,0,,,0,0,ODD_CELL_UNIQUE
685,0,,,0,0,ODD_CELL_UNIQUE
686,0,,,0,0,ODD_CELL_UNIQUE
687,0,,,0,0,ODD_CELL_UNIQUE
688,0,78,78,0,1,ODD_CELL_UNIQUE
689,0,,,0,0,ODD_CELL_UNIQUE
690,0,,,0,0,ODD_CELL_UNIQUE
691,0,,,0,0,ODD_CELL_UNIQUE
692,0,,,0,0,ODD_CELL_UNIQUE
693,0,,,0,0,ODD_CELL_UNIQUE
694,0,,,0,0,ODD_CELL_UNIQUE
695,0,,,0,0,ODD_CELL_UNIQUE
696,0,,,0,0,ODD_CELL_UNIQUE
697,0,,,0,0,ODD_CELL_UNIQUE
698,0,,,0,0,ODD_CELL_UNIQUE
699,0,,,0,0,ODD_CELL_UNIQUE
700,0,,,0,0,ODD_CELL_UNIQUE
701,0,,,0,0,ODD_CELL_UNIQUE
702,1,79,79,1,0,ODD_CELL_UNIQUE
703,0,,,0,0,ODD_CELL_UNIQUE
704,0,,,0,0,ODD_CELL_UNIQUE
705,0,,,0,0,ODD_CELL_UNIQUE
706,0,,,0,0,ODD_CELL_UNIQUE
707,0,,,0,0,ODD_CELL_UNIQUE
708,0,,,0,0,ODD_CELL_UNIQUE
709,0,,,0,0,ODD_CELL_UNIQUE
710,0,,,0,0,ODD_CELL_UNIQUE
711,0,,,0,0,ODD_CELL_UNIQUE
712,0,,,0,0,ODD_CELL_UNIQUE
713,0,,,0,0,ODD_CELL_UNIQUE
714,0,,,0,0,ODD_CELL_UNIQUE
715,0,80,80,0,1,ODD_CELL_UNIQUE
716,0,,,0,0,ODD_CELL_UNIQUE
717,0,,,0,0,ODD_CELL_UNIQUE
718,0,,,0,0,ODD_CELL_UNIQUE
719,0,,,0,0,ODD_CELL_UNIQUE
720,0,,,0,0,ODD_CELL_UNIQUE
721,0,,,0,0,ODD_CELL_UNIQUE
722,0,,,0,0,ODD_CELL_UNIQUE
723,0,,,0,0,ODD_CELL_UNIQUE
724,0,,,0,0,ODD_CELL_UNIQUE
725,0,,,0,0,ODD_CELL_UNIQUE
726,0,,,0,0,ODD_CELL_UNIQUE
727,0,,,0,0,ODD_CELL_UNIQUE
728,0,,,0,0,ODD_CELL_UNIQUE
729,1,81,81,1,0,ODD_CELL_UNIQUE
730,0,,,0,0,ODD_CELL_UNIQUE
731,0,,,0,0,ODD_CELL_UNIQUE
732,0,,,0,0,ODD_CELL_UNIQUE
733,0,,,0,0,ODD_CELL_UNIQUE
734,0,,,0,0,ODD_CELL_UNIQUE
735,0,,,0,0,ODD_CELL_UNIQUE
736,0,,,0,0,ODD_CELL_UNIQUE
737,0,,,0,0,ODD_CELL_UNIQUE
738,0,,,0,0,ODD_CELL_UNIQUE
739,0,,,0,0,ODD_CELL_UNIQUE
740,0,,,0,0,ODD_CELL_UNIQUE
741,0,,,0,0,ODD_CELL_UNIQUE
742,0,82,82,0,1,ODD_CELL_UNIQUE
743,0,,,0,0,ODD_CELL_UNIQUE
744,0,,,0,0,ODD_CELL_UNIQUE
745,0,,,0,0,ODD_CELL_UNIQUE
746,0,,,0,0,ODD_CELL_UNIQUE
747,0,,,0,0,ODD_CELL_UNIQUE
748,0,,,0,0,ODD_CELL_UNIQUE
749,0,,,0,0,ODD_CELL_UNIQUE
750,0,,,0,0,ODD_CELL_UNIQUE
751,0,,,0,0,ODD_CELL_UNIQUE
752,0,,,0,0,ODD_CELL_UNIQUE
753,0,,,0,0,ODD_CELL_UNIQUE
754,0,,,0,0,ODD_CELL_UNIQUE
755,0,,,0,0,ODD_CELL_UNIQUE
756,1,83,83,1,0,ODD_CELL_UNIQUE
757,0,,,0,0,ODD_CELL_UNIQUE
758,0,,,0,0,ODD_CELL_UNIQUE
759,0,,,0,0,ODD_CELL_UNIQUE
760,0,,,0,0,ODD_CELL_UNIQUE
761,0,,,0,0,ODD_CELL_UNIQUE
762,0,,,0,0,ODD_CELL_UNIQUE
763,0,,,0,0,ODD_CELL_UNIQUE
764,0,,,0,0,ODD_CELL_UNIQUE
765,0,,,0,0,ODD_CELL_UNIQUE
766,0,,,0,0,ODD_CELL_UNIQUE
767,0,,,0,0,ODD_CELL_UNIQUE
768,0,,,0,0,ODD_CELL_UNIQUE
769,0,84,84,0,1,ODD_CELL_UNIQUE
770,0,,,0,0,ODD_CELL_UNIQUE
771,0,,,0,0,ODD_CELL_UNIQUE
772,0,,,0,0,ODD_CELL_UNIQUE
773,0,,,0,0,ODD_CELL_UNIQUE
774,0,,,0,0,ODD_CELL_UNIQUE
775,0,,,0,0,ODD_CELL_UNIQUE
776,0,,,0,0,ODD_CELL_UNIQUE
777,0,,,0,0,ODD_CELL_UNIQUE
778,0,,,0,0,ODD_CELL_UNIQUE
779,0,,,0,0,ODD_CELL_UNIQUE
780,0,,,0,0,ODD_CELL_UNIQUE
781,0,,,0,0,ODD_CELL_UNIQUE
782,0,,,0,0,ODD_CELL_UNIQUE
783,1,85,85,1,0,ODD_CELL_UNIQUE
784,0,,,0,0,ODD_CELL_UNIQUE
785,0,,,0,0,ODD_CELL_UNIQUE
786,0,,,0,0,ODD_CELL_UNIQUE
787,0,,,0,0,ODD_CELL_UNIQUE
788,0,,,0,0,ODD_CELL_UNIQUE
789,0,,,0,0,ODD_CELL_UNIQUE
790,0,,,0,0,ODD_CELL_UNIQUE
791,0,,,0,0,ODD_CELL_UNIQUE
792,0,,,0,0,ODD_CELL_UNIQUE
793,0,,,0,0,ODD_CELL_UNIQUE
794,0,,,0,0,ODD_CELL_UNIQUE
795,0,,,0,0,ODD_CELL_UNIQUE
796,0,,,0,0,ODD_CELL_UNIQUE
797,0,86,86,0,1,ODD_CELL_UNIQUE
798,0,,,0,0,ODD_CELL_UNIQUE
799,0,,,0,0,ODD_CELL_UNIQUE
800,0,,,0,0,ODD_CELL_UNIQUE
801,0,,,0,0,ODD_CELL_UNIQUE
802,0,,,0,0,ODD_CELL_UNIQUE
803,0,,,0,0,ODD_CELL_UNIQUE
804,0,,,0,0,ODD_CELL_UNIQUE
805,0,,,0,0,ODD_CELL_UNIQUE
806,0,,,0,0,ODD_CELL_UNIQUE
807,0,,,0,0,ODD_CELL_UNIQUE
808,0,,,0,0,ODD_CELL_UNIQUE
809,0,,,0,0,ODD_CELL_UNIQUE
810,0,,,0,0,ODD_CELL_UNIQUE
811,1,87,87,1,0,ODD_CELL_UNIQUE
812,0,,,0,0,ODD_CELL_UNIQUE
813,0,,,0,0,ODD_CELL_UNIQUE
814,0,,,0,0,ODD_CELL_UNIQUE
815,0,,,0,0,ODD_CELL_UNIQUE
816,0,,,0,0,ODD_CELL_UNIQUE
817,0,,,0,0,ODD_CELL_UNIQUE
818,0,,,0,0,ODD_CELL_UNIQUE
819,0,,,0,0,ODD_CELL_UNIQUE
820,0,,,0,0,ODD_CELL_UNIQUE
821,0,,,0,0,ODD_CELL_UNIQUE
822,0,,,0,0,ODD_CELL_UNIQUE
823,0,,,0,0,ODD_CELL_UNIQUE
824,0,,,0,0,ODD_CELL_UNIQUE
825,0,88,88,0,1,ODD_CELL_UNIQUE
826,0,,,0,0,ODD_CELL_UNIQUE
827,0,,,0,0,ODD_CELL_UNIQUE
828,0,,,0,0,ODD_CELL_UNIQUE
829,0,,,0,0,ODD_CELL_UNIQUE
830,0,,,0,0,ODD_CELL_UNIQUE
831,0,,,0,0,ODD_CELL_UNIQUE
832,0,,,0,0,ODD_CELL_UNIQUE
833,0,,,0,0,ODD_CELL_UNIQUE
834,0,,,0,0,ODD_CELL_UNIQUE
835,0,,,0,0,ODD_CELL_UNIQUE
836,0,,,0,0,ODD_CELL_UNIQUE
837,0,,,0,0,ODD_CELL_UNIQUE
838,0,,,0,0,ODD_CELL_UNIQUE
839,1,89,89,1,0,ODD_CELL_UNIQUE
840,0,,,0,0,ODD_CELL_UNIQUE
841,0,,,0,0,ODD_CELL_UNIQUE
842,0,,,0,0,ODD_CELL_UNIQUE
843,0,,,0,0,ODD_CELL_UNIQUE
844,0,,,0,0,ODD_CELL_UNIQUE
845,0,,,0,0,ODD_CELL_UNIQUE
846,0,,,0,0,ODD_CELL_UNIQUE
847,0,,,0,0,ODD_CELL_UNIQUE
848,0,,,0,0,ODD_CELL_UNIQUE
849,0,,,0,0,ODD_CELL_UNIQUE
850,0,,,0,0,ODD_CELL_UNIQUE
851,0,,,0,0,ODD_CELL_UNIQUE
852,0,,,0,0,ODD_CELL_UNIQUE
853,0,90,90,0,1,ODD_CELL_UNIQUE
854,0,,,0,0,ODD_CELL_UNIQUE
855,0,,,0,0,ODD_CELL_UNIQUE
856,0,,,0,0,ODD_CELL_UNIQUE
857,0,,,0,0,ODD_CELL_UNIQUE
858,0,,,0,0,ODD_CELL_UNIQUE
859,0,,,0,0,ODD_CELL_UNIQUE
860,0,,,0,0,ODD_CELL_UNIQUE
861,0,,,0,0,ODD_CELL_UNIQUE
862,0,,,0,0,ODD_CELL_UNIQUE
863,0,,,0,0,ODD_CELL_UNIQUE
864,0,,,0,0,ODD_CELL_UNIQUE
865,0,,,0,0,ODD_CELL_UNIQUE
866,0,,,0,0,ODD_CELL_UNIQUE
867,0,,,0,0,ODD_CELL_UNIQUE
868,1,91,91,1,0,ODD_CELL_UNIQUE
869,0,,,0,0,ODD_CELL_UNIQUE
870,0,,,0,0,ODD_CELL_UNIQUE
871,0,,,0,0,ODD_CELL_UNIQUE
872,0,,,0,0,ODD_CELL_UNIQUE
873,0,,,0,0,ODD_CELL_UNIQUE
874,0,,,0,0,ODD_CELL_UNIQUE
875,0,,,0,0,ODD_CELL_UNIQUE
876,0,,,0,0,ODD_CELL_UNIQUE
877,0,,,0,0,ODD_CELL_UNIQUE
878,0,,,0,0,ODD_CELL_UNIQUE
879,0,,,0,0,ODD_CELL_UNIQUE
880,0,,,0,0,ODD_CELL_UNIQUE
881,0,,,0,0,ODD_CELL_UNIQUE
882,0,92,92,0,1,ODD_CELL_UNIQUE
883,0,,,0,0,ODD_CELL_UNIQUE
884,0,,,0,0,ODD_CELL_UNIQUE
885,0,,,0,0,ODD_CELL_UNIQUE
886,0,,,0,0,ODD_CELL_UNIQUE
887,0,,,0,0,ODD_CELL_UNIQUE
888,0,,,0,0,ODD_CELL_UNIQUE
889,0,,,0,0,ODD_CELL_UNIQUE
890,0,,,0,0,ODD_CELL_UNIQUE
891,0,,,0,0,ODD_CELL_UNIQUE
892,0,,,0,0,ODD_CELL_UNIQUE
893,0,,,0,0,ODD_CELL_UNIQUE
894,0,,,0,0,ODD_CELL_UNIQUE
895,0,,,0,0,ODD_CELL_UNIQUE
896,1,93,93,1,0,ODD_CELL_UNIQUE
897,0,,,0,0,ODD_CELL_UNIQUE
898,0,,,0,0,ODD_CELL_UNIQUE
899,0,,,0,0,ODD_CELL_UNIQUE
900,0,,,0,0,ODD_CELL_UNIQUE
901,0,,,0,0,ODD_CELL_UNIQUE
902,0,,,0,0,ODD_CELL_UNIQUE
903,0,,,0,0,ODD_CELL_UNIQUE
904,0,,,0,0,ODD_CELL_UNIQUE
905,0,,,0,0,ODD_CELL_UNIQUE
906,0,,,0,0,ODD_CELL_UNIQUE
907,0,,,0,0,ODD_CELL_UNIQUE
908,0,,,0,0,ODD_CELL_UNIQUE
909,0,,,0,0,ODD_CELL_UNIQUE
910,0,,,0,0,ODD_CELL_UNIQUE
911,0,94,94,0,1,ODD_CELL_UNIQUE
912,0,,,0,0,ODD_CELL_UNIQUE
913,0,,,0,0,ODD_CELL_UNIQUE
914,0,,,0,0,ODD_CELL_UNIQUE
915,0,,,0,0,ODD_CELL_UNIQUE
916,0,,,0,0,ODD_CELL_UNIQUE
917,0,,,0,0,ODD_CELL_UNIQUE
918,0,,,0,0,ODD_CELL_UNIQUE
919,0,,,0,0,ODD_CELL_UNIQUE
920,0,,,0,0,ODD_CELL_UNIQUE
921,0,,,0,0,ODD_CELL_UNIQUE
922,0,,,0,0,ODD_CELL_UNIQUE
923,0,,,0,0,ODD_CELL_UNIQUE
924,0,,,0,0,ODD_CELL_UNIQUE
925,1,95,95,1,0,ODD_CELL_UNIQUE
926,0,,,0,0,ODD_CELL_UNIQUE
927,0,,,0,0,ODD_CELL_UNIQUE
928,0,,,0,0,ODD_CELL_UNIQUE
929,0,,,0,0,ODD_CELL_UNIQUE
930,0,,,0,0,ODD_CELL_UNIQUE
931,0,,,0,0,ODD_CELL_UNIQUE
932,0,,,0,0,ODD_CELL_UNIQUE
933,0,,,0,0,ODD_CELL_UNIQUE
934,0,,,0,0,ODD_CELL_UNIQUE
935,0,,,0,0,ODD_CELL_UNIQUE
936,0,,,0,0,ODD_CELL_UNIQUE
937,0,,,0,0,ODD_CELL_UNIQUE
938,0,,,0,0,ODD_CELL_UNIQUE
939,0,,,0,0,ODD_CELL_UNIQUE
940,0,96,96,0,1,ODD_CELL_UNIQUE
941,0,,,0,0,ODD_CELL_UNIQUE
942,0,,,0,0,ODD_CELL_UNIQUE
943,0,,,0,0,ODD_CELL_UNIQUE
944,0,,,0,0,ODD_CELL_UNIQUE
945,0,,,0,0,ODD_CELL_UNIQUE
946,0,,,0,0,ODD_CELL_UNIQUE
947,0,,,0,0,ODD_CELL_UNIQUE
948,0,,,0,0,ODD_CELL_UNIQUE
949,0,,,0,0,ODD_CELL_UNIQUE
950,0,,,0,0,ODD_CELL_UNIQUE
951,0,,,0,0,ODD_CELL_UNIQUE
952,0,,,0,0,ODD_CELL_UNIQUE
953,0,,,0,0,ODD_CELL_UNIQUE
954,0,,,0,0,ODD_CELL_UNIQUE
955,1,97,97,1,0,ODD_CELL_UNIQUE
956,0,,,0,0,ODD_CELL_UNIQUE
957,0,,,0,0,ODD_CELL_UNIQUE
958,0,,,0,0,ODD_CELL_UNIQUE
959,0,,,0,0,ODD_CELL_UNIQUE
960,0,,,0,0,ODD_CELL_UNIQUE
961,0,,,0,0,ODD_CELL_UNIQUE
962,0,,,0,0,ODD_CELL_UNIQUE
963,0,,,0,0,ODD_CELL_UNIQUE
964,0,,,0,0,ODD_CELL_UNIQUE
965,0,,,0,0,ODD_CELL_UNIQUE
966,0,,,0,0,ODD_CELL_UNIQUE
967,0,,,0,0,ODD_CELL_UNIQUE
968,0,,,0,0,ODD_CELL_UNIQUE
969,0,,,0,0,ODD_CELL_UNIQUE
970,0,98,98,0,1,ODD_CELL_UNIQUE
971,0,,,0,0,ODD_CELL_UNIQUE
972,0,,,0,0,ODD_CELL_UNIQUE
973,0,,,0,0,ODD_CELL_UNIQUE
974,0,,,0,0,ODD_CELL_UNIQUE
975,0,,,0,0,ODD_CELL_UNIQUE
976,0,,,0,0,ODD_CELL_UNIQUE
977,0,,,0,0,ODD_CELL_UNIQUE
978,0,,,0,0,ODD_CELL_UNIQUE
979,0,,,0,0,ODD_CELL_UNIQUE
980,0,,,0,0,ODD_CELL_UNIQUE
981,0,,,0,0,ODD_CELL_UNIQUE
982,0,,,0,0,ODD_CELL_UNIQUE
983,0,,,0,0,ODD_CELL_UNIQUE
984,0,,,0,0,ODD_CELL_UNIQUE
985,1,99,99,1,0,ODD_CELL_UNIQUE
986,0,,,0,0,ODD_CELL_UNIQUE
987,0,,,0,0,ODD_CELL_UNIQUE
988,0,,,0,0,ODD_CELL_UNIQUE
989,0,,,0,0,ODD_CELL_UNIQUE
990,0,,,0,0,ODD_CELL_UNIQUE
991,0,,,0,0,ODD_CELL_UNIQUE
992,0,,,0,0,ODD_CELL_UNIQUE
993,0,,,0,0,ODD_CELL_UNIQUE
994,0,,,0,0,ODD_CELL_UNIQUE
995,0,,,0,0,ODD_CELL_UNIQUE
996,0,,,0,0,ODD_CELL_UNIQUE
997,0,,,0,0,ODD_CELL_UNIQUE
998,0,,,0,0,ODD_CELL_UNIQUE
999,0,,,0,0,ODD_CELL_UNIQUE
1000,0,100,100,0,1,ODD_CELL_UNIQUE
1001,0,,,0,0,ODD_CELL_UNIQUE
1002,0,,,0,0,ODD_CELL_UNIQUE
1003,0,,,0,0,ODD_CELL_UNIQUE
1004,0,,,0,0,ODD_CELL_UNIQUE
1005,0,,,0,0,ODD_CELL_UNIQUE
1006,0,,,0,0,ODD_CELL_UNIQUE
1007,0,,,0,0,ODD_CELL_UNIQUE
1008,0,,,0,0,ODD_CELL_UNIQUE
1009,0,,,0,0,ODD_CELL_UNIQUE
1010,0,,,0,0,ODD_CELL_UNIQUE
1011,0,,,0,0,ODD_CELL_UNIQUE
1012,0,,,0,0,ODD_CELL_UNIQUE
1013,0,,,0,0,ODD_CELL_UNIQUE
1014,0,,,0,0,ODD_CELL_UNIQUE
1015,1,101,101,1,0,ODD_CELL_UNIQUE
1016,0,,,0,0,ODD_CELL_UNIQUE
1017,0,,,0,0,ODD_CELL_UNIQUE
1018,0,,,0,0,ODD_CELL_UNIQUE
1019,0,,,0,0,ODD_CELL_UNIQUE
1020,0,,,0,0,ODD_CELL_UNIQUE
1021,0,,,0,0,ODD_CELL_UNIQUE
1022,0,,,0,0,ODD_CELL_UNIQUE
1023,0,,,0,0,ODD_CELL_UNIQUE
1024,0,,,0,0,ODD_CELL_UNIQUE
1025,0,,,0,0,ODD_CELL_UNIQUE
1026,0,,,0,0,ODD_CELL_UNIQUE
1027,0,,,0,0,ODD_CELL_UNIQUE
1028,0,,,0,0,ODD_CELL_UNIQUE
1029,0,,,0,0,ODD_CELL_UNIQUE
1030,0,102,102,0,1,ODD_CELL_UNIQUE
1031,0,,,0,0,ODD_CELL_UNIQUE
1032,0,,,0,0,ODD_CELL_UNIQUE
1033,0,,,0,0,ODD_CELL_UNIQUE
1034,0,,,0,0,ODD_CELL_UNIQUE
1035,0,,,0,0,ODD_CELL_UNIQUE
1036,0,,,0,0,ODD_CELL_UNIQUE
1037,0,,,0,0,ODD_CELL_UNIQUE
1038,0,,,0,0,ODD_CELL_UNIQUE
1039,0,,,0,0,ODD_CELL_UNIQUE
1040,0,,,0,0,ODD_CELL_UNIQUE
1041,0,,,0,0,ODD_CELL_UNIQUE
1042,0,,,0,0,ODD_CELL_UNIQUE
1043,0,,,0,0,ODD_CELL_UNIQUE
1044,0,,,0,0,ODD_CELL_UNIQUE
1045,1,103,103,1,0,ODD_CELL_UNIQUE
1046,0,,,0,0,ODD_CELL_UNIQUE
1047,0,,,0,0,ODD_CELL_UNIQUE
1048,0,,,0,0,ODD_CELL_UNIQUE
1049,0,,,0,0,ODD_CELL_UNIQUE
1050,0,,,0,0,ODD_CELL_UNIQUE
1051,0,,,0,0,ODD_CELL_UNIQUE
1052,0,,,0,0,ODD_CELL_UNIQUE
1053,0,,,0,0,ODD_CELL_UNIQUE
1054,0,,,0,0,ODD_CELL_UNIQUE
1055,0,,,0,0,ODD_CELL_UNIQUE
1056,0,,,0,0,ODD_CELL_UNIQUE
1057,0,,,0,0,ODD_CELL_UNIQUE
1058,0,,,0,0,ODD_CELL_UNIQUE
1059,0,,,0,0,ODD_CELL_UNIQUE
1060,0,104,104,0,1,ODD_CELL_UNIQUE
1061,0,,,0,0,ODD_CELL_UNIQUE
1062,0,,,0,0,ODD_CELL_UNIQUE
1063,0,,,0,0,ODD_CELL_UNIQUE
1064,0,,,0,0,ODD_CELL_UNIQUE
1065,0,,,0,0,ODD_CELL_UNIQUE
1066,0,,,0,0,ODD_CELL_UNIQUE
1067,0,,,0,0,ODD_CELL_UNIQUE
1068,0,,,0,0,ODD_CELL_UNIQUE
1069,0,,,0,0,ODD_CELL_UNIQUE
1070,0,,,0,0,ODD_CELL_UNIQUE
1071,0,,,0,0,ODD_CELL_UNIQUE
1072,0,,,0,0,ODD_CELL_UNIQUE
1073,0,,,0,0,ODD_CELL_UNIQUE
1074,0,,,0,0,ODD_CELL_UNIQUE
1075,1,105,105,1,0,ODD_CELL_UNIQUE
1076,0,,,0,0,ODD_CELL_UNIQUE
1077,0,,,0,0,ODD_CELL_UNIQUE
1078,0,,,0,0,ODD_CELL_UNIQUE
1079,0,,,0,0,ODD_CELL_UNIQUE
1080,0,,,0,0,ODD_CELL_UNIQUE
1081,0,,,0,0,ODD_CELL_UNIQUE
1082,0,,,0,0,ODD_CELL_UNIQUE
1083,0,,,0,0,ODD_CELL_UNIQUE
1084,0,,,0,0,ODD_CELL_UNIQUE
1085,0,,,0,0,ODD_CELL_UNIQUE
1086,0,,,0,0,ODD_CELL_UNIQUE
1087,0,,,0,0,ODD_CELL_UNIQUE
1088,0,,,0,0,ODD_CELL_UNIQUE
1089,0,,,0,0,ODD_CELL_UNIQUE
1090,0,,,0,0,ODD_CELL_UNIQUE
1091,0,106,106,0,1,ODD_CELL_UNIQUE
1092,0,,,0,0,ODD_CELL_UNIQUE
1093,0,,,0,0,ODD_CELL_UNIQUE
1094,0,,,0,0,ODD_CELL_UNIQUE
1095,0,,,0,0,ODD_CELL_UNIQUE
1096,0,,,0,0,ODD_CELL_UNIQUE
1097,0,,,0,0,ODD_CELL_UNIQUE
1098,0,,,0,0,ODD_CELL_UNIQUE
1099,0,,,0,0,ODD_CELL_UNIQUE
1100,0,,,0,0,ODD_CELL_UNIQUE
1101,0,,,0,0,ODD_CELL_UNIQUE
1102,0,,,0,0,ODD_CELL_UNIQUE
1103,0,,,0,0,ODD_CELL_UNIQUE
1104,0,,,0,0,ODD_CELL_UNIQUE
1105,0,,,0,0,ODD_CELL_UNIQUE
1106,1,107,107,1,0,ODD_CELL_UNIQUE
1107,0,,,0,0,ODD_CELL_UNIQUE
1108,0,,,0,0,ODD_CELL_UNIQUE
1109,0,,,0,0,ODD_CELL_UNIQUE
1110,0,,,0,0,ODD_CELL_UNIQUE
1111,0,,,0,0,ODD_CELL_UNIQUE
1112,0,,,0,0,ODD_CELL_UNIQUE
1113,0,,,0,0,ODD_CELL_UNIQUE
1114,0,,,0,0,ODD_CELL_UNIQUE
1115,0,,,0,0,ODD_CELL_UNIQUE
1116,0,,,0,0,ODD_CELL_UNIQUE
1117,0,,,0,0,ODD_CELL_UNIQUE
1118,0,,,0,0,ODD_CELL_UNIQUE
1119,0,,,0,0,ODD_CELL_UNIQUE
1120,0,,,0,0,ODD_CELL_UNIQUE
1121,0,,,0,0,ODD_CELL_UNIQUE
1122,0,108,108,0,1,ODD_CELL_UNIQUE
1123,0,,,0,0,ODD_CELL_UNIQUE
1124,0,,,0,0,ODD_CELL_UNIQUE
1125,0,,,0,0,ODD_CELL_UNIQUE
1126,0,,,0,0,ODD_CELL_UNIQUE
1127,0,,,0,0,ODD_CELL_UNIQUE
1128,0,,,0,0,ODD_CELL_UNIQUE
1129,0,,,0,0,ODD_CELL_UNIQUE
1130,0,,,0,0,ODD_CELL_UNIQUE
1131,0,,,0,0,ODD_CELL_UNIQUE
1132,0,,,0,0,ODD_CELL_UNIQUE
1133,0,,,0,0,ODD_CELL_UNIQUE
1134,0,,,0,0,ODD_CELL_UNIQUE
1135,0,,,0,0,ODD_CELL_UNIQUE
1136,0,,,0,0,ODD_CELL_UNIQUE
1137,1,109,109,1,0,ODD_CELL_UNIQUE
1138,0,,,0,0,ODD_CELL_UNIQUE
1139,0,,,0,0,ODD_CELL_UNIQUE
1140,0,,,0,0,ODD_CELL_UNIQUE
1141,0,,,0,0,ODD_CELL_UNIQUE
1142,0,,,0,0,ODD_CELL_UNIQUE
1143,0,,,0,0,ODD_CELL_UNIQUE
1144,0,,,0,0,ODD_CELL_UNIQUE
1145,0,,,0,0,ODD_CELL_UNIQUE
1146,0,,,0,0,ODD_CELL_UNIQUE
1147,0,,,0,0,ODD_CELL_UNIQUE
1148,0,,,0,0,ODD_CELL_UNIQUE
1149,0,,,0,0,ODD_CELL_UNIQUE
1150,0,,,0,0,ODD_CELL_UNIQUE
1151,0,,,0,0,ODD_CELL_UNIQUE
1152,0,,,0,0,ODD_CELL_UNIQUE
1153,0,110,110,0,1,ODD_CELL_UNIQUE
1154,0,,,0,0,ODD_CELL_UNIQUE
1155,0,,,0,0,ODD_CELL_UNIQUE
1156,0,,,0,0,ODD_CELL_UNIQUE
1157,0,,,0,0,ODD_CELL_UNIQUE
1158,0,,,0,0,ODD_CELL_UNIQUE
1159,0,,,0,0,ODD_CELL_UNIQUE
1160,0,,,0,0,ODD_CELL_UNIQUE
1161,0,,,0,0,ODD_CELL_UNIQUE
1162,0,,,0,0,ODD_CELL_UNIQUE
1163,0,,,0,0,ODD_CELL_UNIQUE
1164,0,,,0,0,ODD_CELL_UNIQUE
1165,0,,,0,0,ODD_CELL_UNIQUE
1166,0,,,0,0,ODD_CELL_UNIQUE
1167,0,,,0,0,ODD_CELL_UNIQUE
1168,0,,,0,0,ODD_CELL_UNIQUE
1169,1,111,111,1,0,ODD_CELL_UNIQUE
1170,0,,,0,0,ODD_CELL_UNIQUE
1171,0,,,0,0,ODD_CELL_UNIQUE
1172,0,,,0,0,ODD_CELL_UNIQUE
1173,0,,,0,0,ODD_CELL_UNIQUE
1174,0,,,0,0,ODD_CELL_UNIQUE
1175,0,,,0,0,ODD_CELL_UNIQUE
1176,0,,,0,0,ODD_CELL_UNIQUE
1177,0,,,0,0,ODD_CELL_UNIQUE
1178,0,,,0,0,ODD_CELL_UNIQUE
1179,0,,,0,0,ODD_CELL_UNIQUE
1180,0,,,0,0,ODD_CELL_UNIQUE
1181,0,,,0,0,ODD_CELL_UNIQUE
1182,0,,,0,0,ODD_CELL_UNIQUE
1183,0,,,0,0,ODD_CELL_UNIQUE
1184,0,,,0,0,ODD_CELL_UNIQUE
1185,0,112,112,0,1,ODD_CELL_UNIQUE
1186,0,,,0,0,ODD_CELL_UNIQUE
1187,0,,,0,0,ODD_CELL_UNIQUE
1188,0,,,0,0,ODD_CELL_UNIQUE
1189,0,,,0,0,ODD_CELL_UNIQUE
1190,0,,,0,0,ODD_CELL_UNIQUE
1191,0,,,0,0,ODD_CELL_UNIQUE
1192,0,,,0,0,ODD_CELL_UNIQUE
1193,0,,,0,0,ODD_CELL_UNIQUE
1194,0,,,0,0,ODD_CELL_UNIQUE
1195,0,,,0,0,ODD_CELL_UNIQUE
1196,0,,,0,0,ODD_CELL_UNIQUE
1197,0,,,0,0,ODD_CELL_UNIQUE
1198,0,,,0,0,ODD_CELL_UNIQUE
1199,0,,,0,0,ODD_CELL_UNIQUE
1200,0,,,0,0,ODD_CELL_UNIQUE
1201,1,113,113,1,0,ODD_CELL_UNIQUE
1202,0,,,0,0,ODD_CELL_UNIQUE
1203,0,,,0,0,ODD_CELL_UNIQUE
1204,0,,,0,0,ODD_CELL_UNIQUE
1205,0,,,0,0,ODD_CELL_UNIQUE
1206,0,,,0,0,ODD_CELL_UNIQUE
1207,0,,,0,0,ODD_CELL_UNIQUE
1208,0,,,0,0,ODD_CELL_UNIQUE
1209,0,,,0,0,ODD_CELL_UNIQUE
1210,0,,,0,0,ODD_CELL_UNIQUE
1211,0,,,0,0,ODD_CELL_UNIQUE
1212,0,,,0,0,ODD_CELL_UNIQUE
1213,0,,,0,0,ODD_CELL_UNIQUE
1214,0,,,0,0,ODD_CELL_UNIQUE
1215,0,,,0,0,ODD_CELL_UNIQUE
1216,0,,,0,0,ODD_CELL_UNIQUE
1217,0,114,114,0,1,ODD_CELL_UNIQUE
1218,0,,,0,0,ODD_CELL_UNIQUE
1219,0,,,0,0,ODD_CELL_UNIQUE
1220,0,,,0,0,ODD_CELL_UNIQUE
1221,0,,,0,0,ODD_CELL_UNIQUE
1222,0,,,0,0,ODD_CELL_UNIQUE
1223,0,,,0,0,ODD_CELL_UNIQUE
1224,0,,,0,0,ODD_CELL_UNIQUE
1225,0,,,0,0,ODD_CELL_UNIQUE
1226,0,,,0,0,ODD_CELL_UNIQUE
1227,0,,,0,0,ODD_CELL_UNIQUE
1228,0,,,0,0,ODD_CELL_UNIQUE
1229,0,,,0,0,ODD_CELL_UNIQUE
1230,0,,,0,0,ODD_CELL_UNIQUE
1231,0,,,0,0,ODD_CELL_UNIQUE
1232,0,,,0,0,ODD_CELL_UNIQUE
1233,1,115,115,1,0,ODD_CELL_UNIQUE
1234,0,,,0,0,ODD_CELL_UNIQUE
1235,0,,,0,0,ODD_CELL_UNIQUE
1236,0,,,0,0,ODD_CELL_UNIQUE
1237,0,,,0,0,ODD_CELL_UNIQUE
1238,0,,,0,0,ODD_CELL_UNIQUE
1239,0,,,0,0,ODD_CELL_UNIQUE
1240,0,,,0,0,ODD_CELL_UNIQUE
1241,0,,,0,0,ODD_CELL_UNIQUE
1242,0,,,0,0,ODD_CELL_UNIQUE
1243,0,,,0,0,ODD_CELL_UNIQUE
1244,0,,,0,0,ODD_CELL_UNIQUE
1245,0,,,0,0,ODD_CELL_UNIQUE
1246,0,,,0,0,ODD_CELL_UNIQUE
1247,0,,,0,0,ODD_CELL_UNIQUE
1248,0,,,0,0,ODD_CELL_UNIQUE
1249,0,116,116,0,1,ODD_CELL_UNIQUE
1250,0,,,0,0,ODD_CELL_UNIQUE
1251,0,,,0,0,ODD_CELL_UNIQUE
1252,0,,,0,0,ODD_CELL_UNIQUE
1253,0,,,0,0,ODD_CELL_UNIQUE
1254,0,,,0,0,ODD_CELL_UNIQUE
1255,0,,,0,0,ODD_CELL_UNIQUE
1256,0,,,0,0,ODD_CELL_UNIQUE
1257,0,,,0,0,ODD_CELL_UNIQUE
1258,0,,,0,0,ODD_CELL_UNIQUE
1259,0,,,0,0,ODD_CELL_UNIQUE
1260,0,,,0,0,ODD_CELL_UNIQUE
1261,0,,,0,0,ODD_CELL_UNIQUE
1262,0,,,0,0,ODD_CELL_UNIQUE
1263,0,,,0,0,ODD_CELL_UNIQUE
1264,0,,,0,0,ODD_CELL_UNIQUE
1265,1,117,117,1,0,ODD_CELL_UNIQUE
1266,0,,,0,0,ODD_CELL_UNIQUE
1267,0,,,0,0,ODD_CELL_UNIQUE
1268,0,,,0,0,ODD_CELL_UNIQUE
1269,0,,,0,0,ODD_CELL_UNIQUE
1270,0,,,0,0,ODD_CELL_UNIQUE
1271,0,,,0,0,ODD_CELL_UNIQUE
1272,0,,,0,0,ODD_CELL_UNIQUE
1273,0,,,0,0,ODD_CELL_UNIQUE
1274,0,,,0,0,ODD_CELL_UNIQUE
1275,0,,,0,0,ODD_CELL_UNIQUE
1276,0,,,0,0,ODD_CELL_UNIQUE
1277,0,,,0,0,ODD_CELL_UNIQUE
1278,0,,,0,0,ODD_CELL_UNIQUE
1279,0,,,0,0,ODD_CELL_UNIQUE
1280,0,,,0,0,ODD_CELL_UNIQUE
1281,0,118,118,0,1,ODD_CELL_UNIQUE
1282,0,,,0,0,ODD_CELL_UNIQUE
1283,0,,,0,0,ODD_CELL_UNIQUE
1284,0,,,0,0,ODD_CELL_UNIQUE
1285,0,,,0,0,ODD_CELL_UNIQUE
1286,0,,,0,0,ODD_CELL_UNIQUE
1287,0,,,0,0,ODD_CELL_UNIQUE
1288,0,,,0,0,ODD_CELL_UNIQUE
1289,0,,,0,0,ODD_CELL_UNIQUE
1290,0,,,0,0,ODD_CELL_UNIQUE
1291,0,,,0,0,ODD_CELL_UNIQUE
1292,0,,,0,0,ODD_CELL_UNIQUE
1293,0,,,0,0,ODD_CELL_UNIQUE
1294,0,,,0,0,ODD_CELL_UNIQUE
1295,0,,,0,0,ODD_CELL_UNIQUE
1296,0,,,0,0,ODD_CELL_UNIQUE
1297,0,,,0,0,ODD_CELL_UNIQUE
1298,1,119,119,1,0,ODD_CELL_UNIQUE
1299,0,,,0,0,ODD_CELL_UNIQUE
1300,0,,,0,0,ODD_CELL_UNIQUE
1301,0,,,0,0,ODD_CELL_UNIQUE
1302,0,,,0,0,ODD_CELL_UNIQUE
1303,0,,,0,0,ODD_CELL_UNIQUE
1304,0,,,0,0,ODD_CELL_UNIQUE
1305,0,,,0,0,ODD_CELL_UNIQUE
1306,0,,,0,0,ODD_CELL_UNIQUE
1307,0,,,0,0,ODD_CELL_UNIQUE
1308,0,,,0,0,ODD_CELL_UNIQUE
1309,0,,,0,0,ODD_CELL_UNIQUE
1310,0,,,0,0,ODD_CELL_UNIQUE
1311,0,,,0,0,ODD_CELL_UNIQUE
1312,0,,,0,0,ODD_CELL_UNIQUE
1313,0,,,0,0,ODD_CELL_UNIQUE
1314,0,120,120,0,1,ODD_CELL_UNIQUE
1315,0,,,0,0,ODD_CELL_UNIQUE
1316,0,,,0,0,ODD_CELL_UNIQUE
1317,0,,,0,0,ODD_CELL_UNIQUE
1318,0,,,0,0,ODD_CELL_UNIQUE
1319,0,,,0,0,ODD_CELL_UNIQUE
1320,0,,,0,0,ODD_CELL_UNIQUE
1321,0,,,0,0,ODD_CELL_UNIQUE
1322,0,,,0,0,ODD_CELL_UNIQUE
1323,0,,,0,0,ODD_CELL_UNIQUE
1324,0,,,0,0,ODD_CELL_UNIQUE
1325,0,,,0,0,ODD_CELL_UNIQUE
1326,0,,,0,0,ODD_CELL_UNIQUE
1327,0,,,0,0,ODD_CELL_UNIQUE
1328,0,,,0,0,ODD_CELL_UNIQUE
1329,0,,,0,0,ODD_CELL_UNIQUE
1330,0,,,0,0,ODD_CELL_UNIQUE
1331,1,121,121,1,0,ODD_CELL_UNIQUE
1332,0,,,0,0,ODD_CELL_UNIQUE
1333,0,,,0,0,ODD_CELL_UNIQUE
1334,0,,,0,0,ODD_CELL_UNIQUE
1335,0,,,0,0,ODD_CELL_UNIQUE
1336,0,,,0,0,ODD_CELL_UNIQUE
1337,0,,,0,0,ODD_CELL_UNIQUE
1338,0,,,0,0,ODD_CELL_UNIQUE
1339,0,,,0,0,ODD_CELL_UNIQUE
1340,0,,,0,0,ODD_CELL_UNIQUE
1341,0,,,0,0,ODD_CELL_UNIQUE
1342,0,,,0,0,ODD_CELL_UNIQUE
1343,0,,,0,0,ODD_CELL_UNIQUE
1344,0,,,0,0,ODD_CELL_UNIQUE
1345,0,,,0,0,ODD_CELL_UNIQUE
1346,0,,,0,0,ODD_CELL_UNIQUE
1347,0,122,122,0,1,ODD_CELL_UNIQUE
1348,0,,,0,0,ODD_CELL_UNIQUE
1349,0,,,0,0,ODD_CELL_UNIQUE
1350,0,,,0,0,ODD_CELL_UNIQUE
1351,0,,,0,0,ODD_CELL_UNIQUE
1352,0,,,0,0,ODD_CELL_UNIQUE
1353,0,,,0,0,ODD_CELL_UNIQUE
1354,0,,,0,0,ODD_CELL_UNIQUE
1355,0,,,0,0,ODD_CELL_UNIQUE
1356,0,,,0,0,ODD_CELL_UNIQUE
1357,0,,,0,0,ODD_CELL_UNIQUE
1358,0,,,0,0,ODD_CELL_UNIQUE
1359,0,,,0,0,ODD_CELL_UNIQUE
1360,0,,,0,0,ODD_CELL_UNIQUE
1361,0,,,0,0,ODD_CELL_UNIQUE
1362,0,,,0,0,ODD_CELL_UNIQUE
1363,0,,,0,0,ODD_CELL_UNIQUE
1364,1,123,123,1,0,ODD_CELL_UNIQUE
1365,0,,,0,0,ODD_CELL_UNIQUE
1366,0,,,0,0,ODD_CELL_UNIQUE
1367,0,,,0,0,ODD_CELL_UNIQUE
1368,0,,,0,0,ODD_CELL_UNIQUE
1369,0,,,0,0,ODD_CELL_UNIQUE
1370,0,,,0,0,ODD_CELL_UNIQUE
1371,0,,,0,0,ODD_CELL_UNIQUE
1372,0,,,0,0,ODD_CELL_UNIQUE
1373,0,,,0,0,ODD_CELL_UNIQUE
1374,0,,,0,0,ODD_CELL_UNIQUE
1375,0,,,0,0,ODD_CELL_UNIQUE
1376,0,,,0,0,ODD_CELL_UNIQUE
1377,0,,,0,0,ODD_CELL_UNIQUE
1378,0,,,0,0,ODD_CELL_UNIQUE
1379,0,,,0,0,ODD_CELL_UNIQUE
1380,0,124,124,0,1,ODD_CELL_UNIQUE
1381,0,,,0,0,ODD_CELL_UNIQUE
1382,0,,,0,0,ODD_CELL_UNIQUE
1383,0,,,0,0,ODD_CELL_UNIQUE
1384,0,,,0,0,ODD_CELL_UNIQUE
1385,0,,,0,0,ODD_CELL_UNIQUE
1386,0,,,0,0,ODD_CELL_UNIQUE
1387,0,,,0,0,ODD_CELL_UNIQUE
1388,0,,,0,0,ODD_CELL_UNIQUE
1389,0,,,0,0,ODD_CELL_UNIQUE
1390,0,,,0,0,ODD_CELL_UNIQUE
1391,0,,,0,0,ODD_CELL_UNIQUE
1392,0,,,0,0,ODD_CELL_UNIQUE
1393,0,,,0,0,ODD_CELL_UNIQUE
1394,0,,,0,0,ODD_CELL_UNIQUE
1395,0,,,0,0,ODD_CELL_UNIQUE
1396,0,,,0,0,ODD_CELL_UNIQUE
1397,1,125,125,1,0,ODD_CELL_UNIQUE
1398,0,,,0,0,ODD_CELL_UNIQUE
1399,0,,,0,0,ODD_CELL_UNIQUE
1400,0,,,0,0,ODD_CELL_UNIQUE
1401,0,,,0,0,ODD_CELL_UNIQUE
1402,0,,,0,0,ODD_CELL_UNIQUE
1403,0,,,0,0,ODD_CELL_UNIQUE
1404,0,,,0,0,ODD_CELL_UNIQUE
1405,0,,,0,0,ODD_CELL_UNIQUE
1406,0,,,0,0,ODD_CELL_UNIQUE
1407,0,,,0,0,ODD_CELL_UNIQUE
1408,0,,,0,0,ODD_CELL_UNIQUE
1409,0,,,0,0,ODD_CELL_UNIQUE
1410,0,,,0,0,ODD_CELL_UNIQUE
1411,0,,,0,0,ODD_CELL_UNIQUE
1412,0,,,0,0,ODD_CELL_UNIQUE
1413,0,,,0,0,ODD_CELL_UNIQUE
1414,0,126,126,0,1,ODD_CELL_UNIQUE
1415,0,,,0,0,ODD_CELL_UNIQUE
1416,0,,,0,0,ODD_CELL_UNIQUE
1417,0,,,0,0,ODD_CELL_UNIQUE
1418,0,,,0,0,ODD_CELL_UNIQUE
1419,0,,,0,0,ODD_CELL_UNIQUE
1420,0,,,0,0,ODD_CELL_UNIQUE
1421,0,,,0,0,ODD_CELL_UNIQUE
1422,0,,,0,0,ODD_CELL_UNIQUE
1423,0,,,0,0,ODD_CELL_UNIQUE
1424,0,,,0,0,ODD_CELL_UNIQUE
1425,0,,,0,0,ODD_CELL_UNIQUE
1426,0,,,0,0,ODD_CELL_UNIQUE
1427,0,,,0,0,ODD_CELL_UNIQUE
1428,0,,,0,0,ODD_CELL_UNIQUE
1429,0,,,0,0,ODD_CELL_UNIQUE
1430,0,,,0,0,ODD_CELL_UNIQUE
1431,1,127,127,1,0,ODD_CELL_UNIQUE
1432,0,,,0,0,ODD_CELL_UNIQUE
1433,0,,,0,0,ODD_CELL_UNIQUE
1434,0,,,0,0,ODD_CELL_UNIQUE
1435,0,,,0,0,ODD_CELL_UNIQUE
1436,0,,,0,0,ODD_CELL_UNIQUE
1437,0,,,0,0,ODD_CELL_UNIQUE
1438,0,,,0,0,ODD_CELL_UNIQUE
1439,0,,,0,0,ODD_CELL_UNIQUE
1440,0,,,0,0,ODD_CELL_UNIQUE
1441,0,,,0,0,ODD_CELL_UNIQUE
1442,0,,,0,0,ODD_CELL_UNIQUE
1443,0,,,0,0,ODD_CELL_UNIQUE
1444,0,,,0,0,ODD_CELL_UNIQUE
1445,0,,,0,0,ODD_CELL_UNIQUE
1446,0,,,0,0,ODD_CELL_UNIQUE
1447,0,,,0,0,ODD_CELL_UNIQUE
1448,0,128,128,0,1,ODD_CELL_UNIQUE
1449,0,,,0,0,ODD_CELL_UNIQUE
1450,0,,,0,0,ODD_CELL_UNIQUE
1451,0,,,0,0,ODD_CELL_UNIQUE
1452,0,,,0,0,ODD_CELL_UNIQUE
1453,0,,,0,0,ODD_CELL_UNIQUE
1454,0,,,0,0,ODD_CELL_UNIQUE
1455,0,,,0,0,ODD_CELL_UNIQUE
1456,0,,,0,0,ODD_CELL_UNIQUE
1457,0,,,0,0,ODD_CELL_UNIQUE
1458,0,,,0,0,ODD_CELL_UNIQUE
1459,0,,,0,0,ODD_CELL_UNIQUE
1460,0,,,0,0,ODD_CELL_UNIQUE
1461,0,,,0,0,ODD_CELL_UNIQUE
1462,0,,,0,0,ODD_CELL_UNIQUE
1463,0,,,0,0,ODD_CELL_UNIQUE
1464,0,,,0,0,ODD_CELL_UNIQUE
1465,1,129,129,1,0,ODD_CELL_UNIQUE
1466,0,,,0,0,ODD_CELL_UNIQUE
1467,0,,,0,0,ODD_CELL_UNIQUE
1468,0,,,0,0,ODD_CELL_UNIQUE
1469,0,,,0,0,ODD_CELL_UNIQUE
1470,0,,,0,0,ODD_CELL_UNIQUE
1471,0,,,0,0,ODD_CELL_UNIQUE
1472,0,,,0,0,ODD_CELL_UNIQUE
1473,0,,,0,0,ODD_CELL_UNIQUE
1474,0,,,0,0,ODD_CELL_UNIQUE
1475,0,,,0,0,ODD_CELL_UNIQUE
1476,0,,,0,0,ODD_CELL_UNIQUE
1477,0,,,0,0,ODD_CELL_UNIQUE
1478,0,,,0,0,ODD_CELL_UNIQUE
1479,0,,,0,0,ODD_CELL_UNIQUE
1480,0,,,0,0,ODD_CELL_UNIQUE
1481,0,,,0,0,ODD_CELL_UNIQUE
1482,0,130,130,0,1,ODD_CELL_UNIQUE
1483,0,,,0,0,ODD_CELL_UNIQUE
1484,0,,,0,0,ODD_CELL_UNIQUE
1485,0,,,0,0,ODD_CELL_UNIQUE
1486,0,,,0,0,ODD_CELL_UNIQUE
1487,0,,,0,0,ODD_CELL_UNIQUE
1488,0,,,0,0,ODD_CELL_UNIQUE
1489,0,,,0,0,ODD_CELL_UNIQUE
1490,0,,,0,0,ODD_CELL_UNIQUE
1491,0,,,0,0,ODD_CELL_UNIQUE
1492,0,,,0,0,ODD_CELL_UNIQUE
1493,0,,,0,0,ODD_CELL_UNIQUE
1494,0,,,0,0,ODD_CELL_UNIQUE
1495,0,,,0,0,ODD_CELL_UNIQUE
1496,0,,,0,0,ODD_CELL_UNIQUE
1497,0,,,0,0,ODD_CELL_UNIQUE
1498,0,,,0,0,ODD_CELL_UNIQUE
1499,1,131,131,1,0,ODD_CELL_UNIQUE
1500,0,,,0,0,ODD_CELL_UNIQUE
1501,0,,,0,0,ODD_CELL_UNIQUE
1502,0,,,0,0,ODD_CELL_UNIQUE
1503,0,,,0,0,ODD_CELL_UNIQUE
1504,0,,,0,0,ODD_CELL_UNIQUE
1505,0,,,0,0,ODD_CELL_UNIQUE
1506,0,,,0,0,ODD_CELL_UNIQUE
1507,0,,,0,0,ODD_CELL_UNIQUE
1508,0,,,0,0,ODD_CELL_UNIQUE
1509,0,,,0,0,ODD_CELL_UNIQUE
1510,0,,,0,0,ODD_CELL_UNIQUE
1511,0,,,0,0,ODD_CELL_UNIQUE
1512,0,,,0,0,ODD_CELL_UNIQUE
1513,0,,,0,0,ODD_CELL_UNIQUE
1514,0,,,0,0,ODD_CELL_UNIQUE
1515,0,,,0,0,ODD_CELL_UNIQUE
1516,0,132,132,0,1,ODD_CELL_UNIQUE
1517,0,,,0,0,ODD_CELL_UNIQUE
1518,0,,,0,0,ODD_CELL_UNIQUE
1519,0,,,0,0,ODD_CELL_UNIQUE
1520,0,,,0,0,ODD_CELL_UNIQUE
1521,0,,,0,0,ODD_CELL_UNIQUE
1522,0,,,0,0,ODD_CELL_UNIQUE
1523,0,,,0,0,ODD_CELL_UNIQUE
1524,0,,,0,0,ODD_CELL_UNIQUE
1525,0,,,0,0,ODD_CELL_UNIQUE
1526,0,,,0,0,ODD_CELL_UNIQUE
1527,0,,,0,0,ODD_CELL_UNIQUE
1528,0,,,0,0,ODD_CELL_UNIQUE
1529,0,,,0,0,ODD_CELL_UNIQUE
1530,0,,,0,0,ODD_CELL_UNIQUE
1531,0,,,0,0,ODD_CELL_UNIQUE
1532,0,,,0,0,ODD_CELL_UNIQUE
1533,1,133,133,1,0,ODD_CELL_UNIQUE
1534,0,,,0,0,ODD_CELL_UNIQUE
1535,0,,,0,0,ODD_CELL_UNIQUE
1536,0,,,0,0,ODD_CELL_UNIQUE
1537,0,,,0,0,ODD_CELL_UNIQUE
1538,0,,,0,0,ODD_CELL_UNIQUE
1539,0,,,0,0,ODD_CELL_UNIQUE
1540,0,,,0,0,ODD_CELL_UNIQUE
1541,0,,,0,0,ODD_CELL_UNIQUE
1542,0,,,0,0,ODD_CELL_UNIQUE
1543,0,,,0,0,ODD_CELL_UNIQUE
1544,0,,,0,0,ODD_CELL_UNIQUE
1545,0,,,0,0,ODD_CELL_UNIQUE
1546,0,,,0,0,ODD_CELL_UNIQUE
1547,0,,,0,0,ODD_CELL_UNIQUE
1548,0,,,0,0,ODD_CELL_UNIQUE
1549,0,,,0,0,ODD_CELL_UNIQUE
1550,0,,,0,0,ODD_CELL_UNIQUE
1551,0,134,134,0,1,ODD_CELL_UNIQUE
1552,0,,,0,0,ODD_CELL_UNIQUE
1553,0,,,0,0,ODD_CELL_UNIQUE
1554,0,,,0,0,ODD_CELL_UNIQUE
1555,0,,,0,0,ODD_CELL_UNIQUE
1556,0,,,0,0,ODD_CELL_UNIQUE
1557,0,,,0,0,ODD_CELL_UNIQUE
1558,0,,,0,0,ODD_CELL_UNIQUE
1559,0,,,0,0,ODD_CELL_UNIQUE
1560,0,,,0,0,ODD_CELL_UNIQUE
1561,0,,,0,0,ODD_CELL_UNIQUE
1562,0,,,0,0,ODD_CELL_UNIQUE
1563,0,,,0,0,ODD_CELL_UNIQUE
1564,0,,,0,0,ODD_CELL_UNIQUE
1565,0,,,0,0,ODD_CELL_UNIQUE
1566,0,,,0,0,ODD_CELL_UNIQUE
1567,0,,,0,0,ODD_CELL_UNIQUE
1568,1,135,135,1,0,ODD_CELL_UNIQUE
1569,0,,,0,0,ODD_CELL_UNIQUE
1570,0,,,0,0,ODD_CELL_UNIQUE
1571,0,,,0,0,ODD_CELL_UNIQUE
1572,0,,,0,0,ODD_CELL_UNIQUE
1573,0,,,0,0,ODD_CELL_UNIQUE
1574,0,,,0,0,ODD_CELL_UNIQUE
1575,0,,,0,0,ODD_CELL_UNIQUE
1576,0,,,0,0,ODD_CELL_UNIQUE
1577,0,,,0,0,ODD_CELL_UNIQUE
1578,0,,,0,0,ODD_CELL_UNIQUE
1579,0,,,0,0,ODD_CELL_UNIQUE
1580,0,,,0,0,ODD_CELL_UNIQUE
1581,0,,,0,0,ODD_CELL_UNIQUE
1582,0,,,0,0,ODD_CELL_UNIQUE
1583,0,,,0,0,ODD_CELL_UNIQUE
1584,0,,,0,0,ODD_CELL_UNIQUE
1585,0,,,0,0,ODD_CELL_UNIQUE
1586,0,136,136,0,1,ODD_CELL_UNIQUE
1587,0,,,0,0,ODD_CELL_UNIQUE
1588,0,,,0,0,ODD_CELL_UNIQUE
1589,0,,,0,0,ODD_CELL_UNIQUE
1590,0,,,0,0,ODD_CELL_UNIQUE
1591,0,,,0,0,ODD_CELL_UNIQUE
1592,0,,,0,0,ODD_CELL_UNIQUE
1593,0,,,0,0,ODD_CELL_UNIQUE
1594,0,,,0,0,ODD_CELL_UNIQUE
1595,0,,,0,0,ODD_CELL_UNIQUE
1596,0,,,0,0,ODD_CELL_UNIQUE
1597,0,,,0,0,ODD_CELL_UNIQUE
1598,0,,,0,0,ODD_CELL_UNIQUE
1599,0,,,0,0,ODD_CELL_UNIQUE
1600,0,,,0,0,ODD_CELL_UNIQUE
1601,0,,,0,0,ODD_CELL_UNIQUE
1602,0,,,0,0,ODD_CELL_UNIQUE
1603,1,137,137,1,0,ODD_CELL_UNIQUE
1604,0,,,0,0,ODD_CELL_UNIQUE
1605,0,,,0,0,ODD_CELL_UNIQUE
1606,0,,,0,0,ODD_CELL_UNIQUE
1607,0,,,0,0,ODD_CELL_UNIQUE
1608,0,,,0,0,ODD_CELL_UNIQUE
1609,0,,,0,0,ODD_CELL_UNIQUE
1610,0,,,0,0,ODD_CELL_UNIQUE
1611,0,,,0,0,ODD_CELL_UNIQUE
1612,0,,,0,0,ODD_CELL_UNIQUE
1613,0,,,0,0,ODD_CELL_UNIQUE
1614,0,,,0,0,ODD_CELL_UNIQUE
1615,0,,,0,0,ODD_CELL_UNIQUE
1616,0,,,0,0,ODD_CELL_UNIQUE
1617,0,,,0,0,ODD_CELL_UNIQUE
1618,0,,,0,0,ODD_CELL_UNIQUE
1619,0,,,0,0,ODD_CELL_UNIQUE
1620,0,,,0,0,ODD_CELL_UNIQUE
1621,0,138,138,0,1,ODD_CELL_UNIQUE
1622,0,,,0,0,ODD_CELL_UNIQUE
1623,0,,,0,0,ODD_CELL_UNIQUE
1624,0,,,0,0,ODD_CELL_UNIQUE
1625,0,,,0,0,ODD_CELL_UNIQUE
1626,0,,,0,0,ODD_CELL_UNIQUE
1627,0,,,0,0,ODD_CELL_UNIQUE
1628,0,,,0,0,ODD_CELL_UNIQUE
1629,0,,,0,0,ODD_CELL_UNIQUE
1630,0,,,0,0,ODD_CELL_UNIQUE
1631,0,,,0,0,ODD_CELL_UNIQUE
1632,0,,,0,0,ODD_CELL_UNIQUE
1633,0,,,0,0,ODD_CELL_UNIQUE
1634,0,,,0,0,ODD_CELL_UNIQUE
1635,0,,,0,0,ODD_CELL_UNIQUE
1636,0,,,0,0,ODD_CELL_UNIQUE
1637,0,,,0,0,ODD_CELL_UNIQUE
1638,1,139,139,1,0,ODD_CELL_UNIQUE
1639,0,,,0,0,ODD_CELL_UNIQUE
1640,0,,,0,0,ODD_CELL_UNIQUE
1641,0,,,0,0,ODD_CELL_UNIQUE
1642,0,,,0,0,ODD_CELL_UNIQUE
1643,0,,,0,0,ODD_CELL_UNIQUE
1644,0,,,0,0,ODD_CELL_UNIQUE
1645,0,,,0,0,ODD_CELL_UNIQUE
1646,0,,,0,0,ODD_CELL_UNIQUE
1647,0,,,0,0,ODD_CELL_UNIQUE
1648,0,,,0,0,ODD_CELL_UNIQUE
1649,0,,,0,0,ODD_CELL_UNIQUE
1650,0,,,0,0,ODD_CELL_UNIQUE
1651,0,,,0,0,ODD_CELL_UNIQUE
1652,0,,,0,0,ODD_CELL_UNIQUE
1653,0,,,0,0,ODD_CELL_UNIQUE
1654,0,,,0,0,ODD_CELL_UNIQUE
1655,0,,,0,0,ODD_CELL_UNIQUE
1656,0,140,140,0,1,ODD_CELL_UNIQUE
1657,0,,,0,0,ODD_CELL_UNIQUE
1658,0,,,0,0,ODD_CELL_UNIQUE
1659,0,,,0,0,ODD_CELL_UNIQUE
1660,0,,,0,0,ODD_CELL_UNIQUE
1661,0,,,0,0,ODD_CELL_UNIQUE
1662,0,,,0,0,ODD_CELL_UNIQUE
1663,0,,,0,0,ODD_CELL_UNIQUE
1664,0,,,0,0,ODD_CELL_UNIQUE
1665,0,,,0,0,ODD_CELL_UNIQUE
1666,0,,,0,0,ODD_CELL_UNIQUE
1667,0,,,0,0,ODD_CELL_UNIQUE
1668,0,,,0,0,ODD_CELL_UNIQUE
1669,0,,,0,0,ODD_CELL_UNIQUE
1670,0,,,0,0,ODD_CELL_UNIQUE
1671,0,,,0,0,ODD_CELL_UNIQUE
1672,0,,,0,0,ODD_CELL_UNIQUE
1673,0,,,0,0,ODD_CELL_UNIQUE
1674,1,141,141,1,0,ODD_CELL_UNIQUE
1675,0,,,0,0,ODD_CELL_UNIQUE
1676,0,,,0,0,ODD_CELL_UNIQUE
1677,0,,,0,0,ODD_CELL_UNIQUE
1678,0,,,0,0,ODD_CELL_UNIQUE
1679,0,,,0,0,ODD_CELL_UNIQUE
1680,0,,,0,0,ODD_CELL_UNIQUE
1681,0,,,0,0,ODD_CELL_UNIQUE
1682,0,,,0,0,ODD_CELL_UNIQUE
1683,0,,,0,0,ODD_CELL_UNIQUE
1684,0,,,0,0,ODD_CELL_UNIQUE
1685,0,,,0,0,ODD_CELL_UNIQUE
1686,0,,,0,0,ODD_CELL_UNIQUE
1687,0,,,0,0,ODD_CELL_UNIQUE
1688,0,,,0,0,ODD_CELL_UNIQUE
1689,0,,,0,0,ODD_CELL_UNIQUE
1690,0,,,0,0,ODD_CELL_UNIQUE
1691,0,,,0,0,ODD_CELL_UNIQUE
1692,0,142,142,0,1,ODD_CELL_UNIQUE
1693,0,,,0,0,ODD_CELL_UNIQUE
1694,0,,,0,0,ODD_CELL_UNIQUE
1695,0,,,0,0,ODD_CELL_UNIQUE
1696,0,,,0,0,ODD_CELL_UNIQUE
1697,0,,,0,0,ODD_CELL_UNIQUE
1698,0,,,0,0,ODD_CELL_UNIQUE
1699,0,,,0,0,ODD_CELL_UNIQUE
1700,0,,,0,0,ODD_CELL_UNIQUE
1701,0,,,0,0,ODD_CELL_UNIQUE
1702,0,,,0,0,ODD_CELL_UNIQUE
1703,0,,,0,0,ODD_CELL_UNIQUE
1704,0,,,0,0,ODD_CELL_UNIQUE
1705,0,,,0,0,ODD_CELL_UNIQUE
1706,0,,,0,0,ODD_CELL_UNIQUE
1707,0,,,0,0,ODD_CELL_UNIQUE
1708,0,,,0,0,ODD_CELL_UNIQUE
1709,0,,,0,0,ODD_CELL_UNIQUE
1710,1,143,143,1,0,ODD_CELL_UNIQUE
1711,0,,,0,0,ODD_CELL_UNIQUE
1712,0,,,0,0,ODD_CELL_UNIQUE
1713,0,,,0,0,ODD_CELL_UNIQUE
1714,0,,,0,0,ODD_CELL_UNIQUE
1715,0,,,0,0,ODD_CELL_UNIQUE
1716,0,,,0,0,ODD_CELL_UNIQUE
1717,0,,,0,0,ODD_CELL_UNIQUE
1718,0,,,0,0,ODD_CELL_UNIQUE
1719,0,,,0,0,ODD_CELL_UNIQUE
1720,0,,,0,0,ODD_CELL_UNIQUE
1721,0,,,0,0,ODD_CELL_UNIQUE
1722,0,,,0,0,ODD_CELL_UNIQUE
1723,0,,,0,0,ODD_CELL_UNIQUE
1724,0,,,0,0,ODD_CELL_UNIQUE
1725,0,,,0,0,ODD_CELL_UNIQUE
1726,0,,,0,0,ODD_CELL_UNIQUE
1727,0,,,0,0,ODD_CELL_UNIQUE
1728,0,144,144,0,1,ODD_CELL_UNIQUE
1729,0,,,0,0,ODD_CELL_UNIQUE
1730,0,,,0,0,ODD_CELL_UNIQUE
1731,0,,,0,0,ODD_CELL_UNIQUE
1732,0,,,0,0,ODD_CELL_UNIQUE
1733,0,,,0,0,ODD_CELL_UNIQUE
1734,0,,,0,0,ODD_CELL_UNIQUE
1735,0,,,0,0,ODD_CELL_UNIQUE
1736,0,,,0,0,ODD_CELL_UNIQUE
1737,0,,,0,0,ODD_CELL_UNIQUE
1738,0,,,0,0,ODD_CELL_UNIQUE
1739,0,,,0,0,ODD_CELL_UNIQUE
1740,0,,,0,0,ODD_CELL_UNIQUE
1741,0,,,0,0,ODD_CELL_UNIQUE
1742,0,,,0,0,ODD_CELL_UNIQUE
1743,0,,,0,0,ODD_CELL_UNIQUE
1744,0,,,0,0,ODD_CELL_UNIQUE
1745,0,,,0,0,ODD_CELL_UNIQUE
1746,1,145,145,1,0,ODD_CELL_UNIQUE
1747,0,,,0,0,ODD_CELL_UNIQUE
1748,0,,,0,0,ODD_CELL_UNIQUE
1749,0,,,0,0,ODD_CELL_UNIQUE
1750,0,,,0,0,ODD_CELL_UNIQUE
1751,0,,,0,0,ODD_CELL_UNIQUE
1752,0,,,0,0,ODD_CELL_UNIQUE
1753,0,,,0,0,ODD_CELL_UNIQUE
1754,0,,,0,0,ODD_CELL_UNIQUE
1755,0,,,0,0,ODD_CELL_UNIQUE
1756,0,,,0,0,ODD_CELL_UNIQUE
1757,0,,,0,0,ODD_CELL_UNIQUE
1758,0,,,0,0,ODD_CELL_UNIQUE
1759,0,,,0,0,ODD_CELL_UNIQUE
1760,0,,,0,0,ODD_CELL_UNIQUE
1761,0,,,0,0,ODD_CELL_UNIQUE
1762,0,,,0,0,ODD_CELL_UNIQUE
1763,0,,,0,0,ODD_CELL_UNIQUE
1764,0,146,146,0,1,ODD_CELL_UNIQUE
1765,0,,,0,0,ODD_CELL_UNIQUE
1766,0,,,0,0,ODD_CELL_UNIQUE
1767,0,,,0,0,ODD_CELL_UNIQUE
1768,0,,,0,0,ODD_CELL_UNIQUE
1769,0,,,0,0,ODD_CELL_UNIQUE
1770,0,,,0,0,ODD_CELL_UNIQUE
1771,0,,,0,0,ODD_CELL_UNIQUE
1772,0,,,0,0,ODD_CELL_UNIQUE
1773,0,,,0,0,ODD_CELL_UNIQUE
1774,0,,,0,0,ODD_CELL_UNIQUE
1775,0,,,0,0,ODD_CELL_UNIQUE
1776,0,,,0,0,ODD_CELL_UNIQUE
1777,0,,,0,0,ODD_CELL_UNIQUE
1778,0,,,0,0,ODD_CELL_UNIQUE
1779,0,,,0,0,ODD_CELL_UNIQUE
1780,0,,,0,0,ODD_CELL_UNIQUE
1781,0,,,0,0,ODD_CELL_UNIQUE
1782,1,147,147,1,0,ODD_CELL_UNIQUE
1783,0,,,0,0,ODD_CELL_UNIQUE
1784,0,,,0,0,ODD_CELL_UNIQUE
1785,0,,,0,0,ODD_CELL_UNIQUE
1786,0,,,0,0,ODD_CELL_UNIQUE
1787,0,,,0,0,ODD_CELL_UNIQUE
1788,0,,,0,0,ODD_CELL_UNIQUE
1789,0,,,0,0,ODD_CELL_UNIQUE
1790,0,,,0,0,ODD_CELL_UNIQUE
1791,0,,,0,0,ODD_CELL_UNIQUE
1792,0,,,0,0,ODD_CELL_UNIQUE
1793,0,,,0,0,ODD_CELL_UNIQUE
1794,0,,,0,0,ODD_CELL_UNIQUE
1795,0,,,0,0,ODD_CELL_UNIQUE
1796,0,,,0,0,ODD_CELL_UNIQUE
1797,0,,,0,0,ODD_CELL_UNIQUE
1798,0,,,0,0,ODD_CELL_UNIQUE
1799,0,,,0,0,ODD_CELL_UNIQUE
1800,0,148,148,0,1,ODD_CELL_UNIQUE
1801,0,,,0,0,ODD_CELL_UNIQUE
1802,0,,,0,0,ODD_CELL_UNIQUE
1803,0,,,0,0,ODD_CELL_UNIQUE
1804,0,,,0,0,ODD_CELL_UNIQUE
1805,0,,,0,0,ODD_CELL_UNIQUE
1806,0,,,0,0,ODD_CELL_UNIQUE
1807,0,,,0,0,ODD_CELL_UNIQUE
1808,0,,,0,0,ODD_CELL_UNIQUE
1809,0,,,0,0,ODD_CELL_UNIQUE
1810,0,,,0,0,ODD_CELL_UNIQUE
1811,0,,,0,0,ODD_CELL_UNIQUE
1812,0,,,0,0,ODD_CELL_UNIQUE
1813,0,,,0,0,ODD_CELL_UNIQUE
1814,0,,,0,0,ODD_CELL_UNIQUE
1815,0,,,0,0,ODD_CELL_UNIQUE
1816,0,,,0,0,ODD_CELL_UNIQUE
1817,0,,,0,0,ODD_CELL_UNIQUE
1818,1,149,149,1,0,ODD_CELL_UNIQUE
1819,0,,,0,0,ODD_CELL_UNIQUE
1820,0,,,0,0,ODD_CELL_UNIQUE
1821,0,,,0,0,ODD_CELL_UNIQUE
1822,0,,,0,0,ODD_CELL_UNIQUE
1823,0,,,0,0,ODD_CELL_UNIQUE
1824,0,,,0,0,ODD_CELL_UNIQUE
1825,0,,,0,0,ODD_CELL_UNIQUE
1826,0,,,0,0,ODD_CELL_UNIQUE
1827,0,,,0,0,ODD_CELL_UNIQUE
1828,0,,,0,0,ODD_CELL_UNIQUE
1829,0,,,0,0,ODD_CELL_UNIQUE
1830,0,,,0,0,ODD_CELL_UNIQUE
1831,0,,,0,0,ODD_CELL_UNIQUE
1832,0,,,0,0,ODD_CELL_UNIQUE
1833,0,,,0,0,ODD_CELL_UNIQUE
1834,0,,,0,0,ODD_CELL_UNIQUE
1835,0,,,0,0,ODD_CELL_UNIQUE
1836,0,,,0,0,ODD_CELL_UNIQUE
1837,0,150,150,0,1,ODD_CELL_UNIQUE
1838,0,,,0,0,ODD_CELL_UNIQUE
1839,0,,,0,0,ODD_CELL_UNIQUE
1840,0,,,0,0,ODD_CELL_UNIQUE
1841,0,,,0,0,ODD_CELL_UNIQUE
1842,0,,,0,0,ODD_CELL_UNIQUE
1843,0,,,0,0,ODD_CELL_UNIQUE
1844,0,,,0,0,ODD_CELL_UNIQUE
1845,0,,,0,0,ODD_CELL_UNIQUE
1846,0,,,0,0,ODD_CELL_UNIQUE
1847,0,,,0,0,ODD_CELL_UNIQUE
1848,0,,,0,0,ODD_CELL_UNIQUE
1849,0,,,0,0,ODD_CELL_UNIQUE
1850,0,,,0,0,ODD_CELL_UNIQUE
1851,0,,,0,0,ODD_CELL_UNIQUE
1852,0,,,0,0,ODD_CELL_UNIQUE
1853,0,,,0,0,ODD_CELL_UNIQUE
1854,0,,,0,0,ODD_CELL_UNIQUE
1855,1,151,151,1,0,ODD_CELL_UNIQUE
1856,0,,,0,0,ODD_CELL_UNIQUE
1857,0,,,0,0,ODD_CELL_UNIQUE
1858,0,,,0,0,ODD_CELL_UNIQUE
1859,0,,,0,0,ODD_CELL_UNIQUE
1860,0,,,0,0,ODD_CELL_UNIQUE
1861,0,,,0,0,ODD_CELL_UNIQUE
1862,0,,,0,0,ODD_CELL_UNIQUE
1863,0,,,0,0,ODD_CELL_UNIQUE
1864,0,,,0,0,ODD_CELL_UNIQUE
1865,0,,,0,0,ODD_CELL_UNIQUE
1866,0,,,0,0,ODD_CELL_UNIQUE
1867,0,,,0,0,ODD_CELL_UNIQUE
1868,0,,,0,0,ODD_CELL_UNIQUE
1869,0,,,0,0,ODD_CELL_UNIQUE
1870,0,,,0,0,ODD_CELL_UNIQUE
1871,0,,,0,0,ODD_CELL_UNIQUE
1872,0,,,0,0,ODD_CELL_UNIQUE
1873,0,152,152,0,1,ODD_CELL_UNIQUE
1874,0,,,0,0,ODD_CELL_UNIQUE
1875,0,,,0,0,ODD_CELL_UNIQUE
1876,0,,,0,0,ODD_CELL_UNIQUE
1877,0,,,0,0,ODD_CELL_UNIQUE
1878,0,,,0,0,ODD_CELL_UNIQUE
1879,0,,,0,0,ODD_CELL_UNIQUE
1880,0,,,0,0,ODD_CELL_UNIQUE
1881,0,,,0,0,ODD_CELL_UNIQUE
1882,0,,,0,0,ODD_CELL_UNIQUE
1883,0,,,0,0,ODD_CELL_UNIQUE
1884,0,,,0,0,ODD_CELL_UNIQUE
1885,0,,,0,0,ODD_CELL_UNIQUE
1886,0,,,0,0,ODD_CELL_UNIQUE
1887,0,,,0,0,ODD_CELL_UNIQUE
1888,0,,,0,0,ODD_CELL_UNIQUE
1889,0,,,0,0,ODD_CELL_UNIQUE
1890,0,,,0,0,ODD_CELL_UNIQUE
1891,0,,,0,0,ODD_CELL_UNIQUE
1892,1,153,153,1,0,ODD_CELL_UNIQUE
1893,0,,,0,0,ODD_CELL_UNIQUE
1894,0,,,0,0,ODD_CELL_UNIQUE
1895,0,,,0,0,ODD_CELL_UNIQUE
1896,0,,,0,0,ODD_CELL_UNIQUE
1897,0,,,0,0,ODD_CELL_UNIQUE
1898,0,,,0,0,ODD_CELL_UNIQUE
1899,0,,,0,0,ODD_CELL_UNIQUE
1900,0,,,0,0,ODD_CELL_UNIQUE
1901,0,,,0,0,ODD_CELL_UNIQUE
1902,0,,,0,0,ODD_CELL_UNIQUE
1903,0,,,0,0,ODD_CELL_UNIQUE
1904,0,,,0,0,ODD_CELL_UNIQUE
1905,0,,,0,0,ODD_CELL_UNIQUE
1906,0,,,0,0,ODD_CELL_UNIQUE
1907,0,,,0,0,ODD_CELL_UNIQUE
1908,0,,,0,0,ODD_CELL_UNIQUE
1909,0,,,0,0,ODD_CELL_UNIQUE
1910,0,,,0,0,ODD_CELL_UNIQUE
1911,0,154,154,0,1,ODD_CELL_UNIQUE
1912,0,,,0,0,ODD_CELL_UNIQUE
1913,0,,,0,0,ODD_CELL_UNIQUE
1914,0,,,0,0,ODD_CELL_UNIQUE
1915,0,,,0,0,ODD_CELL_UNIQUE
1916,0,,,0,0,ODD_CELL_UNIQUE
1917,0,,,0,0,ODD_CELL_UNIQUE
1918,0,,,0,0,ODD_CELL_UNIQUE
1919,0,,,0,0,ODD_CELL_UNIQUE
1920,0,,,0,0,ODD_CELL_UNIQUE
1921,0,,,0,0,ODD_CELL_UNIQUE
1922,0,,,0,0,ODD_CELL_UNIQUE
1923,0,,,0,0,ODD_CELL_UNIQUE
1924,0,,,0,0,ODD_CELL_UNIQUE
1925,0,,,0,0,ODD_CELL_UNIQUE
1926,0,,,0,0,ODD_CELL_UNIQUE
1927,0,,,0,0,ODD_CELL_UNIQUE
1928,0,,,0,0,ODD_CELL_UNIQUE
1929,1,155,155,1,0,ODD_CELL_UNIQUE
1930,0,,,0,0,ODD_CELL_UNIQUE
1931,0,,,0,0,ODD_CELL_UNIQUE
1932,0,,,0,0,ODD_CELL_UNIQUE
1933,0,,,0,0,ODD_CELL_UNIQUE
1934,0,,,0,0,ODD_CELL_UNIQUE
1935,0,,,0,0,ODD_CELL_UNIQUE
1936,0,,,0,0,ODD_CELL_UNIQUE
1937,0,,,0,0,ODD_CELL_UNIQUE
1938,0,,,0,0,ODD_CELL_UNIQUE
1939,0,,,0,0,ODD_CELL_UNIQUE
1940,0,,,0,0,ODD_CELL_UNIQUE
1941,0,,,0,0,ODD_CELL_UNIQUE
1942,0,,,0,0,ODD_CELL_UNIQUE
1943,0,,,0,0,ODD_CELL_UNIQUE
1944,0,,,0,0,ODD_CELL_UNIQUE
1945,0,,,0,0,ODD_CELL_UNIQUE
1946,0,,,0,0,ODD_CELL_UNIQUE
1947,0,,,0,0,ODD_CELL_UNIQUE
1948,0,156,156,0,1,ODD_CELL_UNIQUE
1949,0,,,0,0,ODD_CELL_UNIQUE
1950,0,,,0,0,ODD_CELL_UNIQUE
1951,0,,,0,0,ODD_CELL_UNIQUE
1952,0,,,0,0,ODD_CELL_UNIQUE
1953,0,,,0,0,ODD_CELL_UNIQUE
1954,0,,,0,0,ODD_CELL_UNIQUE
1955,0,,,0,0,ODD_CELL_UNIQUE
1956,0,,,0,0,ODD_CELL_UNIQUE
1957,0,,,0,0,ODD_CELL_UNIQUE
1958,0,,,0,0,ODD_CELL_UNIQUE
1959,0,,,0,0,ODD_CELL_UNIQUE
1960,0,,,0,0,ODD_CELL_UNIQUE
1961,0,,,0,0,ODD_CELL_UNIQUE
1962,0,,,0,0,ODD_CELL_UNIQUE
1963,0,,,0,0,ODD_CELL_UNIQUE
1964,0,,,0,0,ODD_CELL_UNIQUE
1965,0,,,0,0,ODD_CELL_UNIQUE
1966,0,,,0,0,ODD_CELL_UNIQUE
1967,1,157,157,1,0,ODD_CELL_UNIQUE
1968,0,,,0,0,ODD_CELL_UNIQUE
1969,0,,,0,0,ODD_CELL_UNIQUE
1970,0,,,0,0,ODD_CELL_UNIQUE
1971,0,,,0,0,ODD_CELL_UNIQUE
1972,0,,,0,0,ODD_CELL_UNIQUE
1973,0,,,0,0,ODD_CELL_UNIQUE
1974,0,,,0,0,ODD_CELL_UNIQUE
1975,0,,,0,0,ODD_CELL_UNIQUE
1976,0,,,0,0,ODD_CELL_UNIQUE
1977,0,,,0,0,ODD_CELL_UNIQUE
1978,0,,,0,0,ODD_CELL_UNIQUE
1979,0,,,0,0,ODD_CELL_UNIQUE
1980,0,,,0,0,ODD_CELL_UNIQUE
1981,0,,,0,0,ODD_CELL_UNIQUE
1982,0,,,0,0,ODD_CELL_UNIQUE
1983,0,,,0,0,ODD_CELL_UNIQUE
1984,0,,,0,0,ODD_CELL_UNIQUE
1985,0,,,0,0,ODD_CELL_UNIQUE
1986,0,158,158,0,1,ODD_CELL_UNIQUE
1987,0,,,0,0,ODD_CELL_UNIQUE
1988,0,,,0,0,ODD_CELL_UNIQUE
1989,0,,,0,0,ODD_CELL_UNIQUE
1990,0,,,0,0,ODD_CELL_UNIQUE
1991,0,,,0,0,ODD_CELL_UNIQUE
1992,0,,,0,0,ODD_CELL_UNIQUE
1993,0,,,0,0,ODD_CELL_UNIQUE
1994,0,,,0,0,ODD_CELL_UNIQUE
1995,0,,,0,0,ODD_CELL_UNIQUE
1996,0,,,0,0,ODD_CELL_UNIQUE
1997,0,,,0,0,ODD_CELL_UNIQUE
1998,0,,,0,0,ODD_CELL_UNIQUE
1999,0,,,0,0,ODD_CELL_UNIQUE
2000,0,,,0,0,ODD_CELL_UNIQUE
2001,0,,,0,0,ODD_CELL_UNIQUE
2002,0,,,0,0,ODD_CELL_UNIQUE
2003,0,,,0,0,ODD_CELL_UNIQUE
2004,1,159,159,1,0,ODD_CELL_UNIQUE
2005,0,,,0,0,ODD_CELL_UNIQUE
2006,0,,,0,0,ODD_CELL_UNIQUE
2007,0,,,0,0,ODD_CELL_UNIQUE
2008,0,,,0,0,ODD_CELL_UNIQUE
2009,0,,,0,0,ODD_CELL_UNIQUE
2010,0,,,0,0,ODD_CELL_UNIQUE
2011,0,,,0,0,ODD_CELL_UNIQUE
2012,0,,,0,0,ODD_CELL_UNIQUE
2013,0,,,0,0,ODD_CELL_UNIQUE
2014,0,,,0,0,ODD_CELL_UNIQUE
2015,0,,,0,0,ODD_CELL_UNIQUE
2016,0,,,0,0,ODD_CELL_UNIQUE
2017,0,,,0,0,ODD_CELL_UNIQUE
2018,0,,,0,0,ODD_CELL_UNIQUE
2019,0,,,0,0,ODD_CELL_UNIQUE
2020,0,,,0,0,ODD_CELL_UNIQUE
2021,0,,,0,0,ODD_CELL_UNIQUE
2022,0,,,0,0,ODD_CELL_UNIQUE
2023,0,160,160,0,1,ODD_CELL_UNIQUE
2024,0,,,0,0,ODD_CELL_UNIQUE
2025,0,,,0,0,ODD_CELL_UNIQUE
2026,0,,,0,0,ODD_CELL_UNIQUE
2027,0,,,0,0,ODD_CELL_UNIQUE
2028,0,,,0,0,ODD_CELL_UNIQUE
2029,0,,,0,0,ODD_CELL_UNIQUE
2030,0,,,0,0,ODD_CELL_UNIQUE
2031,0,,,0,0,ODD_CELL_UNIQUE
2032,0,,,0,0,ODD_CELL_UNIQUE
2033,0,,,0,0,ODD_CELL_UNIQUE
2034,0,,,0,0,ODD_CELL_UNIQUE
2035,0,,,0,0,ODD_CELL_UNIQUE
2036,0,,,0,0,ODD_CELL_UNIQUE
2037,0,,,0,0,ODD_CELL_UNIQUE
2038,0,,,0,0,ODD_CELL_UNIQUE
2039,0,,,0,0,ODD_CELL_UNIQUE
2040,0,,,0,0,ODD_CELL_UNIQUE
2041,0,,,0,0,ODD_CELL_UNIQUE
2042,1,161,161,1,0,ODD_CELL_UNIQUE
2043,0,,,0,0,ODD_CELL_UNIQUE
2044,0,,,0,0,ODD_CELL_UNIQUE
2045,0,,,0,0,ODD_CELL_UNIQUE
2046,0,,,0,0,ODD_CELL_UNIQUE
2047,0,,,0,0,ODD_CELL_UNIQUE
2048,0,,,0,0,ODD_CELL_UNIQUE
2049,0,,,0,0,ODD_CELL_UNIQUE
2050,0,,,0,0,ODD_CELL_UNIQUE
2051,0,,,0,0,ODD_CELL_UNIQUE
2052,0,,,0,0,ODD_CELL_UNIQUE
2053,0,,,0,0,ODD_CELL_UNIQUE
2054,0,,,0,0,ODD_CELL_UNIQUE
2055,0,,,0,0,ODD_CELL_UNIQUE
2056,0,,,0,0,ODD_CELL_UNIQUE
2057,0,,,0,0,ODD_CELL_UNIQUE
2058,0,,,0,0,ODD_CELL_UNIQUE
2059,0,,,0,0,ODD_CELL_UNIQUE
2060,0,,,0,0,ODD_CELL_UNIQUE
2061,0,162,162,0,1,ODD_CELL_UNIQUE
2062,0,,,0,0,ODD_CELL_UNIQUE
2063,0,,,0,0,ODD_CELL_UNIQUE
2064,0,,,0,0,ODD_CELL_UNIQUE
2065,0,,,0,0,ODD_CELL_UNIQUE
2066,0,,,0,0,ODD_CELL_UNIQUE
2067,0,,,0,0,ODD_CELL_UNIQUE
2068,0,,,0,0,ODD_CELL_UNIQUE
2069,0,,,0,0,ODD_CELL_UNIQUE
2070,0,,,0,0,ODD_CELL_UNIQUE
2071,0,,,0,0,ODD_CELL_UNIQUE
2072,0,,,0,0,ODD_CELL_UNIQUE
2073,0,,,0,0,ODD_CELL_UNIQUE
2074,0,,,0,0,ODD_CELL_UNIQUE
2075,0,,,0,0,ODD_CELL_UNIQUE
2076,0,,,0,0,ODD_CELL_UNIQUE
2077,0,,,0,0,ODD_CELL_UNIQUE
2078,0,,,0,0,ODD_CELL_UNIQUE
2079,0,,,0,0,ODD_CELL_UNIQUE
2080,0,,,0,0,ODD_CELL_UNIQUE
2081,1,163,163,1,0,ODD_CELL_UNIQUE
2082,0,,,0,0,ODD_CELL_UNIQUE
2083,0,,,0,0,ODD_CELL_UNIQUE
2084,0,,,0,0,ODD_CELL_UNIQUE
2085,0,,,0,0,ODD_CELL_UNIQUE
2086,0,,,0,0,ODD_CELL_UNIQUE
2087,0,,,0,0,ODD_CELL_UNIQUE
2088,0,,,0,0,ODD_CELL_UNIQUE
2089,0,,,0,0,ODD_CELL_UNIQUE
2090,0,,,0,0,ODD_CELL_UNIQUE
2091,0,,,0,0,ODD_CELL_UNIQUE
2092,0,,,0,0,ODD_CELL_UNIQUE
2093,0,,,0,0,ODD_CELL_UNIQUE
2094,0,,,0,0,ODD_CELL_UNIQUE
2095,0,,,0,0,ODD_CELL_UNIQUE
2096,0,,,0,0,ODD_CELL_UNIQUE
2097,0,,,0,0,ODD_CELL_UNIQUE
2098,0,,,0,0,ODD_CELL_UNIQUE
2099,0,,,0,0,ODD_CELL_UNIQUE
2100,0,164,164,0,1,ODD_CELL_UNIQUE
2101,0,,,0,0,ODD_CELL_UNIQUE
2102,0,,,0,0,ODD_CELL_UNIQUE
2103,0,,,0,0,ODD_CELL_UNIQUE
2104,0,,,0,0,ODD_CELL_UNIQUE
2105,0,,,0,0,ODD_CELL_UNIQUE
2106,0,,,0,0,ODD_CELL_UNIQUE
2107,0,,,0,0,ODD_CELL_UNIQUE
2108,0,,,0,0,ODD_CELL_UNIQUE
2109,0,,,0,0,ODD_CELL_UNIQUE
2110,0,,,0,0,ODD_CELL_UNIQUE
2111,0,,,0,0,ODD_CELL_UNIQUE
2112,0,,,0,0,ODD_CELL_UNIQUE
2113,0,,,0,0,ODD_CELL_UNIQUE
2114,0,,,0,0,ODD_CELL_UNIQUE
2115,0,,,0,0,ODD_CELL_UNIQUE
2116,0,,,0,0,ODD_CELL_UNIQUE
2117,0,,,0,0,ODD_CELL_UNIQUE
2118,0,,,0,0,ODD_CELL_UNIQUE
2119,1,165,165,1,0,ODD_CELL_UNIQUE
2120,0,,,0,0,ODD_CELL_UNIQUE
2121,0,,,0,0,ODD_CELL_UNIQUE
2122,0,,,0,0,ODD_CELL_UNIQUE
2123,0,,,0,0,ODD_CELL_UNIQUE
2124,0,,,0,0,ODD_CELL_UNIQUE
2125,0,,,0,0,ODD_CELL_UNIQUE
2126,0,,,0,0,ODD_CELL_UNIQUE
2127,0,,,0,0,ODD_CELL_UNIQUE
2128,0,,,0,0,ODD_CELL_UNIQUE
2129,0,,,0,0,ODD_CELL_UNIQUE
2130,0,,,0,0,ODD_CELL_UNIQUE
2131,0,,,0,0,ODD_CELL_UNIQUE
2132,0,,,0,0,ODD_CELL_UNIQUE
2133,0,,,0,0,ODD_CELL_UNIQUE
2134,0,,,0,0,ODD_CELL_UNIQUE
2135,0,,,0,0,ODD_CELL_UNIQUE
2136,0,,,0,0,ODD_CELL_UNIQUE
2137,0,,,0,0,ODD_CELL_UNIQUE
2138,0,166,166,0,1,ODD_CELL_UNIQUE
2139,0,,,0,0,ODD_CELL_UNIQUE
2140,0,,,0,0,ODD_CELL_UNIQUE
2141,0,,,0,0,ODD_CELL_UNIQUE
2142,0,,,0,0,ODD_CELL_UNIQUE
2143,0,,,0,0,ODD_CELL_UNIQUE
2144,0,,,0,0,ODD_CELL_UNIQUE
2145,0,,,0,0,ODD_CELL_UNIQUE
2146,0,,,0,0,ODD_CELL_UNIQUE
2147,0,,,0,0,ODD_CELL_UNIQUE
2148,0,,,0,0,ODD_CELL_UNIQUE
2149,0,,,0,0,ODD_CELL_UNIQUE
2150,0,,,0,0,ODD_CELL_UNIQUE
2151,0,,,0,0,ODD_CELL_UNIQUE
2152,0,,,0,0,ODD_CELL_UNIQUE
2153,0,,,0,0,ODD_CELL_UNIQUE
2154,0,,,0,0,ODD_CELL_UNIQUE
2155,0,,,0,0,ODD_CELL_UNIQUE
2156,0,,,0,0,ODD_CELL_UNIQUE
2157,0,,,0,0,ODD_CELL_UNIQUE
2158,1,167,167,1,0,ODD_CELL_UNIQUE
2159,0,,,0,0,ODD_CELL_UNIQUE
2160,0,,,0,0,ODD_CELL_UNIQUE
2161,0,,,0,0,ODD_CELL_UNIQUE
2162,0,,,0,0,ODD_CELL_UNIQUE
2163,0,,,0,0,ODD_CELL_UNIQUE
2164,0,,,0,0,ODD_CELL_UNIQUE
2165,0,,,0,0,ODD_CELL_UNIQUE
2166,0,,,0,0,ODD_CELL_UNIQUE
2167,0,,,0,0,ODD_CELL_UNIQUE
2168,0,,,0,0,ODD_CELL_UNIQUE
2169,0,,,0,0,ODD_CELL_UNIQUE
2170,0,,,0,0,ODD_CELL_UNIQUE
2171,0,,,0,0,ODD_CELL_UNIQUE
2172,0,,,0,0,ODD_CELL_UNIQUE
2173,0,,,0,0,ODD_CELL_UNIQUE
2174,0,,,0,0,ODD_CELL_UNIQUE
2175,0,,,0,0,ODD_CELL_UNIQUE
2176,0,,,0,0,ODD_CELL_UNIQUE
2177,0,168,168,0,1,ODD_CELL_UNIQUE
2178,0,,,0,0,ODD_CELL_UNIQUE
2179,0,,,0,0,ODD_CELL_UNIQUE
2180,0,,,0,0,ODD_CELL_UNIQUE
2181,0,,,0,0,ODD_CELL_UNIQUE
2182,0,,,0,0,ODD_CELL_UNIQUE
2183,0,,,0,0,ODD_CELL_UNIQUE
2184,0,,,0,0,ODD_CELL_UNIQUE
2185,0,,,0,0,ODD_CELL_UNIQUE
2186,0,,,0,0,ODD_CELL_UNIQUE
2187,0,,,0,0,ODD_CELL_UNIQUE
2188,0,,,0,0,ODD_CELL_UNIQUE
2189,0,,,0,0,ODD_CELL_UNIQUE
2190,0,,,0,0,ODD_CELL_UNIQUE
2191,0,,,0,0,ODD_CELL_UNIQUE
2192,0,,,0,0,ODD_CELL_UNIQUE
2193,0,,,0,0,ODD_CELL_UNIQUE
2194,0,,,0,0,ODD_CELL_UNIQUE
2195,0,,,0,0,ODD_CELL_UNIQUE
2196,0,,,0,0,ODD_CELL_UNIQUE
2197,1,169,169,1,0,ODD_CELL_UNIQUE
2198,0,,,0,0,ODD_CELL_UNIQUE
2199,0,,,0,0,ODD_CELL_UNIQUE
2200,0,,,0,0,ODD_CELL_UNIQUE
2201,0,,,0,0,ODD_CELL_UNIQUE
2202,0,,,0,0,ODD_CELL_UNIQUE
2203,0,,,0,0,ODD_CELL_UNIQUE
2204,0,,,0,0,ODD_CELL_UNIQUE
2205,0,,,0,0,ODD_CELL_UNIQUE
2206,0,,,0,0,ODD_CELL_UNIQUE
2207,0,,,0,0,ODD_CELL_UNIQUE
2208,0,,,0,0,ODD_CELL_UNIQUE
2209,0,,,0,0,ODD_CELL_UNIQUE
2210,0,,,0,0,ODD_CELL_UNIQUE
2211,0,,,0,0,ODD_CELL_UNIQUE
2212,0,,,0,0,ODD_CELL_UNIQUE
2213,0,,,0,0,ODD_CELL_UNIQUE
2214,0,,,0,0,ODD_CELL_UNIQUE
2215,0,,,0,0,ODD_CELL_UNIQUE
2216,0,170,170,0,1,ODD_CELL_UNIQUE
2217,0,,,0,0,ODD_CELL_UNIQUE
2218,0,,,0,0,ODD_CELL_UNIQUE
2219,0,,,0,0,ODD_CELL_UNIQUE
2220,0,,,0,0,ODD_CELL_UNIQUE
2221,0,,,0,0,ODD_CELL_UNIQUE
2222,0,,,0,0,ODD_CELL_UNIQUE
2223,0,,,0,0,ODD_CELL_UNIQUE
2224,0,,,0,0,ODD_CELL_UNIQUE
2225,0,,,0,0,ODD_CELL_UNIQUE
2226,0,,,0,0,ODD_CELL_UNIQUE
2227,0,,,0,0,ODD_CELL_UNIQUE
2228,0,,,0,0,ODD_CELL_UNIQUE
2229,0,,,0,0,ODD_CELL_UNIQUE
2230,0,,,0,0,ODD_CELL_UNIQUE
2231,0,,,0,0,ODD_CELL_UNIQUE
2232,0,,,0,0,ODD_CELL_UNIQUE
2233,0,,,0,0,ODD_CELL_UNIQUE
2234,0,,,0,0,ODD_CELL_UNIQUE
2235,0,,,0,0,ODD_CELL_UNIQUE
2236,1,171,171,1,0,ODD_CELL_UNIQUE
2237,0,,,0,0,ODD_CELL_UNIQUE
2238,0,,,0,0,ODD_CELL_UNIQUE
2239,0,,,0,0,ODD_CELL_UNIQUE
2240,0,,,0,0,ODD_CELL_UNIQUE
2241,0,,,0,0,ODD_CELL_UNIQUE
2242,0,,,0,0,ODD_CELL_UNIQUE
2243,0,,,0,0,ODD_CELL_UNIQUE
2244,0,,,0,0,ODD_CELL_UNIQUE
2245,0,,,0,0,ODD_CELL_UNIQUE
2246,0,,,0,0,ODD_CELL_UNIQUE
2247,0,,,0,0,ODD_CELL_UNIQUE
2248,0,,,0,0,ODD_CELL_UNIQUE
2249,0,,,0,0,ODD_CELL_UNIQUE
2250,0,,,0,0,ODD_CELL_UNIQUE
2251,0,,,0,0,ODD_CELL_UNIQUE
2252,0,,,0,0,ODD_CELL_UNIQUE
2253,0,,,0,0,ODD_CELL_UNIQUE
2254,0,,,0,0,ODD_CELL_UNIQUE
2255,0,172,172,0,1,ODD_CELL_UNIQUE
2256,0,,,0,0,ODD_CELL_UNIQUE
2257,0,,,0,0,ODD_CELL_UNIQUE
2258,0,,,0,0,ODD_CELL_UNIQUE
2259,0,,,0,0,ODD_CELL_UNIQUE
2260,0,,,0,0,ODD_CELL_UNIQUE
2261,0,,,0,0,ODD_CELL_UNIQUE
2262,0,,,0,0,ODD_CELL_UNIQUE
2263,0,,,0,0,ODD_CELL_UNIQUE
2264,0,,,0,0,ODD_CELL_UNIQUE
2265,0,,,0,0,ODD_CELL_UNIQUE
2266,0,,,0,0,ODD_CELL_UNIQUE
2267,0,,,0,0,ODD_CELL_UNIQUE
2268,0,,,0,0,ODD_CELL_UNIQUE
2269,0,,,0,0,ODD_CELL_UNIQUE
2270,0,,,0,0,ODD_CELL_UNIQUE
2271,0,,,0,0,ODD_CELL_UNIQUE
2272,0,,,0,0,ODD_CELL_UNIQUE
2273,0,,,0,0,ODD_CELL_UNIQUE
2274,0,,,0,0,ODD_CELL_UNIQUE
2275,1,173,173,1,0,ODD_CELL_UNIQUE
2276,0,,,0,0,ODD_CELL_UNIQUE
2277,0,,,0,0,ODD_CELL_UNIQUE
2278,0,,,0,0,ODD_CELL_UNIQUE
2279,0,,,0,0,ODD_CELL_UNIQUE
2280,0,,,0,0,ODD_CELL_UNIQUE
2281,0,,,0,0,ODD_CELL_UNIQUE
2282,0,,,0,0,ODD_CELL_UNIQUE
2283,0,,,0,0,ODD_CELL_UNIQUE
2284,0,,,0,0,ODD_CELL_UNIQUE
2285,0,,,0,0,ODD_CELL_UNIQUE
2286,0,,,0,0,ODD_CELL_UNIQUE
2287,0,,,0,0,ODD_CELL_UNIQUE
2288,0,,,0,0,ODD_CELL_UNIQUE
2289,0,,,0,0,ODD_CELL_UNIQUE
2290,0,,,0,0,ODD_CELL_UNIQUE
2291,0,,,0,0,ODD_CELL_UNIQUE
2292,0,,,0,0,ODD_CELL_UNIQUE
2293,0,,,0,0,ODD_CELL_UNIQUE
2294,0,,,0,0,ODD_CELL_UNIQUE
2295,0,174,174,0,1,ODD_CELL_UNIQUE
2296,0,,,0,0,ODD_CELL_UNIQUE
2297,0,,,0,0,ODD_CELL_UNIQUE
2298,0,,,0,0,ODD_CELL_UNIQUE
2299,0,,,0,0,ODD_CELL_UNIQUE
2300,0,,,0,0,ODD_CELL_UNIQUE
2301,0,,,0,0,ODD_CELL_UNIQUE
2302,0,,,0,0,ODD_CELL_UNIQUE
2303,0,,,0,0,ODD_CELL_UNIQUE
2304,0,,,0,0,ODD_CELL_UNIQUE
2305,0,,,0,0,ODD_CELL_UNIQUE
2306,0,,,0,0,ODD_CELL_UNIQUE
2307,0,,,0,0,ODD_CELL_UNIQUE
2308,0,,,0,0,ODD_CELL_UNIQUE
2309,0,,,0,0,ODD_CELL_UNIQUE
2310,0,,,0,0,ODD_CELL_UNIQUE
2311,0,,,0,0,ODD_CELL_UNIQUE
2312,0,,,0,0,ODD_CELL_UNIQUE
2313,0,,,0,0,ODD_CELL_UNIQUE
2314,0,,,0,0,ODD_CELL_UNIQUE
2315,1,175,175,1,0,ODD_CELL_UNIQUE
2316,0,,,0,0,ODD_CELL_UNIQUE
2317,0,,,0,0,ODD_CELL_UNIQUE
2318,0,,,0,0,ODD_CELL_UNIQUE
2319,0,,,0,0,ODD_CELL_UNIQUE
2320,0,,,0,0,ODD_CELL_UNIQUE
2321,0,,,0,0,ODD_CELL_UNIQUE
2322,0,,,0,0,ODD_CELL_UNIQUE
2323,0,,,0,0,ODD_CELL_UNIQUE
2324,0,,,0,0,ODD_CELL_UNIQUE
2325,0,,,0,0,ODD_CELL_UNIQUE
2326,0,,,0,0,ODD_CELL_UNIQUE
2327,0,,,0,0,ODD_CELL_UNIQUE
2328,0,,,0,0,ODD_CELL_UNIQUE
2329,0,,,0,0,ODD_CELL_UNIQUE
2330,0,,,0,0,ODD_CELL_UNIQUE
2331,0,,,0,0,ODD_CELL_UNIQUE
2332,0,,,0,0,ODD_CELL_UNIQUE
2333,0,,,0,0,ODD_CELL_UNIQUE
2334,0,176,176,0,1,ODD_CELL_UNIQUE
2335,0,,,0,0,ODD_CELL_UNIQUE
2336,0,,,0,0,ODD_CELL_UNIQUE
2337,0,,,0,0,ODD_CELL_UNIQUE
2338,0,,,0,0,ODD_CELL_UNIQUE
2339,0,,,0,0,ODD_CELL_UNIQUE
2340,0,,,0,0,ODD_CELL_UNIQUE
2341,0,,,0,0,ODD_CELL_UNIQUE
2342,0,,,0,0,ODD_CELL_UNIQUE
2343,0,,,0,0,ODD_CELL_UNIQUE
2344,0,,,0,0,ODD_CELL_UNIQUE
2345,0,,,0,0,ODD_CELL_UNIQUE
2346,0,,,0,0,ODD_CELL_UNIQUE
2347,0,,,0,0,ODD_CELL_UNIQUE
2348,0,,,0,0,ODD_CELL_UNIQUE
2349,0,,,0,0,ODD_CELL_UNIQUE
2350,0,,,0,0,ODD_CELL_UNIQUE
2351,0,,,0,0,ODD_CELL_UNIQUE
2352,0,,,0,0,ODD_CELL_UNIQUE
2353,0,,,0,0,ODD_CELL_UNIQUE
2354,1,177,177,1,0,ODD_CELL_UNIQUE
2355,0,,,0,0,ODD_CELL_UNIQUE
2356,0,,,0,0,ODD_CELL_UNIQUE
2357,0,,,0,0,ODD_CELL_UNIQUE
2358,0,,,0,0,ODD_CELL_UNIQUE
2359,0,,,0,0,ODD_CELL_UNIQUE
2360,0,,,0,0,ODD_CELL_UNIQUE
2361,0,,,0,0,ODD_CELL_UNIQUE
2362,0,,,0,0,ODD_CELL_UNIQUE
2363,0,,,0,0,ODD_CELL_UNIQUE
2364,0,,,0,0,ODD_CELL_UNIQUE
2365,0,,,0,0,ODD_CELL_UNIQUE
2366,0,,,0,0,ODD_CELL_UNIQUE
2367,0,,,0,0,ODD_CELL_UNIQUE
2368,0,,,0,0,ODD_CELL_UNIQUE
2369,0,,,0,0,ODD_CELL_UNIQUE
2370,0,,,0,0,ODD_CELL_UNIQUE
2371,0,,,0,0,ODD_CELL_UNIQUE
2372,0,,,0,0,ODD_CELL_UNIQUE
2373,0,,,0,0,ODD_CELL_UNIQUE
2374,0,178,178,0,1,ODD_CELL_UNIQUE
2375,0,,,0,0,ODD_CELL_UNIQUE
2376,0,,,0,0,ODD_CELL_UNIQUE
2377,0,,,0,0,ODD_CELL_UNIQUE
2378,0,,,0,0,ODD_CELL_UNIQUE
2379,0,,,0,0,ODD_CELL_UNIQUE
2380,0,,,0,0,ODD_CELL_UNIQUE
2381,0,,,0,0,ODD_CELL_UNIQUE
2382,0,,,0,0,ODD_CELL_UNIQUE
2383,0,,,0,0,ODD_CELL_UNIQUE
2384,0,,,0,0,ODD_CELL_UNIQUE
2385,0,,,0,0,ODD_CELL_UNIQUE
2386,0,,,0,0,ODD_CELL_UNIQUE
2387,0,,,0,0,ODD_CELL_UNIQUE
2388,0,,,0,0,ODD_CELL_UNIQUE
2389,0,,,0,0,ODD_CELL_UNIQUE
2390,0,,,0,0,ODD_CELL_UNIQUE
2391,0,,,0,0,ODD_CELL_UNIQUE
2392,0,,,0,0,ODD_CELL_UNIQUE
2393,0,,,0,0,ODD_CELL_UNIQUE
2394,1,179,179,1,0,ODD_CELL_UNIQUE
2395,0,,,0,0,ODD_CELL_UNIQUE
2396,0,,,0,0,ODD_CELL_UNIQUE
2397,0,,,0,0,ODD_CELL_UNIQUE
2398,0,,,0,0,ODD_CELL_UNIQUE
2399,0,,,0,0,ODD_CELL_UNIQUE
2400,0,,,0,0,ODD_CELL_UNIQUE
2401,0,,,0,0,ODD_CELL_UNIQUE
2402,0,,,0,0,ODD_CELL_UNIQUE
2403,0,,,0,0,ODD_CELL_UNIQUE
2404,0,,,0,0,ODD_CELL_UNIQUE
2405,0,,,0,0,ODD_CELL_UNIQUE
2406,0,,,0,0,ODD_CELL_UNIQUE
2407,0,,,0,0,ODD_CELL_UNIQUE
2408,0,,,0,0,ODD_CELL_UNIQUE
2409,0,,,0,0,ODD_CELL_UNIQUE
2410,0,,,0,0,ODD_CELL_UNIQUE
2411,0,,,0,0,ODD_CELL_UNIQUE
2412,0,,,0,0,ODD_CELL_UNIQUE
2413,0,,,0,0,ODD_CELL_UNIQUE
2414,0,180,180,0,1,ODD_CELL_UNIQUE
2415,0,,,0,0,ODD_CELL_UNIQUE
2416,0,,,0,0,ODD_CELL_UNIQUE
2417,0,,,0,0,ODD_CELL_UNIQUE
2418,0,,,0,0,ODD_CELL_UNIQUE
2419,0,,,0,0,ODD_CELL_UNIQUE
2420,0,,,0,0,ODD_CELL_UNIQUE
2421,0,,,0,0,ODD_CELL_UNIQUE
2422,0,,,0,0,ODD_CELL_UNIQUE
2423,0,,,0,0,ODD_CELL_UNIQUE
2424,0,,,0,0,ODD_CELL_UNIQUE
2425,0,,,0,0,ODD_CELL_UNIQUE
2426,0,,,0,0,ODD_CELL_UNIQUE
2427,0,,,0,0,ODD_CELL_UNIQUE
2428,0,,,0,0,ODD_CELL_UNIQUE
2429,0,,,0,0,ODD_CELL_UNIQUE
2430,0,,,0,0,ODD_CELL_UNIQUE
2431,0,,,0,0,ODD_CELL_UNIQUE
2432,0,,,0,0,ODD_CELL_UNIQUE
2433,0,,,0,0,ODD_CELL_UNIQUE
2434,0,,,0,0,ODD_CELL_UNIQUE
2435,1,181,181,1,0,ODD_CELL_UNIQUE
2436,0,,,0,0,ODD_CELL_UNIQUE
2437,0,,,0,0,ODD_CELL_UNIQUE
2438,0,,,0,0,ODD_CELL_UNIQUE
2439,0,,,0,0,ODD_CELL_UNIQUE
2440,0,,,0,0,ODD_CELL_UNIQUE
2441,0,,,0,0,ODD_CELL_UNIQUE
2442,0,,,0,0,ODD_CELL_UNIQUE
2443,0,,,0,0,ODD_CELL_UNIQUE
2444,0,,,0,0,ODD_CELL_UNIQUE
2445,0,,,0,0,ODD_CELL_UNIQUE
2446,0,,,0,0,ODD_CELL_UNIQUE
2447,0,,,0,0,ODD_CELL_UNIQUE
2448,0,,,0,0,ODD_CELL_UNIQUE
2449,0,,,0,0,ODD_CELL_UNIQUE
2450,0,,,0,0,ODD_CELL_UNIQUE
2451,0,,,0,0,ODD_CELL_UNIQUE
2452,0,,,0,0,ODD_CELL_UNIQUE
2453,0,,,0,0,ODD_CELL_UNIQUE
2454,0,,,0,0,ODD_CELL_UNIQUE
2455,0,182,182,0,1,ODD_CELL_UNIQUE
2456,0,,,0,0,ODD_CELL_UNIQUE
2457,0,,,0,0,ODD_CELL_UNIQUE
2458,0,,,0,0,ODD_CELL_UNIQUE
2459,0,,,0,0,ODD_CELL_UNIQUE
2460,0,,,0,0,ODD_CELL_UNIQUE
2461,0,,,0,0,ODD_CELL_UNIQUE
2462,0,,,0,0,ODD_CELL_UNIQUE
2463,0,,,0,0,ODD_CELL_UNIQUE
2464,0,,,0,0,ODD_CELL_UNIQUE
2465,0,,,0,0,ODD_CELL_UNIQUE
2466,0,,,0,0,ODD_CELL_UNIQUE
2467,0,,,0,0,ODD_CELL_UNIQUE
2468,0,,,0,0,ODD_CELL_UNIQUE
2469,0,,,0,0,ODD_CELL_UNIQUE
2470,0,,,0,0,ODD_CELL_UNIQUE
2471,0,,,0,0,ODD_CELL_UNIQUE
2472,0,,,0,0,ODD_CELL_UNIQUE
2473,0,,,0,0,ODD_CELL_UNIQUE
2474,0,,,0,0,ODD_CELL_UNIQUE
2475,1,183,183,1,0,ODD_CELL_UNIQUE
2476,0,,,0,0,ODD_CELL_UNIQUE
2477,0,,,0,0,ODD_CELL_UNIQUE
2478,0,,,0,0,ODD_CELL_UNIQUE
2479,0,,,0,0,ODD_CELL_UNIQUE
2480,0,,,0,0,ODD_CELL_UNIQUE
2481,0,,,0,0,ODD_CELL_UNIQUE
2482,0,,,0,0,ODD_CELL_UNIQUE
2483,0,,,0,0,ODD_CELL_UNIQUE
2484,0,,,0,0,ODD_CELL_UNIQUE
2485,0,,,0,0,ODD_CELL_UNIQUE
2486,0,,,0,0,ODD_CELL_UNIQUE
2487,0,,,0,0,ODD_CELL_UNIQUE
2488,0,,,0,0,ODD_CELL_UNIQUE
2489,0,,,0,0,ODD_CELL_UNIQUE
2490,0,,,0,0,ODD_CELL_UNIQUE
2491,0,,,0,0,ODD_CELL_UNIQUE
2492,0,,,0,0,ODD_CELL_UNIQUE
2493,0,,,0,0,ODD_CELL_UNIQUE
2494,0,,,0,0,ODD_CELL_UNIQUE
2495,0,184,184,0,1,ODD_CELL_UNIQUE
2496,0,,,0,0,ODD_CELL_UNIQUE
2497,0,,,0,0,ODD_CELL_UNIQUE
2498,0,,,0,0,ODD_CELL_UNIQUE
2499,0,,,0,0,ODD_CELL_UNIQUE
2500,0,,,0,0,ODD_CELL_UNIQUE
2501,0,,,0,0,ODD_CELL_UNIQUE
2502,0,,,0,0,ODD_CELL_UNIQUE
2503,0,,,0,0,ODD_CELL_UNIQUE
2504,0,,,0,0,ODD_CELL_UNIQUE
2505,0,,,0,0,ODD_CELL_UNIQUE
2506,0,,,0,0,ODD_CELL_UNIQUE
2507,0,,,0,0,ODD_CELL_UNIQUE
2508,0,,,0,0,ODD_CELL_UNIQUE
2509,0,,,0,0,ODD_CELL_UNIQUE
2510,0,,,0,0,ODD_CELL_UNIQUE
2511,0,,,0,0,ODD_CELL_UNIQUE
2512,0,,,0,0,ODD_CELL_UNIQUE
2513,0,,,0,0,ODD_CELL_UNIQUE
2514,0,,,0,0,ODD_CELL_UNIQUE
2515,0,,,0,0,ODD_CELL_UNIQUE
2516,1,185,185,1,0,ODD_CELL_UNIQUE
2517,0,,,0,0,ODD_CELL_UNIQUE
2518,0,,,0,0,ODD_CELL_UNIQUE
2519,0,,,0,0,ODD_CELL_UNIQUE
2520,0,,,0,0,ODD_CELL_UNIQUE
2521,0,,,0,0,ODD_CELL_UNIQUE
2522,0,,,0,0,ODD_CELL_UNIQUE
2523,0,,,0,0,ODD_CELL_UNIQUE
2524,0,,,0,0,ODD_CELL_UNIQUE
2525,0,,,0,0,ODD_CELL_UNIQUE
2526,0,,,0,0,ODD_CELL_UNIQUE
2527,0,,,0,0,ODD_CELL_UNIQUE
2528,0,,,0,0,ODD_CELL_UNIQUE
2529,0,,,0,0,ODD_CELL_UNIQUE
2530,0,,,0,0,ODD_CELL_UNIQUE
2531,0,,,0,0,ODD_CELL_UNIQUE
2532,0,,,0,0,ODD_CELL_UNIQUE
2533,0,,,0,0,ODD_CELL_UNIQUE
2534,0,,,0,0,ODD_CELL_UNIQUE
2535,0,,,0,0,ODD_CELL_UNIQUE
2536,0,186,186,0,1,ODD_CELL_UNIQUE
2537,0,,,0,0,ODD_CELL_UNIQUE
2538,0,,,0,0,ODD_CELL_UNIQUE
2539,0,,,0,0,ODD_CELL_UNIQUE
2540,0,,,0,0,ODD_CELL_UNIQUE
2541,0,,,0,0,ODD_CELL_UNIQUE
2542,0,,,0,0,ODD_CELL_UNIQUE
2543,0,,,0,0,ODD_CELL_UNIQUE
2544,0,,,0,0,ODD_CELL_UNIQUE
2545,0,,,0,0,ODD_CELL_UNIQUE
2546,0,,,0,0,ODD_CELL_UNIQUE
2547,0,,,0,0,ODD_CELL_UNIQUE
2548,0,,,0,0,ODD_CELL_UNIQUE
2549,0,,,0,0,ODD_CELL_UNIQUE
2550,0,,,0,0,ODD_CELL_UNIQUE
2551,0,,,0,0,ODD_CELL_UNIQUE
2552,0,,,0,0,ODD_CELL_UNIQUE
2553,0,,,0,0,ODD_CELL_UNIQUE
2554,0,,,0,0,ODD_CELL_UNIQUE
2555,0,,,0,0,ODD_CELL_UNIQUE
2556,0,,,0,0,ODD_CELL_UNIQUE
2557,1,187,187,1,0,ODD_CELL_UNIQUE
2558,0,,,0,0,ODD_CELL_UNIQUE
2559,0,,,0,0,ODD_CELL_UNIQUE
2560,0,,,0,0,ODD_CELL_UNIQUE
2561,0,,,0,0,ODD_CELL_UNIQUE
2562,0,,,0,0,ODD_CELL_UNIQUE
2563,0,,,0,0,ODD_CELL_UNIQUE
2564,0,,,0,0,ODD_CELL_UNIQUE
2565,0,,,0,0,ODD_CELL_UNIQUE
2566,0,,,0,0,ODD_CELL_UNIQUE
2567,0,,,0,0,ODD_CELL_UNIQUE
2568,0,,,0,0,ODD_CELL_UNIQUE
2569,0,,,0,0,ODD_CELL_UNIQUE
2570,0,,,0,0,ODD_CELL_UNIQUE
2571,0,,,0,0,ODD_CELL_UNIQUE
2572,0,,,0,0,ODD_CELL_UNIQUE
2573,0,,,0,0,ODD_CELL_UNIQUE
2574,0,,,0,0,ODD_CELL_UNIQUE
2575,0,,,0,0,ODD_CELL_UNIQUE
2576,0,,,0,0,ODD_CELL_UNIQUE
2577,0,188,188,0,1,ODD_CELL_UNIQUE
2578,0,,,0,0,ODD_CELL_UNIQUE
2579,0,,,0,0,ODD_CELL_UNIQUE
2580,0,,,0,0,ODD_CELL_UNIQUE
2581,0,,,0,0,ODD_CELL_UNIQUE
2582,0,,,0,0,ODD_CELL_UNIQUE
2583,0,,,0,0,ODD_CELL_UNIQUE
2584,0,,,0,0,ODD_CELL_UNIQUE
2585,0,,,0,0,ODD_CELL_UNIQUE
2586,0,,,0,0,ODD_CELL_UNIQUE
2587,0,,,0,0,ODD_CELL_UNIQUE
2588,0,,,0,0,ODD_CELL_UNIQUE
2589,0,,,0,0,ODD_CELL_UNIQUE
2590,0,,,0,0,ODD_CELL_UNIQUE
2591,0,,,0,0,ODD_CELL_UNIQUE
2592,0,,,0,0,ODD_CELL_UNIQUE
2593,0,,,0,0,ODD_CELL_UNIQUE
2594,0,,,0,0,ODD_CELL_UNIQUE
2595,0,,,0,0,ODD_CELL_UNIQUE
2596,0,,,0,0,ODD_CELL_UNIQUE
2597,0,,,0,0,ODD_CELL_UNIQUE
2598,1,189,189,1,0,ODD_CELL_UNIQUE
2599,0,,,0,0,ODD_CELL_UNIQUE
2600,0,,,0,0,ODD_CELL_UNIQUE
2601,0,,,0,0,ODD_CELL_UNIQUE
2602,0,,,0,0,ODD_CELL_UNIQUE
2603,0,,,0,0,ODD_CELL_UNIQUE
2604,0,,,0,0,ODD_CELL_UNIQUE
2605,0,,,0,0,ODD_CELL_UNIQUE
2606,0,,,0,0,ODD_CELL_UNIQUE
2607,0,,,0,0,ODD_CELL_UNIQUE
2608,0,,,0,0,ODD_CELL_UNIQUE
2609,0,,,0,0,ODD_CELL_UNIQUE
2610,0,,,0,0,ODD_CELL_UNIQUE
2611,0,,,0,0,ODD_CELL_UNIQUE
2612,0,,,0,0,ODD_CELL_UNIQUE
2613,0,,,0,0,ODD_CELL_UNIQUE
2614,0,,,0,0,ODD_CELL_UNIQUE
2615,0,,,0,0,ODD_CELL_UNIQUE
2616,0,,,0,0,ODD_CELL_UNIQUE
2617,0,,,0,0,ODD_CELL_UNIQUE
2618,0,190,190,0,1,ODD_CELL_UNIQUE
2619,0,,,0,0,ODD_CELL_UNIQUE
2620,0,,,0,0,ODD_CELL_UNIQUE
2621,0,,,0,0,ODD_CELL_UNIQUE
2622,0,,,0,0,ODD_CELL_UNIQUE
2623,0,,,0,0,ODD_CELL_UNIQUE
2624,0,,,0,0,ODD_CELL_UNIQUE
2625,0,,,0,0,ODD_CELL_UNIQUE
2626,0,,,0,0,ODD_CELL_UNIQUE
2627,0,,,0,0,ODD_CELL_UNIQUE
2628,0,,,0,0,ODD_CELL_UNIQUE
2629,0,,,0,0,ODD_CELL_UNIQUE
2630,0,,,0,0,ODD_CELL_UNIQUE
2631,0,,,0,0,ODD_CELL_UNIQUE
2632,0,,,0,0,ODD_CELL_UNIQUE
2633,0,,,0,0,ODD_CELL_UNIQUE
2634,0,,,0,0,ODD_CELL_UNIQUE
2635,0,,,0,0,ODD_CELL_UNIQUE
2636,0,,,0,0,ODD_CELL_UNIQUE
2637,0,,,0,0,ODD_CELL_UNIQUE
2638,0,,,0,0,ODD_CELL_UNIQUE
2639,1,191,191,1,0,ODD_CELL_UNIQUE
2640,0,,,0,0,ODD_CELL_UNIQUE
2641,0,,,0,0,ODD_CELL_UNIQUE
2642,0,,,0,0,ODD_CELL_UNIQUE
2643,0,,,0,0,ODD_CELL_UNIQUE
2644,0,,,0,0,ODD_CELL_UNIQUE
2645,0,,,0,0,ODD_CELL_UNIQUE
2646,0,,,0,0,ODD_CELL_UNIQUE
2647,0,,,0,0,ODD_CELL_UNIQUE
2648,0,,,0,0,ODD_CELL_UNIQUE
2649,0,,,0,0,ODD_CELL_UNIQUE
2650,0,,,0,0,ODD_CELL_UNIQUE
2651,0,,,0,0,ODD_CELL_UNIQUE
2652,0,,,0,0,ODD_CELL_UNIQUE
2653,0,,,0,0,ODD_CELL_UNIQUE
2654,0,,,0,0,ODD_CELL_UNIQUE
2655,0,,,0,0,ODD_CELL_UNIQUE
2656,0,,,0,0,ODD_CELL_UNIQUE
2657,0,,,0,0,ODD_CELL_UNIQUE
2658,0,,,0,0,ODD_CELL_UNIQUE
2659,0,,,0,0,ODD_CELL_UNIQUE
2660,0,192,192,0,1,ODD_CELL_UNIQUE
2661,0,,,0,0,ODD_CELL_UNIQUE
2662,0,,,0,0,ODD_CELL_UNIQUE
2663,0,,,0,0,ODD_CELL_UNIQUE
2664,0,,,0,0,ODD_CELL_UNIQUE
2665,0,,,0,0,ODD_CELL_UNIQUE
2666,0,,,0,0,ODD_CELL_UNIQUE
2667,0,,,0,0,ODD_CELL_UNIQUE
2668,0,,,0,0,ODD_CELL_UNIQUE
2669,0,,,0,0,ODD_CELL_UNIQUE
2670,0,,,0,0,ODD_CELL_UNIQUE
2671,0,,,0,0,ODD_CELL_UNIQUE
2672,0,,,0,0,ODD_CELL_UNIQUE
2673,0,,,0,0,ODD_CELL_UNIQUE
2674,0,,,0,0,ODD_CELL_UNIQUE
2675,0,,,0,0,ODD_CELL_UNIQUE
2676,0,,,0,0,ODD_CELL_UNIQUE
2677,0,,,0,0,ODD_CELL_UNIQUE
2678,0,,,0,0,ODD_CELL_UNIQUE
2679,0,,,0,0,ODD_CELL_UNIQUE
2680,0,,,0,0,ODD_CELL_UNIQUE
2681,1,193,193,1,0,ODD_CELL_UNIQUE
2682,0,,,0,0,ODD_CELL_UNIQUE
2683,0,,,0,0,ODD_CELL_UNIQUE
2684,0,,,0,0,ODD_CELL_UNIQUE
2685,0,,,0,0,ODD_CELL_UNIQUE
2686,0,,,0,0,ODD_CELL_UNIQUE
2687,0,,,0,0,ODD_CELL_UNIQUE
2688,0,,,0,0,ODD_CELL_UNIQUE
2689,0,,,0,0,ODD_CELL_UNIQUE
2690,0,,,0,0,ODD_CELL_UNIQUE
2691,0,,,0,0,ODD_CELL_UNIQUE
2692,0,,,0,0,ODD_CELL_UNIQUE
2693,0,,,0,0,ODD_CELL_UNIQUE
2694,0,,,0,0,ODD_CELL_UNIQUE
2695,0,,,0,0,ODD_CELL_UNIQUE
2696,0,,,0,0,ODD_CELL_UNIQUE
2697,0,,,0,0,ODD_CELL_UNIQUE
2698,0,,,0,0,ODD_CELL_UNIQUE
2699,0,,,0,0,ODD_CELL_UNIQUE
2700,0,,,0,0,ODD_CELL_UNIQUE
2701,0,,,0,0,ODD_CELL_UNIQUE
2702,0,194,194,0,1,ODD_CELL_UNIQUE
2703,0,,,0,0,ODD_CELL_UNIQUE
2704,0,,,0,0,ODD_CELL_UNIQUE
2705,0,,,0,0,ODD_CELL_UNIQUE
2706,0,,,0,0,ODD_CELL_UNIQUE
2707,0,,,0,0,ODD_CELL_UNIQUE
2708,0,,,0,0,ODD_CELL_UNIQUE
2709,0,,,0,0,ODD_CELL_UNIQUE
2710,0,,,0,0,ODD_CELL_UNIQUE
2711,0,,,0,0,ODD_CELL_UNIQUE
2712,0,,,0,0,ODD_CELL_UNIQUE
2713,0,,,0,0,ODD_CELL_UNIQUE
2714,0,,,0,0,ODD_CELL_UNIQUE
2715,0,,,0,0,ODD_CELL_UNIQUE
2716,0,,,0,0,ODD_CELL_UNIQUE
2717,0,,,0,0,ODD_CELL_UNIQUE
2718,0,,,0,0,ODD_CELL_UNIQUE
2719,0,,,0,0,ODD_CELL_UNIQUE
2720,0,,,0,0,ODD_CELL_UNIQUE
2721,0,,,0,0,ODD_CELL_UNIQUE
2722,0,,,0,0,ODD_CELL_UNIQUE
2723,1,195,195,1,0,ODD_CELL_UNIQUE
2724,0,,,0,0,ODD_CELL_UNIQUE
2725,0,,,0,0,ODD_CELL_UNIQUE
2726,0,,,0,0,ODD_CELL_UNIQUE
2727,0,,,0,0,ODD_CELL_UNIQUE
2728,0,,,0,0,ODD_CELL_UNIQUE
2729,0,,,0,0,ODD_CELL_UNIQUE
2730,0,,,0,0,ODD_CELL_UNIQUE
2731,0,,,0,0,ODD_CELL_UNIQUE
2732,0,,,0,0,ODD_CELL_UNIQUE
2733,0,,,0,0,ODD_CELL_UNIQUE
2734,0,,,0,0,ODD_CELL_UNIQUE
2735,0,,,0,0,ODD_CELL_UNIQUE
2736,0,,,0,0,ODD_CELL_UNIQUE
2737,0,,,0,0,ODD_CELL_UNIQUE
2738,0,,,0,0,ODD_CELL_UNIQUE
2739,0,,,0,0,ODD_CELL_UNIQUE
2740,0,,,0,0,ODD_CELL_UNIQUE
2741,0,,,0,0,ODD_CELL_UNIQUE
2742,0,,,0,0,ODD_CELL_UNIQUE
2743,0,,,0,0,ODD_CELL_UNIQUE
2744,0,196,196,0,1,ODD_CELL_UNIQUE
2745,0,,,0,0,ODD_CELL_UNIQUE
2746,0,,,0,0,ODD_CELL_UNIQUE
2747,0,,,0,0,ODD_CELL_UNIQUE
2748,0,,,0,0,ODD_CELL_UNIQUE
2749,0,,,0,0,ODD_CELL_UNIQUE
2750,0,,,0,0,ODD_CELL_UNIQUE
2751,0,,,0,0,ODD_CELL_UNIQUE
2752,0,,,0,0,ODD_CELL_UNIQUE
2753,0,,,0,0,ODD_CELL_UNIQUE
2754,0,,,0,0,ODD_CELL_UNIQUE
2755,0,,,0,0,ODD_CELL_UNIQUE
2756,0,,,0,0,ODD_CELL_UNIQUE
2757,0,,,0,0,ODD_CELL_UNIQUE
2758,0,,,0,0,ODD_CELL_UNIQUE
2759,0,,,0,0,ODD_CELL_UNIQUE
2760,0,,,0,0,ODD_CELL_UNIQUE
2761,0,,,0,0,ODD_CELL_UNIQUE
2762,0,,,0,0,ODD_CELL_UNIQUE
2763,0,,,0,0,ODD_CELL_UNIQUE
2764,0,,,0,0,ODD_CELL_UNIQUE
2765,1,197,197,1,0,ODD_CELL_UNIQUE
2766,0,,,0,0,ODD_CELL_UNIQUE
2767,0,,,0,0,ODD_CELL_UNIQUE
2768,0,,,0,0,ODD_CELL_UNIQUE
2769,0,,,0,0,ODD_CELL_UNIQUE
2770,0,,,0,0,ODD_CELL_UNIQUE
2771,0,,,0,0,ODD_CELL_UNIQUE
2772,0,,,0,0,ODD_CELL_UNIQUE
2773,0,,,0,0,ODD_CELL_UNIQUE
2774,0,,,0,0,ODD_CELL_UNIQUE
2775,0,,,0,0,ODD_CELL_UNIQUE
2776,0,,,0,0,ODD_CELL_UNIQUE
2777,0,,,0,0,ODD_CELL_UNIQUE
2778,0,,,0,0,ODD_CELL_UNIQUE
2779,0,,,0,0,ODD_CELL_UNIQUE
2780,0,,,0,0,ODD_CELL_UNIQUE
2781,0,,,0,0,ODD_CELL_UNIQUE
2782,0,,,0,0,ODD_CELL_UNIQUE
2783,0,,,0,0,ODD_CELL_UNIQUE
2784,0,,,0,0,ODD_CELL_UNIQUE
2785,0,,,0,0,ODD_CELL_UNIQUE
2786,0,198,198,0,1,ODD_CELL_UNIQUE
2787,0,,,0,0,ODD_CELL_UNIQUE
2788,0,,,0,0,ODD_CELL_UNIQUE
2789,0,,,0,0,ODD_CELL_UNIQUE
2790,0,,,0,0,ODD_CELL_UNIQUE
2791,0,,,0,0,ODD_CELL_UNIQUE
2792,0,,,0,0,ODD_CELL_UNIQUE
2793,0,,,0,0,ODD_CELL_UNIQUE
2794,0,,,0,0,ODD_CELL_UNIQUE
2795,0,,,0,0,ODD_CELL_UNIQUE
2796,0,,,0,0,ODD_CELL_UNIQUE
2797,0,,,0,0,ODD_CELL_UNIQUE
2798,0,,,0,0,ODD_CELL_UNIQUE
2799,0,,,0,0,ODD_CELL_UNIQUE
2800,0,,,0,0,ODD_CELL_UNIQUE
2801,0,,,0,0,ODD_CELL_UNIQUE
2802,0,,,0,0,ODD_CELL_UNIQUE
2803,0,,,0,0,ODD_CELL_UNIQUE
2804,0,,,0,0,ODD_CELL_UNIQUE
2805,0,,,0,0,ODD_CELL_UNIQUE
2806,0,,,0,0,ODD_CELL_UNIQUE
2807,1,199,199,1,0,ODD_CELL_UNIQUE
2808,0,,,0,0,ODD_CELL_UNIQUE
2809,0,,,0,0,ODD_CELL_UNIQUE
2810,0,,,0,0,ODD_CELL_UNIQUE
2811,0,,,0,0,ODD_CELL_UNIQUE
2812,0,,,0,0,ODD_CELL_UNIQUE
2813,0,,,0,0,ODD_CELL_UNIQUE
2814,0,,,0,0,ODD_CELL_UNIQUE
2815,0,,,0,0,ODD_CELL_UNIQUE
2816,0,,,0,0,ODD_CELL_UNIQUE
2817,0,,,0,0,ODD_CELL_UNIQUE
2818,0,,,0,0,ODD_CELL_UNIQUE
2819,0,,,0,0,ODD_CELL_UNIQUE
2820,0,,,0,0,ODD_CELL_UNIQUE
2821,0,,,0,0,ODD_CELL_UNIQUE
2822,0,,,0,0,ODD_CELL_UNIQUE
2823,0,,,0,0,ODD_CELL_UNIQUE
2824,0,,,0,0,ODD_CELL_UNIQUE
2825,0,,,0,0,ODD_CELL_UNIQUE
2826,0,,,0,0,ODD_CELL_UNIQUE
2827,0,,,0,0,ODD_CELL_UNIQUE
2828,0,200,200,0,1,ODD_CELL_UNIQUE
2829,0,,,0,0,ODD_CELL_UNIQUE
2830,0,,,0,0,ODD_CELL_UNIQUE
2831,0,,,0,0,ODD_CELL_UNIQUE
2832,0,,,0,0,ODD_CELL_UNIQUE
2833,0,,,0,0,ODD_CELL_UNIQUE
2834,0,,,0,0,ODD_CELL_UNIQUE
2835,0,,,0,0,ODD_CELL_UNIQUE
2836,0,,,0,0,ODD_CELL_UNIQUE
2837,0,,,0,0,ODD_CELL_UNIQUE
2838,0,,,0,0,ODD_CELL_UNIQUE
2839,0,,,0,0,ODD_CELL_UNIQUE
2840,0,,,0,0,ODD_CELL_UNIQUE
2841,0,,,0,0,ODD_CELL_UNIQUE
2842,0,,,0,0,ODD_CELL_UNIQUE
2843,0,,,0,0,ODD_CELL_UNIQUE
2844,0,,,0,0,ODD_CELL_UNIQUE
2845,0,,,0,0,ODD_CELL_UNIQUE
2846,0,,,0,0,ODD_CELL_UNIQUE
2847,0,,,0,0,ODD_CELL_UNIQUE
2848,0,,,0,0,ODD_CELL_UNIQUE
2849,1,201,201,1,0,ODD_CELL_UNIQUE
2850,0,,,0,0,ODD_CELL_UNIQUE
2851,0,,,0,0,ODD_CELL_UNIQUE
2852,0,,,0,0,ODD_CELL_UNIQUE
2853,0,,,0,0,ODD_CELL_UNIQUE
2854,0,,,0,0,ODD_CELL_UNIQUE
2855,0,,,0,0,ODD_CELL_UNIQUE
2856,0,,,0,0,ODD_CELL_UNIQUE
2857,0,,,0,0,ODD_CELL_UNIQUE
2858,0,,,0,0,ODD_CELL_UNIQUE
2859,0,,,0,0,ODD_CELL_UNIQUE
2860,0,,,0,0,ODD_CELL_UNIQUE
2861,0,,,0,0,ODD_CELL_UNIQUE
2862,0,,,0,0,ODD_CELL_UNIQUE
2863,0,,,0,0,ODD_CELL_UNIQUE
2864,0,,,0,0,ODD_CELL_UNIQUE
2865,0,,,0,0,ODD_CELL_UNIQUE
2866,0,,,0,0,ODD_CELL_UNIQUE
2867,0,,,0,0,ODD_CELL_UNIQUE
2868,0,,,0,0,ODD_CELL_UNIQUE
2869,0,,,0,0,ODD_CELL_UNIQUE
2870,0,202,202,0,1,ODD_CELL_UNIQUE
2871,0,,,0,0,ODD_CELL_UNIQUE
2872,0,,,0,0,ODD_CELL_UNIQUE
2873,0,,,0,0,ODD_CELL_UNIQUE
2874,0,,,0,0,ODD_CELL_UNIQUE
2875,0,,,0,0,ODD_CELL_UNIQUE
2876,0,,,0,0,ODD_CELL_UNIQUE
2877,0,,,0,0,ODD_CELL_UNIQUE
2878,0,,,0,0,ODD_CELL_UNIQUE
2879,0,,,0,0,ODD_CELL_UNIQUE
2880,0,,,0,0,ODD_CELL_UNIQUE
2881,0,,,0,0,ODD_CELL_UNIQUE
2882,0,,,0,0,ODD_CELL_UNIQUE
2883,0,,,0,0,ODD_CELL_UNIQUE
2884,0,,,0,0,ODD_CELL_UNIQUE
2885,0,,,0,0,ODD_CELL_UNIQUE
2886,0,,,0,0,ODD_CELL_UNIQUE
2887,0,,,0,0,ODD_CELL_UNIQUE
2888,0,,,0,0,ODD_CELL_UNIQUE
2889,0,,,0,0,ODD_CELL_UNIQUE
2890,0,,,0,0,ODD_CELL_UNIQUE
2891,0,,,0,0,ODD_CELL_UNIQUE
2892,1,203,203,1,0,ODD_CELL_UNIQUE
2893,0,,,0,0,ODD_CELL_UNIQUE
2894,0,,,0,0,ODD_CELL_UNIQUE
2895,0,,,0,0,ODD_CELL_UNIQUE
2896,0,,,0,0,ODD_CELL_UNIQUE
2897,0,,,0,0,ODD_CELL_UNIQUE
2898,0,,,0,0,ODD_CELL_UNIQUE
2899,0,,,0,0,ODD_CELL_UNIQUE
2900,0,,,0,0,ODD_CELL_UNIQUE
2901,0,,,0,0,ODD_CELL_UNIQUE
2902,0,,,0,0,ODD_CELL_UNIQUE
2903,0,,,0,0,ODD_CELL_UNIQUE
2904,0,,,0,0,ODD_CELL_UNIQUE
2905,0,,,0,0,ODD_CELL_UNIQUE
2906,0,,,0,0,ODD_CELL_UNIQUE
2907,0,,,0,0,ODD_CELL_UNIQUE
2908,0,,,0,0,ODD_CELL_UNIQUE
2909,0,,,0,0,ODD_CELL_UNIQUE
2910,0,,,0,0,ODD_CELL_UNIQUE
2911,0,,,0,0,ODD_CELL_UNIQUE
2912,0,,,0,0,ODD_CELL_UNIQUE
2913,0,204,204,0,1,ODD_CELL_UNIQUE
2914,0,,,0,0,ODD_CELL_UNIQUE
2915,0,,,0,0,ODD_CELL_UNIQUE
2916,0,,,0,0,ODD_CELL_UNIQUE
2917,0,,,0,0,ODD_CELL_UNIQUE
2918,0,,,0,0,ODD_CELL_UNIQUE
2919,0,,,0,0,ODD_CELL_UNIQUE
2920,0,,,0,0,ODD_CELL_UNIQUE
2921,0,,,0,0,ODD_CELL_UNIQUE
2922,0,,,0,0,ODD_CELL_UNIQUE
2923,0,,,0,0,ODD_CELL_UNIQUE
2924,0,,,0,0,ODD_CELL_UNIQUE
2925,0,,,0,0,ODD_CELL_UNIQUE
2926,0,,,0,0,ODD_CELL_UNIQUE
2927,0,,,0,0,ODD_CELL_UNIQUE
2928,0,,,0,0,ODD_CELL_UNIQUE
2929,0,,,0,0,ODD_CELL_UNIQUE
2930,0,,,0,0,ODD_CELL_UNIQUE
2931,0,,,0,0,ODD_CELL_UNIQUE
2932,0,,,0,0,ODD_CELL_UNIQUE
2933,0,,,0,0,ODD_CELL_UNIQUE
2934,0,,,0,0,ODD_CELL_UNIQUE
2935,1,205,205,1,0,ODD_CELL_UNIQUE
2936,0,,,0,0,ODD_CELL_UNIQUE
2937,0,,,0,0,ODD_CELL_UNIQUE
2938,0,,,0,0,ODD_CELL_UNIQUE
2939,0,,,0,0,ODD_CELL_UNIQUE
2940,0,,,0,0,ODD_CELL_UNIQUE
2941,0,,,0,0,ODD_CELL_UNIQUE
2942,0,,,0,0,ODD_CELL_UNIQUE
2943,0,,,0,0,ODD_CELL_UNIQUE
2944,0,,,0,0,ODD_CELL_UNIQUE
2945,0,,,0,0,ODD_CELL_UNIQUE
2946,0,,,0,0,ODD_CELL_UNIQUE
2947,0,,,0,0,ODD_CELL_UNIQUE
2948,0,,,0,0,ODD_CELL_UNIQUE
2949,0,,,0,0,ODD_CELL_UNIQUE
2950,0,,,0,0,ODD_CELL_UNIQUE
2951,0,,,0,0,ODD_CELL_UNIQUE
2952,0,,,0,0,ODD_CELL_UNIQUE
2953,0,,,0,0,ODD_CELL_UNIQUE
2954,0,,,0,0,ODD_CELL_UNIQUE
2955,0,,,0,0,ODD_CELL_UNIQUE
2956,0,206,206,0,1,ODD_CELL_UNIQUE
2957,0,,,0,0,ODD_CELL_UNIQUE
2958,0,,,0,0,ODD_CELL_UNIQUE
2959,0,,,0,0,ODD_CELL_UNIQUE
2960,0,,,0,0,ODD_CELL_UNIQUE
2961,0,,,0,0,ODD_CELL_UNIQUE
2962,0,,,0,0,ODD_CELL_UNIQUE
2963,0,,,0,0,ODD_CELL_UNIQUE
2964,0,,,0,0,ODD_CELL_UNIQUE
2965,0,,,0,0,ODD_CELL_UNIQUE
2966,0,,,0,0,ODD_CELL_UNIQUE
2967,0,,,0,0,ODD_CELL_UNIQUE
2968,0,,,0,0,ODD_CELL_UNIQUE
2969,0,,,0,0,ODD_CELL_UNIQUE
2970,0,,,0,0,ODD_CELL_UNIQUE
2971,0,,,0,0,ODD_CELL_UNIQUE
2972,0,,,0,0,ODD_CELL_UNIQUE
2973,0,,,0,0,ODD_CELL_UNIQUE
2974,0,,,0,0,ODD_CELL_UNIQUE
2975,0,,,0,0,ODD_CELL_UNIQUE
2976,0,,,0,0,ODD_CELL_UNIQUE
2977,0,,,0,0,ODD_CELL_UNIQUE
2978,1,207,207,1,0,ODD_CELL_UNIQUE
2979,0,,,0,0,ODD_CELL_UNIQUE
2980,0,,,0,0,ODD_CELL_UNIQUE
2981,0,,,0,0,ODD_CELL_UNIQUE
2982,0,,,0,0,ODD_CELL_UNIQUE
2983,0,,,0,0,ODD_CELL_UNIQUE
2984,0,,,0,0,ODD_CELL_UNIQUE
2985,0,,,0,0,ODD_CELL_UNIQUE
2986,0,,,0,0,ODD_CELL_UNIQUE
2987,0,,,0,0,ODD_CELL_UNIQUE
2988,0,,,0,0,ODD_CELL_UNIQUE
2989,0,,,0,0,ODD_CELL_UNIQUE
2990,0,,,0,0,ODD_CELL_UNIQUE
2991,0,,,0,0,ODD_CELL_UNIQUE
2992,0,,,0,0,ODD_CELL_UNIQUE
2993,0,,,0,0,ODD_CELL_UNIQUE
2994,0,,,0,0,ODD_CELL_UNIQUE
2995,0,,,0,0,ODD_CELL_UNIQUE
2996,0,,,0,0,ODD_CELL_UNIQUE
2997,0,,,0,0,ODD_CELL_UNIQUE
2998,0,,,0,0,ODD_CELL_UNIQUE
2999,0,208,208,0,1,ODD_CELL_UNIQUE
3000,0,,,0,0,ODD_CELL_UNIQUE
3001,0,,,0,0,ODD_CELL_UNIQUE
3002,0,,,0,0,ODD_CELL_UNIQUE
3003,0,,,0,0,ODD_CELL_UNIQUE
3004,0,,,0,0,ODD_CELL_UNIQUE
3005,0,,,0,0,ODD_CELL_UNIQUE
3006,0,,,0,0,ODD_CELL_UNIQUE
3007,0,,,0,0,ODD_CELL_UNIQUE
3008,0,,,0,0,ODD_CELL_UNIQUE
3009,0,,,0,0,ODD_CELL_UNIQUE
3010,0,,,0,0,ODD_CELL_UNIQUE
3011,0,,,0,0,ODD_CELL_UNIQUE
3012,0,,,0,0,ODD_CELL_UNIQUE
3013,0,,,0,0,ODD_CELL_UNIQUE
3014,0,,,0,0,ODD_CELL_UNIQUE
3015,0,,,0,0,ODD_CELL_UNIQUE
3016,0,,,0,0,ODD_CELL_UNIQUE
3017,0,,,0,0,ODD_CELL_UNIQUE
3018,0,,,0,0,ODD_CELL_UNIQUE
3019,0,,,0,0,ODD_CELL_UNIQUE
3020,0,,,0,0,ODD_CELL_UNIQUE
3021,1,209,209,1,0,ODD_CELL_UNIQUE
3022,0,,,0,0,ODD_CELL_UNIQUE
3023,0,,,0,0,ODD_CELL_UNIQUE
3024,0,,,0,0,ODD_CELL_UNIQUE
3025,0,,,0,0,ODD_CELL_UNIQUE
3026,0,,,0,0,ODD_CELL_UNIQUE
3027,0,,,0,0,ODD_CELL_UNIQUE
3028,0,,,0,0,ODD_CELL_UNIQUE
3029,0,,,0,0,ODD_CELL_UNIQUE
3030,0,,,0,0,ODD_CELL_UNIQUE
3031,0,,,0,0,ODD_CELL_UNIQUE
3032,0,,,0,0,ODD_CELL_UNIQUE
3033,0,,,0,0,ODD_CELL_UNIQUE
3034,0,,,0,0,ODD_CELL_UNIQUE
3035,0,,,0,0,ODD_CELL_UNIQUE
3036,0,,,0,0,ODD_CELL_UNIQUE
3037,0,,,0,0,ODD_CELL_UNIQUE
3038,0,,,0,0,ODD_CELL_UNIQUE
3039,0,,,0,0,ODD_CELL_UNIQUE
3040,0,,,0,0,ODD_CELL_UNIQUE
3041,0,,,0,0,ODD_CELL_UNIQUE
3042,0,,,0,0,ODD_CELL_UNIQUE
3043,0,210,210,0,1,ODD_CELL_UNIQUE
3044,0,,,0,0,ODD_CELL_UNIQUE
3045,0,,,0,0,ODD_CELL_UNIQUE
3046,0,,,0,0,ODD_CELL_UNIQUE
3047,0,,,0,0,ODD_CELL_UNIQUE
3048,0,,,0,0,ODD_CELL_UNIQUE
3049,0,,,0,0,ODD_CELL_UNIQUE
3050,0,,,0,0,ODD_CELL_UNIQUE
3051,0,,,0,0,ODD_CELL_UNIQUE
3052,0,,,0,0,ODD_CELL_UNIQUE
3053,0,,,0,0,ODD_CELL_UNIQUE
3054,0,,,0,0,ODD_CELL_UNIQUE
3055,0,,,0,0,ODD_CELL_UNIQUE
3056,0,,,0,0,ODD_CELL_UNIQUE
3057,0,,,0,0,ODD_CELL_UNIQUE
3058,0,,,0,0,ODD_CELL_UNIQUE
3059,0,,,0,0,ODD_CELL_UNIQUE
3060,0,,,0,0,ODD_CELL_UNIQUE
3061,0,,,0,0,ODD_CELL_UNIQUE
3062,0,,,0,0,ODD_CELL_UNIQUE
3063,0,,,0,0,ODD_CELL_UNIQUE
3064,1,211,211,1,0,ODD_CELL_UNIQUE
3065,0,,,0,0,ODD_CELL_UNIQUE
3066,0,,,0,0,ODD_CELL_UNIQUE
3067,0,,,0,0,ODD_CELL_UNIQUE
3068,0,,,0,0,ODD_CELL_UNIQUE
3069,0,,,0,0,ODD_CELL_UNIQUE
3070,0,,,0,0,ODD_CELL_UNIQUE
3071,0,,,0,0,ODD_CELL_UNIQUE
3072,0,,,0,0,ODD_CELL_UNIQUE
3073,0,,,0,0,ODD_CELL_UNIQUE
3074,0,,,0,0,ODD_CELL_UNIQUE
3075,0,,,0,0,ODD_CELL_UNIQUE
3076,0,,,0,0,ODD_CELL_UNIQUE
3077,0,,,0,0,ODD_CELL_UNIQUE
3078,0,,,0,0,ODD_CELL_UNIQUE
3079,0,,,0,0,ODD_CELL_UNIQUE
3080,0,,,0,0,ODD_CELL_UNIQUE
3081,0,,,0,0,ODD_CELL_UNIQUE
3082,0,,,0,0,ODD_CELL_UNIQUE
3083,0,,,0,0,ODD_CELL_UNIQUE
3084,0,,,0,0,ODD_CELL_UNIQUE
3085,0,,,0,0,ODD_CELL_UNIQUE
3086,0,212,212,0,1,ODD_CELL_UNIQUE
3087,0,,,0,0,ODD_CELL_UNIQUE
3088,0,,,0,0,ODD_CELL_UNIQUE
3089,0,,,0,0,ODD_CELL_UNIQUE
3090,0,,,0,0,ODD_CELL_UNIQUE
3091,0,,,0,0,ODD_CELL_UNIQUE
3092,0,,,0,0,ODD_CELL_UNIQUE
3093,0,,,0,0,ODD_CELL_UNIQUE
3094,0,,,0,0,ODD_CELL_UNIQUE
3095,0,,,0,0,ODD_CELL_UNIQUE
3096,0,,,0,0,ODD_CELL_UNIQUE
3097,0,,,0,0,ODD_CELL_UNIQUE
3098,0,,,0,0,ODD_CELL_UNIQUE
3099,0,,,0,0,ODD_CELL_UNIQUE
3100,0,,,0,0,ODD_CELL_UNIQUE
3101,0,,,0,0,ODD_CELL_UNIQUE
3102,0,,,0,0,ODD_CELL_UNIQUE
3103,0,,,0,0,ODD_CELL_UNIQUE
3104,0,,,0,0,ODD_CELL_UNIQUE
3105,0,,,0,0,ODD_CELL_UNIQUE
3106,0,,,0,0,ODD_CELL_UNIQUE
3107,0,,,0,0,ODD_CELL_UNIQUE
3108,1,213,213,1,0,ODD_CELL_UNIQUE
3109,0,,,0,0,ODD_CELL_UNIQUE
3110,0,,,0,0,ODD_CELL_UNIQUE
3111,0,,,0,0,ODD_CELL_UNIQUE
3112,0,,,0,0,ODD_CELL_UNIQUE
3113,0,,,0,0,ODD_CELL_UNIQUE
3114,0,,,0,0,ODD_CELL_UNIQUE
3115,0,,,0,0,ODD_CELL_UNIQUE
3116,0,,,0,0,ODD_CELL_UNIQUE
3117,0,,,0,0,ODD_CELL_UNIQUE
3118,0,,,0,0,ODD_CELL_UNIQUE
3119,0,,,0,0,ODD_CELL_UNIQUE
3120,0,,,0,0,ODD_CELL_UNIQUE
3121,0,,,0,0,ODD_CELL_UNIQUE
3122,0,,,0,0,ODD_CELL_UNIQUE
3123,0,,,0,0,ODD_CELL_UNIQUE
3124,0,,,0,0,ODD_CELL_UNIQUE
3125,0,,,0,0,ODD_CELL_UNIQUE
3126,0,,,0,0,ODD_CELL_UNIQUE
3127,0,,,0,0,ODD_CELL_UNIQUE
3128,0,,,0,0,ODD_CELL_UNIQUE
3129,0,,,0,0,ODD_CELL_UNIQUE
3130,0,214,214,0,1,ODD_CELL_UNIQUE
3131,0,,,0,0,ODD_CELL_UNIQUE
3132,0,,,0,0,ODD_CELL_UNIQUE
3133,0,,,0,0,ODD_CELL_UNIQUE
3134,0,,,0,0,ODD_CELL_UNIQUE
3135,0,,,0,0,ODD_CELL_UNIQUE
3136,0,,,0,0,ODD_CELL_UNIQUE
3137,0,,,0,0,ODD_CELL_UNIQUE
3138,0,,,0,0,ODD_CELL_UNIQUE
3139,0,,,0,0,ODD_CELL_UNIQUE
3140,0,,,0,0,ODD_CELL_UNIQUE
3141,0,,,0,0,ODD_CELL_UNIQUE
3142,0,,,0,0,ODD_CELL_UNIQUE
3143,0,,,0,0,ODD_CELL_UNIQUE
3144,0,,,0,0,ODD_CELL_UNIQUE
3145,0,,,0,0,ODD_CELL_UNIQUE
3146,0,,,0,0,ODD_CELL_UNIQUE
3147,0,,,0,0,ODD_CELL_UNIQUE
3148,0,,,0,0,ODD_CELL_UNIQUE
3149,0,,,0,0,ODD_CELL_UNIQUE
3150,0,,,0,0,ODD_CELL_UNIQUE
3151,0,,,0,0,ODD_CELL_UNIQUE
3152,1,215,215,1,0,ODD_CELL_UNIQUE
3153,0,,,0,0,ODD_CELL_UNIQUE
3154,0,,,0,0,ODD_CELL_UNIQUE
3155,0,,,0,0,ODD_CELL_UNIQUE
3156,0,,,0,0,ODD_CELL_UNIQUE
3157,0,,,0,0,ODD_CELL_UNIQUE
3158,0,,,0,0,ODD_CELL_UNIQUE
3159,0,,,0,0,ODD_CELL_UNIQUE
3160,0,,,0,0,ODD_CELL_UNIQUE
3161,0,,,0,0,ODD_CELL_UNIQUE
3162,0,,,0,0,ODD_CELL_UNIQUE
3163,0,,,0,0,ODD_CELL_UNIQUE
3164,0,,,0,0,ODD_CELL_UNIQUE
3165,0,,,0,0,ODD_CELL_UNIQUE
3166,0,,,0,0,ODD_CELL_UNIQUE
3167,0,,,0,0,ODD_CELL_UNIQUE
3168,0,,,0,0,ODD_CELL_UNIQUE
3169,0,,,0,0,ODD_CELL_UNIQUE
3170,0,,,0,0,ODD_CELL_UNIQUE
3171,0,,,0,0,ODD_CELL_UNIQUE
3172,0,,,0,0,ODD_CELL_UNIQUE
3173,0,,,0,0,ODD_CELL_UNIQUE
3174,0,216,216,0,1,ODD_CELL_UNIQUE
3175,0,,,0,0,ODD_CELL_UNIQUE
3176,0,,,0,0,ODD_CELL_UNIQUE
3177,0,,,0,0,ODD_CELL_UNIQUE
3178,0,,,0,0,ODD_CELL_UNIQUE
3179,0,,,0,0,ODD_CELL_UNIQUE
3180,0,,,0,0,ODD_CELL_UNIQUE
3181,0,,,0,0,ODD_CELL_UNIQUE
3182,0,,,0,0,ODD_CELL_UNIQUE
3183,0,,,0,0,ODD_CELL_UNIQUE
3184,0,,,0,0,ODD_CELL_UNIQUE
3185,0,,,0,0,ODD_CELL_UNIQUE
3186,0,,,0,0,ODD_CELL_UNIQUE
3187,0,,,0,0,ODD_CELL_UNIQUE
3188,0,,,0,0,ODD_CELL_UNIQUE
3189,0,,,0,0,ODD_CELL_UNIQUE
3190,0,,,0,0,ODD_CELL_UNIQUE
3191,0,,,0,0,ODD_CELL_UNIQUE
3192,0,,,0,0,ODD_CELL_UNIQUE
3193,0,,,0,0,ODD_CELL_UNIQUE
3194,0,,,0,0,ODD_CELL_UNIQUE
3195,0,,,0,0,ODD_CELL_UNIQUE
3196,1,217,217,1,0,ODD_CELL_UNIQUE
3197,0,,,0,0,ODD_CELL_UNIQUE
3198,0,,,0,0,ODD_CELL_UNIQUE
3199,0,,,0,0,ODD_CELL_UNIQUE
3200,0,,,0,0,ODD_CELL_UNIQUE
3201,0,,,0,0,ODD_CELL_UNIQUE
3202,0,,,0,0,ODD_CELL_UNIQUE
3203,0,,,0,0,ODD_CELL_UNIQUE
3204,0,,,0,0,ODD_CELL_UNIQUE
3205,0,,,0,0,ODD_CELL_UNIQUE
3206,0,,,0,0,ODD_CELL_UNIQUE
3207,0,,,0,0,ODD_CELL_UNIQUE
3208,0,,,0,0,ODD_CELL_UNIQUE
3209,0,,,0,0,ODD_CELL_UNIQUE
3210,0,,,0,0,ODD_CELL_UNIQUE
3211,0,,,0,0,ODD_CELL_UNIQUE
3212,0,,,0,0,ODD_CELL_UNIQUE
3213,0,,,0,0,ODD_CELL_UNIQUE
3214,0,,,0,0,ODD_CELL_UNIQUE
3215,0,,,0,0,ODD_CELL_UNIQUE
3216,0,,,0,0,ODD_CELL_UNIQUE
3217,0,,,0,0,ODD_CELL_UNIQUE
3218,0,218,218,0,1,ODD_CELL_UNIQUE
3219,0,,,0,0,ODD_CELL_UNIQUE
3220,0,,,0,0,ODD_CELL_UNIQUE
3221,0,,,0,0,ODD_CELL_UNIQUE
3222,0,,,0,0,ODD_CELL_UNIQUE
3223,0,,,0,0,ODD_CELL_UNIQUE
3224,0,,,0,0,ODD_CELL_UNIQUE
3225,0,,,0,0,ODD_CELL_UNIQUE
3226,0,,,0,0,ODD_CELL_UNIQUE
3227,0,,,0,0,ODD_CELL_UNIQUE
3228,0,,,0,0,ODD_CELL_UNIQUE
3229,0,,,0,0,ODD_CELL_UNIQUE
3230,0,,,0,0,ODD_CELL_UNIQUE
3231,0,,,0,0,ODD_CELL_UNIQUE
3232,0,,,0,0,ODD_CELL_UNIQUE
3233,0,,,0,0,ODD_CELL_UNIQUE
3234,0,,,0,0,ODD_CELL_UNIQUE
3235,0,,,0,0,ODD_CELL_UNIQUE
3236,0,,,0,0,ODD_CELL_UNIQUE
3237,0,,,0,0,ODD_CELL_UNIQUE
3238,0,,,0,0,ODD_CELL_UNIQUE
3239,0,,,0,0,ODD_CELL_UNIQUE
3240,1,219,219,1,0,ODD_CELL_UNIQUE
3241,0,,,0,0,ODD_CELL_UNIQUE
3242,0,,,0,0,ODD_CELL_UNIQUE
3243,0,,,0,0,ODD_CELL_UNIQUE
3244,0,,,0,0,ODD_CELL_UNIQUE
3245,0,,,0,0,ODD_CELL_UNIQUE
3246,0,,,0,0,ODD_CELL_UNIQUE
3247,0,,,0,0,ODD_CELL_UNIQUE
3248,0,,,0,0,ODD_CELL_UNIQUE
3249,0,,,0,0,ODD_CELL_UNIQUE
3250,0,,,0,0,ODD_CELL_UNIQUE
3251,0,,,0,0,ODD_CELL_UNIQUE
3252,0,,,0,0,ODD_CELL_UNIQUE
3253,0,,,0,0,ODD_CELL_UNIQUE
3254,0,,,0,0,ODD_CELL_UNIQUE
3255,0,,,0,0,ODD_CELL_UNIQUE
3256,0,,,0,0,ODD_CELL_UNIQUE
3257,0,,,0,0,ODD_CELL_UNIQUE
3258,0,,,0,0,ODD_CELL_UNIQUE
3259,0,,,0,0,ODD_CELL_UNIQUE
3260,0,,,0,0,ODD_CELL_UNIQUE
3261,0,,,0,0,ODD_CELL_UNIQUE
3262,0,,,0,0,ODD_CELL_UNIQUE
3263,0,220,220,0,1,ODD_CELL_UNIQUE
3264,0,,,0,0,ODD_CELL_UNIQUE
3265,0,,,0,0,ODD_CELL_UNIQUE
3266,0,,,0,0,ODD_CELL_UNIQUE
3267,0,,,0,0,ODD_CELL_UNIQUE
3268,0,,,0,0,ODD_CELL_UNIQUE
3269,0,,,0,0,ODD_CELL_UNIQUE
3270,0,,,0,0,ODD_CELL_UNIQUE
3271,0,,,0,0,ODD_CELL_UNIQUE
3272,0,,,0,0,ODD_CELL_UNIQUE
3273,0,,,0,0,ODD_CELL_UNIQUE
3274,0,,,0,0,ODD_CELL_UNIQUE
3275,0,,,0,0,ODD_CELL_UNIQUE
3276,0,,,0,0,ODD_CELL_UNIQUE
3277,0,,,0,0,ODD_CELL_UNIQUE
3278,0,,,0,0,ODD_CELL_UNIQUE
3279,0,,,0,0,ODD_CELL_UNIQUE
3280,0,,,0,0,ODD_CELL_UNIQUE
3281,0,,,0,0,ODD_CELL_UNIQUE
3282,0,,,0,0,ODD_CELL_UNIQUE
3283,0,,,0,0,ODD_CELL_UNIQUE
3284,0,,,0,0,ODD_CELL_UNIQUE
3285,1,221,221,1,0,ODD_CELL_UNIQUE
3286,0,,,0,0,ODD_CELL_UNIQUE
3287,0,,,0,0,ODD_CELL_UNIQUE
3288,0,,,0,0,ODD_CELL_UNIQUE
3289,0,,,0,0,ODD_CELL_UNIQUE
3290,0,,,0,0,ODD_CELL_UNIQUE
3291,0,,,0,0,ODD_CELL_UNIQUE
3292,0,,,0,0,ODD_CELL_UNIQUE
3293,0,,,0,0,ODD_CELL_UNIQUE
3294,0,,,0,0,ODD_CELL_UNIQUE
3295,0,,,0,0,ODD_CELL_UNIQUE
3296,0,,,0,0,ODD_CELL_UNIQUE
3297,0,,,0,0,ODD_CELL_UNIQUE
3298,0,,,0,0,ODD_CELL_UNIQUE
3299,0,,,0,0,ODD_CELL_UNIQUE
3300,0,,,0,0,ODD_CELL_UNIQUE
3301,0,,,0,0,ODD_CELL_UNIQUE
3302,0,,,0,0,ODD_CELL_UNIQUE
3303,0,,,0,0,ODD_CELL_UNIQUE
3304,0,,,0,0,ODD_CELL_UNIQUE
3305,0,,,0,0,ODD_CELL_UNIQUE
3306,0,,,0,0,ODD_CELL_UNIQUE
3307,0,222,222,0,1,ODD_CELL_UNIQUE
3308,0,,,0,0,ODD_CELL_UNIQUE
3309,0,,,0,0,ODD_CELL_UNIQUE
3310,0,,,0,0,ODD_CELL_UNIQUE
3311,0,,,0,0,ODD_CELL_UNIQUE
3312,0,,,0,0,ODD_CELL_UNIQUE
3313,0,,,0,0,ODD_CELL_UNIQUE
3314,0,,,0,0,ODD_CELL_UNIQUE
3315,0,,,0,0,ODD_CELL_UNIQUE
3316,0,,,0,0,ODD_CELL_UNIQUE
3317,0,,,0,0,ODD_CELL_UNIQUE
3318,0,,,0,0,ODD_CELL_UNIQUE
3319,0,,,0,0,ODD_CELL_UNIQUE
3320,0,,,0,0,ODD_CELL_UNIQUE
3321,0,,,0,0,ODD_CELL_UNIQUE
3322,0,,,0,0,ODD_CELL_UNIQUE
3323,0,,,0,0,ODD_CELL_UNIQUE
3324,0,,,0,0,ODD_CELL_UNIQUE
3325,0,,,0,0,ODD_CELL_UNIQUE
3326,0,,,0,0,ODD_CELL_UNIQUE
3327,0,,,0,0,ODD_CELL_UNIQUE
3328,0,,,0,0,ODD_CELL_UNIQUE
3329,0,,,0,0,ODD_CELL_UNIQUE
3330,1,223,223,1,0,ODD_CELL_UNIQUE
3331,0,,,0,0,ODD_CELL_UNIQUE
3332,0,,,0,0,ODD_CELL_UNIQUE
3333,0,,,0,0,ODD_CELL_UNIQUE
3334,0,,,0,0,ODD_CELL_UNIQUE
3335,0,,,0,0,ODD_CELL_UNIQUE
3336,0,,,0,0,ODD_CELL_UNIQUE
3337,0,,,0,0,ODD_CELL_UNIQUE
3338,0,,,0,0,ODD_CELL_UNIQUE
3339,0,,,0,0,ODD_CELL_UNIQUE
3340,0,,,0,0,ODD_CELL_UNIQUE
3341,0,,,0,0,ODD_CELL_UNIQUE
3342,0,,,0,0,ODD_CELL_UNIQUE
3343,0,,,0,0,ODD_CELL_UNIQUE
3344,0,,,0,0,ODD_CELL_UNIQUE
3345,0,,,0,0,ODD_CELL_UNIQUE
3346,0,,,0,0,ODD_CELL_UNIQUE
3347,0,,,0,0,ODD_CELL_UNIQUE
3348,0,,,0,0,ODD_CELL_UNIQUE
3349,0,,,0,0,ODD_CELL_UNIQUE
3350,0,,,0,0,ODD_CELL_UNIQUE
3351,0,,,0,0,ODD_CELL_UNIQUE
3352,0,224,224,0,1,ODD_CELL_UNIQUE
3353,0,,,0,0,ODD_CELL_UNIQUE
3354,0,,,0,0,ODD_CELL_UNIQUE
3355,0,,,0,0,ODD_CELL_UNIQUE
3356,0,,,0,0,ODD_CELL_UNIQUE
3357,0,,,0,0,ODD_CELL_UNIQUE
3358,0,,,0,0,ODD_CELL_UNIQUE
3359,0,,,0,0,ODD_CELL_UNIQUE
3360,0,,,0,0,ODD_CELL_UNIQUE
3361,0,,,0,0,ODD_CELL_UNIQUE
3362,0,,,0,0,ODD_CELL_UNIQUE
3363,0,,,0,0,ODD_CELL_UNIQUE
3364,0,,,0,0,ODD_CELL_UNIQUE
3365,0,,,0,0,ODD_CELL_UNIQUE
3366,0,,,0,0,ODD_CELL_UNIQUE
3367,0,,,0,0,ODD_CELL_UNIQUE
3368,0,,,0,0,ODD_CELL_UNIQUE
3369,0,,,0,0,ODD_CELL_UNIQUE
3370,0,,,0,0,ODD_CELL_UNIQUE
3371,0,,,0,0,ODD_CELL_UNIQUE
3372,0,,,0,0,ODD_CELL_UNIQUE
3373,0,,,0,0,ODD_CELL_UNIQUE
3374,0,,,0,0,ODD_CELL_UNIQUE
3375,1,225,225,1,0,ODD_CELL_UNIQUE
3376,0,,,0,0,ODD_CELL_UNIQUE
3377,0,,,0,0,ODD_CELL_UNIQUE
3378,0,,,0,0,ODD_CELL_UNIQUE
3379,0,,,0,0,ODD_CELL_UNIQUE
3380,0,,,0,0,ODD_CELL_UNIQUE
3381,0,,,0,0,ODD_CELL_UNIQUE
3382,0,,,0,0,ODD_CELL_UNIQUE
3383,0,,,0,0,ODD_CELL_UNIQUE
3384,0,,,0,0,ODD_CELL_UNIQUE
3385,0,,,0,0,ODD_CELL_UNIQUE
3386,0,,,0,0,ODD_CELL_UNIQUE
3387,0,,,0,0,ODD_CELL_UNIQUE
3388,0,,,0,0,ODD_CELL_UNIQUE
3389,0,,,0,0,ODD_CELL_UNIQUE
3390,0,,,0,0,ODD_CELL_UNIQUE
3391,0,,,0,0,ODD_CELL_UNIQUE
3392,0,,,0,0,ODD_CELL_UNIQUE
3393,0,,,0,0,ODD_CELL_UNIQUE
3394,0,,,0,0,ODD_CELL_UNIQUE
3395,0,,,0,0,ODD_CELL_UNIQUE
3396,0,,,0,0,ODD_CELL_UNIQUE
3397,0,226,226,0,1,ODD_CELL_UNIQUE
3398,0,,,0,0,ODD_CELL_UNIQUE
3399,0,,,0,0,ODD_CELL_UNIQUE
3400,0,,,0,0,ODD_CELL_UNIQUE
3401,0,,,0,0,ODD_CELL_UNIQUE
3402,0,,,0,0,ODD_CELL_UNIQUE
3403,0,,,0,0,ODD_CELL_UNIQUE
3404,0,,,0,0,ODD_CELL_UNIQUE
3405,0,,,0,0,ODD_CELL_UNIQUE
3406,0,,,0,0,ODD_CELL_UNIQUE
3407,0,,,0,0,ODD_CELL_UNIQUE
3408,0,,,0,0,ODD_CELL_UNIQUE
3409,0,,,0,0,ODD_CELL_UNIQUE
3410,0,,,0,0,ODD_CELL_UNIQUE
3411,0,,,0,0,ODD_CELL_UNIQUE
3412,0,,,0,0,ODD_CELL_UNIQUE
3413,0,,,0,0,ODD_CELL_UNIQUE
3414,0,,,0,0,ODD_CELL_UNIQUE
3415,0,,,0,0,ODD_CELL_UNIQUE
3416,0,,,0,0,ODD_CELL_UNIQUE
3417,0,,,0,0,ODD_CELL_UNIQUE
3418,0,,,0,0,ODD_CELL_UNIQUE
3419,0,,,0,0,ODD_CELL_UNIQUE
3420,1,227,227,1,0,ODD_CELL_UNIQUE
3421,0,,,0,0,ODD_CELL_UNIQUE
3422,0,,,0,0,ODD_CELL_UNIQUE
3423,0,,,0,0,ODD_CELL_UNIQUE
3424,0,,,0,0,ODD_CELL_UNIQUE
3425,0,,,0,0,ODD_CELL_UNIQUE
3426,0,,,0,0,ODD_CELL_UNIQUE
3427,0,,,0,0,ODD_CELL_UNIQUE
3428,0,,,0,0,ODD_CELL_UNIQUE
3429,0,,,0,0,ODD_CELL_UNIQUE
3430,0,,,0,0,ODD_CELL_UNIQUE
3431,0,,,0,0,ODD_CELL_UNIQUE
3432,0,,,0,0,ODD_CELL_UNIQUE
3433,0,,,0,0,ODD_CELL_UNIQUE
3434,0,,,0,0,ODD_CELL_UNIQUE
3435,0,,,0,0,ODD_CELL_UNIQUE
3436,0,,,0,0,ODD_CELL_UNIQUE
3437,0,,,0,0,ODD_CELL_UNIQUE
3438,0,,,0,0,ODD_CELL_UNIQUE
3439,0,,,0,0,ODD_CELL_UNIQUE
3440,0,,,0,0,ODD_CELL_UNIQUE
3441,0,,,0,0,ODD_CELL_UNIQUE
3442,0,228,228,0,1,ODD_CELL_UNIQUE
3443,0,,,0,0,ODD_CELL_UNIQUE
3444,0,,,0,0,ODD_CELL_UNIQUE
3445,0,,,0,0,ODD_CELL_UNIQUE
3446,0,,,0,0,ODD_CELL_UNIQUE
3447,0,,,0,0,ODD_CELL_UNIQUE
3448,0,,,0,0,ODD_CELL_UNIQUE
3449,0,,,0,0,ODD_CELL_UNIQUE
3450,0,,,0,0,ODD_CELL_UNIQUE
3451,0,,,0,0,ODD_CELL_UNIQUE
3452,0,,,0,0,ODD_CELL_UNIQUE
3453,0,,,0,0,ODD_CELL_UNIQUE
3454,0,,,0,0,ODD_CELL_UNIQUE
3455,0,,,0,0,ODD_CELL_UNIQUE
3456,0,,,0,0,ODD_CELL_UNIQUE
3457,0,,,0,0,ODD_CELL_UNIQUE
3458,0,,,0,0,ODD_CELL_UNIQUE
3459,0,,,0,0,ODD_CELL_UNIQUE
3460,0,,,0,0,ODD_CELL_UNIQUE
3461,0,,,0,0,ODD_CELL_UNIQUE
3462,0,,,0,0,ODD_CELL_UNIQUE
3463,0,,,0,0,ODD_CELL_UNIQUE
3464,0,,,0,0,ODD_CELL_UNIQUE
3465,1,229,229,1,0,ODD_CELL_UNIQUE
3466,0,,,0,0,ODD_CELL_UNIQUE
3467,0,,,0,0,ODD_CELL_UNIQUE
3468,0,,,0,0,ODD_CELL_UNIQUE
3469,0,,,0,0,ODD_CELL_UNIQUE
3470,0,,,0,0,ODD_CELL_UNIQUE
3471,0,,,0,0,ODD_CELL_UNIQUE
3472,0,,,0,0,ODD_CELL_UNIQUE
3473,0,,,0,0,ODD_CELL_UNIQUE
3474,0,,,0,0,ODD_CELL_UNIQUE
3475,0,,,0,0,ODD_CELL_UNIQUE
3476,0,,,0,0,ODD_CELL_UNIQUE
3477,0,,,0,0,ODD_CELL_UNIQUE
3478,0,,,0,0,ODD_CELL_UNIQUE
3479,0,,,0,0,ODD_CELL_UNIQUE
3480,0,,,0,0,ODD_CELL_UNIQUE
3481,0,,,0,0,ODD_CELL_UNIQUE
3482,0,,,0,0,ODD_CELL_UNIQUE
3483,0,,,0,0,ODD_CELL_UNIQUE
3484,0,,,0,0,ODD_CELL_UNIQUE
3485,0,,,0,0,ODD_CELL_UNIQUE
3486,0,,,0,0,ODD_CELL_UNIQUE
3487,0,,,0,0,ODD_CELL_UNIQUE
3488,0,230,230,0,1,ODD_CELL_UNIQUE
3489,0,,,0,0,ODD_CELL_UNIQUE
3490,0,,,0,0,ODD_CELL_UNIQUE
3491,0,,,0,0,ODD_CELL_UNIQUE
3492,0,,,0,0,ODD_CELL_UNIQUE
3493,0,,,0,0,ODD_CELL_UNIQUE
3494,0,,,0,0,ODD_CELL_UNIQUE
3495,0,,,0,0,ODD_CELL_UNIQUE
3496,0,,,0,0,ODD_CELL_UNIQUE
3497,0,,,0,0,ODD_CELL_UNIQUE
3498,0,,,0,0,ODD_CELL_UNIQUE
3499,0,,,0,0,ODD_CELL_UNIQUE
3500,0,,,0,0,ODD_CELL_UNIQUE
3501,0,,,0,0,ODD_CELL_UNIQUE
3502,0,,,0,0,ODD_CELL_UNIQUE
3503,0,,,0,0,ODD_CELL_UNIQUE
3504,0,,,0,0,ODD_CELL_UNIQUE
3505,0,,,0,0,ODD_CELL_UNIQUE
3506,0,,,0,0,ODD_CELL_UNIQUE
3507,0,,,0,0,ODD_CELL_UNIQUE
3508,0,,,0,0,ODD_CELL_UNIQUE
3509,0,,,0,0,ODD_CELL_UNIQUE
3510,1,231,231,1,0,ODD_CELL_UNIQUE
3511,0,,,0,0,ODD_CELL_UNIQUE
3512,0,,,0,0,ODD_CELL_UNIQUE
3513,0,,,0,0,ODD_CELL_UNIQUE
3514,0,,,0,0,ODD_CELL_UNIQUE
3515,0,,,0,0,ODD_CELL_UNIQUE
3516,0,,,0,0,ODD_CELL_UNIQUE
3517,0,,,0,0,ODD_CELL_UNIQUE
3518,0,,,0,0,ODD_CELL_UNIQUE
3519,0,,,0,0,ODD_CELL_UNIQUE
3520,0,,,0,0,ODD_CELL_UNIQUE
3521,0,,,0,0,ODD_CELL_UNIQUE
3522,0,,,0,0,ODD_CELL_UNIQUE
3523,0,,,0,0,ODD_CELL_UNIQUE
3524,0,,,0,0,ODD_CELL_UNIQUE
3525,0,,,0,0,ODD_CELL_UNIQUE
3526,0,,,0,0,ODD_CELL_UNIQUE
3527,0,,,0,0,ODD_CELL_UNIQUE
3528,0,,,0,0,ODD_CELL_UNIQUE
3529,0,,,0,0,ODD_CELL_UNIQUE
3530,0,,,0,0,ODD_CELL_UNIQUE
3531,0,,,0,0,ODD_CELL_UNIQUE
3532,0,,,0,0,ODD_CELL_UNIQUE
3533,0,232,232,0,1,ODD_CELL_UNIQUE
3534,0,,,0,0,ODD_CELL_UNIQUE
3535,0,,,0,0,ODD_CELL_UNIQUE
3536,0,,,0,0,ODD_CELL_UNIQUE
3537,0,,,0,0,ODD_CELL_UNIQUE
3538,0,,,0,0,ODD_CELL_UNIQUE
3539,0,,,0,0,ODD_CELL_UNIQUE
3540,0,,,0,0,ODD_CELL_UNIQUE
3541,0,,,0,0,ODD_CELL_UNIQUE
3542,0,,,0,0,ODD_CELL_UNIQUE
3543,0,,,0,0,ODD_CELL_UNIQUE
3544,0,,,0,0,ODD_CELL_UNIQUE
3545,0,,,0,0,ODD_CELL_UNIQUE
3546,0,,,0,0,ODD_CELL_UNIQUE
3547,0,,,0,0,ODD_CELL_UNIQUE
3548,0,,,0,0,ODD_CELL_UNIQUE
3549,0,,,0,0,ODD_CELL_UNIQUE
3550,0,,,0,0,ODD_CELL_UNIQUE
3551,0,,,0,0,ODD_CELL_UNIQUE
3552,0,,,0,0,ODD_CELL_UNIQUE
3553,0,,,0,0,ODD_CELL_UNIQUE
3554,0,,,0,0,ODD_CELL_UNIQUE
3555,0,,,0,0,ODD_CELL_UNIQUE
3556,1,233,233,1,0,ODD_CELL_UNIQUE
3557,0,,,0,0,ODD_CELL_UNIQUE
3558,0,,,0,0,ODD_CELL_UNIQUE
3559,0,,,0,0,ODD_CELL_UNIQUE
3560,0,,,0,0,ODD_CELL_UNIQUE
3561,0,,,0,0,ODD_CELL_UNIQUE
3562,0,,,0,0,ODD_CELL_UNIQUE
3563,0,,,0,0,ODD_CELL_UNIQUE
3564,0,,,0,0,ODD_CELL_UNIQUE
3565,0,,,0,0,ODD_CELL_UNIQUE
3566,0,,,0,0,ODD_CELL_UNIQUE
3567,0,,,0,0,ODD_CELL_UNIQUE
3568,0,,,0,0,ODD_CELL_UNIQUE
3569,0,,,0,0,ODD_CELL_UNIQUE
3570,0,,,0,0,ODD_CELL_UNIQUE
3571,0,,,0,0,ODD_CELL_UNIQUE
3572,0,,,0,0,ODD_CELL_UNIQUE
3573,0,,,0,0,ODD_CELL_UNIQUE
3574,0,,,0,0,ODD_CELL_UNIQUE
3575,0,,,0,0,ODD_CELL_UNIQUE
3576,0,,,0,0,ODD_CELL_UNIQUE
3577,0,,,0,0,ODD_CELL_UNIQUE
3578,0,,,0,0,ODD_CELL_UNIQUE
3579,0,234,234,0,1,ODD_CELL_UNIQUE
3580,0,,,0,0,ODD_CELL_UNIQUE
3581,0,,,0,0,ODD_CELL_UNIQUE
3582,0,,,0,0,ODD_CELL_UNIQUE
3583,0,,,0,0,ODD_CELL_UNIQUE
3584,0,,,0,0,ODD_CELL_UNIQUE
3585,0,,,0,0,ODD_CELL_UNIQUE
3586,0,,,0,0,ODD_CELL_UNIQUE
3587,0,,,0,0,ODD_CELL_UNIQUE
3588,0,,,0,0,ODD_CELL_UNIQUE
3589,0,,,0,0,ODD_CELL_UNIQUE
3590,0,,,0,0,ODD_CELL_UNIQUE
3591,0,,,0,0,ODD_CELL_UNIQUE
3592,0,,,0,0,ODD_CELL_UNIQUE
3593,0,,,0,0,ODD_CELL_UNIQUE
3594,0,,,0,0,ODD_CELL_UNIQUE
3595,0,,,0,0,ODD_CELL_UNIQUE
3596,0,,,0,0,ODD_CELL_UNIQUE
3597,0,,,0,0,ODD_CELL_UNIQUE
3598,0,,,0,0,ODD_CELL_UNIQUE
3599,0,,,0,0,ODD_CELL_UNIQUE
3600,0,,,0,0,ODD_CELL_UNIQUE
3601,0,,,0,0,ODD_CELL_UNIQUE
3602,1,235,235,1,0,ODD_CELL_UNIQUE
3603,0,,,0,0,ODD_CELL_UNIQUE
3604,0,,,0,0,ODD_CELL_UNIQUE
3605,0,,,0,0,ODD_CELL_UNIQUE
3606,0,,,0,0,ODD_CELL_UNIQUE
3607,0,,,0,0,ODD_CELL_UNIQUE
3608,0,,,0,0,ODD_CELL_UNIQUE
3609,0,,,0,0,ODD_CELL_UNIQUE
3610,0,,,0,0,ODD_CELL_UNIQUE
3611,0,,,0,0,ODD_CELL_UNIQUE
3612,0,,,0,0,ODD_CELL_UNIQUE
3613,0,,,0,0,ODD_CELL_UNIQUE
3614,0,,,0,0,ODD_CELL_UNIQUE
3615,0,,,0,0,ODD_CELL_UNIQUE
3616,0,,,0,0,ODD_CELL_UNIQUE
3617,0,,,0,0,ODD_CELL_UNIQUE
3618,0,,,0,0,ODD_CELL_UNIQUE
3619,0,,,0,0,ODD_CELL_UNIQUE
3620,0,,,0,0,ODD_CELL_UNIQUE
3621,0,,,0,0,ODD_CELL_UNIQUE
3622,0,,,0,0,ODD_CELL_UNIQUE
3623,0,,,0,0,ODD_CELL_UNIQUE
3624,0,,,0,0,ODD_CELL_UNIQUE
3625,0,236,236,0,1,ODD_CELL_UNIQUE
3626,0,,,0,0,ODD_CELL_UNIQUE
3627,0,,,0,0,ODD_CELL_UNIQUE
3628,0,,,0,0,ODD_CELL_UNIQUE
3629,0,,,0,0,ODD_CELL_UNIQUE
3630,0,,,0,0,ODD_CELL_UNIQUE
3631,0,,,0,0,ODD_CELL_UNIQUE
3632,0,,,0,0,ODD_CELL_UNIQUE
3633,0,,,0,0,ODD_CELL_UNIQUE
3634,0,,,0,0,ODD_CELL_UNIQUE
3635,0,,,0,0,ODD_CELL_UNIQUE
3636,0,,,0,0,ODD_CELL_UNIQUE
3637,0,,,0,0,ODD_CELL_UNIQUE
3638,0,,,0,0,ODD_CELL_UNIQUE
3639,0,,,0,0,ODD_CELL_UNIQUE
3640,0,,,0,0,ODD_CELL_UNIQUE
3641,0,,,0,0,ODD_CELL_UNIQUE
3642,0,,,0,0,ODD_CELL_UNIQUE
3643,0,,,0,0,ODD_CELL_UNIQUE
3644,0,,,0,0,ODD_CELL_UNIQUE
3645,0,,,0,0,ODD_CELL_UNIQUE
3646,0,,,0,0,ODD_CELL_UNIQUE
3647,0,,,0,0,ODD_CELL_UNIQUE
3648,1,237,237,1,0,ODD_CELL_UNIQUE
3649,0,,,0,0,ODD_CELL_UNIQUE
3650,0,,,0,0,ODD_CELL_UNIQUE
3651,0,,,0,0,ODD_CELL_UNIQUE
3652,0,,,0,0,ODD_CELL_UNIQUE
3653,0,,,0,0,ODD_CELL_UNIQUE
3654,0,,,0,0,ODD_CELL_UNIQUE
3655,0,,,0,0,ODD_CELL_UNIQUE
3656,0,,,0,0,ODD_CELL_UNIQUE
3657,0,,,0,0,ODD_CELL_UNIQUE
3658,0,,,0,0,ODD_CELL_UNIQUE
3659,0,,,0,0,ODD_CELL_UNIQUE
3660,0,,,0,0,ODD_CELL_UNIQUE
3661,0,,,0,0,ODD_CELL_UNIQUE
3662,0,,,0,0,ODD_CELL_UNIQUE
3663,0,,,0,0,ODD_CELL_UNIQUE
3664,0,,,0,0,ODD_CELL_UNIQUE
3665,0,,,0,0,ODD_CELL_UNIQUE
3666,0,,,0,0,ODD_CELL_UNIQUE
3667,0,,,0,0,ODD_CELL_UNIQUE
3668,0,,,0,0,ODD_CELL_UNIQUE
3669,0,,,0,0,ODD_CELL_UNIQUE
3670,0,,,0,0,ODD_CELL_UNIQUE
3671,0,238,238,0,1,ODD_CELL_UNIQUE
3672,0,,,0,0,ODD_CELL_UNIQUE
3673,0,,,0,0,ODD_CELL_UNIQUE
3674,0,,,0,0,ODD_CELL_UNIQUE
3675,0,,,0,0,ODD_CELL_UNIQUE
3676,0,,,0,0,ODD_CELL_UNIQUE
3677,0,,,0,0,ODD_CELL_UNIQUE
3678,0,,,0,0,ODD_CELL_UNIQUE
3679,0,,,0,0,ODD_CELL_UNIQUE
3680,0,,,0,0,ODD_CELL_UNIQUE
3681,0,,,0,0,ODD_CELL_UNIQUE
3682,0,,,0,0,ODD_CELL_UNIQUE
3683,0,,,0,0,ODD_CELL_UNIQUE
3684,0,,,0,0,ODD_CELL_UNIQUE
3685,0,,,0,0,ODD_CELL_UNIQUE
3686,0,,,0,0,ODD_CELL_UNIQUE
3687,0,,,0,0,ODD_CELL_UNIQUE
3688,0,,,0,0,ODD_CELL_UNIQUE
3689,0,,,0,0,ODD_CELL_UNIQUE
3690,0,,,0,0,ODD_CELL_UNIQUE
3691,0,,,0,0,ODD_CELL_UNIQUE
3692,0,,,0,0,ODD_CELL_UNIQUE
3693,0,,,0,0,ODD_CELL_UNIQUE
3694,1,239,239,1,0,ODD_CELL_UNIQUE
3695,0,,,0,0,ODD_CELL_UNIQUE
3696,0,,,0,0,ODD_CELL_UNIQUE
3697,0,,,0,0,ODD_CELL_UNIQUE
3698,0,,,0,0,ODD_CELL_UNIQUE
3699,0,,,0,0,ODD_CELL_UNIQUE
3700,0,,,0,0,ODD_CELL_UNIQUE
3701,0,,,0,0,ODD_CELL_UNIQUE
3702,0,,,0,0,ODD_CELL_UNIQUE
3703,0,,,0,0,ODD_CELL_UNIQUE
3704,0,,,0,0,ODD_CELL_UNIQUE
3705,0,,,0,0,ODD_CELL_UNIQUE
3706,0,,,0,0,ODD_CELL_UNIQUE
3707,0,,,0,0,ODD_CELL_UNIQUE
3708,0,,,0,0,ODD_CELL_UNIQUE
3709,0,,,0,0,ODD_CELL_UNIQUE
3710,0,,,0,0,ODD_CELL_UNIQUE
3711,0,,,0,0,ODD_CELL_UNIQUE
3712,0,,,0,0,ODD_CELL_UNIQUE
3713,0,,,0,0,ODD_CELL_UNIQUE
3714,0,,,0,0,ODD_CELL_UNIQUE
3715,0,,,0,0,ODD_CELL_UNIQUE
3716,0,,,0,0,ODD_CELL_UNIQUE
3717,0,,,0,0,ODD_CELL_UNIQUE
3718,0,240,240,0,1,ODD_CELL_UNIQUE
3719,0,,,0,0,ODD_CELL_UNIQUE
3720,0,,,0,0,ODD_CELL_UNIQUE
3721,0,,,0,0,ODD_CELL_UNIQUE
3722,0,,,0,0,ODD_CELL_UNIQUE
3723,0,,,0,0,ODD_CELL_UNIQUE
3724,0,,,0,0,ODD_CELL_UNIQUE
3725,0,,,0,0,ODD_CELL_UNIQUE
3726,0,,,0,0,ODD_CELL_UNIQUE
3727,0,,,0,0,ODD_CELL_UNIQUE
3728,0,,,0,0,ODD_CELL_UNIQUE
3729,0,,,0,0,ODD_CELL_UNIQUE
3730,0,,,0,0,ODD_CELL_UNIQUE
3731,0,,,0,0,ODD_CELL_UNIQUE
3732,0,,,0,0,ODD_CELL_UNIQUE
3733,0,,,0,0,ODD_CELL_UNIQUE
3734,0,,,0,0,ODD_CELL_UNIQUE
3735,0,,,0,0,ODD_CELL_UNIQUE
3736,0,,,0,0,ODD_CELL_UNIQUE
3737,0,,,0,0,ODD_CELL_UNIQUE
3738,0,,,0,0,ODD_CELL_UNIQUE
3739,0,,,0,0,ODD_CELL_UNIQUE
3740,0,,,0,0,ODD_CELL_UNIQUE
3741,1,241,241,1,0,ODD_CELL_UNIQUE
3742,0,,,0,0,ODD_CELL_UNIQUE
3743,0,,,0,0,ODD_CELL_UNIQUE
3744,0,,,0,0,ODD_CELL_UNIQUE
3745,0,,,0,0,ODD_CELL_UNIQUE
3746,0,,,0,0,ODD_CELL_UNIQUE
3747,0,,,0,0,ODD_CELL_UNIQUE
3748,0,,,0,0,ODD_CELL_UNIQUE
3749,0,,,0,0,ODD_CELL_UNIQUE
3750,0,,,0,0,ODD_CELL_UNIQUE
3751,0,,,0,0,ODD_CELL_UNIQUE
3752,0,,,0,0,ODD_CELL_UNIQUE
3753,0,,,0,0,ODD_CELL_UNIQUE
3754,0,,,0,0,ODD_CELL_UNIQUE
3755,0,,,0,0,ODD_CELL_UNIQUE
3756,0,,,0,0,ODD_CELL_UNIQUE
3757,0,,,0,0,ODD_CELL_UNIQUE
3758,0,,,0,0,ODD_CELL_UNIQUE
3759,0,,,0,0,ODD_CELL_UNIQUE
3760,0,,,0,0,ODD_CELL_UNIQUE
3761,0,,,0,0,ODD_CELL_UNIQUE
3762,0,,,0,0,ODD_CELL_UNIQUE
3763,0,,,0,0,ODD_CELL_UNIQUE
3764,0,242,242,0,1,ODD_CELL_UNIQUE
3765,0,,,0,0,ODD_CELL_UNIQUE
3766,0,,,0,0,ODD_CELL_UNIQUE
3767,0,,,0,0,ODD_CELL_UNIQUE
3768,0,,,0,0,ODD_CELL_UNIQUE
3769,0,,,0,0,ODD_CELL_UNIQUE
3770,0,,,0,0,ODD_CELL_UNIQUE
3771,0,,,0,0,ODD_CELL_UNIQUE
3772,0,,,0,0,ODD_CELL_UNIQUE
3773,0,,,0,0,ODD_CELL_UNIQUE
3774,0,,,0,0,ODD_CELL_UNIQUE
3775,0,,,0,0,ODD_CELL_UNIQUE
3776,0,,,0,0,ODD_CELL_UNIQUE
3777,0,,,0,0,ODD_CELL_UNIQUE
3778,0,,,0,0,ODD_CELL_UNIQUE
3779,0,,,0,0,ODD_CELL_UNIQUE
3780,0,,,0,0,ODD_CELL_UNIQUE
3781,0,,,0,0,ODD_CELL_UNIQUE
3782,0,,,0,0,ODD_CELL_UNIQUE
3783,0,,,0,0,ODD_CELL_UNIQUE
3784,0,,,0,0,ODD_CELL_UNIQUE
3785,0,,,0,0,ODD_CELL_UNIQUE
3786,0,,,0,0,ODD_CELL_UNIQUE
3787,1,243,243,1,0,ODD_CELL_UNIQUE
3788,0,,,0,0,ODD_CELL_UNIQUE
3789,0,,,0,0,ODD_CELL_UNIQUE
3790,0,,,0,0,ODD_CELL_UNIQUE
3791,0,,,0,0,ODD_CELL_UNIQUE
3792,0,,,0,0,ODD_CELL_UNIQUE
3793,0,,,0,0,ODD_CELL_UNIQUE
3794,0,,,0,0,ODD_CELL_UNIQUE
3795,0,,,0,0,ODD_CELL_UNIQUE
3796,0,,,0,0,ODD_CELL_UNIQUE
3797,0,,,0,0,ODD_CELL_UNIQUE
3798,0,,,0,0,ODD_CELL_UNIQUE
3799,0,,,0,0,ODD_CELL_UNIQUE
3800,0,,,0,0,ODD_CELL_UNIQUE
3801,0,,,0,0,ODD_CELL_UNIQUE
3802,0,,,0,0,ODD_CELL_UNIQUE
3803,0,,,0,0,ODD_CELL_UNIQUE
3804,0,,,0,0,ODD_CELL_UNIQUE
3805,0,,,0,0,ODD_CELL_UNIQUE
3806,0,,,0,0,ODD_CELL_UNIQUE
3807,0,,,0,0,ODD_CELL_UNIQUE
3808,0,,,0,0,ODD_CELL_UNIQUE
3809,0,,,0,0,ODD_CELL_UNIQUE
3810,0,,,0,0,ODD_CELL_UNIQUE
3811,0,244,244,0,1,ODD_CELL_UNIQUE
3812,0,,,0,0,ODD_CELL_UNIQUE
3813,0,,,0,0,ODD_CELL_UNIQUE
3814,0,,,0,0,ODD_CELL_UNIQUE
3815,0,,,0,0,ODD_CELL_UNIQUE
3816,0,,,0,0,ODD_CELL_UNIQUE
3817,0,,,0,0,ODD_CELL_UNIQUE
3818,0,,,0,0,ODD_CELL_UNIQUE
3819,0,,,0,0,ODD_CELL_UNIQUE
3820,0,,,0,0,ODD_CELL_UNIQUE
3821,0,,,0,0,ODD_CELL_UNIQUE
3822,0,,,0,0,ODD_CELL_UNIQUE
3823,0,,,0,0,ODD_CELL_UNIQUE
3824,0,,,0,0,ODD_CELL_UNIQUE
3825,0,,,0,0,ODD_CELL_UNIQUE
3826,0,,,0,0,ODD_CELL_UNIQUE
3827,0,,,0,0,ODD_CELL_UNIQUE
3828,0,,,0,0,ODD_CELL_UNIQUE
3829,0,,,0,0,ODD_CELL_UNIQUE
3830,0,,,0,0,ODD_CELL_UNIQUE
3831,0,,,0,0,ODD_CELL_UNIQUE
3832,0,,,0,0,ODD_CELL_UNIQUE
3833,0,,,0,0,ODD_CELL_UNIQUE
3834,1,245,245,1,0,ODD_CELL_UNIQUE
3835,0,,,0,0,ODD_CELL_UNIQUE
3836,0,,,0,0,ODD_CELL_UNIQUE
3837,0,,,0,0,ODD_CELL_UNIQUE
3838,0,,,0,0,ODD_CELL_UNIQUE
3839,0,,,0,0,ODD_CELL_UNIQUE
3840,0,,,0,0,ODD_CELL_UNIQUE
3841,0,,,0,0,ODD_CELL_UNIQUE
3842,0,,,0,0,ODD_CELL_UNIQUE
3843,0,,,0,0,ODD_CELL_UNIQUE
3844,0,,,0,0,ODD_CELL_UNIQUE
3845,0,,,0,0,ODD_CELL_UNIQUE
3846,0,,,0,0,ODD_CELL_UNIQUE
3847,0,,,0,0,ODD_CELL_UNIQUE
3848,0,,,0,0,ODD_CELL_UNIQUE
3849,0,,,0,0,ODD_CELL_UNIQUE
3850,0,,,0,0,ODD_CELL_UNIQUE
3851,0,,,0,0,ODD_CELL_UNIQUE
3852,0,,,0,0,ODD_CELL_UNIQUE
3853,0,,,0,0,ODD_CELL_UNIQUE
3854,0,,,0,0,ODD_CELL_UNIQUE
3855,0,,,0,0,ODD_CELL_UNIQUE
3856,0,,,0,0,ODD_CELL_UNIQUE
3857,0,,,0,0,ODD_CELL_UNIQUE
3858,0,246,246,0,1,ODD_CELL_UNIQUE
3859,0,,,0,0,ODD_CELL_UNIQUE
3860,0,,,0,0,ODD_CELL_UNIQUE
3861,0,,,0,0,ODD_CELL_UNIQUE
3862,0,,,0,0,ODD_CELL_UNIQUE
3863,0,,,0,0,ODD_CELL_UNIQUE
3864,0,,,0,0,ODD_CELL_UNIQUE
3865,0,,,0,0,ODD_CELL_UNIQUE
3866,0,,,0,0,ODD_CELL_UNIQUE
3867,0,,,0,0,ODD_CELL_UNIQUE
3868,0,,,0,0,ODD_CELL_UNIQUE
3869,0,,,0,0,ODD_CELL_UNIQUE
3870,0,,,0,0,ODD_CELL_UNIQUE
3871,0,,,0,0,ODD_CELL_UNIQUE
3872,0,,,0,0,ODD_CELL_UNIQUE
3873,0,,,0,0,ODD_CELL_UNIQUE
3874,0,,,0,0,ODD_CELL_UNIQUE
3875,0,,,0,0,ODD_CELL_UNIQUE
3876,0,,,0,0,ODD_CELL_UNIQUE
3877,0,,,0,0,ODD_CELL_UNIQUE
3878,0,,,0,0,ODD_CELL_UNIQUE
3879,0,,,0,0,ODD_CELL_UNIQUE
3880,0,,,0,0,ODD_CELL_UNIQUE
3881,1,247,247,1,0,ODD_CELL_UNIQUE
3882,0,,,0,0,ODD_CELL_UNIQUE
3883,0,,,0,0,ODD_CELL_UNIQUE
3884,0,,,0,0,ODD_CELL_UNIQUE
3885,0,,,0,0,ODD_CELL_UNIQUE
3886,0,,,0,0,ODD_CELL_UNIQUE
3887,0,,,0,0,ODD_CELL_UNIQUE
3888,0,,,0,0,ODD_CELL_UNIQUE
3889,0,,,0,0,ODD_CELL_UNIQUE
3890,0,,,0,0,ODD_CELL_UNIQUE
3891,0,,,0,0,ODD_CELL_UNIQUE
3892,0,,,0,0,ODD_CELL_UNIQUE
3893,0,,,0,0,ODD_CELL_UNIQUE
3894,0,,,0,0,ODD_CELL_UNIQUE
3895,0,,,0,0,ODD_CELL_UNIQUE
3896,0,,,0,0,ODD_CELL_UNIQUE
3897,0,,,0,0,ODD_CELL_UNIQUE
3898,0,,,0,0,ODD_CELL_UNIQUE
3899,0,,,0,0,ODD_CELL_UNIQUE
3900,0,,,0,0,ODD_CELL_UNIQUE
3901,0,,,0,0,ODD_CELL_UNIQUE
3902,0,,,0,0,ODD_CELL_UNIQUE
3903,0,,,0,0,ODD_CELL_UNIQUE
3904,0,,,0,0,ODD_CELL_UNIQUE
3905,0,248,248,0,1,ODD_CELL_UNIQUE
3906,0,,,0,0,ODD_CELL_UNIQUE
3907,0,,,0,0,ODD_CELL_UNIQUE
3908,0,,,0,0,ODD_CELL_UNIQUE
3909,0,,,0,0,ODD_CELL_UNIQUE
3910,0,,,0,0,ODD_CELL_UNIQUE
3911,0,,,0,0,ODD_CELL_UNIQUE
3912,0,,,0,0,ODD_CELL_UNIQUE
3913,0,,,0,0,ODD_CELL_UNIQUE
3914,0,,,0,0,ODD_CELL_UNIQUE
3915,0,,,0,0,ODD_CELL_UNIQUE
3916,0,,,0,0,ODD_CELL_UNIQUE
3917,0,,,0,0,ODD_CELL_UNIQUE
3918,0,,,0,0,ODD_CELL_UNIQUE
3919,0,,,0,0,ODD_CELL_UNIQUE
3920,0,,,0,0,ODD_CELL_UNIQUE
3921,0,,,0,0,ODD_CELL_UNIQUE
3922,0,,,0,0,ODD_CELL_UNIQUE
3923,0,,,0,0,ODD_CELL_UNIQUE
3924,0,,,0,0,ODD_CELL_UNIQUE
3925,0,,,0,0,ODD_CELL_UNIQUE
3926,0,,,0,0,ODD_CELL_UNIQUE
3927,0,,,0,0,ODD_CELL_UNIQUE
3928,0,,,0,0,ODD_CELL_UNIQUE
3929,1,249,249,1,0,ODD_CELL_UNIQUE
3930,0,,,0,0,ODD_CELL_UNIQUE
3931,0,,,0,0,ODD_CELL_UNIQUE
3932,0,,,0,0,ODD_CELL_UNIQUE
3933,0,,,0,0,ODD_CELL_UNIQUE
3934,0,,,0,0,ODD_CELL_UNIQUE
3935,0,,,0,0,ODD_CELL_UNIQUE
3936,0,,,0,0,ODD_CELL_UNIQUE
3937,0,,,0,0,ODD_CELL_UNIQUE
3938,0,,,0,0,ODD_CELL_UNIQUE
3939,0,,,0,0,ODD_CELL_UNIQUE
3940,0,,,0,0,ODD_CELL_UNIQUE
3941,0,,,0,0,ODD_CELL_UNIQUE
3942,0,,,0,0,ODD_CELL_UNIQUE
3943,0,,,0,0,ODD_CELL_UNIQUE
3944,0,,,0,0,ODD_CELL_UNIQUE
3945,0,,,0,0,ODD_CELL_UNIQUE
3946,0,,,0,0,ODD_CELL_UNIQUE
3947,0,,,0,0,ODD_CELL_UNIQUE
3948,0,,,0,0,ODD_CELL_UNIQUE
3949,0,,,0,0,ODD_CELL_UNIQUE
3950,0,,,0,0,ODD_CELL_UNIQUE
3951,0,,,0,0,ODD_CELL_UNIQUE
3952,0,250,250,0,1,ODD_CELL_UNIQUE
3953,0,,,0,0,ODD_CELL_UNIQUE
3954,0,,,0,0,ODD_CELL_UNIQUE
3955,0,,,0,0,ODD_CELL_UNIQUE
3956,0,,,0,0,ODD_CELL_UNIQUE
3957,0,,,0,0,ODD_CELL_UNIQUE
3958,0,,,0,0,ODD_CELL_UNIQUE
3959,0,,,0,0,ODD_CELL_UNIQUE
3960,0,,,0,0,ODD_CELL_UNIQUE
3961,0,,,0,0,ODD_CELL_UNIQUE
3962,0,,,0,0,ODD_CELL_UNIQUE
3963,0,,,0,0,ODD_CELL_UNIQUE
3964,0,,,0,0,ODD_CELL_UNIQUE
3965,0,,,0,0,ODD_CELL_UNIQUE
3966,0,,,0,0,ODD_CELL_UNIQUE
3967,0,,,0,0,ODD_CELL_UNIQUE
3968,0,,,0,0,ODD_CELL_UNIQUE
3969,0,,,0,0,ODD_CELL_UNIQUE
3970,0,,,0,0,ODD_CELL_UNIQUE
3971,0,,,0,0,ODD_CELL_UNIQUE
3972,0,,,0,0,ODD_CELL_UNIQUE
3973,0,,,0,0,ODD_CELL_UNIQUE
3974,0,,,0,0,ODD_CELL_UNIQUE
3975,0,,,0,0,ODD_CELL_UNIQUE
3976,1,251,251,1,0,ODD_CELL_UNIQUE
3977,0,,,0,0,ODD_CELL_UNIQUE
3978,0,,,0,0,ODD_CELL_UNIQUE
3979,0,,,0,0,ODD_CELL_UNIQUE
3980,0,,,0,0,ODD_CELL_UNIQUE
3981,0,,,0,0,ODD_CELL_UNIQUE
3982,0,,,0,0,ODD_CELL_UNIQUE
3983,0,,,0,0,ODD_CELL_UNIQUE
3984,0,,,0,0,ODD_CELL_UNIQUE
3985,0,,,0,0,ODD_CELL_UNIQUE
3986,0,,,0,0,ODD_CELL_UNIQUE
3987,0,,,0,0,ODD_CELL_UNIQUE
3988,0,,,0,0,ODD_CELL_UNIQUE
3989,0,,,0,0,ODD_CELL_UNIQUE
3990,0,,,0,0,ODD_CELL_UNIQUE
3991,0,,,0,0,ODD_CELL_UNIQUE
3992,0,,,0,0,ODD_CELL_UNIQUE
3993,0,,,0,0,ODD_CELL_UNIQUE
3994,0,,,0,0,ODD_CELL_UNIQUE
3995,0,,,0,0,ODD_CELL_UNIQUE
3996,0,,,0,0,ODD_CELL_UNIQUE
3997,0,,,0,0,ODD_CELL_UNIQUE
3998,0,,,0,0,ODD_CELL_UNIQUE
3999,0,,,0,0,ODD_CELL_UNIQUE
4000,0,252,252,0,1,ODD_CELL_UNIQUE
4001,0,,,0,0,ODD_CELL_UNIQUE
4002,0,,,0,0,ODD_CELL_UNIQUE
4003,0,,,0,0,ODD_CELL_UNIQUE
4004,0,,,0,0,ODD_CELL_UNIQUE
4005,0,,,0,0,ODD_CELL_UNIQUE
4006,0,,,0,0,ODD_CELL_UNIQUE
4007,0,,,0,0,ODD_CELL_UNIQUE
4008,0,,,0,0,ODD_CELL_UNIQUE
4009,0,,,0,0,ODD_CELL_UNIQUE
4010,0,,,0,0,ODD_CELL_UNIQUE
4011,0,,,0,0,ODD_CELL_UNIQUE
4012,0,,,0,0,ODD_CELL_UNIQUE
4013,0,,,0,0,ODD_CELL_UNIQUE
4014,0,,,0,0,ODD_CELL_UNIQUE
4015,0,,,0,0,ODD_CELL_UNIQUE
4016,0,,,0,0,ODD_CELL_UNIQUE
4017,0,,,0,0,ODD_CELL_UNIQUE
4018,0,,,0,0,ODD_CELL_UNIQUE
4019,0,,,0,0,ODD_CELL_UNIQUE
4020,0,,,0,0,ODD_CELL_UNIQUE
4021,0,,,0,0,ODD_CELL_UNIQUE
4022,0,,,0,0,ODD_CELL_UNIQUE
4023,0,,,0,0,ODD_CELL_UNIQUE
4024,1,253,253,1,0,ODD_CELL_UNIQUE
4025,0,,,0,0,ODD_CELL_UNIQUE
4026,0,,,0,0,ODD_CELL_UNIQUE
4027,0,,,0,0,ODD_CELL_UNIQUE
4028,0,,,0,0,ODD_CELL_UNIQUE
4029,0,,,0,0,ODD_CELL_UNIQUE
4030,0,,,0,0,ODD_CELL_UNIQUE
4031,0,,,0,0,ODD_CELL_UNIQUE
4032,0,,,0,0,ODD_CELL_UNIQUE
4033,0,,,0,0,ODD_CELL_UNIQUE
4034,0,,,0,0,ODD_CELL_UNIQUE
4035,0,,,0,0,ODD_CELL_UNIQUE
4036,0,,,0,0,ODD_CELL_UNIQUE
4037,0,,,0,0,ODD_CELL_UNIQUE
4038,0,,,0,0,ODD_CELL_UNIQUE
4039,0,,,0,0,ODD_CELL_UNIQUE
4040,0,,,0,0,ODD_CELL_UNIQUE
4041,0,,,0,0,ODD_CELL_UNIQUE
4042,0,,,0,0,ODD_CELL_UNIQUE
4043,0,,,0,0,ODD_CELL_UNIQUE
4044,0,,,0,0,ODD_CELL_UNIQUE
4045,0,,,0,0,ODD_CELL_UNIQUE
4046,0,,,0,0,ODD_CELL_UNIQUE
4047,0,,,0,0,ODD_CELL_UNIQUE
4048,0,254,254,0,1,ODD_CELL_UNIQUE
4049,0,,,0,0,ODD_CELL_UNIQUE
4050,0,,,0,0,ODD_CELL_UNIQUE
4051,0,,,0,0,ODD_CELL_UNIQUE
4052,0,,,0,0,ODD_CELL_UNIQUE
4053,0,,,0,0,ODD_CELL_UNIQUE
4054,0,,,0,0,ODD_CELL_UNIQUE
4055,0,,,0,0,ODD_CELL_UNIQUE
4056,0,,,0,0,ODD_CELL_UNIQUE
4057,0,,,0,0,ODD_CELL_UNIQUE
4058,0,,,0,0,ODD_CELL_UNIQUE
4059,0,,,0,0,ODD_CELL_UNIQUE
4060,0,,,0,0,ODD_CELL_UNIQUE
4061,0,,,0,0,ODD_CELL_UNIQUE
4062,0,,,0,0,ODD_CELL_UNIQUE
4063,0,,,0,0,ODD_CELL_UNIQUE
4064,0,,,0,0,ODD_CELL_UNIQUE
4065,0,,,0,0,ODD_CELL_UNIQUE
4066,0,,,0,0,ODD_CELL_UNIQUE
4067,0,,,0,0,ODD_CELL_UNIQUE
4068,0,,,0,0,ODD_CELL_UNIQUE
4069,0,,,0,0,ODD_CELL_UNIQUE
4070,0,,,0,0,ODD_CELL_UNIQUE
4071,0,,,0,0,ODD_CELL_UNIQUE
4072,1,255,255,1,0,ODD_CELL_UNIQUE
4073,0,,,0,0,ODD_CELL_UNIQUE
4074,0,,,0,0,ODD_CELL_UNIQUE
4075,0,,,0,0,ODD_CELL_UNIQUE
4076,0,,,0,0,ODD_CELL_UNIQUE
4077,0,,,0,0,ODD_CELL_UNIQUE
4078,0,,,0,0,ODD_CELL_UNIQUE
4079,0,,,0,0,ODD_CELL_UNIQUE
4080,0,,,0,0,ODD_CELL_UNIQUE
4081,0,,,0,0,ODD_CELL_UNIQUE
4082,0,,,0,0,ODD_CELL_UNIQUE
4083,0,,,0,0,ODD_CELL_UNIQUE
4084,0,,,0,0,ODD_CELL_UNIQUE
4085,0,,,0,0,ODD_CELL_UNIQUE
4086,0,,,0,0,ODD_CELL_UNIQUE
4087,0,,,0,0,ODD_CELL_UNIQUE
4088,0,,,0,0,ODD_CELL_UNIQUE
4089,0,,,0,0,ODD_CELL_UNIQUE
4090,0,,,0,0,ODD_CELL_UNIQUE
4091,0,,,0,0,ODD_CELL_UNIQUE
4092,0,,,0,0,ODD_CELL_UNIQUE
4093,0,,,0,0,ODD_CELL_UNIQUE
4094,0,,,0,0,ODD_CELL_UNIQUE
4095,0,,,0,0,ODD_CELL_UNIQUE
4096,0,256,256,0,1,ODD_CELL_UNIQUE
4097,0,,,0,0,ODD_CELL_UNIQUE
4098,0,,,0,0,ODD_CELL_UNIQUE
4099,0,,,0,0,ODD_CELL_UNIQUE
4100,0,,,0,0,ODD_CELL_UNIQUE
4101,0,,,0,0,ODD_CELL_UNIQUE
4102,0,,,0,0,ODD_CELL_UNIQUE
4103,0,,,0,0,ODD_CELL_UNIQUE
4104,0,,,0,0,ODD_CELL_UNIQUE
4105,0,,,0,0,ODD_CELL_UNIQUE
4106,0,,,0,0,ODD_CELL_UNIQUE
4107,0,,,0,0,ODD_CELL_UNIQUE
4108,0,,,0,0,ODD_CELL_UNIQUE
4109,0,,,0,0,ODD_CELL_UNIQUE
4110,0,,,0,0,ODD_CELL_UNIQUE
4111,0,,,0,0,ODD_CELL_UNIQUE
4112,0,,,0,0,ODD_CELL_UNIQUE
4113,0,,,0,0,ODD_CELL_UNIQUE
4114,0,,,0,0,ODD_CELL_UNIQUE
4115,0,,,0,0,ODD_CELL_UNIQUE
4116,0,,,0,0,ODD_CELL_UNIQUE
4117,0,,,0,0,ODD_CELL_UNIQUE
4118,0,,,0,0,ODD_CELL_UNIQUE
4119,0,,,0,0,ODD_CELL_UNIQUE
4120,1,257,257,1,0,ODD_CELL_UNIQUE
4121,0,,,0,0,ODD_CELL_UNIQUE
4122,0,,,0,0,ODD_CELL_UNIQUE
4123,0,,,0,0,ODD_CELL_UNIQUE
4124,0,,,0,0,ODD_CELL_UNIQUE
4125,0,,,0,0,ODD_CELL_UNIQUE
4126,0,,,0,0,ODD_CELL_UNIQUE
4127,0,,,0,0,ODD_CELL_UNIQUE
4128,0,,,0,0,ODD_CELL_UNIQUE
4129,0,,,0,0,ODD_CELL_UNIQUE
4130,0,,,0,0,ODD_CELL_UNIQUE
4131,0,,,0,0,ODD_CELL_UNIQUE
4132,0,,,0,0,ODD_CELL_UNIQUE
4133,0,,,0,0,ODD_CELL_UNIQUE
4134,0,,,0,0,ODD_CELL_UNIQUE
4135,0,,,0,0,ODD_CELL_UNIQUE
4136,0,,,0,0,ODD_CELL_UNIQUE
4137,0,,,0,0,ODD_CELL_UNIQUE
4138,0,,,0,0,ODD_CELL_UNIQUE
4139,0,,,0,0,ODD_CELL_UNIQUE
4140,0,,,0,0,ODD_CELL_UNIQUE
4141,0,,,0,0,ODD_CELL_UNIQUE
4142,0,,,0,0,ODD_CELL_UNIQUE
4143,0,,,0,0,ODD_CELL_UNIQUE
4144,0,258,258,0,1,ODD_CELL_UNIQUE
4145,0,,,0,0,ODD_CELL_UNIQUE
4146,0,,,0,0,ODD_CELL_UNIQUE
4147,0,,,0,0,ODD_CELL_UNIQUE
4148,0,,,0,0,ODD_CELL_UNIQUE
4149,0,,,0,0,ODD_CELL_UNIQUE
4150,0,,,0,0,ODD_CELL_UNIQUE
4151,0,,,0,0,ODD_CELL_UNIQUE
4152,0,,,0,0,ODD_CELL_UNIQUE
4153,0,,,0,0,ODD_CELL_UNIQUE
4154,0,,,0,0,ODD_CELL_UNIQUE
4155,0,,,0,0,ODD_CELL_UNIQUE
4156,0,,,0,0,ODD_CELL_UNIQUE
4157,0,,,0,0,ODD_CELL_UNIQUE
4158,0,,,0,0,ODD_CELL_UNIQUE
4159,0,,,0,0,ODD_CELL_UNIQUE
4160,0,,,0,0,ODD_CELL_UNIQUE
4161,0,,,0,0,ODD_CELL_UNIQUE
4162,0,,,0,0,ODD_CELL_UNIQUE
4163,0,,,0,0,ODD_CELL_UNIQUE
4164,0,,,0,0,ODD_CELL_UNIQUE
4165,0,,,0,0,ODD_CELL_UNIQUE
4166,0,,,0,0,ODD_CELL_UNIQUE
4167,0,,,0,0,ODD_CELL_UNIQUE
4168,1,259,259,1,0,ODD_CELL_UNIQUE
4169,0,,,0,0,ODD_CELL_UNIQUE
4170,0,,,0,0,ODD_CELL_UNIQUE
4171,0,,,0,0,ODD_CELL_UNIQUE
4172,0,,,0,0,ODD_CELL_UNIQUE
4173,0,,,0,0,ODD_CELL_UNIQUE
4174,0,,,0,0,ODD_CELL_UNIQUE
4175,0,,,0,0,ODD_CELL_UNIQUE
4176,0,,,0,0,ODD_CELL_UNIQUE
4177,0,,,0,0,ODD_CELL_UNIQUE
4178,0,,,0,0,ODD_CELL_UNIQUE
4179,0,,,0,0,ODD_CELL_UNIQUE
4180,0,,,0,0,ODD_CELL_UNIQUE
4181,0,,,0,0,ODD_CELL_UNIQUE
4182,0,,,0,0,ODD_CELL_UNIQUE
4183,0,,,0,0,ODD_CELL_UNIQUE
4184,0,,,0,0,ODD_CELL_UNIQUE
4185,0,,,0,0,ODD_CELL_UNIQUE
4186,0,,,0,0,ODD_CELL_UNIQUE
4187,0,,,0,0,ODD_CELL_UNIQUE
4188,0,,,0,0,ODD_CELL_UNIQUE
4189,0,,,0,0,ODD_CELL_UNIQUE
4190,0,,,0,0,ODD_CELL_UNIQUE
4191,0,,,0,0,ODD_CELL_UNIQUE
4192,0,260,260,0,1,ODD_CELL_UNIQUE
4193,0,,,0,0,ODD_CELL_UNIQUE
4194,0,,,0,0,ODD_CELL_UNIQUE
4195,0,,,0,0,ODD_CELL_UNIQUE
4196,0,,,0,0,ODD_CELL_UNIQUE
4197,0,,,0,0,ODD_CELL_UNIQUE
4198,0,,,0,0,ODD_CELL_UNIQUE
4199,0,,,0,0,ODD_CELL_UNIQUE
4200,0,,,0,0,ODD_CELL_UNIQUE
4201,0,,,0,0,ODD_CELL_UNIQUE
4202,0,,,0,0,ODD_CELL_UNIQUE
4203,0,,,0,0,ODD_CELL_UNIQUE
4204,0,,,0,0,ODD_CELL_UNIQUE
4205,0,,,0,0,ODD_CELL_UNIQUE
4206,0,,,0,0,ODD_CELL_UNIQUE
4207,0,,,0,0,ODD_CELL_UNIQUE
4208,0,,,0,0,ODD_CELL_UNIQUE
4209,0,,,0,0,ODD_CELL_UNIQUE
4210,0,,,0,0,ODD_CELL_UNIQUE
4211,0,,,0,0,ODD_CELL_UNIQUE
4212,0,,,0,0,ODD_CELL_UNIQUE
4213,0,,,0,0,ODD_CELL_UNIQUE
4214,0,,,0,0,ODD_CELL_UNIQUE
4215,0,,,0,0,ODD_CELL_UNIQUE
4216,1,261,261,1,0,ODD_CELL_UNIQUE
4217,0,,,0,0,ODD_CELL_UNIQUE
4218,0,,,0,0,ODD_CELL_UNIQUE
4219,0,,,0,0,ODD_CELL_UNIQUE
4220,0,,,0,0,ODD_CELL_UNIQUE
4221,0,,,0,0,ODD_CELL_UNIQUE
4222,0,,,0,0,ODD_CELL_UNIQUE
4223,0,,,0,0,ODD_CELL_UNIQUE
4224,0,,,0,0,ODD_CELL_UNIQUE
4225,0,,,0,0,ODD_CELL_UNIQUE
4226,0,,,0,0,ODD_CELL_UNIQUE
4227,0,,,0,0,ODD_CELL_UNIQUE
4228,0,,,0,0,ODD_CELL_UNIQUE
4229,0,,,0,0,ODD_CELL_UNIQUE
4230,0,,,0,0,ODD_CELL_UNIQUE
4231,0,,,0,0,ODD_CELL_UNIQUE
4232,0,,,0,0,ODD_CELL_UNIQUE
4233,0,,,0,0,ODD_CELL_UNIQUE
4234,0,,,0,0,ODD_CELL_UNIQUE
4235,0,,,0,0,ODD_CELL_UNIQUE
4236,0,,,0,0,ODD_CELL_UNIQUE
4237,0,,,0,0,ODD_CELL_UNIQUE
4238,0,,,0,0,ODD_CELL_UNIQUE
4239,0,,,0,0,ODD_CELL_UNIQUE
4240,0,262,262,0,1,ODD_CELL_UNIQUE
4241,0,,,0,0,ODD_CELL_UNIQUE
4242,0,,,0,0,ODD_CELL_UNIQUE
4243,0,,,0,0,ODD_CELL_UNIQUE
4244,0,,,0,0,ODD_CELL_UNIQUE
4245,0,,,0,0,ODD_CELL_UNIQUE
4246,0,,,0,0,ODD_CELL_UNIQUE
4247,0,,,0,0,ODD_CELL_UNIQUE
4248,0,,,0,0,ODD_CELL_UNIQUE
4249,0,,,0,0,ODD_CELL_UNIQUE
4250,0,,,0,0,ODD_CELL_UNIQUE
4251,0,,,0,0,ODD_CELL_UNIQUE
4252,0,,,0,0,ODD_CELL_UNIQUE
4253,0,,,0,0,ODD_CELL_UNIQUE
4254,0,,,0,0,ODD_CELL_UNIQUE
4255,0,,,0,0,ODD_CELL_UNIQUE
4256,0,,,0,0,ODD_CELL_UNIQUE
4257,0,,,0,0,ODD_CELL_UNIQUE
4258,0,,,0,0,ODD_CELL_UNIQUE
4259,0,,,0,0,ODD_CELL_UNIQUE
4260,0,,,0,0,ODD_CELL_UNIQUE
4261,0,,,0,0,ODD_CELL_UNIQUE
4262,0,,,0,0,ODD_CELL_UNIQUE
4263,0,,,0,0,ODD_CELL_UNIQUE
4264,0,,,0,0,ODD_CELL_UNIQUE
4265,1,263,263,1,0,ODD_CELL_UNIQUE
4266,0,,,0,0,ODD_CELL_UNIQUE
4267,0,,,0,0,ODD_CELL_UNIQUE
4268,0,,,0,0,ODD_CELL_UNIQUE
4269,0,,,0,0,ODD_CELL_UNIQUE
4270,0,,,0,0,ODD_CELL_UNIQUE
4271,0,,,0,0,ODD_CELL_UNIQUE
4272,0,,,0,0,ODD_CELL_UNIQUE
4273,0,,,0,0,ODD_CELL_UNIQUE
4274,0,,,0,0,ODD_CELL_UNIQUE
4275,0,,,0,0,ODD_CELL_UNIQUE
4276,0,,,0,0,ODD_CELL_UNIQUE
4277,0,,,0,0,ODD_CELL_UNIQUE
4278,0,,,0,0,ODD_CELL_UNIQUE
4279,0,,,0,0,ODD_CELL_UNIQUE
4280,0,,,0,0,ODD_CELL_UNIQUE
4281,0,,,0,0,ODD_CELL_UNIQUE
4282,0,,,0,0,ODD_CELL_UNIQUE
4283,0,,,0,0,ODD_CELL_UNIQUE
4284,0,,,0,0,ODD_CELL_UNIQUE
4285,0,,,0,0,ODD_CELL_UNIQUE
4286,0,,,0,0,ODD_CELL_UNIQUE
4287,0,,,0,0,ODD_CELL_UNIQUE
4288,0,,,0,0,ODD_CELL_UNIQUE
4289,0,264,264,0,1,ODD_CELL_UNIQUE
4290,0,,,0,0,ODD_CELL_UNIQUE
4291,0,,,0,0,ODD_CELL_UNIQUE
4292,0,,,0,0,ODD_CELL_UNIQUE
4293,0,,,0,0,ODD_CELL_UNIQUE
4294,0,,,0,0,ODD_CELL_UNIQUE
4295,0,,,0,0,ODD_CELL_UNIQUE
4296,0,,,0,0,ODD_CELL_UNIQUE
4297,0,,,0,0,ODD_CELL_UNIQUE
4298,0,,,0,0,ODD_CELL_UNIQUE
4299,0,,,0,0,ODD_CELL_UNIQUE
4300,0,,,0,0,ODD_CELL_UNIQUE
4301,0,,,0,0,ODD_CELL_UNIQUE
4302,0,,,0,0,ODD_CELL_UNIQUE
4303,0,,,0,0,ODD_CELL_UNIQUE
4304,0,,,0,0,ODD_CELL_UNIQUE
4305,0,,,0,0,ODD_CELL_UNIQUE
4306,0,,,0,0,ODD_CELL_UNIQUE
4307,0,,,0,0,ODD_CELL_UNIQUE
4308,0,,,0,0,ODD_CELL_UNIQUE
4309,0,,,0,0,ODD_CELL_UNIQUE
4310,0,,,0,0,ODD_CELL_UNIQUE
4311,0,,,0,0,ODD_CELL_UNIQUE
4312,0,,,0,0,ODD_CELL_UNIQUE
4313,1,265,265,1,0,ODD_CELL_UNIQUE
4314,0,,,0,0,ODD_CELL_UNIQUE
4315,0,,,0,0,ODD_CELL_UNIQUE
4316,0,,,0,0,ODD_CELL_UNIQUE
4317,0,,,0,0,ODD_CELL_UNIQUE
4318,0,,,0,0,ODD_CELL_UNIQUE
4319,0,,,0,0,ODD_CELL_UNIQUE
4320,0,,,0,0,ODD_CELL_UNIQUE
4321,0,,,0,0,ODD_CELL_UNIQUE
4322,0,,,0,0,ODD_CELL_UNIQUE
4323,0,,,0,0,ODD_CELL_UNIQUE
4324,0,,,0,0,ODD_CELL_UNIQUE
4325,0,,,0,0,ODD_CELL_UNIQUE
4326,0,,,0,0,ODD_CELL_UNIQUE
4327,0,,,0,0,ODD_CELL_UNIQUE
4328,0,,,0,0,ODD_CELL_UNIQUE
4329,0,,,0,0,ODD_CELL_UNIQUE
4330,0,,,0,0,ODD_CELL_UNIQUE
4331,0,,,0,0,ODD_CELL_UNIQUE
4332,0,,,0,0,ODD_CELL_UNIQUE
4333,0,,,0,0,ODD_CELL_UNIQUE
4334,0,,,0,0,ODD_CELL_UNIQUE
4335,0,,,0,0,ODD_CELL_UNIQUE
4336,0,,,0,0,ODD_CELL_UNIQUE
4337,0,,,0,0,ODD_CELL_UNIQUE
4338,0,266,266,0,1,ODD_CELL_UNIQUE
4339,0,,,0,0,ODD_CELL_UNIQUE
4340,0,,,0,0,ODD_CELL_UNIQUE
4341,0,,,0,0,ODD_CELL_UNIQUE
4342,0,,,0,0,ODD_CELL_UNIQUE
4343,0,,,0,0,ODD_CELL_UNIQUE
4344,0,,,0,0,ODD_CELL_UNIQUE
4345,0,,,0,0,ODD_CELL_UNIQUE
4346,0,,,0,0,ODD_CELL_UNIQUE
4347,0,,,0,0,ODD_CELL_UNIQUE
4348,0,,,0,0,ODD_CELL_UNIQUE
4349,0,,,0,0,ODD_CELL_UNIQUE
4350,0,,,0,0,ODD_CELL_UNIQUE
4351,0,,,0,0,ODD_CELL_UNIQUE
4352,0,,,0,0,ODD_CELL_UNIQUE
4353,0,,,0,0,ODD_CELL_UNIQUE
4354,0,,,0,0,ODD_CELL_UNIQUE
4355,0,,,0,0,ODD_CELL_UNIQUE
4356,0,,,0,0,ODD_CELL_UNIQUE
4357,0,,,0,0,ODD_CELL_UNIQUE
4358,0,,,0,0,ODD_CELL_UNIQUE
4359,0,,,0,0,ODD_CELL_UNIQUE
4360,0,,,0,0,ODD_CELL_UNIQUE
4361,0,,,0,0,ODD_CELL_UNIQUE
4362,1,267,267,1,0,ODD_CELL_UNIQUE
4363,0,,,0,0,ODD_CELL_UNIQUE
4364,0,,,0,0,ODD_CELL_UNIQUE
4365,0,,,0,0,ODD_CELL_UNIQUE
4366,0,,,0,0,ODD_CELL_UNIQUE
4367,0,,,0,0,ODD_CELL_UNIQUE
4368,0,,,0,0,ODD_CELL_UNIQUE
4369,0,,,0,0,ODD_CELL_UNIQUE
4370,0,,,0,0,ODD_CELL_UNIQUE
4371,0,,,0,0,ODD_CELL_UNIQUE
4372,0,,,0,0,ODD_CELL_UNIQUE
4373,0,,,0,0,ODD_CELL_UNIQUE
4374,0,,,0,0,ODD_CELL_UNIQUE
4375,0,,,0,0,ODD_CELL_UNIQUE
4376,0,,,0,0,ODD_CELL_UNIQUE
4377,0,,,0,0,ODD_CELL_UNIQUE
4378,0,,,0,0,ODD_CELL_UNIQUE
4379,0,,,0,0,ODD_CELL_UNIQUE
4380,0,,,0,0,ODD_CELL_UNIQUE
4381,0,,,0,0,ODD_CELL_UNIQUE
4382,0,,,0,0,ODD_CELL_UNIQUE
4383,0,,,0,0,ODD_CELL_UNIQUE
4384,0,,,0,0,ODD_CELL_UNIQUE
4385,0,,,0,0,ODD_CELL_UNIQUE
4386,0,,,0,0,ODD_CELL_UNIQUE
4387,0,268,268,0,1,ODD_CELL_UNIQUE
4388,0,,,0,0,ODD_CELL_UNIQUE
4389,0,,,0,0,ODD_CELL_UNIQUE
4390,0,,,0,0,ODD_CELL_UNIQUE
4391,0,,,0,0,ODD_CELL_UNIQUE
4392,0,,,0,0,ODD_CELL_UNIQUE
4393,0,,,0,0,ODD_CELL_UNIQUE
4394,0,,,0,0,ODD_CELL_UNIQUE
4395,0,,,0,0,ODD_CELL_UNIQUE
4396,0,,,0,0,ODD_CELL_UNIQUE
4397,0,,,0,0,ODD_CELL_UNIQUE
4398,0,,,0,0,ODD_CELL_UNIQUE
4399,0,,,0,0,ODD_CELL_UNIQUE
4400,0,,,0,0,ODD_CELL_UNIQUE
4401,0,,,0,0,ODD_CELL_UNIQUE
4402,0,,,0,0,ODD_CELL_UNIQUE
4403,0,,,0,0,ODD_CELL_UNIQUE
4404,0,,,0,0,ODD_CELL_UNIQUE
4405,0,,,0,0,ODD_CELL_UNIQUE
4406,0,,,0,0,ODD_CELL_UNIQUE
4407,0,,,0,0,ODD_CELL_UNIQUE
4408,0,,,0,0,ODD_CELL_UNIQUE
4409,0,,,0,0,ODD_CELL_UNIQUE
4410,0,,,0,0,ODD_CELL_UNIQUE
4411,1,269,269,1,0,ODD_CELL_UNIQUE
4412,0,,,0,0,ODD_CELL_UNIQUE
4413,0,,,0,0,ODD_CELL_UNIQUE
4414,0,,,0,0,ODD_CELL_UNIQUE
4415,0,,,0,0,ODD_CELL_UNIQUE
4416,0,,,0,0,ODD_CELL_UNIQUE
4417,0,,,0,0,ODD_CELL_UNIQUE
4418,0,,,0,0,ODD_CELL_UNIQUE
4419,0,,,0,0,ODD_CELL_UNIQUE
4420,0,,,0,0,ODD_CELL_UNIQUE
4421,0,,,0,0,ODD_CELL_UNIQUE
4422,0,,,0,0,ODD_CELL_UNIQUE
4423,0,,,0,0,ODD_CELL_UNIQUE
4424,0,,,0,0,ODD_CELL_UNIQUE
4425,0,,,0,0,ODD_CELL_UNIQUE
4426,0,,,0,0,ODD_CELL_UNIQUE
4427,0,,,0,0,ODD_CELL_UNIQUE
4428,0,,,0,0,ODD_CELL_UNIQUE
4429,0,,,0,0,ODD_CELL_UNIQUE
4430,0,,,0,0,ODD_CELL_UNIQUE
4431,0,,,0,0,ODD_CELL_UNIQUE
4432,0,,,0,0,ODD_CELL_UNIQUE
4433,0,,,0,0,ODD_CELL_UNIQUE
4434,0,,,0,0,ODD_CELL_UNIQUE
4435,0,,,0,0,ODD_CELL_UNIQUE
4436,0,270,270,0,1,ODD_CELL_UNIQUE
4437,0,,,0,0,ODD_CELL_UNIQUE
4438,0,,,0,0,ODD_CELL_UNIQUE
4439,0,,,0,0,ODD_CELL_UNIQUE
4440,0,,,0,0,ODD_CELL_UNIQUE
4441,0,,,0,0,ODD_CELL_UNIQUE
4442,0,,,0,0,ODD_CELL_UNIQUE
4443,0,,,0,0,ODD_CELL_UNIQUE
4444,0,,,0,0,ODD_CELL_UNIQUE
4445,0,,,0,0,ODD_CELL_UNIQUE
4446,0,,,0,0,ODD_CELL_UNIQUE
4447,0,,,0,0,ODD_CELL_UNIQUE
4448,0,,,0,0,ODD_CELL_UNIQUE
4449,0,,,0,0,ODD_CELL_UNIQUE
4450,0,,,0,0,ODD_CELL_UNIQUE
4451,0,,,0,0,ODD_CELL_UNIQUE
4452,0,,,0,0,ODD_CELL_UNIQUE
4453,0,,,0,0,ODD_CELL_UNIQUE
4454,0,,,0,0,ODD_CELL_UNIQUE
4455,0,,,0,0,ODD_CELL_UNIQUE
4456,0,,,0,0,ODD_CELL_UNIQUE
4457,0,,,0,0,ODD_CELL_UNIQUE
4458,0,,,0,0,ODD_CELL_UNIQUE
4459,0,,,0,0,ODD_CELL_UNIQUE
4460,0,,,0,0,ODD_CELL_UNIQUE
4461,1,271,271,1,0,ODD_CELL_UNIQUE
4462,0,,,0,0,ODD_CELL_UNIQUE
4463,0,,,0,0,ODD_CELL_UNIQUE
4464,0,,,0,0,ODD_CELL_UNIQUE
4465,0,,,0,0,ODD_CELL_UNIQUE
4466,0,,,0,0,ODD_CELL_UNIQUE
4467,0,,,0,0,ODD_CELL_UNIQUE
4468,0,,,0,0,ODD_CELL_UNIQUE
4469,0,,,0,0,ODD_CELL_UNIQUE
4470,0,,,0,0,ODD_CELL_UNIQUE
4471,0,,,0,0,ODD_CELL_UNIQUE
4472,0,,,0,0,ODD_CELL_UNIQUE
4473,0,,,0,0,ODD_CELL_UNIQUE
4474,0,,,0,0,ODD_CELL_UNIQUE
4475,0,,,0,0,ODD_CELL_UNIQUE
4476,0,,,0,0,ODD_CELL_UNIQUE
4477,0,,,0,0,ODD_CELL_UNIQUE
4478,0,,,0,0,ODD_CELL_UNIQUE
4479,0,,,0,0,ODD_CELL_UNIQUE
4480,0,,,0,0,ODD_CELL_UNIQUE
4481,0,,,0,0,ODD_CELL_UNIQUE
4482,0,,,0,0,ODD_CELL_UNIQUE
4483,0,,,0,0,ODD_CELL_UNIQUE
4484,0,,,0,0,ODD_CELL_UNIQUE
4485,0,272,272,0,1,ODD_CELL_UNIQUE
4486,0,,,0,0,ODD_CELL_UNIQUE
4487,0,,,0,0,ODD_CELL_UNIQUE
4488,0,,,0,0,ODD_CELL_UNIQUE
4489,0,,,0,0,ODD_CELL_UNIQUE
4490,0,,,0,0,ODD_CELL_UNIQUE
4491,0,,,0,0,ODD_CELL_UNIQUE
4492,0,,,0,0,ODD_CELL_UNIQUE
4493,0,,,0,0,ODD_CELL_UNIQUE
4494,0,,,0,0,ODD_CELL_UNIQUE
4495,0,,,0,0,ODD_CELL_UNIQUE
4496,0,,,0,0,ODD_CELL_UNIQUE
4497,0,,,0,0,ODD_CELL_UNIQUE
4498,0,,,0,0,ODD_CELL_UNIQUE
4499,0,,,0,0,ODD_CELL_UNIQUE
4500,0,,,0,0,ODD_CELL_UNIQUE
4501,0,,,0,0,ODD_CELL_UNIQUE
4502,0,,,0,0,ODD_CELL_UNIQUE
4503,0,,,0,0,ODD_CELL_UNIQUE
4504,0,,,0,0,ODD_CELL_UNIQUE
4505,0,,,0,0,ODD_CELL_UNIQUE
4506,0,,,0,0,ODD_CELL_UNIQUE
4507,0,,,0,0,ODD_CELL_UNIQUE
4508,0,,,0,0,ODD_CELL_UNIQUE
4509,0,,,0,0,ODD_CELL_UNIQUE
4510,1,273,273,1,0,ODD_CELL_UNIQUE
4511,0,,,0,0,ODD_CELL_UNIQUE
4512,0,,,0,0,ODD_CELL_UNIQUE
4513,0,,,0,0,ODD_CELL_UNIQUE
4514,0,,,0,0,ODD_CELL_UNIQUE
4515,0,,,0,0,ODD_CELL_UNIQUE
4516,0,,,0,0,ODD_CELL_UNIQUE
4517,0,,,0,0,ODD_CELL_UNIQUE
4518,0,,,0,0,ODD_CELL_UNIQUE
4519,0,,,0,0,ODD_CELL_UNIQUE
4520,0,,,0,0,ODD_CELL_UNIQUE
4521,0,,,0,0,ODD_CELL_UNIQUE
4522,0,,,0,0,ODD_CELL_UNIQUE
4523,0,,,0,0,ODD_CELL_UNIQUE
4524,0,,,0,0,ODD_CELL_UNIQUE
4525,0,,,0,0,ODD_CELL_UNIQUE
4526,0,,,0,0,ODD_CELL_UNIQUE
4527,0,,,0,0,ODD_CELL_UNIQUE
4528,0,,,0,0,ODD_CELL_UNIQUE
4529,0,,,0,0,ODD_CELL_UNIQUE
4530,0,,,0,0,ODD_CELL_UNIQUE
4531,0,,,0,0,ODD_CELL_UNIQUE
4532,0,,,0,0,ODD_CELL_UNIQUE
4533,0,,,0,0,ODD_CELL_UNIQUE
4534,0,,,0,0,ODD_CELL_UNIQUE
4535,0,274,274,0,1,ODD_CELL_UNIQUE
4536,0,,,0,0,ODD_CELL_UNIQUE
4537,0,,,0,0,ODD_CELL_UNIQUE
4538,0,,,0,0,ODD_CELL_UNIQUE
4539,0,,,0,0,ODD_CELL_UNIQUE
4540,0,,,0,0,ODD_CELL_UNIQUE
4541,0,,,0,0,ODD_CELL_UNIQUE
4542,0,,,0,0,ODD_CELL_UNIQUE
4543,0,,,0,0,ODD_CELL_UNIQUE
4544,0,,,0,0,ODD_CELL_UNIQUE
4545,0,,,0,0,ODD_CELL_UNIQUE
4546,0,,,0,0,ODD_CELL_UNIQUE
4547,0,,,0,0,ODD_CELL_UNIQUE
4548,0,,,0,0,ODD_CELL_UNIQUE
4549,0,,,0,0,ODD_CELL_UNIQUE
4550,0,,,0,0,ODD_CELL_UNIQUE
4551,0,,,0,0,ODD_CELL_UNIQUE
4552,0,,,0,0,ODD_CELL_UNIQUE
4553,0,,,0,0,ODD_CELL_UNIQUE
4554,0,,,0,0,ODD_CELL_UNIQUE
4555,0,,,0,0,ODD_CELL_UNIQUE
4556,0,,,0,0,ODD_CELL_UNIQUE
4557,0,,,0,0,ODD_CELL_UNIQUE
4558,0,,,0,0,ODD_CELL_UNIQUE
4559,0,,,0,0,ODD_CELL_UNIQUE
4560,1,275,275,1,0,ODD_CELL_UNIQUE
4561,0,,,0,0,ODD_CELL_UNIQUE
4562,0,,,0,0,ODD_CELL_UNIQUE
4563,0,,,0,0,ODD_CELL_UNIQUE
4564,0,,,0,0,ODD_CELL_UNIQUE
4565,0,,,0,0,ODD_CELL_UNIQUE
4566,0,,,0,0,ODD_CELL_UNIQUE
4567,0,,,0,0,ODD_CELL_UNIQUE
4568,0,,,0,0,ODD_CELL_UNIQUE
4569,0,,,0,0,ODD_CELL_UNIQUE
4570,0,,,0,0,ODD_CELL_UNIQUE
4571,0,,,0,0,ODD_CELL_UNIQUE
4572,0,,,0,0,ODD_CELL_UNIQUE
4573,0,,,0,0,ODD_CELL_UNIQUE
4574,0,,,0,0,ODD_CELL_UNIQUE
4575,0,,,0,0,ODD_CELL_UNIQUE
4576,0,,,0,0,ODD_CELL_UNIQUE
4577,0,,,0,0,ODD_CELL_UNIQUE
4578,0,,,0,0,ODD_CELL_UNIQUE
4579,0,,,0,0,ODD_CELL_UNIQUE
4580,0,,,0,0,ODD_CELL_UNIQUE
4581,0,,,0,0,ODD_CELL_UNIQUE
4582,0,,,0,0,ODD_CELL_UNIQUE
4583,0,,,0,0,ODD_CELL_UNIQUE
4584,0,,,0,0,ODD_CELL_UNIQUE
4585,0,276,276,0,1,ODD_CELL_UNIQUE
4586,0,,,0,0,ODD_CELL_UNIQUE
4587,0,,,0,0,ODD_CELL_UNIQUE
4588,0,,,0,0,ODD_CELL_UNIQUE
4589,0,,,0,0,ODD_CELL_UNIQUE
4590,0,,,0,0,ODD_CELL_UNIQUE
4591,0,,,0,0,ODD_CELL_UNIQUE
4592,0,,,0,0,ODD_CELL_UNIQUE
4593,0,,,0,0,ODD_CELL_UNIQUE
4594,0,,,0,0,ODD_CELL_UNIQUE
4595,0,,,0,0,ODD_CELL_UNIQUE
4596,0,,,0,0,ODD_CELL_UNIQUE
4597,0,,,0,0,ODD_CELL_UNIQUE
4598,0,,,0,0,ODD_CELL_UNIQUE
4599,0,,,0,0,ODD_CELL_UNIQUE
4600,0,,,0,0,ODD_CELL_UNIQUE
4601,0,,,0,0,ODD_CELL_UNIQUE
4602,0,,,0,0,ODD_CELL_UNIQUE
4603,0,,,0,0,ODD_CELL_UNIQUE
4604,0,,,0,0,ODD_CELL_UNIQUE
4605,0,,,0,0,ODD_CELL_UNIQUE
4606,0,,,0,0,ODD_CELL_UNIQUE
4607,0,,,0,0,ODD_CELL_UNIQUE
4608,0,,,0,0,ODD_CELL_UNIQUE
4609,0,,,0,0,ODD_CELL_UNIQUE
4610,1,277,277,1,0,ODD_CELL_UNIQUE
4611,0,,,0,0,ODD_CELL_UNIQUE
4612,0,,,0,0,ODD_CELL_UNIQUE
4613,0,,,0,0,ODD_CELL_UNIQUE
4614,0,,,0,0,ODD_CELL_UNIQUE
4615,0,,,0,0,ODD_CELL_UNIQUE
4616,0,,,0,0,ODD_CELL_UNIQUE
4617,0,,,0,0,ODD_CELL_UNIQUE
4618,0,,,0,0,ODD_CELL_UNIQUE
4619,0,,,0,0,ODD_CELL_UNIQUE
4620,0,,,0,0,ODD_CELL_UNIQUE
4621,0,,,0,0,ODD_CELL_UNIQUE
4622,0,,,0,0,ODD_CELL_UNIQUE
4623,0,,,0,0,ODD_CELL_UNIQUE
4624,0,,,0,0,ODD_CELL_UNIQUE
4625,0,,,0,0,ODD_CELL_UNIQUE
4626,0,,,0,0,ODD_CELL_UNIQUE
4627,0,,,0,0,ODD_CELL_UNIQUE
4628,0,,,0,0,ODD_CELL_UNIQUE
4629,0,,,0,0,ODD_CELL_UNIQUE
4630,0,,,0,0,ODD_CELL_UNIQUE
4631,0,,,0,0,ODD_CELL_UNIQUE
4632,0,,,0,0,ODD_CELL_UNIQUE
4633,0,,,0,0,ODD_CELL_UNIQUE
4634,0,,,0,0,ODD_CELL_UNIQUE
4635,0,278,278,0,1,ODD_CELL_UNIQUE
4636,0,,,0,0,ODD_CELL_UNIQUE
4637,0,,,0,0,ODD_CELL_UNIQUE
4638,0,,,0,0,ODD_CELL_UNIQUE
4639,0,,,0,0,ODD_CELL_UNIQUE
4640,0,,,0,0,ODD_CELL_UNIQUE
4641,0,,,0,0,ODD_CELL_UNIQUE
4642,0,,,0,0,ODD_CELL_UNIQUE
4643,0,,,0,0,ODD_CELL_UNIQUE
4644,0,,,0,0,ODD_CELL_UNIQUE
4645,0,,,0,0,ODD_CELL_UNIQUE
4646,0,,,0,0,ODD_CELL_UNIQUE
4647,0,,,0,0,ODD_CELL_UNIQUE
4648,0,,,0,0,ODD_CELL_UNIQUE
4649,0,,,0,0,ODD_CELL_UNIQUE
4650,0,,,0,0,ODD_CELL_UNIQUE
4651,0,,,0,0,ODD_CELL_UNIQUE
4652,0,,,0,0,ODD_CELL_UNIQUE
4653,0,,,0,0,ODD_CELL_UNIQUE
4654,0,,,0,0,ODD_CELL_UNIQUE
4655,0,,,0,0,ODD_CELL_UNIQUE
4656,0,,,0,0,ODD_CELL_UNIQUE
4657,0,,,0,0,ODD_CELL_UNIQUE
4658,0,,,0,0,ODD_CELL_UNIQUE
4659,0,,,0,0,ODD_CELL_UNIQUE
4660,1,279,279,1,0,ODD_CELL_UNIQUE
4661,0,,,0,0,ODD_CELL_UNIQUE
4662,0,,,0,0,ODD_CELL_UNIQUE
4663,0,,,0,0,ODD_CELL_UNIQUE
4664,0,,,0,0,ODD_CELL_UNIQUE
4665,0,,,0,0,ODD_CELL_UNIQUE
4666,0,,,0,0,ODD_CELL_UNIQUE
4667,0,,,0,0,ODD_CELL_UNIQUE
4668,0,,,0,0,ODD_CELL_UNIQUE
4669,0,,,0,0,ODD_CELL_UNIQUE
4670,0,,,0,0,ODD_CELL_UNIQUE
4671,0,,,0,0,ODD_CELL_UNIQUE
4672,0,,,0,0,ODD_CELL_UNIQUE
4673,0,,,0,0,ODD_CELL_UNIQUE
4674,0,,,0,0,ODD_CELL_UNIQUE
4675,0,,,0,0,ODD_CELL_UNIQUE
4676,0,,,0,0,ODD_CELL_UNIQUE
4677,0,,,0,0,ODD_CELL_UNIQUE
4678,0,,,0,0,ODD_CELL_UNIQUE
4679,0,,,0,0,ODD_CELL_UNIQUE
4680,0,,,0,0,ODD_CELL_UNIQUE
4681,0,,,0,0,ODD_CELL_UNIQUE
4682,0,,,0,0,ODD_CELL_UNIQUE
4683,0,,,0,0,ODD_CELL_UNIQUE
4684,0,,,0,0,ODD_CELL_UNIQUE
4685,0,280,280,0,1,ODD_CELL_UNIQUE
4686,0,,,0,0,ODD_CELL_UNIQUE
4687,0,,,0,0,ODD_CELL_UNIQUE
4688,0,,,0,0,ODD_CELL_UNIQUE
4689,0,,,0,0,ODD_CELL_UNIQUE
4690,0,,,0,0,ODD_CELL_UNIQUE
4691,0,,,0,0,ODD_CELL_UNIQUE
4692,0,,,0,0,ODD_CELL_UNIQUE
4693,0,,,0,0,ODD_CELL_UNIQUE
4694,0,,,0,0,ODD_CELL_UNIQUE
4695,0,,,0,0,ODD_CELL_UNIQUE
4696,0,,,0,0,ODD_CELL_UNIQUE
4697,0,,,0,0,ODD_CELL_UNIQUE
4698,0,,,0,0,ODD_CELL_UNIQUE
4699,0,,,0,0,ODD_CELL_UNIQUE
4700,0,,,0,0,ODD_CELL_UNIQUE
4701,0,,,0,0,ODD_CELL_UNIQUE
4702,0,,,0,0,ODD_CELL_UNIQUE
4703,0,,,0,0,ODD_CELL_UNIQUE
4704,0,,,0,0,ODD_CELL_UNIQUE
4705,0,,,0,0,ODD_CELL_UNIQUE
4706,0,,,0,0,ODD_CELL_UNIQUE
4707,0,,,0,0,ODD_CELL_UNIQUE
4708,0,,,0,0,ODD_CELL_UNIQUE
4709,0,,,0,0,ODD_CELL_UNIQUE
4710,1,281,281,1,0,ODD_CELL_UNIQUE
4711,0,,,0,0,ODD_CELL_UNIQUE
4712,0,,,0,0,ODD_CELL_UNIQUE
4713,0,,,0,0,ODD_CELL_UNIQUE
4714,0,,,0,0,ODD_CELL_UNIQUE
4715,0,,,0,0,ODD_CELL_UNIQUE
4716,0,,,0,0,ODD_CELL_UNIQUE
4717,0,,,0,0,ODD_CELL_UNIQUE
4718,0,,,0,0,ODD_CELL_UNIQUE
4719,0,,,0,0,ODD_CELL_UNIQUE
4720,0,,,0,0,ODD_CELL_UNIQUE
4721,0,,,0,0,ODD_CELL_UNIQUE
4722,0,,,0,0,ODD_CELL_UNIQUE
4723,0,,,0,0,ODD_CELL_UNIQUE
4724,0,,,0,0,ODD_CELL_UNIQUE
4725,0,,,0,0,ODD_CELL_UNIQUE
4726,0,,,0,0,ODD_CELL_UNIQUE
4727,0,,,0,0,ODD_CELL_UNIQUE
4728,0,,,0,0,ODD_CELL_UNIQUE
4729,0,,,0,0,ODD_CELL_UNIQUE
4730,0,,,0,0,ODD_CELL_UNIQUE
4731,0,,,0,0,ODD_CELL_UNIQUE
4732,0,,,0,0,ODD_CELL_UNIQUE
4733,0,,,0,0,ODD_CELL_UNIQUE
4734,0,,,0,0,ODD_CELL_UNIQUE
4735,0,282,282,0,1,ODD_CELL_UNIQUE
4736,0,,,0,0,ODD_CELL_UNIQUE
4737,0,,,0,0,ODD_CELL_UNIQUE
4738,0,,,0,0,ODD_CELL_UNIQUE
4739,0,,,0,0,ODD_CELL_UNIQUE
4740,0,,,0,0,ODD_CELL_UNIQUE
4741,0,,,0,0,ODD_CELL_UNIQUE
4742,0,,,0,0,ODD_CELL_UNIQUE
4743,0,,,0,0,ODD_CELL_UNIQUE
4744,0,,,0,0,ODD_CELL_UNIQUE
4745,0,,,0,0,ODD_CELL_UNIQUE
4746,0,,,0,0,ODD_CELL_UNIQUE
4747,0,,,0,0,ODD_CELL_UNIQUE
4748,0,,,0,0,ODD_CELL_UNIQUE
4749,0,,,0,0,ODD_CELL_UNIQUE
4750,0,,,0,0,ODD_CELL_UNIQUE
4751,0,,,0,0,ODD_CELL_UNIQUE
4752,0,,,0,0,ODD_CELL_UNIQUE
4753,0,,,0,0,ODD_CELL_UNIQUE
4754,0,,,0,0,ODD_CELL_UNIQUE
4755,0,,,0,0,ODD_CELL_UNIQUE
4756,0,,,0,0,ODD_CELL_UNIQUE
4757,0,,,0,0,ODD_CELL_UNIQUE
4758,0,,,0,0,ODD_CELL_UNIQUE
4759,0,,,0,0,ODD_CELL_UNIQUE
4760,1,283,283,1,0,ODD_CELL_UNIQUE
4761,0,,,0,0,ODD_CELL_UNIQUE
4762,0,,,0,0,ODD_CELL_UNIQUE
4763,0,,,0,0,ODD_CELL_UNIQUE
4764,0,,,0,0,ODD_CELL_UNIQUE
4765,0,,,0,0,ODD_CELL_UNIQUE
4766,0,,,0,0,ODD_CELL_UNIQUE
4767,0,,,0,0,ODD_CELL_UNIQUE
4768,0,,,0,0,ODD_CELL_UNIQUE
4769,0,,,0,0,ODD_CELL_UNIQUE
4770,0,,,0,0,ODD_CELL_UNIQUE
4771,0,,,0,0,ODD_CELL_UNIQUE
4772,0,,,0,0,ODD_CELL_UNIQUE
4773,0,,,0,0,ODD_CELL_UNIQUE
4774,0,,,0,0,ODD_CELL_UNIQUE
4775,0,,,0,0,ODD_CELL_UNIQUE
4776,0,,,0,0,ODD_CELL_UNIQUE
4777,0,,,0,0,ODD_CELL_UNIQUE
4778,0,,,0,0,ODD_CELL_UNIQUE
4779,0,,,0,0,ODD_CELL_UNIQUE
4780,0,,,0,0,ODD_CELL_UNIQUE
4781,0,,,0,0,ODD_CELL_UNIQUE
4782,0,,,0,0,ODD_CELL_UNIQUE
4783,0,,,0,0,ODD_CELL_UNIQUE
4784,0,,,0,0,ODD_CELL_UNIQUE
4785,0,,,0,0,ODD_CELL_UNIQUE
4786,0,284,284,0,1,ODD_CELL_UNIQUE
4787,0,,,0,0,ODD_CELL_UNIQUE
4788,0,,,0,0,ODD_CELL_UNIQUE
4789,0,,,0,0,ODD_CELL_UNIQUE
4790,0,,,0,0,ODD_CELL_UNIQUE
4791,0,,,0,0,ODD_CELL_UNIQUE
4792,0,,,0,0,ODD_CELL_UNIQUE
4793,0,,,0,0,ODD_CELL_UNIQUE
4794,0,,,0,0,ODD_CELL_UNIQUE
4795,0,,,0,0,ODD_CELL_UNIQUE
4796,0,,,0,0,ODD_CELL_UNIQUE
4797,0,,,0,0,ODD_CELL_UNIQUE
4798,0,,,0,0,ODD_CELL_UNIQUE
4799,0,,,0,0,ODD_CELL_UNIQUE
4800,0,,,0,0,ODD_CELL_UNIQUE
4801,0,,,0,0,ODD_CELL_UNIQUE
4802,0,,,0,0,ODD_CELL_UNIQUE
4803,0,,,0,0,ODD_CELL_UNIQUE
4804,0,,,0,0,ODD_CELL_UNIQUE
4805,0,,,0,0,ODD_CELL_UNIQUE
4806,0,,,0,0,ODD_CELL_UNIQUE
4807,0,,,0,0,ODD_CELL_UNIQUE
4808,0,,,0,0,ODD_CELL_UNIQUE
4809,0,,,0,0,ODD_CELL_UNIQUE
4810,0,,,0,0,ODD_CELL_UNIQUE
4811,1,285,285,1,0,ODD_CELL_UNIQUE
4812,0,,,0,0,ODD_CELL_UNIQUE
4813,0,,,0,0,ODD_CELL_UNIQUE
4814,0,,,0,0,ODD_CELL_UNIQUE
4815,0,,,0,0,ODD_CELL_UNIQUE
4816,0,,,0,0,ODD_CELL_UNIQUE
4817,0,,,0,0,ODD_CELL_UNIQUE
4818,0,,,0,0,ODD_CELL_UNIQUE
4819,0,,,0,0,ODD_CELL_UNIQUE
4820,0,,,0,0,ODD_CELL_UNIQUE
4821,0,,,0,0,ODD_CELL_UNIQUE
4822,0,,,0,0,ODD_CELL_UNIQUE
4823,0,,,0,0,ODD_CELL_UNIQUE
4824,0,,,0,0,ODD_CELL_UNIQUE
4825,0,,,0,0,ODD_CELL_UNIQUE
4826,0,,,0,0,ODD_CELL_UNIQUE
4827,0,,,0,0,ODD_CELL_UNIQUE
4828,0,,,0,0,ODD_CELL_UNIQUE
4829,0,,,0,0,ODD_CELL_UNIQUE
4830,0,,,0,0,ODD_CELL_UNIQUE
4831,0,,,0,0,ODD_CELL_UNIQUE
4832,0,,,0,0,ODD_CELL_UNIQUE
4833,0,,,0,0,ODD_CELL_UNIQUE
4834,0,,,0,0,ODD_CELL_UNIQUE
4835,0,,,0,0,ODD_CELL_UNIQUE
4836,0,286,286,0,1,ODD_CELL_UNIQUE
4837,0,,,0,0,ODD_CELL_UNIQUE
4838,0,,,0,0,ODD_CELL_UNIQUE
4839,0,,,0,0,ODD_CELL_UNIQUE
4840,0,,,0,0,ODD_CELL_UNIQUE
4841,0,,,0,0,ODD_CELL_UNIQUE
4842,0,,,0,0,ODD_CELL_UNIQUE
4843,0,,,0,0,ODD_CELL_UNIQUE
4844,0,,,0,0,ODD_CELL_UNIQUE
4845,0,,,0,0,ODD_CELL_UNIQUE
4846,0,,,0,0,ODD_CELL_UNIQUE
4847,0,,,0,0,ODD_CELL_UNIQUE
4848,0,,,0,0,ODD_CELL_UNIQUE
4849,0,,,0,0,ODD_CELL_UNIQUE
4850,0,,,0,0,ODD_CELL_UNIQUE
4851,0,,,0,0,ODD_CELL_UNIQUE
4852,0,,,0,0,ODD_CELL_UNIQUE
4853,0,,,0,0,ODD_CELL_UNIQUE
4854,0,,,0,0,ODD_CELL_UNIQUE
4855,0,,,0,0,ODD_CELL_UNIQUE
4856,0,,,0,0,ODD_CELL_UNIQUE
4857,0,,,0,0,ODD_CELL_UNIQUE
4858,0,,,0,0,ODD_CELL_UNIQUE
4859,0,,,0,0,ODD_CELL_UNIQUE
4860,0,,,0,0,ODD_CELL_UNIQUE
4861,0,,,0,0,ODD_CELL_UNIQUE
4862,1,287,287,1,0,ODD_CELL_UNIQUE
4863,0,,,0,0,ODD_CELL_UNIQUE
4864,0,,,0,0,ODD_CELL_UNIQUE
4865,0,,,0,0,ODD_CELL_UNIQUE
4866,0,,,0,0,ODD_CELL_UNIQUE
4867,0,,,0,0,ODD_CELL_UNIQUE
4868,0,,,0,0,ODD_CELL_UNIQUE
4869,0,,,0,0,ODD_CELL_UNIQUE
4870,0,,,0,0,ODD_CELL_UNIQUE
4871,0,,,0,0,ODD_CELL_UNIQUE
4872,0,,,0,0,ODD_CELL_UNIQUE
4873,0,,,0,0,ODD_CELL_UNIQUE
4874,0,,,0,0,ODD_CELL_UNIQUE
4875,0,,,0,0,ODD_CELL_UNIQUE
4876,0,,,0,0,ODD_CELL_UNIQUE
4877,0,,,0,0,ODD_CELL_UNIQUE
4878,0,,,0,0,ODD_CELL_UNIQUE
4879,0,,,0,0,ODD_CELL_UNIQUE
4880,0,,,0,0,ODD_CELL_UNIQUE
4881,0,,,0,0,ODD_CELL_UNIQUE
4882,0,,,0,0,ODD_CELL_UNIQUE
4883,0,,,0,0,ODD_CELL_UNIQUE
4884,0,,,0,0,ODD_CELL_UNIQUE
4885,0,,,0,0,ODD_CELL_UNIQUE
4886,0,,,0,0,ODD_CELL_UNIQUE
4887,0,288,288,0,1,ODD_CELL_UNIQUE
4888,0,,,0,0,ODD_CELL_UNIQUE
4889,0,,,0,0,ODD_CELL_UNIQUE
4890,0,,,0,0,ODD_CELL_UNIQUE
4891,0,,,0,0,ODD_CELL_UNIQUE
4892,0,,,0,0,ODD_CELL_UNIQUE
4893,0,,,0,0,ODD_CELL_UNIQUE
4894,0,,,0,0,ODD_CELL_UNIQUE
4895,0,,,0,0,ODD_CELL_UNIQUE
4896,0,,,0,0,ODD_CELL_UNIQUE
4897,0,,,0,0,ODD_CELL_UNIQUE
4898,0,,,0,0,ODD_CELL_UNIQUE
4899,0,,,0,0,ODD_CELL_UNIQUE
4900,0,,,0,0,ODD_CELL_UNIQUE
4901,0,,,0,0,ODD_CELL_UNIQUE
4902,0,,,0,0,ODD_CELL_UNIQUE
4903,0,,,0,0,ODD_CELL_UNIQUE
4904,0,,,0,0,ODD_CELL_UNIQUE
4905,0,,,0,0,ODD_CELL_UNIQUE
4906,0,,,0,0,ODD_CELL_UNIQUE
4907,0,,,0,0,ODD_CELL_UNIQUE
4908,0,,,0,0,ODD_CELL_UNIQUE
4909,0,,,0,0,ODD_CELL_UNIQUE
4910,0,,,0,0,ODD_CELL_UNIQUE
4911,0,,,0,0,ODD_CELL_UNIQUE
4912,0,,,0,0,ODD_CELL_UNIQUE
4913,1,289,289,1,0,ODD_CELL_UNIQUE
4914,0,,,0,0,ODD_CELL_UNIQUE
4915,0,,,0,0,ODD_CELL_UNIQUE
4916,0,,,0,0,ODD_CELL_UNIQUE
4917,0,,,0,0,ODD_CELL_UNIQUE
4918,0,,,0,0,ODD_CELL_UNIQUE
4919,0,,,0,0,ODD_CELL_UNIQUE
4920,0,,,0,0,ODD_CELL_UNIQUE
4921,0,,,0,0,ODD_CELL_UNIQUE
4922,0,,,0,0,ODD_CELL_UNIQUE
4923,0,,,0,0,ODD_CELL_UNIQUE
4924,0,,,0,0,ODD_CELL_UNIQUE
4925,0,,,0,0,ODD_CELL_UNIQUE
4926,0,,,0,0,ODD_CELL_UNIQUE
4927,0,,,0,0,ODD_CELL_UNIQUE
4928,0,,,0,0,ODD_CELL_UNIQUE
4929,0,,,0,0,ODD_CELL_UNIQUE
4930,0,,,0,0,ODD_CELL_UNIQUE
4931,0,,,0,0,ODD_CELL_UNIQUE
4932,0,,,0,0,ODD_CELL_UNIQUE
4933,0,,,0,0,ODD_CELL_UNIQUE
4934,0,,,0,0,ODD_CELL_UNIQUE
4935,0,,,0,0,ODD_CELL_UNIQUE
4936,0,,,0,0,ODD_CELL_UNIQUE
4937,0,,,0,0,ODD_CELL_UNIQUE
4938,0,290,290,0,1,ODD_CELL_UNIQUE
4939,0,,,0,0,ODD_CELL_UNIQUE
4940,0,,,0,0,ODD_CELL_UNIQUE
4941,0,,,0,0,ODD_CELL_UNIQUE
4942,0,,,0,0,ODD_CELL_UNIQUE
4943,0,,,0,0,ODD_CELL_UNIQUE
4944,0,,,0,0,ODD_CELL_UNIQUE
4945,0,,,0,0,ODD_CELL_UNIQUE
4946,0,,,0,0,ODD_CELL_UNIQUE
4947,0,,,0,0,ODD_CELL_UNIQUE
4948,0,,,0,0,ODD_CELL_UNIQUE
4949,0,,,0,0,ODD_CELL_UNIQUE
4950,0,,,0,0,ODD_CELL_UNIQUE
4951,0,,,0,0,ODD_CELL_UNIQUE
4952,0,,,0,0,ODD_CELL_UNIQUE
4953,0,,,0,0,ODD_CELL_UNIQUE
4954,0,,,0,0,ODD_CELL_UNIQUE
4955,0,,,0,0,ODD_CELL_UNIQUE
4956,0,,,0,0,ODD_CELL_UNIQUE
4957,0,,,0,0,ODD_CELL_UNIQUE
4958,0,,,0,0,ODD_CELL_UNIQUE
4959,0,,,0,0,ODD_CELL_UNIQUE
4960,0,,,0,0,ODD_CELL_UNIQUE
4961,0,,,0,0,ODD_CELL_UNIQUE
4962,0,,,0,0,ODD_CELL_UNIQUE
4963,0,,,0,0,ODD_CELL_UNIQUE
4964,1,291,291,1,0,ODD_CELL_UNIQUE
4965,0,,,0,0,ODD_CELL_UNIQUE
4966,0,,,0,0,ODD_CELL_UNIQUE
4967,0,,,0,0,ODD_CELL_UNIQUE
4968,0,,,0,0,ODD_CELL_UNIQUE
4969,0,,,0,0,ODD_CELL_UNIQUE
4970,0,,,0,0,ODD_CELL_UNIQUE
4971,0,,,0,0,ODD_CELL_UNIQUE
4972,0,,,0,0,ODD_CELL_UNIQUE
4973,0,,,0,0,ODD_CELL_UNIQUE
4974,0,,,0,0,ODD_CELL_UNIQUE
4975,0,,,0,0,ODD_CELL_UNIQUE
4976,0,,,0,0,ODD_CELL_UNIQUE
4977,0,,,0,0,ODD_CELL_UNIQUE
4978,0,,,0,0,ODD_CELL_UNIQUE
4979,0,,,0,0,ODD_CELL_UNIQUE
4980,0,,,0,0,ODD_CELL_UNIQUE
4981,0,,,0,0,ODD_CELL_UNIQUE
4982,0,,,0,0,ODD_CELL_UNIQUE
4983,0,,,0,0,ODD_CELL_UNIQUE
4984,0,,,0,0,ODD_CELL_UNIQUE
4985,0,,,0,0,ODD_CELL_UNIQUE
4986,0,,,0,0,ODD_CELL_UNIQUE
4987,0,,,0,0,ODD_CELL_UNIQUE
4988,0,,,0,0,ODD_CELL_UNIQUE
4989,0,292,292,0,1,ODD_CELL_UNIQUE
4990,0,,,0,0,ODD_CELL_UNIQUE
4991,0,,,0,0,ODD_CELL_UNIQUE
4992,0,,,0,0,ODD_CELL_UNIQUE
4993,0,,,0,0,ODD_CELL_UNIQUE
4994,0,,,0,0,ODD_CELL_UNIQUE
4995,0,,,0,0,ODD_CELL_UNIQUE
4996,0,,,0,0,ODD_CELL_UNIQUE
4997,0,,,0,0,ODD_CELL_UNIQUE
4998,0,,,0,0,ODD_CELL_UNIQUE
4999,0,,,0,0,ODD_CELL_UNIQUE
5000,0,,,0,0,ODD_CELL_UNIQUE
5001,0,,,0,0,ODD_CELL_UNIQUE
5002,0,,,0,0,ODD_CELL_UNIQUE
5003,0,,,0,0,ODD_CELL_UNIQUE
5004,0,,,0,0,ODD_CELL_UNIQUE
5005,0,,,0,0,ODD_CELL_UNIQUE
5006,0,,,0,0,ODD_CELL_UNIQUE
5007,0,,,0,0,ODD_CELL_UNIQUE
5008,0,,,0,0,ODD_CELL_UNIQUE
5009,0,,,0,0,ODD_CELL_UNIQUE
5010,0,,,0,0,ODD_CELL_UNIQUE
5011,0,,,0,0,ODD_CELL_UNIQUE
5012,0,,,0,0,ODD_CELL_UNIQUE
5013,0,,,0,0,ODD_CELL_UNIQUE
5014,0,,,0,0,ODD_CELL_UNIQUE
5015,1,293,293,1,0,ODD_CELL_UNIQUE
5016,0,,,0,0,ODD_CELL_UNIQUE
5017,0,,,0,0,ODD_CELL_UNIQUE
5018,0,,,0,0,ODD_CELL_UNIQUE
5019,0,,,0,0,ODD_CELL_UNIQUE
5020,0,,,0,0,ODD_CELL_UNIQUE
5021,0,,,0,0,ODD_CELL_UNIQUE
5022,0,,,0,0,ODD_CELL_UNIQUE
5023,0,,,0,0,ODD_CELL_UNIQUE
5024,0,,,0,0,ODD_CELL_UNIQUE
5025,0,,,0,0,ODD_CELL_UNIQUE
5026,0,,,0,0,ODD_CELL_UNIQUE
5027,0,,,0,0,ODD_CELL_UNIQUE
5028,0,,,0,0,ODD_CELL_UNIQUE
5029,0,,,0,0,ODD_CELL_UNIQUE
5030,0,,,0,0,ODD_CELL_UNIQUE
5031,0,,,0,0,ODD_CELL_UNIQUE
5032,0,,,0,0,ODD_CELL_UNIQUE
5033,0,,,0,0,ODD_CELL_UNIQUE
5034,0,,,0,0,ODD_CELL_UNIQUE
5035,0,,,0,0,ODD_CELL_UNIQUE
5036,0,,,0,0,ODD_CELL_UNIQUE
5037,0,,,0,0,ODD_CELL_UNIQUE
5038,0,,,0,0,ODD_CELL_UNIQUE
5039,0,,,0,0,ODD_CELL_UNIQUE
5040,0,,,0,0,ODD_CELL_UNIQUE
5041,0,294,294,0,1,ODD_CELL_UNIQUE
5042,0,,,0,0,ODD_CELL_UNIQUE
5043,0,,,0,0,ODD_CELL_UNIQUE
5044,0,,,0,0,ODD_CELL_UNIQUE
5045,0,,,0,0,ODD_CELL_UNIQUE
5046,0,,,0,0,ODD_CELL_UNIQUE
5047,0,,,0,0,ODD_CELL_UNIQUE
5048,0,,,0,0,ODD_CELL_UNIQUE
5049,0,,,0,0,ODD_CELL_UNIQUE
5050,0,,,0,0,ODD_CELL_UNIQUE
5051,0,,,0,0,ODD_CELL_UNIQUE
5052,0,,,0,0,ODD_CELL_UNIQUE
5053,0,,,0,0,ODD_CELL_UNIQUE
5054,0,,,0,0,ODD_CELL_UNIQUE
5055,0,,,0,0,ODD_CELL_UNIQUE
5056,0,,,0,0,ODD_CELL_UNIQUE
5057,0,,,0,0,ODD_CELL_UNIQUE
5058,0,,,0,0,ODD_CELL_UNIQUE
5059,0,,,0,0,ODD_CELL_UNIQUE
5060,0,,,0,0,ODD_CELL_UNIQUE
5061,0,,,0,0,ODD_CELL_UNIQUE
5062,0,,,0,0,ODD_CELL_UNIQUE
5063,0,,,0,0,ODD_CELL_UNIQUE
5064,0,,,0,0,ODD_CELL_UNIQUE
5065,0,,,0,0,ODD_CELL_UNIQUE
5066,1,295,295,1,0,ODD_CELL_UNIQUE
5067,0,,,0,0,ODD_CELL_UNIQUE
5068,0,,,0,0,ODD_CELL_UNIQUE
5069,0,,,0,0,ODD_CELL_UNIQUE
5070,0,,,0,0,ODD_CELL_UNIQUE
5071,0,,,0,0,ODD_CELL_UNIQUE
5072,0,,,0,0,ODD_CELL_UNIQUE
5073,0,,,0,0,ODD_CELL_UNIQUE
5074,0,,,0,0,ODD_CELL_UNIQUE
5075,0,,,0,0,ODD_CELL_UNIQUE
5076,0,,,0,0,ODD_CELL_UNIQUE
5077,0,,,0,0,ODD_CELL_UNIQUE
5078,0,,,0,0,ODD_CELL_UNIQUE
5079,0,,,0,0,ODD_CELL_UNIQUE
5080,0,,,0,0,ODD_CELL_UNIQUE
5081,0,,,0,0,ODD_CELL_UNIQUE
5082,0,,,0,0,ODD_CELL_UNIQUE
5083,0,,,0,0,ODD_CELL_UNIQUE
5084,0,,,0,0,ODD_CELL_UNIQUE
5085,0,,,0,0,ODD_CELL_UNIQUE
5086,0,,,0,0,ODD_CELL_UNIQUE
5087,0,,,0,0,ODD_CELL_UNIQUE
5088,0,,,0,0,ODD_CELL_UNIQUE
5089,0,,,0,0,ODD_CELL_UNIQUE
5090,0,,,0,0,ODD_CELL_UNIQUE
5091,0,,,0,0,ODD_CELL_UNIQUE
5092,0,296,296,0,1,ODD_CELL_UNIQUE
5093,0,,,0,0,ODD_CELL_UNIQUE
5094,0,,,0,0,ODD_CELL_UNIQUE
5095,0,,,0,0,ODD_CELL_UNIQUE
5096,0,,,0,0,ODD_CELL_UNIQUE
5097,0,,,0,0,ODD_CELL_UNIQUE
5098,0,,,0,0,ODD_CELL_UNIQUE
5099,0,,,0,0,ODD_CELL_UNIQUE
5100,0,,,0,0,ODD_CELL_UNIQUE
5101,0,,,0,0,ODD_CELL_UNIQUE
5102,0,,,0,0,ODD_CELL_UNIQUE
5103,0,,,0,0,ODD_CELL_UNIQUE
5104,0,,,0,0,ODD_CELL_UNIQUE
5105,0,,,0,0,ODD_CELL_UNIQUE
5106,0,,,0,0,ODD_CELL_UNIQUE
5107,0,,,0,0,ODD_CELL_UNIQUE
5108,0,,,0,0,ODD_CELL_UNIQUE
5109,0,,,0,0,ODD_CELL_UNIQUE
5110,0,,,0,0,ODD_CELL_UNIQUE
5111,0,,,0,0,ODD_CELL_UNIQUE
5112,0,,,0,0,ODD_CELL_UNIQUE
5113,0,,,0,0,ODD_CELL_UNIQUE
5114,0,,,0,0,ODD_CELL_UNIQUE
5115,0,,,0,0,ODD_CELL_UNIQUE
5116,0,,,0,0,ODD_CELL_UNIQUE
5117,0,,,0,0,ODD_CELL_UNIQUE
5118,1,297,297,1,0,ODD_CELL_UNIQUE
5119,0,,,0,0,ODD_CELL_UNIQUE
5120,0,,,0,0,ODD_CELL_UNIQUE
5121,0,,,0,0,ODD_CELL_UNIQUE
5122,0,,,0,0,ODD_CELL_UNIQUE
5123,0,,,0,0,ODD_CELL_UNIQUE
5124,0,,,0,0,ODD_CELL_UNIQUE
5125,0,,,0,0,ODD_CELL_UNIQUE
5126,0,,,0,0,ODD_CELL_UNIQUE
5127,0,,,0,0,ODD_CELL_UNIQUE
5128,0,,,0,0,ODD_CELL_UNIQUE
5129,0,,,0,0,ODD_CELL_UNIQUE
5130,0,,,0,0,ODD_CELL_UNIQUE
5131,0,,,0,0,ODD_CELL_UNIQUE
5132,0,,,0,0,ODD_CELL_UNIQUE
5133,0,,,0,0,ODD_CELL_UNIQUE
5134,0,,,0,0,ODD_CELL_UNIQUE
5135,0,,,0,0,ODD_CELL_UNIQUE
5136,0,,,0,0,ODD_CELL_UNIQUE
5137,0,,,0,0,ODD_CELL_UNIQUE
5138,0,,,0,0,ODD_CELL_UNIQUE
5139,0,,,0,0,ODD_CELL_UNIQUE
5140,0,,,0,0,ODD_CELL_UNIQUE
5141,0,,,0,0,ODD_CELL_UNIQUE
5142,0,,,0,0,ODD_CELL_UNIQUE
5143,0,,,0,0,ODD_CELL_UNIQUE
5144,0,298,298,0,1,ODD_CELL_UNIQUE
5145,0,,,0,0,ODD_CELL_UNIQUE
5146,0,,,0,0,ODD_CELL_UNIQUE
5147,0,,,0,0,ODD_CELL_UNIQUE
5148,0,,,0,0,ODD_CELL_UNIQUE
5149,0,,,0,0,ODD_CELL_UNIQUE
5150,0,,,0,0,ODD_CELL_UNIQUE
5151,0,,,0,0,ODD_CELL_UNIQUE
5152,0,,,0,0,ODD_CELL_UNIQUE
5153,0,,,0,0,ODD_CELL_UNIQUE
5154,0,,,0,0,ODD_CELL_UNIQUE
5155,0,,,0,0,ODD_CELL_UNIQUE
5156,0,,,0,0,ODD_CELL_UNIQUE
5157,0,,,0,0,ODD_CELL_UNIQUE
5158,0,,,0,0,ODD_CELL_UNIQUE
5159,0,,,0,0,ODD_CELL_UNIQUE
5160,0,,,0,0,ODD_CELL_UNIQUE
5161,0,,,0,0,ODD_CELL_UNIQUE
5162,0,,,0,0,ODD_CELL_UNIQUE
5163,0,,,0,0,ODD_CELL_UNIQUE
5164,0,,,0,0,ODD_CELL_UNIQUE
5165,0,,,0,0,ODD_CELL_UNIQUE
5166,0,,,0,0,ODD_CELL_UNIQUE
5167,0,,,0,0,ODD_CELL_UNIQUE
5168,0,,,0,0,ODD_CELL_UNIQUE
5169,0,,,0,0,ODD_CELL_UNIQUE
5170,1,299,299,1,0,ODD_CELL_UNIQUE
5171,0,,,0,0,ODD_CELL_UNIQUE
5172,0,,,0,0,ODD_CELL_UNIQUE
5173,0,,,0,0,ODD_CELL_UNIQUE
5174,0,,,0,0,ODD_CELL_UNIQUE
5175,0,,,0,0,ODD_CELL_UNIQUE
5176,0,,,0,0,ODD_CELL_UNIQUE
5177,0,,,0,0,ODD_CELL_UNIQUE
5178,0,,,0,0,ODD_CELL_UNIQUE
5179,0,,,0,0,ODD_CELL_UNIQUE
5180,0,,,0,0,ODD_CELL_UNIQUE
5181,0,,,0,0,ODD_CELL_UNIQUE
5182,0,,,0,0,ODD_CELL_UNIQUE
5183,0,,,0,0,ODD_CELL_UNIQUE
5184,0,,,0,0,ODD_CELL_UNIQUE
5185,0,,,0,0,ODD_CELL_UNIQUE
5186,0,,,0,0,ODD_CELL_UNIQUE
5187,0,,,0,0,ODD_CELL_UNIQUE
5188,0,,,0,0,ODD_CELL_UNIQUE
5189,0,,,0,0,ODD_CELL_UNIQUE
5190,0,,,0,0,ODD_CELL_UNIQUE
5191,0,,,0,0,ODD_CELL_UNIQUE
5192,0,,,0,0,ODD_CELL_UNIQUE
5193,0,,,0,0,ODD_CELL_UNIQUE
5194,0,,,0,0,ODD_CELL_UNIQUE
5195,0,,,0,0,ODD_CELL_UNIQUE
5196,0,300,300,0,1,ODD_CELL_UNIQUE
5197,0,,,0,0,ODD_CELL_UNIQUE
5198,0,,,0,0,ODD_CELL_UNIQUE
5199,0,,,0,0,ODD_CELL_UNIQUE
5200,0,,,0,0,ODD_CELL_UNIQUE
5201,0,,,0,0,ODD_CELL_UNIQUE
5202,0,,,0,0,ODD_CELL_UNIQUE
5203,0,,,0,0,ODD_CELL_UNIQUE
5204,0,,,0,0,ODD_CELL_UNIQUE
5205,0,,,0,0,ODD_CELL_UNIQUE
5206,0,,,0,0,ODD_CELL_UNIQUE
5207,0,,,0,0,ODD_CELL_UNIQUE
5208,0,,,0,0,ODD_CELL_UNIQUE
5209,0,,,0,0,ODD_CELL_UNIQUE
5210,0,,,0,0,ODD_CELL_UNIQUE
5211,0,,,0,0,ODD_CELL_UNIQUE
5212,0,,,0,0,ODD_CELL_UNIQUE
5213,0,,,0,0,ODD_CELL_UNIQUE
5214,0,,,0,0,ODD_CELL_UNIQUE
5215,0,,,0,0,ODD_CELL_UNIQUE
5216,0,,,0,0,ODD_CELL_UNIQUE
5217,0,,,0,0,ODD_CELL_UNIQUE
5218,0,,,0,0,ODD_CELL_UNIQUE
5219,0,,,0,0,ODD_CELL_UNIQUE
5220,0,,,0,0,ODD_CELL_UNIQUE
5221,0,,,0,0,ODD_CELL_UNIQUE
5222,1,301,301,1,0,ODD_CELL_UNIQUE
5223,0,,,0,0,ODD_CELL_UNIQUE
5224,0,,,0,0,ODD_CELL_UNIQUE
5225,0,,,0,0,ODD_CELL_UNIQUE
5226,0,,,0,0,ODD_CELL_UNIQUE
5227,0,,,0,0,ODD_CELL_UNIQUE
5228,0,,,0,0,ODD_CELL_UNIQUE
5229,0,,,0,0,ODD_CELL_UNIQUE
5230,0,,,0,0,ODD_CELL_UNIQUE
5231,0,,,0,0,ODD_CELL_UNIQUE
5232,0,,,0,0,ODD_CELL_UNIQUE
5233,0,,,0,0,ODD_CELL_UNIQUE
5234,0,,,0,0,ODD_CELL_UNIQUE
5235,0,,,0,0,ODD_CELL_UNIQUE
5236,0,,,0,0,ODD_CELL_UNIQUE
5237,0,,,0,0,ODD_CELL_UNIQUE
5238,0,,,0,0,ODD_CELL_UNIQUE
5239,0,,,0,0,ODD_CELL_UNIQUE
5240,0,,,0,0,ODD_CELL_UNIQUE
5241,0,,,0,0,ODD_CELL_UNIQUE
5242,0,,,0,0,ODD_CELL_UNIQUE
5243,0,,,0,0,ODD_CELL_UNIQUE
5244,0,,,0,0,ODD_CELL_UNIQUE
5245,0,,,0,0,ODD_CELL_UNIQUE
5246,0,,,0,0,ODD_CELL_UNIQUE
5247,0,,,0,0,ODD_CELL_UNIQUE
5248,0,302,302,0,1,ODD_CELL_UNIQUE
5249,0,,,0,0,ODD_CELL_UNIQUE
5250,0,,,0,0,ODD_CELL_UNIQUE
5251,0,,,0,0,ODD_CELL_UNIQUE
5252,0,,,0,0,ODD_CELL_UNIQUE
5253,0,,,0,0,ODD_CELL_UNIQUE
5254,0,,,0,0,ODD_CELL_UNIQUE
5255,0,,,0,0,ODD_CELL_UNIQUE
5256,0,,,0,0,ODD_CELL_UNIQUE
5257,0,,,0,0,ODD_CELL_UNIQUE
5258,0,,,0,0,ODD_CELL_UNIQUE
5259,0,,,0,0,ODD_CELL_UNIQUE
5260,0,,,0,0,ODD_CELL_UNIQUE
5261,0,,,0,0,ODD_CELL_UNIQUE
5262,0,,,0,0,ODD_CELL_UNIQUE
5263,0,,,0,0,ODD_CELL_UNIQUE
5264,0,,,0,0,ODD_CELL_UNIQUE
5265,0,,,0,0,ODD_CELL_UNIQUE
5266,0,,,0,0,ODD_CELL_UNIQUE
5267,0,,,0,0,ODD_CELL_UNIQUE
5268,0,,,0,0,ODD_CELL_UNIQUE
5269,0,,,0,0,ODD_CELL_UNIQUE
5270,0,,,0,0,ODD_CELL_UNIQUE
5271,0,,,0,0,ODD_CELL_UNIQUE
5272,0,,,0,0,ODD_CELL_UNIQUE
5273,0,,,0,0,ODD_CELL_UNIQUE
5274,1,303,303,1,0,ODD_CELL_UNIQUE
5275,0,,,0,0,ODD_CELL_UNIQUE
5276,0,,,0,0,ODD_CELL_UNIQUE
5277,0,,,0,0,ODD_CELL_UNIQUE
5278,0,,,0,0,ODD_CELL_UNIQUE
5279,0,,,0,0,ODD_CELL_UNIQUE
5280,0,,,0,0,ODD_CELL_UNIQUE
5281,0,,,0,0,ODD_CELL_UNIQUE
5282,0,,,0,0,ODD_CELL_UNIQUE
5283,0,,,0,0,ODD_CELL_UNIQUE
5284,0,,,0,0,ODD_CELL_UNIQUE
5285,0,,,0,0,ODD_CELL_UNIQUE
5286,0,,,0,0,ODD_CELL_UNIQUE
5287,0,,,0,0,ODD_CELL_UNIQUE
5288,0,,,0,0,ODD_CELL_UNIQUE
5289,0,,,0,0,ODD_CELL_UNIQUE
5290,0,,,0,0,ODD_CELL_UNIQUE
5291,0,,,0,0,ODD_CELL_UNIQUE
5292,0,,,0,0,ODD_CELL_UNIQUE
5293,0,,,0,0,ODD_CELL_UNIQUE
5294,0,,,0,0,ODD_CELL_UNIQUE
5295,0,,,0,0,ODD_CELL_UNIQUE
5296,0,,,0,0,ODD_CELL_UNIQUE
5297,0,,,0,0,ODD_CELL_UNIQUE
5298,0,,,0,0,ODD_CELL_UNIQUE
5299,0,,,0,0,ODD_CELL_UNIQUE
5300,0,304,304,0,1,ODD_CELL_UNIQUE
5301,0,,,0,0,ODD_CELL_UNIQUE
5302,0,,,0,0,ODD_CELL_UNIQUE
5303,0,,,0,0,ODD_CELL_UNIQUE
5304,0,,,0,0,ODD_CELL_UNIQUE
5305,0,,,0,0,ODD_CELL_UNIQUE
5306,0,,,0,0,ODD_CELL_UNIQUE
5307,0,,,0,0,ODD_CELL_UNIQUE
5308,0,,,0,0,ODD_CELL_UNIQUE
5309,0,,,0,0,ODD_CELL_UNIQUE
5310,0,,,0,0,ODD_CELL_UNIQUE
5311,0,,,0,0,ODD_CELL_UNIQUE
5312,0,,,0,0,ODD_CELL_UNIQUE
5313,0,,,0,0,ODD_CELL_UNIQUE
5314,0,,,0,0,ODD_CELL_UNIQUE
5315,0,,,0,0,ODD_CELL_UNIQUE
5316,0,,,0,0,ODD_CELL_UNIQUE
5317,0,,,0,0,ODD_CELL_UNIQUE
5318,0,,,0,0,ODD_CELL_UNIQUE
5319,0,,,0,0,ODD_CELL_UNIQUE
5320,0,,,0,0,ODD_CELL_UNIQUE
5321,0,,,0,0,ODD_CELL_UNIQUE
5322,0,,,0,0,ODD_CELL_UNIQUE
5323,0,,,0,0,ODD_CELL_UNIQUE
5324,0,,,0,0,ODD_CELL_UNIQUE
5325,0,,,0,0,ODD_CELL_UNIQUE
5326,1,305,305,1,0,ODD_CELL_UNIQUE
5327,0,,,0,0,ODD_CELL_UNIQUE
5328,0,,,0,0,ODD_CELL_UNIQUE
5329,0,,,0,0,ODD_CELL_UNIQUE
5330,0,,,0,0,ODD_CELL_UNIQUE
5331,0,,,0,0,ODD_CELL_UNIQUE
5332,0,,,0,0,ODD_CELL_UNIQUE
5333,0,,,0,0,ODD_CELL_UNIQUE
5334,0,,,0,0,ODD_CELL_UNIQUE
5335,0,,,0,0,ODD_CELL_UNIQUE
5336,0,,,0,0,ODD_CELL_UNIQUE
5337,0,,,0,0,ODD_CELL_UNIQUE
5338,0,,,0,0,ODD_CELL_UNIQUE
5339,0,,,0,0,ODD_CELL_UNIQUE
5340,0,,,0,0,ODD_CELL_UNIQUE
5341,0,,,0,0,ODD_CELL_UNIQUE
5342,0,,,0,0,ODD_CELL_UNIQUE
5343,0,,,0,0,ODD_CELL_UNIQUE
5344,0,,,0,0,ODD_CELL_UNIQUE
5345,0,,,0,0,ODD_CELL_UNIQUE
5346,0,,,0,0,ODD_CELL_UNIQUE
5347,0,,,0,0,ODD_CELL_UNIQUE
5348,0,,,0,0,ODD_CELL_UNIQUE
5349,0,,,0,0,ODD_CELL_UNIQUE
5350,0,,,0,0,ODD_CELL_UNIQUE
5351,0,,,0,0,ODD_CELL_UNIQUE
5352,0,306,306,0,1,ODD_CELL_UNIQUE
5353,0,,,0,0,ODD_CELL_UNIQUE
5354,0,,,0,0,ODD_CELL_UNIQUE
5355,0,,,0,0,ODD_CELL_UNIQUE
5356,0,,,0,0,ODD_CELL_UNIQUE
5357,0,,,0,0,ODD_CELL_UNIQUE
5358,0,,,0,0,ODD_CELL_UNIQUE
5359,0,,,0,0,ODD_CELL_UNIQUE
5360,0,,,0,0,ODD_CELL_UNIQUE
5361,0,,,0,0,ODD_CELL_UNIQUE
5362,0,,,0,0,ODD_CELL_UNIQUE
5363,0,,,0,0,ODD_CELL_UNIQUE
5364,0,,,0,0,ODD_CELL_UNIQUE
5365,0,,,0,0,ODD_CELL_UNIQUE
5366,0,,,0,0,ODD_CELL_UNIQUE
5367,0,,,0,0,ODD_CELL_UNIQUE
5368,0,,,0,0,ODD_CELL_UNIQUE
5369,0,,,0,0,ODD_CELL_UNIQUE
5370,0,,,0,0,ODD_CELL_UNIQUE
5371,0,,,0,0,ODD_CELL_UNIQUE
5372,0,,,0,0,ODD_CELL_UNIQUE
5373,0,,,0,0,ODD_CELL_UNIQUE
5374,0,,,0,0,ODD_CELL_UNIQUE
5375,0,,,0,0,ODD_CELL_UNIQUE
5376,0,,,0,0,ODD_CELL_UNIQUE
5377,0,,,0,0,ODD_CELL_UNIQUE
5378,0,,,0,0,ODD_CELL_UNIQUE
5379,1,307,307,1,0,ODD_CELL_UNIQUE
5380,0,,,0,0,ODD_CELL_UNIQUE
5381,0,,,0,0,ODD_CELL_UNIQUE
5382,0,,,0,0,ODD_CELL_UNIQUE
5383,0,,,0,0,ODD_CELL_UNIQUE
5384,0,,,0,0,ODD_CELL_UNIQUE
5385,0,,,0,0,ODD_CELL_UNIQUE
5386,0,,,0,0,ODD_CELL_UNIQUE
5387,0,,,0,0,ODD_CELL_UNIQUE
5388,0,,,0,0,ODD_CELL_UNIQUE
5389,0,,,0,0,ODD_CELL_UNIQUE
5390,0,,,0,0,ODD_CELL_UNIQUE
5391,0,,,0,0,ODD_CELL_UNIQUE
5392,0,,,0,0,ODD_CELL_UNIQUE
5393,0,,,0,0,ODD_CELL_UNIQUE
5394,0,,,0,0,ODD_CELL_UNIQUE
5395,0,,,0,0,ODD_CELL_UNIQUE
5396,0,,,0,0,ODD_CELL_UNIQUE
5397,0,,,0,0,ODD_CELL_UNIQUE
5398,0,,,0,0,ODD_CELL_UNIQUE
5399,0,,,0,0,ODD_CELL_UNIQUE
5400,0,,,0,0,ODD_CELL_UNIQUE
5401,0,,,0,0,ODD_CELL_UNIQUE
5402,0,,,0,0,ODD_CELL_UNIQUE
5403,0,,,0,0,ODD_CELL_UNIQUE
5404,0,,,0,0,ODD_CELL_UNIQUE
5405,0,308,308,0,1,ODD_CELL_UNIQUE
5406,0,,,0,0,ODD_CELL_UNIQUE
5407,0,,,0,0,ODD_CELL_UNIQUE
5408,0,,,0,0,ODD_CELL_UNIQUE
5409,0,,,0,0,ODD_CELL_UNIQUE
5410,0,,,0,0,ODD_CELL_UNIQUE
5411,0,,,0,0,ODD_CELL_UNIQUE
5412,0,,,0,0,ODD_CELL_UNIQUE
5413,0,,,0,0,ODD_CELL_UNIQUE
5414,0,,,0,0,ODD_CELL_UNIQUE
5415,0,,,0,0,ODD_CELL_UNIQUE
5416,0,,,0,0,ODD_CELL_UNIQUE
5417,0,,,0,0,ODD_CELL_UNIQUE
5418,0,,,0,0,ODD_CELL_UNIQUE
5419,0,,,0,0,ODD_CELL_UNIQUE
5420,0,,,0,0,ODD_CELL_UNIQUE
5421,0,,,0,0,ODD_CELL_UNIQUE
5422,0,,,0,0,ODD_CELL_UNIQUE
5423,0,,,0,0,ODD_CELL_UNIQUE
5424,0,,,0,0,ODD_CELL_UNIQUE
5425,0,,,0,0,ODD_CELL_UNIQUE
5426,0,,,0,0,ODD_CELL_UNIQUE
5427,0,,,0,0,ODD_CELL_UNIQUE
5428,0,,,0,0,ODD_CELL_UNIQUE
5429,0,,,0,0,ODD_CELL_UNIQUE
5430,0,,,0,0,ODD_CELL_UNIQUE
5431,1,309,309,1,0,ODD_CELL_UNIQUE
5432,0,,,0,0,ODD_CELL_UNIQUE
5433,0,,,0,0,ODD_CELL_UNIQUE
5434,0,,,0,0,ODD_CELL_UNIQUE
5435,0,,,0,0,ODD_CELL_UNIQUE
5436,0,,,0,0,ODD_CELL_UNIQUE
5437,0,,,0,0,ODD_CELL_UNIQUE
5438,0,,,0,0,ODD_CELL_UNIQUE
5439,0,,,0,0,ODD_CELL_UNIQUE
5440,0,,,0,0,ODD_CELL_UNIQUE
5441,0,,,0,0,ODD_CELL_UNIQUE
5442,0,,,0,0,ODD_CELL_UNIQUE
5443,0,,,0,0,ODD_CELL_UNIQUE
5444,0,,,0,0,ODD_CELL_UNIQUE
5445,0,,,0,0,ODD_CELL_UNIQUE
5446,0,,,0,0,ODD_CELL_UNIQUE
5447,0,,,0,0,ODD_CELL_UNIQUE
5448,0,,,0,0,ODD_CELL_UNIQUE
5449,0,,,0,0,ODD_CELL_UNIQUE
5450,0,,,0,0,ODD_CELL_UNIQUE
5451,0,,,0,0,ODD_CELL_UNIQUE
5452,0,,,0,0,ODD_CELL_UNIQUE
5453,0,,,0,0,ODD_CELL_UNIQUE
5454,0,,,0,0,ODD_CELL_UNIQUE
5455,0,,,0,0,ODD_CELL_UNIQUE
5456,0,,,0,0,ODD_CELL_UNIQUE
5457,0,,,0,0,ODD_CELL_UNIQUE
5458,0,310,310,0,1,ODD_CELL_UNIQUE
5459,0,,,0,0,ODD_CELL_UNIQUE
5460,0,,,0,0,ODD_CELL_UNIQUE
5461,0,,,0,0,ODD_CELL_UNIQUE
5462,0,,,0,0,ODD_CELL_UNIQUE
5463,0,,,0,0,ODD_CELL_UNIQUE
5464,0,,,0,0,ODD_CELL_UNIQUE
5465,0,,,0,0,ODD_CELL_UNIQUE
5466,0,,,0,0,ODD_CELL_UNIQUE
5467,0,,,0,0,ODD_CELL_UNIQUE
5468,0,,,0,0,ODD_CELL_UNIQUE
5469,0,,,0,0,ODD_CELL_UNIQUE
5470,0,,,0,0,ODD_CELL_UNIQUE
5471,0,,,0,0,ODD_CELL_UNIQUE
5472,0,,,0,0,ODD_CELL_UNIQUE
5473,0,,,0,0,ODD_CELL_UNIQUE
5474,0,,,0,0,ODD_CELL_UNIQUE
5475,0,,,0,0,ODD_CELL_UNIQUE
5476,0,,,0,0,ODD_CELL_UNIQUE
5477,0,,,0,0,ODD_CELL_UNIQUE
5478,0,,,0,0,ODD_CELL_UNIQUE
5479,0,,,0,0,ODD_CELL_UNIQUE
5480,0,,,0,0,ODD_CELL_UNIQUE
5481,0,,,0,0,ODD_CELL_UNIQUE
5482,0,,,0,0,ODD_CELL_UNIQUE
5483,0,,,0,0,ODD_CELL_UNIQUE
5484,1,311,311,1,0,ODD_CELL_UNIQUE
5485,0,,,0,0,ODD_CELL_UNIQUE
5486,0,,,0,0,ODD_CELL_UNIQUE
5487,0,,,0,0,ODD_CELL_UNIQUE
5488,0,,,0,0,ODD_CELL_UNIQUE
5489,0,,,0,0,ODD_CELL_UNIQUE
5490,0,,,0,0,ODD_CELL_UNIQUE
5491,0,,,0,0,ODD_CELL_UNIQUE
5492,0,,,0,0,ODD_CELL_UNIQUE
5493,0,,,0,0,ODD_CELL_UNIQUE
5494,0,,,0,0,ODD_CELL_UNIQUE
5495,0,,,0,0,ODD_CELL_UNIQUE
5496,0,,,0,0,ODD_CELL_UNIQUE
5497,0,,,0,0,ODD_CELL_UNIQUE
5498,0,,,0,0,ODD_CELL_UNIQUE
5499,0,,,0,0,ODD_CELL_UNIQUE
5500,0,,,0,0,ODD_CELL_UNIQUE
5501,0,,,0,0,ODD_CELL_UNIQUE
5502,0,,,0,0,ODD_CELL_UNIQUE
5503,0,,,0,0,ODD_CELL_UNIQUE
5504,0,,,0,0,ODD_CELL_UNIQUE
5505,0,,,0,0,ODD_CELL_UNIQUE
5506,0,,,0,0,ODD_CELL_UNIQUE
5507,0,,,0,0,ODD_CELL_UNIQUE
5508,0,,,0,0,ODD_CELL_UNIQUE
5509,0,,,0,0,ODD_CELL_UNIQUE
5510,0,,,0,0,ODD_CELL_UNIQUE
5511,0,312,312,0,1,ODD_CELL_UNIQUE
5512,0,,,0,0,ODD_CELL_UNIQUE
5513,0,,,0,0,ODD_CELL_UNIQUE
5514,0,,,0,0,ODD_CELL_UNIQUE
5515,0,,,0,0,ODD_CELL_UNIQUE
5516,0,,,0,0,ODD_CELL_UNIQUE
5517,0,,,0,0,ODD_CELL_UNIQUE
5518,0,,,0,0,ODD_CELL_UNIQUE
5519,0,,,0,0,ODD_CELL_UNIQUE
5520,0,,,0,0,ODD_CELL_UNIQUE
5521,0,,,0,0,ODD_CELL_UNIQUE
5522,0,,,0,0,ODD_CELL_UNIQUE
5523,0,,,0,0,ODD_CELL_UNIQUE
5524,0,,,0,0,ODD_CELL_UNIQUE
5525,0,,,0,0,ODD_CELL_UNIQUE
5526,0,,,0,0,ODD_CELL_UNIQUE
5527,0,,,0,0,ODD_CELL_UNIQUE
5528,0,,,0,0,ODD_CELL_UNIQUE
5529,0,,,0,0,ODD_CELL_UNIQUE
5530,0,,,0,0,ODD_CELL_UNIQUE
5531,0,,,0,0,ODD_CELL_UNIQUE
5532,0,,,0,0,ODD_CELL_UNIQUE
5533,0,,,0,0,ODD_CELL_UNIQUE
5534,0,,,0,0,ODD_CELL_UNIQUE
5535,0,,,0,0,ODD_CELL_UNIQUE
5536,0,,,0,0,ODD_CELL_UNIQUE
5537,1,313,313,1,0,ODD_CELL_UNIQUE
5538,0,,,0,0,ODD_CELL_UNIQUE
5539,0,,,0,0,ODD_CELL_UNIQUE
5540,0,,,0,0,ODD_CELL_UNIQUE
5541,0,,,0,0,ODD_CELL_UNIQUE
5542,0,,,0,0,ODD_CELL_UNIQUE
5543,0,,,0,0,ODD_CELL_UNIQUE
5544,0,,,0,0,ODD_CELL_UNIQUE
5545,0,,,0,0,ODD_CELL_UNIQUE
5546,0,,,0,0,ODD_CELL_UNIQUE
5547,0,,,0,0,ODD_CELL_UNIQUE
5548,0,,,0,0,ODD_CELL_UNIQUE
5549,0,,,0,0,ODD_CELL_UNIQUE
5550,0,,,0,0,ODD_CELL_UNIQUE
5551,0,,,0,0,ODD_CELL_UNIQUE
5552,0,,,0,0,ODD_CELL_UNIQUE
5553,0,,,0,0,ODD_CELL_UNIQUE
5554,0,,,0,0,ODD_CELL_UNIQUE
5555,0,,,0,0,ODD_CELL_UNIQUE
5556,0,,,0,0,ODD_CELL_UNIQUE
5557,0,,,0,0,ODD_CELL_UNIQUE
5558,0,,,0,0,ODD_CELL_UNIQUE
5559,0,,,0,0,ODD_CELL_UNIQUE
5560,0,,,0,0,ODD_CELL_UNIQUE
5561,0,,,0,0,ODD_CELL_UNIQUE
5562,0,,,0,0,ODD_CELL_UNIQUE
5563,0,,,0,0,ODD_CELL_UNIQUE
5564,0,314,314,0,1,ODD_CELL_UNIQUE
5565,0,,,0,0,ODD_CELL_UNIQUE
5566,0,,,0,0,ODD_CELL_UNIQUE
5567,0,,,0,0,ODD_CELL_UNIQUE
5568,0,,,0,0,ODD_CELL_UNIQUE
5569,0,,,0,0,ODD_CELL_UNIQUE
5570,0,,,0,0,ODD_CELL_UNIQUE
5571,0,,,0,0,ODD_CELL_UNIQUE
5572,0,,,0,0,ODD_CELL_UNIQUE
5573,0,,,0,0,ODD_CELL_UNIQUE
5574,0,,,0,0,ODD_CELL_UNIQUE
5575,0,,,0,0,ODD_CELL_UNIQUE
5576,0,,,0,0,ODD_CELL_UNIQUE
5577,0,,,0,0,ODD_CELL_UNIQUE
5578,0,,,0,0,ODD_CELL_UNIQUE
5579,0,,,0,0,ODD_CELL_UNIQUE
5580,0,,,0,0,ODD_CELL_UNIQUE
5581,0,,,0,0,ODD_CELL_UNIQUE
5582,0,,,0,0,ODD_CELL_UNIQUE
5583,0,,,0,0,ODD_CELL_UNIQUE
5584,0,,,0,0,ODD_CELL_UNIQUE
5585,0,,,0,0,ODD_CELL_UNIQUE
5586,0,,,0,0,ODD_CELL_UNIQUE
5587,0,,,0,0,ODD_CELL_UNIQUE
5588,0,,,0,0,ODD_CELL_UNIQUE
5589,0,,,0,0,ODD_CELL_UNIQUE
5590,1,315,315,1,0,ODD_CELL_UNIQUE
5591,0,,,0,0,ODD_CELL_UNIQUE
5592,0,,,0,0,ODD_CELL_UNIQUE
5593,0,,,0,0,ODD_CELL_UNIQUE
5594,0,,,0,0,ODD_CELL_UNIQUE
5595,0,,,0,0,ODD_CELL_UNIQUE
5596,0,,,0,0,ODD_CELL_UNIQUE
5597,0,,,0,0,ODD_CELL_UNIQUE
5598,0,,,0,0,ODD_CELL_UNIQUE
5599,0,,,0,0,ODD_CELL_UNIQUE
5600,0,,,0,0,ODD_CELL_UNIQUE
5601,0,,,0,0,ODD_CELL_UNIQUE
5602,0,,,0,0,ODD_CELL_UNIQUE
5603,0,,,0,0,ODD_CELL_UNIQUE
5604,0,,,0,0,ODD_CELL_UNIQUE
5605,0,,,0,0,ODD_CELL_UNIQUE
5606,0,,,0,0,ODD_CELL_UNIQUE
5607,0,,,0,0,ODD_CELL_UNIQUE
5608,0,,,0,0,ODD_CELL_UNIQUE
5609,0,,,0,0,ODD_CELL_UNIQUE
5610,0,,,0,0,ODD_CELL_UNIQUE
5611,0,,,0,0,ODD_CELL_UNIQUE
5612,0,,,0,0,ODD_CELL_UNIQUE
5613,0,,,0,0,ODD_CELL_UNIQUE
5614,0,,,0,0,ODD_CELL_UNIQUE
5615,0,,,0,0,ODD_CELL_UNIQUE
5616,0,,,0,0,ODD_CELL_UNIQUE
5617,0,316,316,0,1,ODD_CELL_UNIQUE
5618,0,,,0,0,ODD_CELL_UNIQUE
5619,0,,,0,0,ODD_CELL_UNIQUE
5620,0,,,0,0,ODD_CELL_UNIQUE
5621,0,,,0,0,ODD_CELL_UNIQUE
5622,0,,,0,0,ODD_CELL_UNIQUE
5623,0,,,0,0,ODD_CELL_UNIQUE
5624,0,,,0,0,ODD_CELL_UNIQUE
5625,0,,,0,0,ODD_CELL_UNIQUE
5626,0,,,0,0,ODD_CELL_UNIQUE
5627,0,,,0,0,ODD_CELL_UNIQUE
5628,0,,,0,0,ODD_CELL_UNIQUE
5629,0,,,0,0,ODD_CELL_UNIQUE
5630,0,,,0,0,ODD_CELL_UNIQUE
5631,0,,,0,0,ODD_CELL_UNIQUE
5632,0,,,0,0,ODD_CELL_UNIQUE
5633,0,,,0,0,ODD_CELL_UNIQUE
5634,0,,,0,0,ODD_CELL_UNIQUE
5635,0,,,0,0,ODD_CELL_UNIQUE
5636,0,,,0,0,ODD_CELL_UNIQUE
5637,0,,,0,0,ODD_CELL_UNIQUE
5638,0,,,0,0,ODD_CELL_UNIQUE
5639,0,,,0,0,ODD_CELL_UNIQUE
5640,0,,,0,0,ODD_CELL_UNIQUE
5641,0,,,0,0,ODD_CELL_UNIQUE
5642,0,,,0,0,ODD_CELL_UNIQUE
5643,0,,,0,0,ODD_CELL_UNIQUE
5644,1,317,317,1,0,ODD_CELL_UNIQUE
5645,0,,,0,0,ODD_CELL_UNIQUE
5646,0,,,0,0,ODD_CELL_UNIQUE
5647,0,,,0,0,ODD_CELL_UNIQUE
5648,0,,,0,0,ODD_CELL_UNIQUE
5649,0,,,0,0,ODD_CELL_UNIQUE
5650,0,,,0,0,ODD_CELL_UNIQUE
5651,0,,,0,0,ODD_CELL_UNIQUE
5652,0,,,0,0,ODD_CELL_UNIQUE
5653,0,,,0,0,ODD_CELL_UNIQUE
5654,0,,,0,0,ODD_CELL_UNIQUE
5655,0,,,0,0,ODD_CELL_UNIQUE
5656,0,,,0,0,ODD_CELL_UNIQUE
5657,0,,,0,0,ODD_CELL_UNIQUE
5658,0,,,0,0,ODD_CELL_UNIQUE
5659,0,,,0,0,ODD_CELL_UNIQUE
5660,0,,,0,0,ODD_CELL_UNIQUE
5661,0,,,0,0,ODD_CELL_UNIQUE
5662,0,,,0,0,ODD_CELL_UNIQUE
5663,0,,,0,0,ODD_CELL_UNIQUE
5664,0,,,0,0,ODD_CELL_UNIQUE
5665,0,,,0,0,ODD_CELL_UNIQUE
5666,0,,,0,0,ODD_CELL_UNIQUE
5667,0,,,0,0,ODD_CELL_UNIQUE
5668,0,,,0,0,ODD_CELL_UNIQUE
5669,0,,,0,0,ODD_CELL_UNIQUE
5670,0,318,318,0,1,ODD_CELL_UNIQUE
5671,0,,,0,0,ODD_CELL_UNIQUE
5672,0,,,0,0,ODD_CELL_UNIQUE
5673,0,,,0,0,ODD_CELL_UNIQUE
5674,0,,,0,0,ODD_CELL_UNIQUE
5675,0,,,0,0,ODD_CELL_UNIQUE
5676,0,,,0,0,ODD_CELL_UNIQUE
5677,0,,,0,0,ODD_CELL_UNIQUE
5678,0,,,0,0,ODD_CELL_UNIQUE
5679,0,,,0,0,ODD_CELL_UNIQUE
5680,0,,,0,0,ODD_CELL_UNIQUE
5681,0,,,0,0,ODD_CELL_UNIQUE
5682,0,,,0,0,ODD_CELL_UNIQUE
5683,0,,,0,0,ODD_CELL_UNIQUE
5684,0,,,0,0,ODD_CELL_UNIQUE
5685,0,,,0,0,ODD_CELL_UNIQUE
5686,0,,,0,0,ODD_CELL_UNIQUE
5687,0,,,0,0,ODD_CELL_UNIQUE
5688,0,,,0,0,ODD_CELL_UNIQUE
5689,0,,,0,0,ODD_CELL_UNIQUE
5690,0,,,0,0,ODD_CELL_UNIQUE
5691,0,,,0,0,ODD_CELL_UNIQUE
5692,0,,,0,0,ODD_CELL_UNIQUE
5693,0,,,0,0,ODD_CELL_UNIQUE
5694,0,,,0,0,ODD_CELL_UNIQUE
5695,0,,,0,0,ODD_CELL_UNIQUE
5696,0,,,0,0,ODD_CELL_UNIQUE
5697,1,319,319,1,0,ODD_CELL_UNIQUE
5698,0,,,0,0,ODD_CELL_UNIQUE
5699,0,,,0,0,ODD_CELL_UNIQUE
5700,0,,,0,0,ODD_CELL_UNIQUE
5701,0,,,0,0,ODD_CELL_UNIQUE
5702,0,,,0,0,ODD_CELL_UNIQUE
5703,0,,,0,0,ODD_CELL_UNIQUE
5704,0,,,0,0,ODD_CELL_UNIQUE
5705,0,,,0,0,ODD_CELL_UNIQUE
5706,0,,,0,0,ODD_CELL_UNIQUE
5707,0,,,0,0,ODD_CELL_UNIQUE
5708,0,,,0,0,ODD_CELL_UNIQUE
5709,0,,,0,0,ODD_CELL_UNIQUE
5710,0,,,0,0,ODD_CELL_UNIQUE
5711,0,,,0,0,ODD_CELL_UNIQUE
5712,0,,,0,0,ODD_CELL_UNIQUE
5713,0,,,0,0,ODD_CELL_UNIQUE
5714,0,,,0,0,ODD_CELL_UNIQUE
5715,0,,,0,0,ODD_CELL_UNIQUE
5716,0,,,0,0,ODD_CELL_UNIQUE
5717,0,,,0,0,ODD_CELL_UNIQUE
5718,0,,,0,0,ODD_CELL_UNIQUE
5719,0,,,0,0,ODD_CELL_UNIQUE
5720,0,,,0,0,ODD_CELL_UNIQUE
5721,0,,,0,0,ODD_CELL_UNIQUE
5722,0,,,0,0,ODD_CELL_UNIQUE
5723,0,,,0,0,ODD_CELL_UNIQUE
5724,0,320,320,0,1,ODD_CELL_UNIQUE
5725,0,,,0,0,ODD_CELL_UNIQUE
5726,0,,,0,0,ODD_CELL_UNIQUE
5727,0,,,0,0,ODD_CELL_UNIQUE
5728,0,,,0,0,ODD_CELL_UNIQUE
5729,0,,,0,0,ODD_CELL_UNIQUE
5730,0,,,0,0,ODD_CELL_UNIQUE
5731,0,,,0,0,ODD_CELL_UNIQUE
5732,0,,,0,0,ODD_CELL_UNIQUE
5733,0,,,0,0,ODD_CELL_UNIQUE
5734,0,,,0,0,ODD_CELL_UNIQUE
5735,0,,,0,0,ODD_CELL_UNIQUE
5736,0,,,0,0,ODD_CELL_UNIQUE
5737,0,,,0,0,ODD_CELL_UNIQUE
5738,0,,,0,0,ODD_CELL_UNIQUE
5739,0,,,0,0,ODD_CELL_UNIQUE
5740,0,,,0,0,ODD_CELL_UNIQUE
5741,0,,,0,0,ODD_CELL_UNIQUE
5742,0,,,0,0,ODD_CELL_UNIQUE
5743,0,,,0,0,ODD_CELL_UNIQUE
5744,0,,,0,0,ODD_CELL_UNIQUE
5745,0,,,0,0,ODD_CELL_UNIQUE
5746,0,,,0,0,ODD_CELL_UNIQUE
5747,0,,,0,0,ODD_CELL_UNIQUE
5748,0,,,0,0,ODD_CELL_UNIQUE
5749,0,,,0,0,ODD_CELL_UNIQUE
5750,0,,,0,0,ODD_CELL_UNIQUE
5751,1,321,321,1,0,ODD_CELL_UNIQUE
5752,0,,,0,0,ODD_CELL_UNIQUE
5753,0,,,0,0,ODD_CELL_UNIQUE
5754,0,,,0,0,ODD_CELL_UNIQUE
5755,0,,,0,0,ODD_CELL_UNIQUE
5756,0,,,0,0,ODD_CELL_UNIQUE
5757,0,,,0,0,ODD_CELL_UNIQUE
5758,0,,,0,0,ODD_CELL_UNIQUE
5759,0,,,0,0,ODD_CELL_UNIQUE
5760,0,,,0,0,ODD_CELL_UNIQUE
5761,0,,,0,0,ODD_CELL_UNIQUE
5762,0,,,0,0,ODD_CELL_UNIQUE
5763,0,,,0,0,ODD_CELL_UNIQUE
5764,0,,,0,0,ODD_CELL_UNIQUE
5765,0,,,0,0,ODD_CELL_UNIQUE
5766,0,,,0,0,ODD_CELL_UNIQUE
5767,0,,,0,0,ODD_CELL_UNIQUE
5768,0,,,0,0,ODD_CELL_UNIQUE
5769,0,,,0,0,ODD_CELL_UNIQUE
5770,0,,,0,0,ODD_CELL_UNIQUE
5771,0,,,0,0,ODD_CELL_UNIQUE
5772,0,,,0,0,ODD_CELL_UNIQUE
5773,0,,,0,0,ODD_CELL_UNIQUE
5774,0,,,0,0,ODD_CELL_UNIQUE
5775,0,,,0,0,ODD_CELL_UNIQUE
5776,0,,,0,0,ODD_CELL_UNIQUE
5777,0,,,0,0,ODD_CELL_UNIQUE
5778,0,322,322,0,1,ODD_CELL_UNIQUE
5779,0,,,0,0,ODD_CELL_UNIQUE
5780,0,,,0,0,ODD_CELL_UNIQUE
5781,0,,,0,0,ODD_CELL_UNIQUE
5782,0,,,0,0,ODD_CELL_UNIQUE
5783,0,,,0,0,ODD_CELL_UNIQUE
5784,0,,,0,0,ODD_CELL_UNIQUE
5785,0,,,0,0,ODD_CELL_UNIQUE
5786,0,,,0,0,ODD_CELL_UNIQUE
5787,0,,,0,0,ODD_CELL_UNIQUE
5788,0,,,0,0,ODD_CELL_UNIQUE
5789,0,,,0,0,ODD_CELL_UNIQUE
5790,0,,,0,0,ODD_CELL_UNIQUE
5791,0,,,0,0,ODD_CELL_UNIQUE
5792,0,,,0,0,ODD_CELL_UNIQUE
5793,0,,,0,0,ODD_CELL_UNIQUE
5794,0,,,0,0,ODD_CELL_UNIQUE
5795,0,,,0,0,ODD_CELL_UNIQUE
5796,0,,,0,0,ODD_CELL_UNIQUE
5797,0,,,0,0,ODD_CELL_UNIQUE
5798,0,,,0,0,ODD_CELL_UNIQUE
5799,0,,,0,0,ODD_CELL_UNIQUE
5800,0,,,0,0,ODD_CELL_UNIQUE
5801,0,,,0,0,ODD_CELL_UNIQUE
5802,0,,,0,0,ODD_CELL_UNIQUE
5803,0,,,0,0,ODD_CELL_UNIQUE
5804,0,,,0,0,ODD_CELL_UNIQUE
5805,1,323,323,1,0,ODD_CELL_UNIQUE
5806,0,,,0,0,ODD_CELL_UNIQUE
5807,0,,,0,0,ODD_CELL_UNIQUE
5808,0,,,0,0,ODD_CELL_UNIQUE
5809,0,,,0,0,ODD_CELL_UNIQUE
5810,0,,,0,0,ODD_CELL_UNIQUE
5811,0,,,0,0,ODD_CELL_UNIQUE
5812,0,,,0,0,ODD_CELL_UNIQUE
5813,0,,,0,0,ODD_CELL_UNIQUE
5814,0,,,0,0,ODD_CELL_UNIQUE
5815,0,,,0,0,ODD_CELL_UNIQUE
5816,0,,,0,0,ODD_CELL_UNIQUE
5817,0,,,0,0,ODD_CELL_UNIQUE
5818,0,,,0,0,ODD_CELL_UNIQUE
5819,0,,,0,0,ODD_CELL_UNIQUE
5820,0,,,0,0,ODD_CELL_UNIQUE
5821,0,,,0,0,ODD_CELL_UNIQUE
5822,0,,,0,0,ODD_CELL_UNIQUE
5823,0,,,0,0,ODD_CELL_UNIQUE
5824,0,,,0,0,ODD_CELL_UNIQUE
5825,0,,,0,0,ODD_CELL_UNIQUE
5826,0,,,0,0,ODD_CELL_UNIQUE
5827,0,,,0,0,ODD_CELL_UNIQUE
5828,0,,,0,0,ODD_CELL_UNIQUE
5829,0,,,0,0,ODD_CELL_UNIQUE
5830,0,,,0,0,ODD_CELL_UNIQUE
5831,0,,,0,0,ODD_CELL_UNIQUE
5832,0,324,324,0,1,ODD_CELL_UNIQUE
5833,0,,,0,0,ODD_CELL_UNIQUE
5834,0,,,0,0,ODD_CELL_UNIQUE
5835,0,,,0,0,ODD_CELL_UNIQUE
5836,0,,,0,0,ODD_CELL_UNIQUE
5837,0,,,0,0,ODD_CELL_UNIQUE
5838,0,,,0,0,ODD_CELL_UNIQUE
5839,0,,,0,0,ODD_CELL_UNIQUE
5840,0,,,0,0,ODD_CELL_UNIQUE
5841,0,,,0,0,ODD_CELL_UNIQUE
5842,0,,,0,0,ODD_CELL_UNIQUE
5843,0,,,0,0,ODD_CELL_UNIQUE
5844,0,,,0,0,ODD_CELL_UNIQUE
5845,0,,,0,0,ODD_CELL_UNIQUE
5846,0,,,0,0,ODD_CELL_UNIQUE
5847,0,,,0,0,ODD_CELL_UNIQUE
5848,0,,,0,0,ODD_CELL_UNIQUE
5849,0,,,0,0,ODD_CELL_UNIQUE
5850,0,,,0,0,ODD_CELL_UNIQUE
5851,0,,,0,0,ODD_CELL_UNIQUE
5852,0,,,0,0,ODD_CELL_UNIQUE
5853,0,,,0,0,ODD_CELL_UNIQUE
5854,0,,,0,0,ODD_CELL_UNIQUE
5855,0,,,0,0,ODD_CELL_UNIQUE
5856,0,,,0,0,ODD_CELL_UNIQUE
5857,0,,,0,0,ODD_CELL_UNIQUE
5858,0,,,0,0,ODD_CELL_UNIQUE
5859,1,325,325,1,0,ODD_CELL_UNIQUE
5860,0,,,0,0,ODD_CELL_UNIQUE
5861,0,,,0,0,ODD_CELL_UNIQUE
5862,0,,,0,0,ODD_CELL_UNIQUE
5863,0,,,0,0,ODD_CELL_UNIQUE
5864,0,,,0,0,ODD_CELL_UNIQUE
5865,0,,,0,0,ODD_CELL_UNIQUE
5866,0,,,0,0,ODD_CELL_UNIQUE
5867,0,,,0,0,ODD_CELL_UNIQUE
5868,0,,,0,0,ODD_CELL_UNIQUE
5869,0,,,0,0,ODD_CELL_UNIQUE
5870,0,,,0,0,ODD_CELL_UNIQUE
5871,0,,,0,0,ODD_CELL_UNIQUE
5872,0,,,0,0,ODD_CELL_UNIQUE
5873,0,,,0,0,ODD_CELL_UNIQUE
5874,0,,,0,0,ODD_CELL_UNIQUE
5875,0,,,0,0,ODD_CELL_UNIQUE
5876,0,,,0,0,ODD_CELL_UNIQUE
5877,0,,,0,0,ODD_CELL_UNIQUE
5878,0,,,0,0,ODD_CELL_UNIQUE
5879,0,,,0,0,ODD_CELL_UNIQUE
5880,0,,,0,0,ODD_CELL_UNIQUE
5881,0,,,0,0,ODD_CELL_UNIQUE
5882,0,,,0,0,ODD_CELL_UNIQUE
5883,0,,,0,0,ODD_CELL_UNIQUE
5884,0,,,0,0,ODD_CELL_UNIQUE
5885,0,,,0,0,ODD_CELL_UNIQUE
5886,0,326,326,0,1,ODD_CELL_UNIQUE
5887,0,,,0,0,ODD_CELL_UNIQUE
5888,0,,,0,0,ODD_CELL_UNIQUE
5889,0,,,0,0,ODD_CELL_UNIQUE
5890,0,,,0,0,ODD_CELL_UNIQUE
5891,0,,,0,0,ODD_CELL_UNIQUE
5892,0,,,0,0,ODD_CELL_UNIQUE
5893,0,,,0,0,ODD_CELL_UNIQUE
5894,0,,,0,0,ODD_CELL_UNIQUE
5895,0,,,0,0,ODD_CELL_UNIQUE
5896,0,,,0,0,ODD_CELL_UNIQUE
5897,0,,,0,0,ODD_CELL_UNIQUE
5898,0,,,0,0,ODD_CELL_UNIQUE
5899,0,,,0,0,ODD_CELL_UNIQUE
5900,0,,,0,0,ODD_CELL_UNIQUE
5901,0,,,0,0,ODD_CELL_UNIQUE
5902,0,,,0,0,ODD_CELL_UNIQUE
5903,0,,,0,0,ODD_CELL_UNIQUE
5904,0,,,0,0,ODD_CELL_UNIQUE
5905,0,,,0,0,ODD_CELL_UNIQUE
5906,0,,,0,0,ODD_CELL_UNIQUE
5907,0,,,0,0,ODD_CELL_UNIQUE
5908,0,,,0,0,ODD_CELL_UNIQUE
5909,0,,,0,0,ODD_CELL_UNIQUE
5910,0,,,0,0,ODD_CELL_UNIQUE
5911,0,,,0,0,ODD_CELL_UNIQUE
5912,0,,,0,0,ODD_CELL_UNIQUE
5913,1,327,327,1,0,ODD_CELL_UNIQUE
5914,0,,,0,0,ODD_CELL_UNIQUE
5915,0,,,0,0,ODD_CELL_UNIQUE
5916,0,,,0,0,ODD_CELL_UNIQUE
5917,0,,,0,0,ODD_CELL_UNIQUE
5918,0,,,0,0,ODD_CELL_UNIQUE
5919,0,,,0,0,ODD_CELL_UNIQUE
5920,0,,,0,0,ODD_CELL_UNIQUE
5921,0,,,0,0,ODD_CELL_UNIQUE
5922,0,,,0,0,ODD_CELL_UNIQUE
5923,0,,,0,0,ODD_CELL_UNIQUE
5924,0,,,0,0,ODD_CELL_UNIQUE
5925,0,,,0,0,ODD_CELL_UNIQUE
5926,0,,,0,0,ODD_CELL_UNIQUE
5927,0,,,0,0,ODD_CELL_UNIQUE
5928,0,,,0,0,ODD_CELL_UNIQUE
5929,0,,,0,0,ODD_CELL_UNIQUE
5930,0,,,0,0,ODD_CELL_UNIQUE
5931,0,,,0,0,ODD_CELL_UNIQUE
5932,0,,,0,0,ODD_CELL_UNIQUE
5933,0,,,0,0,ODD_CELL_UNIQUE
5934,0,,,0,0,ODD_CELL_UNIQUE
5935,0,,,0,0,ODD_CELL_UNIQUE
5936,0,,,0,0,ODD_CELL_UNIQUE
5937,0,,,0,0,ODD_CELL_UNIQUE
5938,0,,,0,0,ODD_CELL_UNIQUE
5939,0,,,0,0,ODD_CELL_UNIQUE
5940,0,328,328,0,1,ODD_CELL_UNIQUE
5941,0,,,0,0,ODD_CELL_UNIQUE
5942,0,,,0,0,ODD_CELL_UNIQUE
5943,0,,,0,0,ODD_CELL_UNIQUE
5944,0,,,0,0,ODD_CELL_UNIQUE
5945,0,,,0,0,ODD_CELL_UNIQUE
5946,0,,,0,0,ODD_CELL_UNIQUE
5947,0,,,0,0,ODD_CELL_UNIQUE
5948,0,,,0,0,ODD_CELL_UNIQUE
5949,0,,,0,0,ODD_CELL_UNIQUE
5950,0,,,0,0,ODD_CELL_UNIQUE
5951,0,,,0,0,ODD_CELL_UNIQUE
5952,0,,,0,0,ODD_CELL_UNIQUE
5953,0,,,0,0,ODD_CELL_UNIQUE
5954,0,,,0,0,ODD_CELL_UNIQUE
5955,0,,,0,0,ODD_CELL_UNIQUE
5956,0,,,0,0,ODD_CELL_UNIQUE
5957,0,,,0,0,ODD_CELL_UNIQUE
5958,0,,,0,0,ODD_CELL_UNIQUE
5959,0,,,0,0,ODD_CELL_UNIQUE
5960,0,,,0,0,ODD_CELL_UNIQUE
5961,0,,,0,0,ODD_CELL_UNIQUE
5962,0,,,0,0,ODD_CELL_UNIQUE
5963,0,,,0,0,ODD_CELL_UNIQUE
5964,0,,,0,0,ODD_CELL_UNIQUE
5965,0,,,0,0,ODD_CELL_UNIQUE
5966,0,,,0,0,ODD_CELL_UNIQUE
5967,1,329,329,1,0,ODD_CELL_UNIQUE
5968,0,,,0,0,ODD_CELL_UNIQUE
5969,0,,,0,0,ODD_CELL_UNIQUE
5970,0,,,0,0,ODD_CELL_UNIQUE
5971,0,,,0,0,ODD_CELL_UNIQUE
5972,0,,,0,0,ODD_CELL_UNIQUE
5973,0,,,0,0,ODD_CELL_UNIQUE
5974,0,,,0,0,ODD_CELL_UNIQUE
5975,0,,,0,0,ODD_CELL_UNIQUE
5976,0,,,0,0,ODD_CELL_UNIQUE
5977,0,,,0,0,ODD_CELL_UNIQUE
5978,0,,,0,0,ODD_CELL_UNIQUE
5979,0,,,0,0,ODD_CELL_UNIQUE
5980,0,,,0,0,ODD_CELL_UNIQUE
5981,0,,,0,0,ODD_CELL_UNIQUE
5982,0,,,0,0,ODD_CELL_UNIQUE
5983,0,,,0,0,ODD_CELL_UNIQUE
5984,0,,,0,0,ODD_CELL_UNIQUE
5985,0,,,0,0,ODD_CELL_UNIQUE
5986,0,,,0,0,ODD_CELL_UNIQUE
5987,0,,,0,0,ODD_CELL_UNIQUE
5988,0,,,0,0,ODD_CELL_UNIQUE
5989,0,,,0,0,ODD_CELL_UNIQUE
5990,0,,,0,0,ODD_CELL_UNIQUE
5991,0,,,0,0,ODD_CELL_UNIQUE
5992,0,,,0,0,ODD_CELL_UNIQUE
5993,0,,,0,0,ODD_CELL_UNIQUE
5994,0,330,330,0,1,ODD_CELL_UNIQUE
5995,0,,,0,0,ODD_CELL_UNIQUE
5996,0,,,0,0,ODD_CELL_UNIQUE
5997,0,,,0,0,ODD_CELL_UNIQUE
5998,0,,,0,0,ODD_CELL_UNIQUE
5999,0,,,0,0,ODD_CELL_UNIQUE
6000,0,,,0,0,ODD_CELL_UNIQUE
6001,0,,,0,0,ODD_CELL_UNIQUE
6002,0,,,0,0,ODD_CELL_UNIQUE
6003,0,,,0,0,ODD_CELL_UNIQUE
6004,0,,,0,0,ODD_CELL_UNIQUE
6005,0,,,0,0,ODD_CELL_UNIQUE
6006,0,,,0,0,ODD_CELL_UNIQUE
6007,0,,,0,0,ODD_CELL_UNIQUE
6008,0,,,0,0,ODD_CELL_UNIQUE
6009,0,,,0,0,ODD_CELL_UNIQUE
6010,0,,,0,0,ODD_CELL_UNIQUE
6011,0,,,0,0,ODD_CELL_UNIQUE
6012,0,,,0,0,ODD_CELL_UNIQUE
6013,0,,,0,0,ODD_CELL_UNIQUE
6014,0,,,0,0,ODD_CELL_UNIQUE
6015,0,,,0,0,ODD_CELL_UNIQUE
6016,0,,,0,0,ODD_CELL_UNIQUE
6017,0,,,0,0,ODD_CELL_UNIQUE
6018,0,,,0,0,ODD_CELL_UNIQUE
6019,0,,,0,0,ODD_CELL_UNIQUE
6020,0,,,0,0,ODD_CELL_UNIQUE
6021,0,,,0,0,ODD_CELL_UNIQUE
6022,1,331,331,1,0,ODD_CELL_UNIQUE
6023,0,,,0,0,ODD_CELL_UNIQUE
6024,0,,,0,0,ODD_CELL_UNIQUE
6025,0,,,0,0,ODD_CELL_UNIQUE
6026,0,,,0,0,ODD_CELL_UNIQUE
6027,0,,,0,0,ODD_CELL_UNIQUE
6028,0,,,0,0,ODD_CELL_UNIQUE
6029,0,,,0,0,ODD_CELL_UNIQUE
6030,0,,,0,0,ODD_CELL_UNIQUE
6031,0,,,0,0,ODD_CELL_UNIQUE
6032,0,,,0,0,ODD_CELL_UNIQUE
6033,0,,,0,0,ODD_CELL_UNIQUE
6034,0,,,0,0,ODD_CELL_UNIQUE
6035,0,,,0,0,ODD_CELL_UNIQUE
6036,0,,,0,0,ODD_CELL_UNIQUE
6037,0,,,0,0,ODD_CELL_UNIQUE
6038,0,,,0,0,ODD_CELL_UNIQUE
6039,0,,,0,0,ODD_CELL_UNIQUE
6040,0,,,0,0,ODD_CELL_UNIQUE
6041,0,,,0,0,ODD_CELL_UNIQUE
6042,0,,,0,0,ODD_CELL_UNIQUE
6043,0,,,0,0,ODD_CELL_UNIQUE
6044,0,,,0,0,ODD_CELL_UNIQUE
6045,0,,,0,0,ODD_CELL_UNIQUE
6046,0,,,0,0,ODD_CELL_UNIQUE
6047,0,,,0,0,ODD_CELL_UNIQUE
6048,0,,,0,0,ODD_CELL_UNIQUE
6049,0,332,332,0,1,ODD_CELL_UNIQUE
6050,0,,,0,0,ODD_CELL_UNIQUE
6051,0,,,0,0,ODD_CELL_UNIQUE
6052,0,,,0,0,ODD_CELL_UNIQUE
6053,0,,,0,0,ODD_CELL_UNIQUE
6054,0,,,0,0,ODD_CELL_UNIQUE
6055,0,,,0,0,ODD_CELL_UNIQUE
6056,0,,,0,0,ODD_CELL_UNIQUE
6057,0,,,0,0,ODD_CELL_UNIQUE
6058,0,,,0,0,ODD_CELL_UNIQUE
6059,0,,,0,0,ODD_CELL_UNIQUE
6060,0,,,0,0,ODD_CELL_UNIQUE
6061,0,,,0,0,ODD_CELL_UNIQUE
6062,0,,,0,0,ODD_CELL_UNIQUE
6063,0,,,0,0,ODD_CELL_UNIQUE
6064,0,,,0,0,ODD_CELL_UNIQUE
6065,0,,,0,0,ODD_CELL_UNIQUE
6066,0,,,0,0,ODD_CELL_UNIQUE
6067,0,,,0,0,ODD_CELL_UNIQUE
6068,0,,,0,0,ODD_CELL_UNIQUE
6069,0,,,0,0,ODD_CELL_UNIQUE
6070,0,,,0,0,ODD_CELL_UNIQUE
6071,0,,,0,0,ODD_CELL_UNIQUE
6072,0,,,0,0,ODD_CELL_UNIQUE
6073,0,,,0,0,ODD_CELL_UNIQUE
6074,0,,,0,0,ODD_CELL_UNIQUE
6075,0,,,0,0,ODD_CELL_UNIQUE
6076,1,333,333,1,0,ODD_CELL_UNIQUE
6077,0,,,0,0,ODD_CELL_UNIQUE
6078,0,,,0,0,ODD_CELL_UNIQUE
6079,0,,,0,0,ODD_CELL_UNIQUE
6080,0,,,0,0,ODD_CELL_UNIQUE
6081,0,,,0,0,ODD_CELL_UNIQUE
6082,0,,,0,0,ODD_CELL_UNIQUE
6083,0,,,0,0,ODD_CELL_UNIQUE
6084,0,,,0,0,ODD_CELL_UNIQUE
6085,0,,,0,0,ODD_CELL_UNIQUE
6086,0,,,0,0,ODD_CELL_UNIQUE
6087,0,,,0,0,ODD_CELL_UNIQUE
6088,0,,,0,0,ODD_CELL_UNIQUE
6089,0,,,0,0,ODD_CELL_UNIQUE
6090,0,,,0,0,ODD_CELL_UNIQUE
6091,0,,,0,0,ODD_CELL_UNIQUE
6092,0,,,0,0,ODD_CELL_UNIQUE
6093,0,,,0,0,ODD_CELL_UNIQUE
6094,0,,,0,0,ODD_CELL_UNIQUE
6095,0,,,0,0,ODD_CELL_UNIQUE
6096,0,,,0,0,ODD_CELL_UNIQUE
6097,0,,,0,0,ODD_CELL_UNIQUE
6098,0,,,0,0,ODD_CELL_UNIQUE
6099,0,,,0,0,ODD_CELL_UNIQUE
6100,0,,,0,0,ODD_CELL_UNIQUE
6101,0,,,0,0,ODD_CELL_UNIQUE
6102,0,,,0,0,ODD_CELL_UNIQUE
6103,0,,,0,0,ODD_CELL_UNIQUE
6104,0,334,334,0,1,ODD_CELL_UNIQUE
6105,0,,,0,0,ODD_CELL_UNIQUE
6106,0,,,0,0,ODD_CELL_UNIQUE
6107,0,,,0,0,ODD_CELL_UNIQUE
6108,0,,,0,0,ODD_CELL_UNIQUE
6109,0,,,0,0,ODD_CELL_UNIQUE
6110,0,,,0,0,ODD_CELL_UNIQUE
6111,0,,,0,0,ODD_CELL_UNIQUE
6112,0,,,0,0,ODD_CELL_UNIQUE
6113,0,,,0,0,ODD_CELL_UNIQUE
6114,0,,,0,0,ODD_CELL_UNIQUE
6115,0,,,0,0,ODD_CELL_UNIQUE
6116,0,,,0,0,ODD_CELL_UNIQUE
6117,0,,,0,0,ODD_CELL_UNIQUE
6118,0,,,0,0,ODD_CELL_UNIQUE
6119,0,,,0,0,ODD_CELL_UNIQUE
6120,0,,,0,0,ODD_CELL_UNIQUE
6121,0,,,0,0,ODD_CELL_UNIQUE
6122,0,,,0,0,ODD_CELL_UNIQUE
6123,0,,,0,0,ODD_CELL_UNIQUE
6124,0,,,0,0,ODD_CELL_UNIQUE
6125,0,,,0,0,ODD_CELL_UNIQUE
6126,0,,,0,0,ODD_CELL_UNIQUE
6127,0,,,0,0,ODD_CELL_UNIQUE
6128,0,,,0,0,ODD_CELL_UNIQUE
6129,0,,,0,0,ODD_CELL_UNIQUE
6130,0,,,0,0,ODD_CELL_UNIQUE
6131,1,335,335,1,0,ODD_CELL_UNIQUE
6132,0,,,0,0,ODD_CELL_UNIQUE
6133,0,,,0,0,ODD_CELL_UNIQUE
6134,0,,,0,0,ODD_CELL_UNIQUE
6135,0,,,0,0,ODD_CELL_UNIQUE
6136,0,,,0,0,ODD_CELL_UNIQUE
6137,0,,,0,0,ODD_CELL_UNIQUE
6138,0,,,0,0,ODD_CELL_UNIQUE
6139,0,,,0,0,ODD_CELL_UNIQUE
6140,0,,,0,0,ODD_CELL_UNIQUE
6141,0,,,0,0,ODD_CELL_UNIQUE
6142,0,,,0,0,ODD_CELL_UNIQUE
6143,0,,,0,0,ODD_CELL_UNIQUE
6144,0,,,0,0,ODD_CELL_UNIQUE
6145,0,,,0,0,ODD_CELL_UNIQUE
6146,0,,,0,0,ODD_CELL_UNIQUE
6147,0,,,0,0,ODD_CELL_UNIQUE
6148,0,,,0,0,ODD_CELL_UNIQUE
6149,0,,,0,0,ODD_CELL_UNIQUE
6150,0,,,0,0,ODD_CELL_UNIQUE
6151,0,,,0,0,ODD_CELL_UNIQUE
6152,0,,,0,0,ODD_CELL_UNIQUE
6153,0,,,0,0,ODD_CELL_UNIQUE
6154,0,,,0,0,ODD_CELL_UNIQUE
6155,0,,,0,0,ODD_CELL_UNIQUE
6156,0,,,0,0,ODD_CELL_UNIQUE
6157,0,,,0,0,ODD_CELL_UNIQUE
6158,0,336,336,0,1,ODD_CELL_UNIQUE
6159,0,,,0,0,ODD_CELL_UNIQUE
6160,0,,,0,0,ODD_CELL_UNIQUE
6161,0,,,0,0,ODD_CELL_UNIQUE
6162,0,,,0,0,ODD_CELL_UNIQUE
6163,0,,,0,0,ODD_CELL_UNIQUE
6164,0,,,0,0,ODD_CELL_UNIQUE
6165,0,,,0,0,ODD_CELL_UNIQUE
6166,0,,,0,0,ODD_CELL_UNIQUE
6167,0,,,0,0,ODD_CELL_UNIQUE
6168,0,,,0,0,ODD_CELL_UNIQUE
6169,0,,,0,0,ODD_CELL_UNIQUE
6170,0,,,0,0,ODD_CELL_UNIQUE
6171,0,,,0,0,ODD_CELL_UNIQUE
6172,0,,,0,0,ODD_CELL_UNIQUE
6173,0,,,0,0,ODD_CELL_UNIQUE
6174,0,,,0,0,ODD_CELL_UNIQUE
6175,0,,,0,0,ODD_CELL_UNIQUE
6176,0,,,0,0,ODD_CELL_UNIQUE
6177,0,,,0,0,ODD_CELL_UNIQUE
6178,0,,,0,0,ODD_CELL_UNIQUE
6179,0,,,0,0,ODD_CELL_UNIQUE
6180,0,,,0,0,ODD_CELL_UNIQUE
6181,0,,,0,0,ODD_CELL_UNIQUE
6182,0,,,0,0,ODD_CELL_UNIQUE
6183,0,,,0,0,ODD_CELL_UNIQUE
6184,0,,,0,0,ODD_CELL_UNIQUE
6185,0,,,0,0,ODD_CELL_UNIQUE
6186,1,337,337,1,0,ODD_CELL_UNIQUE
6187,0,,,0,0,ODD_CELL_UNIQUE
6188,0,,,0,0,ODD_CELL_UNIQUE
6189,0,,,0,0,ODD_CELL_UNIQUE
6190,0,,,0,0,ODD_CELL_UNIQUE
6191,0,,,0,0,ODD_CELL_UNIQUE
6192,0,,,0,0,ODD_CELL_UNIQUE
6193,0,,,0,0,ODD_CELL_UNIQUE
6194,0,,,0,0,ODD_CELL_UNIQUE
6195,0,,,0,0,ODD_CELL_UNIQUE
6196,0,,,0,0,ODD_CELL_UNIQUE
6197,0,,,0,0,ODD_CELL_UNIQUE
6198,0,,,0,0,ODD_CELL_UNIQUE
6199,0,,,0,0,ODD_CELL_UNIQUE
6200,0,,,0,0,ODD_CELL_UNIQUE
6201,0,,,0,0,ODD_CELL_UNIQUE
6202,0,,,0,0,ODD_CELL_UNIQUE
6203,0,,,0,0,ODD_CELL_UNIQUE
6204,0,,,0,0,ODD_CELL_UNIQUE
6205,0,,,0,0,ODD_CELL_UNIQUE
6206,0,,,0,0,ODD_CELL_UNIQUE
6207,0,,,0,0,ODD_CELL_UNIQUE
6208,0,,,0,0,ODD_CELL_UNIQUE
6209,0,,,0,0,ODD_CELL_UNIQUE
6210,0,,,0,0,ODD_CELL_UNIQUE
6211,0,,,0,0,ODD_CELL_UNIQUE
6212,0,,,0,0,ODD_CELL_UNIQUE
6213,0,,,0,0,ODD_CELL_UNIQUE
6214,0,338,338,0,1,ODD_CELL_UNIQUE
6215,0,,,0,0,ODD_CELL_UNIQUE
6216,0,,,0,0,ODD_CELL_UNIQUE
6217,0,,,0,0,ODD_CELL_UNIQUE
6218,0,,,0,0,ODD_CELL_UNIQUE
6219,0,,,0,0,ODD_CELL_UNIQUE
6220,0,,,0,0,ODD_CELL_UNIQUE
6221,0,,,0,0,ODD_CELL_UNIQUE
6222,0,,,0,0,ODD_CELL_UNIQUE
6223,0,,,0,0,ODD_CELL_UNIQUE
6224,0,,,0,0,ODD_CELL_UNIQUE
6225,0,,,0,0,ODD_CELL_UNIQUE
6226,0,,,0,0,ODD_CELL_UNIQUE
6227,0,,,0,0,ODD_CELL_UNIQUE
6228,0,,,0,0,ODD_CELL_UNIQUE
6229,0,,,0,0,ODD_CELL_UNIQUE
6230,0,,,0,0,ODD_CELL_UNIQUE
6231,0,,,0,0,ODD_CELL_UNIQUE
6232,0,,,0,0,ODD_CELL_UNIQUE
6233,0,,,0,0,ODD_CELL_UNIQUE
6234,0,,,0,0,ODD_CELL_UNIQUE
6235,0,,,0,0,ODD_CELL_UNIQUE
6236,0,,,0,0,ODD_CELL_UNIQUE
6237,0,,,0,0,ODD_CELL_UNIQUE
6238,0,,,0,0,ODD_CELL_UNIQUE
6239,0,,,0,0,ODD_CELL_UNIQUE
6240,0,,,0,0,ODD_CELL_UNIQUE
6241,1,339,339,1,0,ODD_CELL_UNIQUE
6242,0,,,0,0,ODD_CELL_UNIQUE
6243,0,,,0,0,ODD_CELL_UNIQUE
6244,0,,,0,0,ODD_CELL_UNIQUE
6245,0,,,0,0,ODD_CELL_UNIQUE
6246,0,,,0,0,ODD_CELL_UNIQUE
6247,0,,,0,0,ODD_CELL_UNIQUE
6248,0,,,0,0,ODD_CELL_UNIQUE
6249,0,,,0,0,ODD_CELL_UNIQUE
6250,0,,,0,0,ODD_CELL_UNIQUE
6251,0,,,0,0,ODD_CELL_UNIQUE
6252,0,,,0,0,ODD_CELL_UNIQUE
6253,0,,,0,0,ODD_CELL_UNIQUE
6254,0,,,0,0,ODD_CELL_UNIQUE
6255,0,,,0,0,ODD_CELL_UNIQUE
6256,0,,,0,0,ODD_CELL_UNIQUE
6257,0,,,0,0,ODD_CELL_UNIQUE
6258,0,,,0,0,ODD_CELL_UNIQUE
6259,0,,,0,0,ODD_CELL_UNIQUE
6260,0,,,0,0,ODD_CELL_UNIQUE
6261,0,,,0,0,ODD_CELL_UNIQUE
6262,0,,,0,0,ODD_CELL_UNIQUE
6263,0,,,0,0,ODD_CELL_UNIQUE
6264,0,,,0,0,ODD_CELL_UNIQUE
6265,0,,,0,0,ODD_CELL_UNIQUE
6266,0,,,0,0,ODD_CELL_UNIQUE
6267,0,,,0,0,ODD_CELL_UNIQUE
6268,0,,,0,0,ODD_CELL_UNIQUE
6269,0,340,340,0,1,ODD_CELL_UNIQUE
6270,0,,,0,0,ODD_CELL_UNIQUE
6271,0,,,0,0,ODD_CELL_UNIQUE
6272,0,,,0,0,ODD_CELL_UNIQUE
6273,0,,,0,0,ODD_CELL_UNIQUE
6274,0,,,0,0,ODD_CELL_UNIQUE
6275,0,,,0,0,ODD_CELL_UNIQUE
6276,0,,,0,0,ODD_CELL_UNIQUE
6277,0,,,0,0,ODD_CELL_UNIQUE
6278,0,,,0,0,ODD_CELL_UNIQUE
6279,0,,,0,0,ODD_CELL_UNIQUE
6280,0,,,0,0,ODD_CELL_UNIQUE
6281,0,,,0,0,ODD_CELL_UNIQUE
6282,0,,,0,0,ODD_CELL_UNIQUE
6283,0,,,0,0,ODD_CELL_UNIQUE
6284,0,,,0,0,ODD_CELL_UNIQUE
6285,0,,,0,0,ODD_CELL_UNIQUE
6286,0,,,0,0,ODD_CELL_UNIQUE
6287,0,,,0,0,ODD_CELL_UNIQUE
6288,0,,,0,0,ODD_CELL_UNIQUE
6289,0,,,0,0,ODD_CELL_UNIQUE
6290,0,,,0,0,ODD_CELL_UNIQUE
6291,0,,,0,0,ODD_CELL_UNIQUE
6292,0,,,0,0,ODD_CELL_UNIQUE
6293,0,,,0,0,ODD_CELL_UNIQUE
6294,0,,,0,0,ODD_CELL_UNIQUE
6295,0,,,0,0,ODD_CELL_UNIQUE
6296,1,341,341,1,0,ODD_CELL_UNIQUE
6297,0,,,0,0,ODD_CELL_UNIQUE
6298,0,,,0,0,ODD_CELL_UNIQUE
6299,0,,,0,0,ODD_CELL_UNIQUE
6300,0,,,0,0,ODD_CELL_UNIQUE
6301,0,,,0,0,ODD_CELL_UNIQUE
6302,0,,,0,0,ODD_CELL_UNIQUE
6303,0,,,0,0,ODD_CELL_UNIQUE
6304,0,,,0,0,ODD_CELL_UNIQUE
6305,0,,,0,0,ODD_CELL_UNIQUE
6306,0,,,0,0,ODD_CELL_UNIQUE
6307,0,,,0,0,ODD_CELL_UNIQUE
6308,0,,,0,0,ODD_CELL_UNIQUE
6309,0,,,0,0,ODD_CELL_UNIQUE
6310,0,,,0,0,ODD_CELL_UNIQUE
6311,0,,,0,0,ODD_CELL_UNIQUE
6312,0,,,0,0,ODD_CELL_UNIQUE
6313,0,,,0,0,ODD_CELL_UNIQUE
6314,0,,,0,0,ODD_CELL_UNIQUE
6315,0,,,0,0,ODD_CELL_UNIQUE
6316,0,,,0,0,ODD_CELL_UNIQUE
6317,0,,,0,0,ODD_CELL_UNIQUE
6318,0,,,0,0,ODD_CELL_UNIQUE
6319,0,,,0,0,ODD_CELL_UNIQUE
6320,0,,,0,0,ODD_CELL_UNIQUE
6321,0,,,0,0,ODD_CELL_UNIQUE
6322,0,,,0,0,ODD_CELL_UNIQUE
6323,0,,,0,0,ODD_CELL_UNIQUE
6324,0,342,342,0,1,ODD_CELL_UNIQUE
6325,0,,,0,0,ODD_CELL_UNIQUE
6326,0,,,0,0,ODD_CELL_UNIQUE
6327,0,,,0,0,ODD_CELL_UNIQUE
6328,0,,,0,0,ODD_CELL_UNIQUE
6329,0,,,0,0,ODD_CELL_UNIQUE
6330,0,,,0,0,ODD_CELL_UNIQUE
6331,0,,,0,0,ODD_CELL_UNIQUE
6332,0,,,0,0,ODD_CELL_UNIQUE
6333,0,,,0,0,ODD_CELL_UNIQUE
6334,0,,,0,0,ODD_CELL_UNIQUE
6335,0,,,0,0,ODD_CELL_UNIQUE
6336,0,,,0,0,ODD_CELL_UNIQUE
6337,0,,,0,0,ODD_CELL_UNIQUE
6338,0,,,0,0,ODD_CELL_UNIQUE
6339,0,,,0,0,ODD_CELL_UNIQUE
6340,0,,,0,0,ODD_CELL_UNIQUE
6341,0,,,0,0,ODD_CELL_UNIQUE
6342,0,,,0,0,ODD_CELL_UNIQUE
6343,0,,,0,0,ODD_CELL_UNIQUE
6344,0,,,0,0,ODD_CELL_UNIQUE
6345,0,,,0,0,ODD_CELL_UNIQUE
6346,0,,,0,0,ODD_CELL_UNIQUE
6347,0,,,0,0,ODD_CELL_UNIQUE
6348,0,,,0,0,ODD_CELL_UNIQUE
6349,0,,,0,0,ODD_CELL_UNIQUE
6350,0,,,0,0,ODD_CELL_UNIQUE
6351,0,,,0,0,ODD_CELL_UNIQUE
6352,1,343,343,1,0,ODD_CELL_UNIQUE
6353,0,,,0,0,ODD_CELL_UNIQUE
6354,0,,,0,0,ODD_CELL_UNIQUE
6355,0,,,0,0,ODD_CELL_UNIQUE
6356,0,,,0,0,ODD_CELL_UNIQUE
6357,0,,,0,0,ODD_CELL_UNIQUE
6358,0,,,0,0,ODD_CELL_UNIQUE
6359,0,,,0,0,ODD_CELL_UNIQUE
6360,0,,,0,0,ODD_CELL_UNIQUE
6361,0,,,0,0,ODD_CELL_UNIQUE
6362,0,,,0,0,ODD_CELL_UNIQUE
6363,0,,,0,0,ODD_CELL_UNIQUE
6364,0,,,0,0,ODD_CELL_UNIQUE
6365,0,,,0,0,ODD_CELL_UNIQUE
6366,0,,,0,0,ODD_CELL_UNIQUE
6367,0,,,0,0,ODD_CELL_UNIQUE
6368,0,,,0,0,ODD_CELL_UNIQUE
6369,0,,,0,0,ODD_CELL_UNIQUE
6370,0,,,0,0,ODD_CELL_UNIQUE
6371,0,,,0,0,ODD_CELL_UNIQUE
6372,0,,,0,0,ODD_CELL_UNIQUE
6373,0,,,0,0,ODD_CELL_UNIQUE
6374,0,,,0,0,ODD_CELL_UNIQUE
6375,0,,,0,0,ODD_CELL_UNIQUE
6376,0,,,0,0,ODD_CELL_UNIQUE
6377,0,,,0,0,ODD_CELL_UNIQUE
6378,0,,,0,0,ODD_CELL_UNIQUE
6379,0,,,0,0,ODD_CELL_UNIQUE
6380,0,344,344,0,1,ODD_CELL_UNIQUE
6381,0,,,0,0,ODD_CELL_UNIQUE
6382,0,,,0,0,ODD_CELL_UNIQUE
6383,0,,,0,0,ODD_CELL_UNIQUE
6384,0,,,0,0,ODD_CELL_UNIQUE
6385,0,,,0,0,ODD_CELL_UNIQUE
6386,0,,,0,0,ODD_CELL_UNIQUE
6387,0,,,0,0,ODD_CELL_UNIQUE
6388,0,,,0,0,ODD_CELL_UNIQUE
6389,0,,,0,0,ODD_CELL_UNIQUE
6390,0,,,0,0,ODD_CELL_UNIQUE
6391,0,,,0,0,ODD_CELL_UNIQUE
6392,0,,,0,0,ODD_CELL_UNIQUE
6393,0,,,0,0,ODD_CELL_UNIQUE
6394,0,,,0,0,ODD_CELL_UNIQUE
6395,0,,,0,0,ODD_CELL_UNIQUE
6396,0,,,0,0,ODD_CELL_UNIQUE
6397,0,,,0,0,ODD_CELL_UNIQUE
6398,0,,,0,0,ODD_CELL_UNIQUE
6399,0,,,0,0,ODD_CELL_UNIQUE
6400,0,,,0,0,ODD_CELL_UNIQUE
6401,0,,,0,0,ODD_CELL_UNIQUE
6402,0,,,0,0,ODD_CELL_UNIQUE
6403,0,,,0,0,ODD_CELL_UNIQUE
6404,0,,,0,0,ODD_CELL_UNIQUE
6405,0,,,0,0,ODD_CELL_UNIQUE
6406,0,,,0,0,ODD_CELL_UNIQUE
6407,0,,,0,0,ODD_CELL_UNIQUE
6408,1,345,345,1,0,ODD_CELL_UNIQUE
6409,0,,,0,0,ODD_CELL_UNIQUE
6410,0,,,0,0,ODD_CELL_UNIQUE
6411,0,,,0,0,ODD_CELL_UNIQUE
6412,0,,,0,0,ODD_CELL_UNIQUE
6413,0,,,0,0,ODD_CELL_UNIQUE
6414,0,,,0,0,ODD_CELL_UNIQUE
6415,0,,,0,0,ODD_CELL_UNIQUE
6416,0,,,0,0,ODD_CELL_UNIQUE
6417,0,,,0,0,ODD_CELL_UNIQUE
6418,0,,,0,0,ODD_CELL_UNIQUE
6419,0,,,0,0,ODD_CELL_UNIQUE
6420,0,,,0,0,ODD_CELL_UNIQUE
6421,0,,,0,0,ODD_CELL_UNIQUE
6422,0,,,0,0,ODD_CELL_UNIQUE
6423,0,,,0,0,ODD_CELL_UNIQUE
6424,0,,,0,0,ODD_CELL_UNIQUE
6425,0,,,0,0,ODD_CELL_UNIQUE
6426,0,,,0,0,ODD_CELL_UNIQUE
6427,0,,,0,0,ODD_CELL_UNIQUE
6428,0,,,0,0,ODD_CELL_UNIQUE
6429,0,,,0,0,ODD_CELL_UNIQUE
6430,0,,,0,0,ODD_CELL_UNIQUE
6431,0,,,0,0,ODD_CELL_UNIQUE
6432,0,,,0,0,ODD_CELL_UNIQUE
6433,0,,,0,0,ODD_CELL_UNIQUE
6434,0,,,0,0,ODD_CELL_UNIQUE
6435,0,346,346,0,1,ODD_CELL_UNIQUE
6436,0,,,0,0,ODD_CELL_UNIQUE
6437,0,,,0,0,ODD_CELL_UNIQUE
6438,0,,,0,0,ODD_CELL_UNIQUE
6439,0,,,0,0,ODD_CELL_UNIQUE
6440,0,,,0,0,ODD_CELL_UNIQUE
6441,0,,,0,0,ODD_CELL_UNIQUE
6442,0,,,0,0,ODD_CELL_UNIQUE
6443,0,,,0,0,ODD_CELL_UNIQUE
6444,0,,,0,0,ODD_CELL_UNIQUE
6445,0,,,0,0,ODD_CELL_UNIQUE
6446,0,,,0,0,ODD_CELL_UNIQUE
6447,0,,,0,0,ODD_CELL_UNIQUE
6448,0,,,0,0,ODD_CELL_UNIQUE
6449,0,,,0,0,ODD_CELL_UNIQUE
6450,0,,,0,0,ODD_CELL_UNIQUE
6451,0,,,0,0,ODD_CELL_UNIQUE
6452,0,,,0,0,ODD_CELL_UNIQUE
6453,0,,,0,0,ODD_CELL_UNIQUE
6454,0,,,0,0,ODD_CELL_UNIQUE
6455,0,,,0,0,ODD_CELL_UNIQUE
6456,0,,,0,0,ODD_CELL_UNIQUE
6457,0,,,0,0,ODD_CELL_UNIQUE
6458,0,,,0,0,ODD_CELL_UNIQUE
6459,0,,,0,0,ODD_CELL_UNIQUE
6460,0,,,0,0,ODD_CELL_UNIQUE
6461,0,,,0,0,ODD_CELL_UNIQUE
6462,0,,,0,0,ODD_CELL_UNIQUE
6463,1,347,347,1,0,ODD_CELL_UNIQUE
6464,0,,,0,0,ODD_CELL_UNIQUE
6465,0,,,0,0,ODD_CELL_UNIQUE
6466,0,,,0,0,ODD_CELL_UNIQUE
6467,0,,,0,0,ODD_CELL_UNIQUE
6468,0,,,0,0,ODD_CELL_UNIQUE
6469,0,,,0,0,ODD_CELL_UNIQUE
6470,0,,,0,0,ODD_CELL_UNIQUE
6471,0,,,0,0,ODD_CELL_UNIQUE
6472,0,,,0,0,ODD_CELL_UNIQUE
6473,0,,,0,0,ODD_CELL_UNIQUE
6474,0,,,0,0,ODD_CELL_UNIQUE
6475,0,,,0,0,ODD_CELL_UNIQUE
6476,0,,,0,0,ODD_CELL_UNIQUE
6477,0,,,0,0,ODD_CELL_UNIQUE
6478,0,,,0,0,ODD_CELL_UNIQUE
6479,0,,,0,0,ODD_CELL_UNIQUE
6480,0,,,0,0,ODD_CELL_UNIQUE
6481,0,,,0,0,ODD_CELL_UNIQUE
6482,0,,,0,0,ODD_CELL_UNIQUE
6483,0,,,0,0,ODD_CELL_UNIQUE
6484,0,,,0,0,ODD_CELL_UNIQUE
6485,0,,,0,0,ODD_CELL_UNIQUE
6486,0,,,0,0,ODD_CELL_UNIQUE
6487,0,,,0,0,ODD_CELL_UNIQUE
6488,0,,,0,0,ODD_CELL_UNIQUE
6489,0,,,0,0,ODD_CELL_UNIQUE
6490,0,,,0,0,ODD_CELL_UNIQUE
6491,0,348,348,0,1,ODD_CELL_UNIQUE
6492,0,,,0,0,ODD_CELL_UNIQUE
6493,0,,,0,0,ODD_CELL_UNIQUE
6494,0,,,0,0,ODD_CELL_UNIQUE
6495,0,,,0,0,ODD_CELL_UNIQUE
6496,0,,,0,0,ODD_CELL_UNIQUE
6497,0,,,0,0,ODD_CELL_UNIQUE
6498,0,,,0,0,ODD_CELL_UNIQUE
6499,0,,,0,0,ODD_CELL_UNIQUE
6500,0,,,0,0,ODD_CELL_UNIQUE
6501,0,,,0,0,ODD_CELL_UNIQUE
6502,0,,,0,0,ODD_CELL_UNIQUE
6503,0,,,0,0,ODD_CELL_UNIQUE
6504,0,,,0,0,ODD_CELL_UNIQUE
6505,0,,,0,0,ODD_CELL_UNIQUE
6506,0,,,0,0,ODD_CELL_UNIQUE
6507,0,,,0,0,ODD_CELL_UNIQUE
6508,0,,,0,0,ODD_CELL_UNIQUE
6509,0,,,0,0,ODD_CELL_UNIQUE
6510,0,,,0,0,ODD_CELL_UNIQUE
6511,0,,,0,0,ODD_CELL_UNIQUE
6512,0,,,0,0,ODD_CELL_UNIQUE
6513,0,,,0,0,ODD_CELL_UNIQUE
6514,0,,,0,0,ODD_CELL_UNIQUE
6515,0,,,0,0,ODD_CELL_UNIQUE
6516,0,,,0,0,ODD_CELL_UNIQUE
6517,0,,,0,0,ODD_CELL_UNIQUE
6518,0,,,0,0,ODD_CELL_UNIQUE
6519,1,349,349,1,0,ODD_CELL_UNIQUE
6520,0,,,0,0,ODD_CELL_UNIQUE
6521,0,,,0,0,ODD_CELL_UNIQUE
6522,0,,,0,0,ODD_CELL_UNIQUE
6523,0,,,0,0,ODD_CELL_UNIQUE
6524,0,,,0,0,ODD_CELL_UNIQUE
6525,0,,,0,0,ODD_CELL_UNIQUE
6526,0,,,0,0,ODD_CELL_UNIQUE
6527,0,,,0,0,ODD_CELL_UNIQUE
6528,0,,,0,0,ODD_CELL_UNIQUE
6529,0,,,0,0,ODD_CELL_UNIQUE
6530,0,,,0,0,ODD_CELL_UNIQUE
6531,0,,,0,0,ODD_CELL_UNIQUE
6532,0,,,0,0,ODD_CELL_UNIQUE
6533,0,,,0,0,ODD_CELL_UNIQUE
6534,0,,,0,0,ODD_CELL_UNIQUE
6535,0,,,0,0,ODD_CELL_UNIQUE
6536,0,,,0,0,ODD_CELL_UNIQUE
6537,0,,,0,0,ODD_CELL_UNIQUE
6538,0,,,0,0,ODD_CELL_UNIQUE
6539,0,,,0,0,ODD_CELL_UNIQUE
6540,0,,,0,0,ODD_CELL_UNIQUE
6541,0,,,0,0,ODD_CELL_UNIQUE
6542,0,,,0,0,ODD_CELL_UNIQUE
6543,0,,,0,0,ODD_CELL_UNIQUE
6544,0,,,0,0,ODD_CELL_UNIQUE
6545,0,,,0,0,ODD_CELL_UNIQUE
6546,0,,,0,0,ODD_CELL_UNIQUE
6547,0,350,350,0,1,ODD_CELL_UNIQUE
6548,0,,,0,0,ODD_CELL_UNIQUE
6549,0,,,0,0,ODD_CELL_UNIQUE
6550,0,,,0,0,ODD_CELL_UNIQUE
6551,0,,,0,0,ODD_CELL_UNIQUE
6552,0,,,0,0,ODD_CELL_UNIQUE
6553,0,,,0,0,ODD_CELL_UNIQUE
6554,0,,,0,0,ODD_CELL_UNIQUE
6555,0,,,0,0,ODD_CELL_UNIQUE
6556,0,,,0,0,ODD_CELL_UNIQUE
6557,0,,,0,0,ODD_CELL_UNIQUE
6558,0,,,0,0,ODD_CELL_UNIQUE
6559,0,,,0,0,ODD_CELL_UNIQUE
6560,0,,,0,0,ODD_CELL_UNIQUE
6561,0,,,0,0,ODD_CELL_UNIQUE
6562,0,,,0,0,ODD_CELL_UNIQUE
6563,0,,,0,0,ODD_CELL_UNIQUE
6564,0,,,0,0,ODD_CELL_UNIQUE
6565,0,,,0,0,ODD_CELL_UNIQUE
6566,0,,,0,0,ODD_CELL_UNIQUE
6567,0,,,0,0,ODD_CELL_UNIQUE
6568,0,,,0,0,ODD_CELL_UNIQUE
6569,0,,,0,0,ODD_CELL_UNIQUE
6570,0,,,0,0,ODD_CELL_UNIQUE
6571,0,,,0,0,ODD_CELL_UNIQUE
6572,0,,,0,0,ODD_CELL_UNIQUE
6573,0,,,0,0,ODD_CELL_UNIQUE
6574,0,,,0,0,ODD_CELL_UNIQUE
6575,1,351,351,1,0,ODD_CELL_UNIQUE
6576,0,,,0,0,ODD_CELL_UNIQUE
6577,0,,,0,0,ODD_CELL_UNIQUE
6578,0,,,0,0,ODD_CELL_UNIQUE
6579,0,,,0,0,ODD_CELL_UNIQUE
6580,0,,,0,0,ODD_CELL_UNIQUE
6581,0,,,0,0,ODD_CELL_UNIQUE
6582,0,,,0,0,ODD_CELL_UNIQUE
6583,0,,,0,0,ODD_CELL_UNIQUE
6584,0,,,0,0,ODD_CELL_UNIQUE
6585,0,,,0,0,ODD_CELL_UNIQUE
6586,0,,,0,0,ODD_CELL_UNIQUE
6587,0,,,0,0,ODD_CELL_UNIQUE
6588,0,,,0,0,ODD_CELL_UNIQUE
6589,0,,,0,0,ODD_CELL_UNIQUE
6590,0,,,0,0,ODD_CELL_UNIQUE
6591,0,,,0,0,ODD_CELL_UNIQUE
6592,0,,,0,0,ODD_CELL_UNIQUE
6593,0,,,0,0,ODD_CELL_UNIQUE
6594,0,,,0,0,ODD_CELL_UNIQUE
6595,0,,,0,0,ODD_CELL_UNIQUE
6596,0,,,0,0,ODD_CELL_UNIQUE
6597,0,,,0,0,ODD_CELL_UNIQUE
6598,0,,,0,0,ODD_CELL_UNIQUE
6599,0,,,0,0,ODD_CELL_UNIQUE
6600,0,,,0,0,ODD_CELL_UNIQUE
6601,0,,,0,0,ODD_CELL_UNIQUE
6602,0,,,0,0,ODD_CELL_UNIQUE
6603,0,,,0,0,ODD_CELL_UNIQUE
6604,0,352,352,0,1,ODD_CELL_UNIQUE
6605,0,,,0,0,ODD_CELL_UNIQUE
6606,0,,,0,0,ODD_CELL_UNIQUE
6607,0,,,0,0,ODD_CELL_UNIQUE
6608,0,,,0,0,ODD_CELL_UNIQUE
6609,0,,,0,0,ODD_CELL_UNIQUE
6610,0,,,0,0,ODD_CELL_UNIQUE
6611,0,,,0,0,ODD_CELL_UNIQUE
6612,0,,,0,0,ODD_CELL_UNIQUE
6613,0,,,0,0,ODD_CELL_UNIQUE
6614,0,,,0,0,ODD_CELL_UNIQUE
6615,0,,,0,0,ODD_CELL_UNIQUE
6616,0,,,0,0,ODD_CELL_UNIQUE
6617,0,,,0,0,ODD_CELL_UNIQUE
6618,0,,,0,0,ODD_CELL_UNIQUE
6619,0,,,0,0,ODD_CELL_UNIQUE
6620,0,,,0,0,ODD_CELL_UNIQUE
6621,0,,,0,0,ODD_CELL_UNIQUE
6622,0,,,0,0,ODD_CELL_UNIQUE
6623,0,,,0,0,ODD_CELL_UNIQUE
6624,0,,,0,0,ODD_CELL_UNIQUE
6625,0,,,0,0,ODD_CELL_UNIQUE
6626,0,,,0,0,ODD_CELL_UNIQUE
6627,0,,,0,0,ODD_CELL_UNIQUE
6628,0,,,0,0,ODD_CELL_UNIQUE
6629,0,,,0,0,ODD_CELL_UNIQUE
6630,0,,,0,0,ODD_CELL_UNIQUE
6631,0,,,0,0,ODD_CELL_UNIQUE
6632,1,353,353,1,0,ODD_CELL_UNIQUE
6633,0,,,0,0,ODD_CELL_UNIQUE
6634,0,,,0,0,ODD_CELL_UNIQUE
6635,0,,,0,0,ODD_CELL_UNIQUE
6636,0,,,0,0,ODD_CELL_UNIQUE
6637,0,,,0,0,ODD_CELL_UNIQUE
6638,0,,,0,0,ODD_CELL_UNIQUE
6639,0,,,0,0,ODD_CELL_UNIQUE
6640,0,,,0,0,ODD_CELL_UNIQUE
6641,0,,,0,0,ODD_CELL_UNIQUE
6642,0,,,0,0,ODD_CELL_UNIQUE
6643,0,,,0,0,ODD_CELL_UNIQUE
6644,0,,,0,0,ODD_CELL_UNIQUE
6645,0,,,0,0,ODD_CELL_UNIQUE
6646,0,,,0,0,ODD_CELL_UNIQUE
6647,0,,,0,0,ODD_CELL_UNIQUE
6648,0,,,0,0,ODD_CELL_UNIQUE
6649,0,,,0,0,ODD_CELL_UNIQUE
6650,0,,,0,0,ODD_CELL_UNIQUE
6651,0,,,0,0,ODD_CELL_UNIQUE
6652,0,,,0,0,ODD_CELL_UNIQUE
6653,0,,,0,0,ODD_CELL_UNIQUE
6654,0,,,0,0,ODD_CELL_UNIQUE
6655,0,,,0,0,ODD_CELL_UNIQUE
6656,0,,,0,0,ODD_CELL_UNIQUE
6657,0,,,0,0,ODD_CELL_UNIQUE
6658,0,,,0,0,ODD_CELL_UNIQUE
6659,0,,,0,0,ODD_CELL_UNIQUE
6660,0,354,354,0,1,ODD_CELL_UNIQUE
6661,0,,,0,0,ODD_CELL_UNIQUE
6662,0,,,0,0,ODD_CELL_UNIQUE
6663,0,,,0,0,ODD_CELL_UNIQUE
6664,0,,,0,0,ODD_CELL_UNIQUE
6665,0,,,0,0,ODD_CELL_UNIQUE
6666,0,,,0,0,ODD_CELL_UNIQUE
6667,0,,,0,0,ODD_CELL_UNIQUE
6668,0,,,0,0,ODD_CELL_UNIQUE
6669,0,,,0,0,ODD_CELL_UNIQUE
6670,0,,,0,0,ODD_CELL_UNIQUE
6671,0,,,0,0,ODD_CELL_UNIQUE
6672,0,,,0,0,ODD_CELL_UNIQUE
6673,0,,,0,0,ODD_CELL_UNIQUE
6674,0,,,0,0,ODD_CELL_UNIQUE
6675,0,,,0,0,ODD_CELL_UNIQUE
6676,0,,,0,0,ODD_CELL_UNIQUE
6677,0,,,0,0,ODD_CELL_UNIQUE
6678,0,,,0,0,ODD_CELL_UNIQUE
6679,0,,,0,0,ODD_CELL_UNIQUE
6680,0,,,0,0,ODD_CELL_UNIQUE
6681,0,,,0,0,ODD_CELL_UNIQUE
6682,0,,,0,0,ODD_CELL_UNIQUE
6683,0,,,0,0,ODD_CELL_UNIQUE
6684,0,,,0,0,ODD_CELL_UNIQUE
6685,0,,,0,0,ODD_CELL_UNIQUE
6686,0,,,0,0,ODD_CELL_UNIQUE
6687,0,,,0,0,ODD_CELL_UNIQUE
6688,1,355,355,1,0,ODD_CELL_UNIQUE
6689,0,,,0,0,ODD_CELL_UNIQUE
6690,0,,,0,0,ODD_CELL_UNIQUE
6691,0,,,0,0,ODD_CELL_UNIQUE
6692,0,,,0,0,ODD_CELL_UNIQUE
6693,0,,,0,0,ODD_CELL_UNIQUE
6694,0,,,0,0,ODD_CELL_UNIQUE
6695,0,,,0,0,ODD_CELL_UNIQUE
6696,0,,,0,0,ODD_CELL_UNIQUE
6697,0,,,0,0,ODD_CELL_UNIQUE
6698,0,,,0,0,ODD_CELL_UNIQUE
6699,0,,,0,0,ODD_CELL_UNIQUE
6700,0,,,0,0,ODD_CELL_UNIQUE
6701,0,,,0,0,ODD_CELL_UNIQUE
6702,0,,,0,0,ODD_CELL_UNIQUE
6703,0,,,0,0,ODD_CELL_UNIQUE
6704,0,,,0,0,ODD_CELL_UNIQUE
6705,0,,,0,0,ODD_CELL_UNIQUE
6706,0,,,0,0,ODD_CELL_UNIQUE
6707,0,,,0,0,ODD_CELL_UNIQUE
6708,0,,,0,0,ODD_CELL_UNIQUE
6709,0,,,0,0,ODD_CELL_UNIQUE
6710,0,,,0,0,ODD_CELL_UNIQUE
6711,0,,,0,0,ODD_CELL_UNIQUE
6712,0,,,0,0,ODD_CELL_UNIQUE
6713,0,,,0,0,ODD_CELL_UNIQUE
6714,0,,,0,0,ODD_CELL_UNIQUE
6715,0,,,0,0,ODD_CELL_UNIQUE
6716,0,356,356,0,1,ODD_CELL_UNIQUE
6717,0,,,0,0,ODD_CELL_UNIQUE
6718,0,,,0,0,ODD_CELL_UNIQUE
6719,0,,,0,0,ODD_CELL_UNIQUE
6720,0,,,0,0,ODD_CELL_UNIQUE
6721,0,,,0,0,ODD_CELL_UNIQUE
6722,0,,,0,0,ODD_CELL_UNIQUE
6723,0,,,0,0,ODD_CELL_UNIQUE
6724,0,,,0,0,ODD_CELL_UNIQUE
6725,0,,,0,0,ODD_CELL_UNIQUE
6726,0,,,0,0,ODD_CELL_UNIQUE
6727,0,,,0,0,ODD_CELL_UNIQUE
6728,0,,,0,0,ODD_CELL_UNIQUE
6729,0,,,0,0,ODD_CELL_UNIQUE
6730,0,,,0,0,ODD_CELL_UNIQUE
6731,0,,,0,0,ODD_CELL_UNIQUE
6732,0,,,0,0,ODD_CELL_UNIQUE
6733,0,,,0,0,ODD_CELL_UNIQUE
6734,0,,,0,0,ODD_CELL_UNIQUE
6735,0,,,0,0,ODD_CELL_UNIQUE
6736,0,,,0,0,ODD_CELL_UNIQUE
6737,0,,,0,0,ODD_CELL_UNIQUE
6738,0,,,0,0,ODD_CELL_UNIQUE
6739,0,,,0,0,ODD_CELL_UNIQUE
6740,0,,,0,0,ODD_CELL_UNIQUE
6741,0,,,0,0,ODD_CELL_UNIQUE
6742,0,,,0,0,ODD_CELL_UNIQUE
6743,0,,,0,0,ODD_CELL_UNIQUE
6744,0,,,0,0,ODD_CELL_UNIQUE
6745,1,357,357,1,0,ODD_CELL_UNIQUE
6746,0,,,0,0,ODD_CELL_UNIQUE
6747,0,,,0,0,ODD_CELL_UNIQUE
6748,0,,,0,0,ODD_CELL_UNIQUE
6749,0,,,0,0,ODD_CELL_UNIQUE
6750,0,,,0,0,ODD_CELL_UNIQUE
6751,0,,,0,0,ODD_CELL_UNIQUE
6752,0,,,0,0,ODD_CELL_UNIQUE
6753,0,,,0,0,ODD_CELL_UNIQUE
6754,0,,,0,0,ODD_CELL_UNIQUE
6755,0,,,0,0,ODD_CELL_UNIQUE
6756,0,,,0,0,ODD_CELL_UNIQUE
6757,0,,,0,0,ODD_CELL_UNIQUE
6758,0,,,0,0,ODD_CELL_UNIQUE
6759,0,,,0,0,ODD_CELL_UNIQUE
6760,0,,,0,0,ODD_CELL_UNIQUE
6761,0,,,0,0,ODD_CELL_UNIQUE
6762,0,,,0,0,ODD_CELL_UNIQUE
6763,0,,,0,0,ODD_CELL_UNIQUE
6764,0,,,0,0,ODD_CELL_UNIQUE
6765,0,,,0,0,ODD_CELL_UNIQUE
6766,0,,,0,0,ODD_CELL_UNIQUE
6767,0,,,0,0,ODD_CELL_UNIQUE
6768,0,,,0,0,ODD_CELL_UNIQUE
6769,0,,,0,0,ODD_CELL_UNIQUE
6770,0,,,0,0,ODD_CELL_UNIQUE
6771,0,,,0,0,ODD_CELL_UNIQUE
6772,0,,,0,0,ODD_CELL_UNIQUE
6773,0,358,358,0,1,ODD_CELL_UNIQUE
6774,0,,,0,0,ODD_CELL_UNIQUE
6775,0,,,0,0,ODD_CELL_UNIQUE
6776,0,,,0,0,ODD_CELL_UNIQUE
6777,0,,,0,0,ODD_CELL_UNIQUE
6778,0,,,0,0,ODD_CELL_UNIQUE
6779,0,,,0,0,ODD_CELL_UNIQUE
6780,0,,,0,0,ODD_CELL_UNIQUE
6781,0,,,0,0,ODD_CELL_UNIQUE
6782,0,,,0,0,ODD_CELL_UNIQUE
6783,0,,,0,0,ODD_CELL_UNIQUE
6784,0,,,0,0,ODD_CELL_UNIQUE
6785,0,,,0,0,ODD_CELL_UNIQUE
6786,0,,,0,0,ODD_CELL_UNIQUE
6787,0,,,0,0,ODD_CELL_UNIQUE
6788,0,,,0,0,ODD_CELL_UNIQUE
6789,0,,,0,0,ODD_CELL_UNIQUE
6790,0,,,0,0,ODD_CELL_UNIQUE
6791,0,,,0,0,ODD_CELL_UNIQUE
6792,0,,,0,0,ODD_CELL_UNIQUE
6793,0,,,0,0,ODD_CELL_UNIQUE
6794,0,,,0,0,ODD_CELL_UNIQUE
6795,0,,,0,0,ODD_CELL_UNIQUE
6796,0,,,0,0,ODD_CELL_UNIQUE
6797,0,,,0,0,ODD_CELL_UNIQUE
6798,0,,,0,0,ODD_CELL_UNIQUE
6799,0,,,0,0,ODD_CELL_UNIQUE
6800,0,,,0,0,ODD_CELL_UNIQUE
6801,0,,,0,0,ODD_CELL_UNIQUE
6802,1,359,359,1,0,ODD_CELL_UNIQUE
6803,0,,,0,0,ODD_CELL_UNIQUE
6804,0,,,0,0,ODD_CELL_UNIQUE
6805,0,,,0,0,ODD_CELL_UNIQUE
6806,0,,,0,0,ODD_CELL_UNIQUE
6807,0,,,0,0,ODD_CELL_UNIQUE
6808,0,,,0,0,ODD_CELL_UNIQUE
6809,0,,,0,0,ODD_CELL_UNIQUE
6810,0,,,0,0,ODD_CELL_UNIQUE
6811,0,,,0,0,ODD_CELL_UNIQUE
6812,0,,,0,0,ODD_CELL_UNIQUE
6813,0,,,0,0,ODD_CELL_UNIQUE
6814,0,,,0,0,ODD_CELL_UNIQUE
6815,0,,,0,0,ODD_CELL_UNIQUE
6816,0,,,0,0,ODD_CELL_UNIQUE
6817,0,,,0,0,ODD_CELL_UNIQUE
6818,0,,,0,0,ODD_CELL_UNIQUE
6819,0,,,0,0,ODD_CELL_UNIQUE
6820,0,,,0,0,ODD_CELL_UNIQUE
6821,0,,,0,0,ODD_CELL_UNIQUE
6822,0,,,0,0,ODD_CELL_UNIQUE
6823,0,,,0,0,ODD_CELL_UNIQUE
6824,0,,,0,0,ODD_CELL_UNIQUE
6825,0,,,0,0,ODD_CELL_UNIQUE
6826,0,,,0,0,ODD_CELL_UNIQUE
6827,0,,,0,0,ODD_CELL_UNIQUE
6828,0,,,0,0,ODD_CELL_UNIQUE
6829,0,,,0,0,ODD_CELL_UNIQUE
6830,0,360,360,0,1,ODD_CELL_UNIQUE
6831,0,,,0,0,ODD_CELL_UNIQUE
6832,0,,,0,0,ODD_CELL_UNIQUE
6833,0,,,0,0,ODD_CELL_UNIQUE
6834,0,,,0,0,ODD_CELL_UNIQUE
6835,0,,,0,0,ODD_CELL_UNIQUE
6836,0,,,0,0,ODD_CELL_UNIQUE
6837,0,,,0,0,ODD_CELL_UNIQUE
6838,0,,,0,0,ODD_CELL_UNIQUE
6839,0,,,0,0,ODD_CELL_UNIQUE
6840,0,,,0,0,ODD_CELL_UNIQUE
6841,0,,,0,0,ODD_CELL_UNIQUE
6842,0,,,0,0,ODD_CELL_UNIQUE
6843,0,,,0,0,ODD_CELL_UNIQUE
6844,0,,,0,0,ODD_CELL_UNIQUE
6845,0,,,0,0,ODD_CELL_UNIQUE
6846,0,,,0,0,ODD_CELL_UNIQUE
6847,0,,,0,0,ODD_CELL_UNIQUE
6848,0,,,0,0,ODD_CELL_UNIQUE
6849,0,,,0,0,ODD_CELL_UNIQUE
6850,0,,,0,0,ODD_CELL_UNIQUE
6851,0,,,0,0,ODD_CELL_UNIQUE
6852,0,,,0,0,ODD_CELL_UNIQUE
6853,0,,,0,0,ODD_CELL_UNIQUE
6854,0,,,0,0,ODD_CELL_UNIQUE
6855,0,,,0,0,ODD_CELL_UNIQUE
6856,0,,,0,0,ODD_CELL_UNIQUE
6857,0,,,0,0,ODD_CELL_UNIQUE
6858,0,,,0,0,ODD_CELL_UNIQUE
6859,1,361,361,1,0,ODD_CELL_UNIQUE
6860,0,,,0,0,ODD_CELL_UNIQUE
6861,0,,,0,0,ODD_CELL_UNIQUE
6862,0,,,0,0,ODD_CELL_UNIQUE
6863,0,,,0,0,ODD_CELL_UNIQUE
6864,0,,,0,0,ODD_CELL_UNIQUE
6865,0,,,0,0,ODD_CELL_UNIQUE
6866,0,,,0,0,ODD_CELL_UNIQUE
6867,0,,,0,0,ODD_CELL_UNIQUE
6868,0,,,0,0,ODD_CELL_UNIQUE
6869,0,,,0,0,ODD_CELL_UNIQUE
6870,0,,,0,0,ODD_CELL_UNIQUE
6871,0,,,0,0,ODD_CELL_UNIQUE
6872,0,,,0,0,ODD_CELL_UNIQUE
6873,0,,,0,0,ODD_CELL_UNIQUE
6874,0,,,0,0,ODD_CELL_UNIQUE
6875,0,,,0,0,ODD_CELL_UNIQUE
6876,0,,,0,0,ODD_CELL_UNIQUE
6877,0,,,0,0,ODD_CELL_UNIQUE
6878,0,,,0,0,ODD_CELL_UNIQUE
6879,0,,,0,0,ODD_CELL_UNIQUE
6880,0,,,0,0,ODD_CELL_UNIQUE
6881,0,,,0,0,ODD_CELL_UNIQUE
6882,0,,,0,0,ODD_CELL_UNIQUE
6883,0,,,0,0,ODD_CELL_UNIQUE
6884,0,,,0,0,ODD_CELL_UNIQUE
6885,0,,,0,0,ODD_CELL_UNIQUE
6886,0,,,0,0,ODD_CELL_UNIQUE
6887,0,362,362,0,1,ODD_CELL_UNIQUE
6888,0,,,0,0,ODD_CELL_UNIQUE
6889,0,,,0,0,ODD_CELL_UNIQUE
6890,0,,,0,0,ODD_CELL_UNIQUE
6891,0,,,0,0,ODD_CELL_UNIQUE
6892,0,,,0,0,ODD_CELL_UNIQUE
6893,0,,,0,0,ODD_CELL_UNIQUE
6894,0,,,0,0,ODD_CELL_UNIQUE
6895,0,,,0,0,ODD_CELL_UNIQUE
6896,0,,,0,0,ODD_CELL_UNIQUE
6897,0,,,0,0,ODD_CELL_UNIQUE
6898,0,,,0,0,ODD_CELL_UNIQUE
6899,0,,,0,0,ODD_CELL_UNIQUE
6900,0,,,0,0,ODD_CELL_UNIQUE
6901,0,,,0,0,ODD_CELL_UNIQUE
6902,0,,,0,0,ODD_CELL_UNIQUE
6903,0,,,0,0,ODD_CELL_UNIQUE
6904,0,,,0,0,ODD_CELL_UNIQUE
6905,0,,,0,0,ODD_CELL_UNIQUE
6906,0,,,0,0,ODD_CELL_UNIQUE
6907,0,,,0,0,ODD_CELL_UNIQUE
6908,0,,,0,0,ODD_CELL_UNIQUE
6909,0,,,0,0,ODD_CELL_UNIQUE
6910,0,,,0,0,ODD_CELL_UNIQUE
6911,0,,,0,0,ODD_CELL_UNIQUE
6912,0,,,0,0,ODD_CELL_UNIQUE
6913,0,,,0,0,ODD_CELL_UNIQUE
6914,0,,,0,0,ODD_CELL_UNIQUE
6915,0,,,0,0,ODD_CELL_UNIQUE
6916,1,363,363,1,0,ODD_CELL_UNIQUE
6917,0,,,0,0,ODD_CELL_UNIQUE
6918,0,,,0,0,ODD_CELL_UNIQUE
6919,0,,,0,0,ODD_CELL_UNIQUE
6920,0,,,0,0,ODD_CELL_UNIQUE
6921,0,,,0,0,ODD_CELL_UNIQUE
6922,0,,,0,0,ODD_CELL_UNIQUE
6923,0,,,0,0,ODD_CELL_UNIQUE
6924,0,,,0,0,ODD_CELL_UNIQUE
6925,0,,,0,0,ODD_CELL_UNIQUE
6926,0,,,0,0,ODD_CELL_UNIQUE
6927,0,,,0,0,ODD_CELL_UNIQUE
6928,0,,,0,0,ODD_CELL_UNIQUE
6929,0,,,0,0,ODD_CELL_UNIQUE
6930,0,,,0,0,ODD_CELL_UNIQUE
6931,0,,,0,0,ODD_CELL_UNIQUE
6932,0,,,0,0,ODD_CELL_UNIQUE
6933,0,,,0,0,ODD_CELL_UNIQUE
6934,0,,,0,0,ODD_CELL_UNIQUE
6935,0,,,0,0,ODD_CELL_UNIQUE
6936,0,,,0,0,ODD_CELL_UNIQUE
6937,0,,,0,0,ODD_CELL_UNIQUE
6938,0,,,0,0,ODD_CELL_UNIQUE
6939,0,,,0,0,ODD_CELL_UNIQUE
6940,0,,,0,0,ODD_CELL_UNIQUE
6941,0,,,0,0,ODD_CELL_UNIQUE
6942,0,,,0,0,ODD_CELL_UNIQUE
6943,0,,,0,0,ODD_CELL_UNIQUE
6944,0,364,364,0,1,ODD_CELL_UNIQUE
6945,0,,,0,0,ODD_CELL_UNIQUE
6946,0,,,0,0,ODD_CELL_UNIQUE
6947,0,,,0,0,ODD_CELL_UNIQUE
6948,0,,,0,0,ODD_CELL_UNIQUE
6949,0,,,0,0,ODD_CELL_UNIQUE
6950,0,,,0,0,ODD_CELL_UNIQUE
6951,0,,,0,0,ODD_CELL_UNIQUE
6952,0,,,0,0,ODD_CELL_UNIQUE
6953,0,,,0,0,ODD_CELL_UNIQUE
6954,0,,,0,0,ODD_CELL_UNIQUE
6955,0,,,0,0,ODD_CELL_UNIQUE
6956,0,,,0,0,ODD_CELL_UNIQUE
6957,0,,,0,0,ODD_CELL_UNIQUE
6958,0,,,0,0,ODD_CELL_UNIQUE
6959,0,,,0,0,ODD_CELL_UNIQUE
6960,0,,,0,0,ODD_CELL_UNIQUE
6961,0,,,0,0,ODD_CELL_UNIQUE
6962,0,,,0,0,ODD_CELL_UNIQUE
6963,0,,,0,0,ODD_CELL_UNIQUE
6964,0,,,0,0,ODD_CELL_UNIQUE
6965,0,,,0,0,ODD_CELL_UNIQUE
6966,0,,,0,0,ODD_CELL_UNIQUE
6967,0,,,0,0,ODD_CELL_UNIQUE
6968,0,,,0,0,ODD_CELL_UNIQUE
6969,0,,,0,0,ODD_CELL_UNIQUE
6970,0,,,0,0,ODD_CELL_UNIQUE
6971,0,,,0,0,ODD_CELL_UNIQUE
6972,0,,,0,0,ODD_CELL_UNIQUE
6973,1,365,365,1,0,ODD_CELL_UNIQUE
6974,0,,,0,0,ODD_CELL_UNIQUE
6975,0,,,0,0,ODD_CELL_UNIQUE
6976,0,,,0,0,ODD_CELL_UNIQUE
6977,0,,,0,0,ODD_CELL_UNIQUE
6978,0,,,0,0,ODD_CELL_UNIQUE
6979,0,,,0,0,ODD_CELL_UNIQUE
6980,0,,,0,0,ODD_CELL_UNIQUE
6981,0,,,0,0,ODD_CELL_UNIQUE
6982,0,,,0,0,ODD_CELL_UNIQUE
6983,0,,,0,0,ODD_CELL_UNIQUE
6984,0,,,0,0,ODD_CELL_UNIQUE
6985,0,,,0,0,ODD_CELL_UNIQUE
6986,0,,,0,0,ODD_CELL_UNIQUE
6987,0,,,0,0,ODD_CELL_UNIQUE
6988,0,,,0,0,ODD_CELL_UNIQUE
6989,0,,,0,0,ODD_CELL_UNIQUE
6990,0,,,0,0,ODD_CELL_UNIQUE
6991,0,,,0,0,ODD_CELL_UNIQUE
6992,0,,,0,0,ODD_CELL_UNIQUE
6993,0,,,0,0,ODD_CELL_UNIQUE
6994,0,,,0,0,ODD_CELL_UNIQUE
6995,0,,,0,0,ODD_CELL_UNIQUE
6996,0,,,0,0,ODD_CELL_UNIQUE
6997,0,,,0,0,ODD_CELL_UNIQUE
6998,0,,,0,0,ODD_CELL_UNIQUE
6999,0,,,0,0,ODD_CELL_UNIQUE
7000,0,,,0,0,ODD_CELL_UNIQUE
7001,0,366,366,0,1,ODD_CELL_UNIQUE
7002,0,,,0,0,ODD_CELL_UNIQUE
7003,0,,,0,0,ODD_CELL_UNIQUE
7004,0,,,0,0,ODD_CELL_UNIQUE
7005,0,,,0,0,ODD_CELL_UNIQUE
7006,0,,,0,0,ODD_CELL_UNIQUE
7007,0,,,0,0,ODD_CELL_UNIQUE
7008,0,,,0,0,ODD_CELL_UNIQUE
7009,0,,,0,0,ODD_CELL_UNIQUE
7010,0,,,0,0,ODD_CELL_UNIQUE
7011,0,,,0,0,ODD_CELL_UNIQUE
7012,0,,,0,0,ODD_CELL_UNIQUE
7013,0,,,0,0,ODD_CELL_UNIQUE
7014,0,,,0,0,ODD_CELL_UNIQUE
7015,0,,,0,0,ODD_CELL_UNIQUE
7016,0,,,0,0,ODD_CELL_UNIQUE
7017,0,,,0,0,ODD_CELL_UNIQUE
7018,0,,,0,0,ODD_CELL_UNIQUE
7019,0,,,0,0,ODD_CELL_UNIQUE
7020,0,,,0,0,ODD_CELL_UNIQUE
7021,0,,,0,0,ODD_CELL_UNIQUE
7022,0,,,0,0,ODD_CELL_UNIQUE
7023,0,,,0,0,ODD_CELL_UNIQUE
7024,0,,,0,0,ODD_CELL_UNIQUE
7025,0,,,0,0,ODD_CELL_UNIQUE
7026,0,,,0,0,ODD_CELL_UNIQUE
7027,0,,,0,0,ODD_CELL_UNIQUE
7028,0,,,0,0,ODD_CELL_UNIQUE
7029,0,,,0,0,ODD_CELL_UNIQUE
7030,1,367,367,1,0,ODD_CELL_UNIQUE
7031,0,,,0,0,ODD_CELL_UNIQUE
7032,0,,,0,0,ODD_CELL_UNIQUE
7033,0,,,0,0,ODD_CELL_UNIQUE
7034,0,,,0,0,ODD_CELL_UNIQUE
7035,0,,,0,0,ODD_CELL_UNIQUE
7036,0,,,0,0,ODD_CELL_UNIQUE
7037,0,,,0,0,ODD_CELL_UNIQUE
7038,0,,,0,0,ODD_CELL_UNIQUE
7039,0,,,0,0,ODD_CELL_UNIQUE
7040,0,,,0,0,ODD_CELL_UNIQUE
7041,0,,,0,0,ODD_CELL_UNIQUE
7042,0,,,0,0,ODD_CELL_UNIQUE
7043,0,,,0,0,ODD_CELL_UNIQUE
7044,0,,,0,0,ODD_CELL_UNIQUE
7045,0,,,0,0,ODD_CELL_UNIQUE
7046,0,,,0,0,ODD_CELL_UNIQUE
7047,0,,,0,0,ODD_CELL_UNIQUE
7048,0,,,0,0,ODD_CELL_UNIQUE
7049,0,,,0,0,ODD_CELL_UNIQUE
7050,0,,,0,0,ODD_CELL_UNIQUE
7051,0,,,0,0,ODD_CELL_UNIQUE
7052,0,,,0,0,ODD_CELL_UNIQUE
7053,0,,,0,0,ODD_CELL_UNIQUE
7054,0,,,0,0,ODD_CELL_UNIQUE
7055,0,,,0,0,ODD_CELL_UNIQUE
7056,0,,,0,0,ODD_CELL_UNIQUE
7057,0,,,0,0,ODD_CELL_UNIQUE
7058,0,,,0,0,ODD_CELL_UNIQUE
7059,0,368,368,0,1,ODD_CELL_UNIQUE
7060,0,,,0,0,ODD_CELL_UNIQUE
7061,0,,,0,0,ODD_CELL_UNIQUE
7062,0,,,0,0,ODD_CELL_UNIQUE
7063,0,,,0,0,ODD_CELL_UNIQUE
7064,0,,,0,0,ODD_CELL_UNIQUE
7065,0,,,0,0,ODD_CELL_UNIQUE
7066,0,,,0,0,ODD_CELL_UNIQUE
7067,0,,,0,0,ODD_CELL_UNIQUE
7068,0,,,0,0,ODD_CELL_UNIQUE
7069,0,,,0,0,ODD_CELL_UNIQUE
7070,0,,,0,0,ODD_CELL_UNIQUE
7071,0,,,0,0,ODD_CELL_UNIQUE
7072,0,,,0,0,ODD_CELL_UNIQUE
7073,0,,,0,0,ODD_CELL_UNIQUE
7074,0,,,0,0,ODD_CELL_UNIQUE
7075,0,,,0,0,ODD_CELL_UNIQUE
7076,0,,,0,0,ODD_CELL_UNIQUE
7077,0,,,0,0,ODD_CELL_UNIQUE
7078,0,,,0,0,ODD_CELL_UNIQUE
7079,0,,,0,0,ODD_CELL_UNIQUE
7080,0,,,0,0,ODD_CELL_UNIQUE
7081,0,,,0,0,ODD_CELL_UNIQUE
7082,0,,,0,0,ODD_CELL_UNIQUE
7083,0,,,0,0,ODD_CELL_UNIQUE
7084,0,,,0,0,ODD_CELL_UNIQUE
7085,0,,,0,0,ODD_CELL_UNIQUE
7086,0,,,0,0,ODD_CELL_UNIQUE
7087,0,,,0,0,ODD_CELL_UNIQUE
7088,1,369,369,1,0,ODD_CELL_UNIQUE
7089,0,,,0,0,ODD_CELL_UNIQUE
7090,0,,,0,0,ODD_CELL_UNIQUE
7091,0,,,0,0,ODD_CELL_UNIQUE
7092,0,,,0,0,ODD_CELL_UNIQUE
7093,0,,,0,0,ODD_CELL_UNIQUE
7094,0,,,0,0,ODD_CELL_UNIQUE
7095,0,,,0,0,ODD_CELL_UNIQUE
7096,0,,,0,0,ODD_CELL_UNIQUE
7097,0,,,0,0,ODD_CELL_UNIQUE
7098,0,,,0,0,ODD_CELL_UNIQUE
7099,0,,,0,0,ODD_CELL_UNIQUE
7100,0,,,0,0,ODD_CELL_UNIQUE
7101,0,,,0,0,ODD_CELL_UNIQUE
7102,0,,,0,0,ODD_CELL_UNIQUE
7103,0,,,0,0,ODD_CELL_UNIQUE
7104,0,,,0,0,ODD_CELL_UNIQUE
7105,0,,,0,0,ODD_CELL_UNIQUE
7106,0,,,0,0,ODD_CELL_UNIQUE
7107,0,,,0,0,ODD_CELL_UNIQUE
7108,0,,,0,0,ODD_CELL_UNIQUE
7109,0,,,0,0,ODD_CELL_UNIQUE
7110,0,,,0,0,ODD_CELL_UNIQUE
7111,0,,,0,0,ODD_CELL_UNIQUE
7112,0,,,0,0,ODD_CELL_UNIQUE
7113,0,,,0,0,ODD_CELL_UNIQUE
7114,0,,,0,0,ODD_CELL_UNIQUE
7115,0,,,0,0,ODD_CELL_UNIQUE
7116,0,,,0,0,ODD_CELL_UNIQUE
7117,0,370,370,0,1,ODD_CELL_UNIQUE
7118,0,,,0,0,ODD_CELL_UNIQUE
7119,0,,,0,0,ODD_CELL_UNIQUE
7120,0,,,0,0,ODD_CELL_UNIQUE
7121,0,,,0,0,ODD_CELL_UNIQUE
7122,0,,,0,0,ODD_CELL_UNIQUE
7123,0,,,0,0,ODD_CELL_UNIQUE
7124,0,,,0,0,ODD_CELL_UNIQUE
7125,0,,,0,0,ODD_CELL_UNIQUE
7126,0,,,0,0,ODD_CELL_UNIQUE
7127,0,,,0,0,ODD_CELL_UNIQUE
7128,0,,,0,0,ODD_CELL_UNIQUE
7129,0,,,0,0,ODD_CELL_UNIQUE
7130,0,,,0,0,ODD_CELL_UNIQUE
7131,0,,,0,0,ODD_CELL_UNIQUE
7132,0,,,0,0,ODD_CELL_UNIQUE
7133,0,,,0,0,ODD_CELL_UNIQUE
7134,0,,,0,0,ODD_CELL_UNIQUE
7135,0,,,0,0,ODD_CELL_UNIQUE
7136,0,,,0,0,ODD_CELL_UNIQUE
7137,0,,,0,0,ODD_CELL_UNIQUE
7138,0,,,0,0,ODD_CELL_UNIQUE
7139,0,,,0,0,ODD_CELL_UNIQUE
7140,0,,,0,0,ODD_CELL_UNIQUE
7141,0,,,0,0,ODD_CELL_UNIQUE
7142,0,,,0,0,ODD_CELL_UNIQUE
7143,0,,,0,0,ODD_CELL_UNIQUE
7144,0,,,0,0,ODD_CELL_UNIQUE
7145,1,371,371,1,0,ODD_CELL_UNIQUE
7146,0,,,0,0,ODD_CELL_UNIQUE
7147,0,,,0,0,ODD_CELL_UNIQUE
7148,0,,,0,0,ODD_CELL_UNIQUE
7149,0,,,0,0,ODD_CELL_UNIQUE
7150,0,,,0,0,ODD_CELL_UNIQUE
7151,0,,,0,0,ODD_CELL_UNIQUE
7152,0,,,0,0,ODD_CELL_UNIQUE
7153,0,,,0,0,ODD_CELL_UNIQUE
7154,0,,,0,0,ODD_CELL_UNIQUE
7155,0,,,0,0,ODD_CELL_UNIQUE
7156,0,,,0,0,ODD_CELL_UNIQUE
7157,0,,,0,0,ODD_CELL_UNIQUE
7158,0,,,0,0,ODD_CELL_UNIQUE
7159,0,,,0,0,ODD_CELL_UNIQUE
7160,0,,,0,0,ODD_CELL_UNIQUE
7161,0,,,0,0,ODD_CELL_UNIQUE
7162,0,,,0,0,ODD_CELL_UNIQUE
7163,0,,,0,0,ODD_CELL_UNIQUE
7164,0,,,0,0,ODD_CELL_UNIQUE
7165,0,,,0,0,ODD_CELL_UNIQUE
7166,0,,,0,0,ODD_CELL_UNIQUE
7167,0,,,0,0,ODD_CELL_UNIQUE
7168,0,,,0,0,ODD_CELL_UNIQUE
7169,0,,,0,0,ODD_CELL_UNIQUE
7170,0,,,0,0,ODD_CELL_UNIQUE
7171,0,,,0,0,ODD_CELL_UNIQUE
7172,0,,,0,0,ODD_CELL_UNIQUE
7173,0,,,0,0,ODD_CELL_UNIQUE
7174,0,372,372,0,1,ODD_CELL_UNIQUE
7175,0,,,0,0,ODD_CELL_UNIQUE
7176,0,,,0,0,ODD_CELL_UNIQUE
7177,0,,,0,0,ODD_CELL_UNIQUE
7178,0,,,0,0,ODD_CELL_UNIQUE
7179,0,,,0,0,ODD_CELL_UNIQUE
7180,0,,,0,0,ODD_CELL_UNIQUE
7181,0,,,0,0,ODD_CELL_UNIQUE
7182,0,,,0,0,ODD_CELL_UNIQUE
7183,0,,,0,0,ODD_CELL_UNIQUE
7184,0,,,0,0,ODD_CELL_UNIQUE
7185,0,,,0,0,ODD_CELL_UNIQUE
7186,0,,,0,0,ODD_CELL_UNIQUE
7187,0,,,0,0,ODD_CELL_UNIQUE
7188,0,,,0,0,ODD_CELL_UNIQUE
7189,0,,,0,0,ODD_CELL_UNIQUE
7190,0,,,0,0,ODD_CELL_UNIQUE
7191,0,,,0,0,ODD_CELL_UNIQUE
7192,0,,,0,0,ODD_CELL_UNIQUE
7193,0,,,0,0,ODD_CELL_UNIQUE
7194,0,,,0,0,ODD_CELL_UNIQUE
7195,0,,,0,0,ODD_CELL_UNIQUE
7196,0,,,0,0,ODD_CELL_UNIQUE
7197,0,,,0,0,ODD_CELL_UNIQUE
7198,0,,,0,0,ODD_CELL_UNIQUE
7199,0,,,0,0,ODD_CELL_UNIQUE
7200,0,,,0,0,ODD_CELL_UNIQUE
7201,0,,,0,0,ODD_CELL_UNIQUE
7202,0,,,0,0,ODD_CELL_UNIQUE
7203,1,373,373,1,0,ODD_CELL_UNIQUE
7204,0,,,0,0,ODD_CELL_UNIQUE
7205,0,,,0,0,ODD_CELL_UNIQUE
7206,0,,,0,0,ODD_CELL_UNIQUE
7207,0,,,0,0,ODD_CELL_UNIQUE
7208,0,,,0,0,ODD_CELL_UNIQUE
7209,0,,,0,0,ODD_CELL_UNIQUE
7210,0,,,0,0,ODD_CELL_UNIQUE
7211,0,,,0,0,ODD_CELL_UNIQUE
7212,0,,,0,0,ODD_CELL_UNIQUE
7213,0,,,0,0,ODD_CELL_UNIQUE
7214,0,,,0,0,ODD_CELL_UNIQUE
7215,0,,,0,0,ODD_CELL_UNIQUE
7216,0,,,0,0,ODD_CELL_UNIQUE
7217,0,,,0,0,ODD_CELL_UNIQUE
7218,0,,,0,0,ODD_CELL_UNIQUE
7219,0,,,0,0,ODD_CELL_UNIQUE
7220,0,,,0,0,ODD_CELL_UNIQUE
7221,0,,,0,0,ODD_CELL_UNIQUE
7222,0,,,0,0,ODD_CELL_UNIQUE
7223,0,,,0,0,ODD_CELL_UNIQUE
7224,0,,,0,0,ODD_CELL_UNIQUE
7225,0,,,0,0,ODD_CELL_UNIQUE
7226,0,,,0,0,ODD_CELL_UNIQUE
7227,0,,,0,0,ODD_CELL_UNIQUE
7228,0,,,0,0,ODD_CELL_UNIQUE
7229,0,,,0,0,ODD_CELL_UNIQUE
7230,0,,,0,0,ODD_CELL_UNIQUE
7231,0,,,0,0,ODD_CELL_UNIQUE
7232,0,374,374,0,1,ODD_CELL_UNIQUE
7233,0,,,0,0,ODD_CELL_UNIQUE
7234,0,,,0,0,ODD_CELL_UNIQUE
7235,0,,,0,0,ODD_CELL_UNIQUE
7236,0,,,0,0,ODD_CELL_UNIQUE
7237,0,,,0,0,ODD_CELL_UNIQUE
7238,0,,,0,0,ODD_CELL_UNIQUE
7239,0,,,0,0,ODD_CELL_UNIQUE
7240,0,,,0,0,ODD_CELL_UNIQUE
7241,0,,,0,0,ODD_CELL_UNIQUE
7242,0,,,0,0,ODD_CELL_UNIQUE
7243,0,,,0,0,ODD_CELL_UNIQUE
7244,0,,,0,0,ODD_CELL_UNIQUE
7245,0,,,0,0,ODD_CELL_UNIQUE
7246,0,,,0,0,ODD_CELL_UNIQUE
7247,0,,,0,0,ODD_CELL_UNIQUE
7248,0,,,0,0,ODD_CELL_UNIQUE
7249,0,,,0,0,ODD_CELL_UNIQUE
7250,0,,,0,0,ODD_CELL_UNIQUE
7251,0,,,0,0,ODD_CELL_UNIQUE
7252,0,,,0,0,ODD_CELL_UNIQUE
7253,0,,,0,0,ODD_CELL_UNIQUE
7254,0,,,0,0,ODD_CELL_UNIQUE
7255,0,,,0,0,ODD_CELL_UNIQUE
7256,0,,,0,0,ODD_CELL_UNIQUE
7257,0,,,0,0,ODD_CELL_UNIQUE
7258,0,,,0,0,ODD_CELL_UNIQUE
7259,0,,,0,0,ODD_CELL_UNIQUE
7260,0,,,0,0,ODD_CELL_UNIQUE
7261,1,375,375,1,0,ODD_CELL_UNIQUE
7262,0,,,0,0,ODD_CELL_UNIQUE
7263,0,,,0,0,ODD_CELL_UNIQUE
7264,0,,,0,0,ODD_CELL_UNIQUE
7265,0,,,0,0,ODD_CELL_UNIQUE
7266,0,,,0,0,ODD_CELL_UNIQUE
7267,0,,,0,0,ODD_CELL_UNIQUE
7268,0,,,0,0,ODD_CELL_UNIQUE
7269,0,,,0,0,ODD_CELL_UNIQUE
7270,0,,,0,0,ODD_CELL_UNIQUE
7271,0,,,0,0,ODD_CELL_UNIQUE
7272,0,,,0,0,ODD_CELL_UNIQUE
7273,0,,,0,0,ODD_CELL_UNIQUE
7274,0,,,0,0,ODD_CELL_UNIQUE
7275,0,,,0,0,ODD_CELL_UNIQUE
7276,0,,,0,0,ODD_CELL_UNIQUE
7277,0,,,0,0,ODD_CELL_UNIQUE
7278,0,,,0,0,ODD_CELL_UNIQUE
7279,0,,,0,0,ODD_CELL_UNIQUE
7280,0,,,0,0,ODD_CELL_UNIQUE
7281,0,,,0,0,ODD_CELL_UNIQUE
7282,0,,,0,0,ODD_CELL_UNIQUE
7283,0,,,0,0,ODD_CELL_UNIQUE
7284,0,,,0,0,ODD_CELL_UNIQUE
7285,0,,,0,0,ODD_CELL_UNIQUE
7286,0,,,0,0,ODD_CELL_UNIQUE
7287,0,,,0,0,ODD_CELL_UNIQUE
7288,0,,,0,0,ODD_CELL_UNIQUE
7289,0,,,0,0,ODD_CELL_UNIQUE
7290,0,376,376,0,1,ODD_CELL_UNIQUE
7291,0,,,0,0,ODD_CELL_UNIQUE
7292,0,,,0,0,ODD_CELL_UNIQUE
7293,0,,,0,0,ODD_CELL_UNIQUE
7294,0,,,0,0,ODD_CELL_UNIQUE
7295,0,,,0,0,ODD_CELL_UNIQUE
7296,0,,,0,0,ODD_CELL_UNIQUE
7297,0,,,0,0,ODD_CELL_UNIQUE
7298,0,,,0,0,ODD_CELL_UNIQUE
7299,0,,,0,0,ODD_CELL_UNIQUE
7300,0,,,0,0,ODD_CELL_UNIQUE
7301,0,,,0,0,ODD_CELL_UNIQUE
7302,0,,,0,0,ODD_CELL_UNIQUE
7303,0,,,0,0,ODD_CELL_UNIQUE
7304,0,,,0,0,ODD_CELL_UNIQUE
7305,0,,,0,0,ODD_CELL_UNIQUE
7306,0,,,0,0,ODD_CELL_UNIQUE
7307,0,,,0,0,ODD_CELL_UNIQUE
7308,0,,,0,0,ODD_CELL_UNIQUE
7309,0,,,0,0,ODD_CELL_UNIQUE
7310,0,,,0,0,ODD_CELL_UNIQUE
7311,0,,,0,0,ODD_CELL_UNIQUE
7312,0,,,0,0,ODD_CELL_UNIQUE
7313,0,,,0,0,ODD_CELL_UNIQUE
7314,0,,,0,0,ODD_CELL_UNIQUE
7315,0,,,0,0,ODD_CELL_UNIQUE
7316,0,,,0,0,ODD_CELL_UNIQUE
7317,0,,,0,0,ODD_CELL_UNIQUE
7318,0,,,0,0,ODD_CELL_UNIQUE
7319,0,,,0,0,ODD_CELL_UNIQUE
7320,1,377,377,1,0,ODD_CELL_UNIQUE
7321,0,,,0,0,ODD_CELL_UNIQUE
7322,0,,,0,0,ODD_CELL_UNIQUE
7323,0,,,0,0,ODD_CELL_UNIQUE
7324,0,,,0,0,ODD_CELL_UNIQUE
7325,0,,,0,0,ODD_CELL_UNIQUE
7326,0,,,0,0,ODD_CELL_UNIQUE
7327,0,,,0,0,ODD_CELL_UNIQUE
7328,0,,,0,0,ODD_CELL_UNIQUE
7329,0,,,0,0,ODD_CELL_UNIQUE
7330,0,,,0,0,ODD_CELL_UNIQUE
7331,0,,,0,0,ODD_CELL_UNIQUE
7332,0,,,0,0,ODD_CELL_UNIQUE
7333,0,,,0,0,ODD_CELL_UNIQUE
7334,0,,,0,0,ODD_CELL_UNIQUE
7335,0,,,0,0,ODD_CELL_UNIQUE
7336,0,,,0,0,ODD_CELL_UNIQUE
7337,0,,,0,0,ODD_CELL_UNIQUE
7338,0,,,0,0,ODD_CELL_UNIQUE
7339,0,,,0,0,ODD_CELL_UNIQUE
7340,0,,,0,0,ODD_CELL_UNIQUE
7341,0,,,0,0,ODD_CELL_UNIQUE
7342,0,,,0,0,ODD_CELL_UNIQUE
7343,0,,,0,0,ODD_CELL_UNIQUE
7344,0,,,0,0,ODD_CELL_UNIQUE
7345,0,,,0,0,ODD_CELL_UNIQUE
7346,0,,,0,0,ODD_CELL_UNIQUE
7347,0,,,0,0,ODD_CELL_UNIQUE
7348,0,,,0,0,ODD_CELL_UNIQUE
7349,0,378,378,0,1,ODD_CELL_UNIQUE
7350,0,,,0,0,ODD_CELL_UNIQUE
7351,0,,,0,0,ODD_CELL_UNIQUE
7352,0,,,0,0,ODD_CELL_UNIQUE
7353,0,,,0,0,ODD_CELL_UNIQUE
7354,0,,,0,0,ODD_CELL_UNIQUE
7355,0,,,0,0,ODD_CELL_UNIQUE
7356,0,,,0,0,ODD_CELL_UNIQUE
7357,0,,,0,0,ODD_CELL_UNIQUE
7358,0,,,0,0,ODD_CELL_UNIQUE
7359,0,,,0,0,ODD_CELL_UNIQUE
7360,0,,,0,0,ODD_CELL_UNIQUE
7361,0,,,0,0,ODD_CELL_UNIQUE
7362,0,,,0,0,ODD_CELL_UNIQUE
7363,0,,,0,0,ODD_CELL_UNIQUE
7364,0,,,0,0,ODD_CELL_UNIQUE
7365,0,,,0,0,ODD_CELL_UNIQUE
7366,0,,,0,0,ODD_CELL_UNIQUE
7367,0,,,0,0,ODD_CELL_UNIQUE
7368,0,,,0,0,ODD_CELL_UNIQUE
7369,0,,,0,0,ODD_CELL_UNIQUE
7370,0,,,0,0,ODD_CELL_UNIQUE
7371,0,,,0,0,ODD_CELL_UNIQUE
7372,0,,,0,0,ODD_CELL_UNIQUE
7373,0,,,0,0,ODD_CELL_UNIQUE
7374,0,,,0,0,ODD_CELL_UNIQUE
7375,0,,,0,0,ODD_CELL_UNIQUE
7376,0,,,0,0,ODD_CELL_UNIQUE
7377,0,,,0,0,ODD_CELL_UNIQUE
7378,1,379,379,1,0,ODD_CELL_UNIQUE
7379,0,,,0,0,ODD_CELL_UNIQUE
7380,0,,,0,0,ODD_CELL_UNIQUE
7381,0,,,0,0,ODD_CELL_UNIQUE
7382,0,,,0,0,ODD_CELL_UNIQUE
7383,0,,,0,0,ODD_CELL_UNIQUE
7384,0,,,0,0,ODD_CELL_UNIQUE
7385,0,,,0,0,ODD_CELL_UNIQUE
7386,0,,,0,0,ODD_CELL_UNIQUE
7387,0,,,0,0,ODD_CELL_UNIQUE
7388,0,,,0,0,ODD_CELL_UNIQUE
7389,0,,,0,0,ODD_CELL_UNIQUE
7390,0,,,0,0,ODD_CELL_UNIQUE
7391,0,,,0,0,ODD_CELL_UNIQUE
7392,0,,,0,0,ODD_CELL_UNIQUE
7393,0,,,0,0,ODD_CELL_UNIQUE
7394,0,,,0,0,ODD_CELL_UNIQUE
7395,0,,,0,0,ODD_CELL_UNIQUE
7396,0,,,0,0,ODD_CELL_UNIQUE
7397,0,,,0,0,ODD_CELL_UNIQUE
7398,0,,,0,0,ODD_CELL_UNIQUE
7399,0,,,0,0,ODD_CELL_UNIQUE
7400,0,,,0,0,ODD_CELL_UNIQUE
7401,0,,,0,0,ODD_CELL_UNIQUE
7402,0,,,0,0,ODD_CELL_UNIQUE
7403,0,,,0,0,ODD_CELL_UNIQUE
7404,0,,,0,0,ODD_CELL_UNIQUE
7405,0,,,0,0,ODD_CELL_UNIQUE
7406,0,,,0,0,ODD_CELL_UNIQUE
7407,0,380,380,0,1,ODD_CELL_UNIQUE
7408,0,,,0,0,ODD_CELL_UNIQUE
7409,0,,,0,0,ODD_CELL_UNIQUE
7410,0,,,0,0,ODD_CELL_UNIQUE
7411,0,,,0,0,ODD_CELL_UNIQUE
7412,0,,,0,0,ODD_CELL_UNIQUE
7413,0,,,0,0,ODD_CELL_UNIQUE
7414,0,,,0,0,ODD_CELL_UNIQUE
7415,0,,,0,0,ODD_CELL_UNIQUE
7416,0,,,0,0,ODD_CELL_UNIQUE
7417,0,,,0,0,ODD_CELL_UNIQUE
7418,0,,,0,0,ODD_CELL_UNIQUE
7419,0,,,0,0,ODD_CELL_UNIQUE
7420,0,,,0,0,ODD_CELL_UNIQUE
7421,0,,,0,0,ODD_CELL_UNIQUE
7422,0,,,0,0,ODD_CELL_UNIQUE
7423,0,,,0,0,ODD_CELL_UNIQUE
7424,0,,,0,0,ODD_CELL_UNIQUE
7425,0,,,0,0,ODD_CELL_UNIQUE
7426,0,,,0,0,ODD_CELL_UNIQUE
7427,0,,,0,0,ODD_CELL_UNIQUE
7428,0,,,0,0,ODD_CELL_UNIQUE
7429,0,,,0,0,ODD_CELL_UNIQUE
7430,0,,,0,0,ODD_CELL_UNIQUE
7431,0,,,0,0,ODD_CELL_UNIQUE
7432,0,,,0,0,ODD_CELL_UNIQUE
7433,0,,,0,0,ODD_CELL_UNIQUE
7434,0,,,0,0,ODD_CELL_UNIQUE
7435,0,,,0,0,ODD_CELL_UNIQUE
7436,1,381,381,1,0,ODD_CELL_UNIQUE
7437,0,,,0,0,ODD_CELL_UNIQUE
7438,0,,,0,0,ODD_CELL_UNIQUE
7439,0,,,0,0,ODD_CELL_UNIQUE
7440,0,,,0,0,ODD_CELL_UNIQUE
7441,0,,,0,0,ODD_CELL_UNIQUE
7442,0,,,0,0,ODD_CELL_UNIQUE
7443,0,,,0,0,ODD_CELL_UNIQUE
7444,0,,,0,0,ODD_CELL_UNIQUE
7445,0,,,0,0,ODD_CELL_UNIQUE
7446,0,,,0,0,ODD_CELL_UNIQUE
7447,0,,,0,0,ODD_CELL_UNIQUE
7448,0,,,0,0,ODD_CELL_UNIQUE
7449,0,,,0,0,ODD_CELL_UNIQUE
7450,0,,,0,0,ODD_CELL_UNIQUE
7451,0,,,0,0,ODD_CELL_UNIQUE
7452,0,,,0,0,ODD_CELL_UNIQUE
7453,0,,,0,0,ODD_CELL_UNIQUE
7454,0,,,0,0,ODD_CELL_UNIQUE
7455,0,,,0,0,ODD_CELL_UNIQUE
7456,0,,,0,0,ODD_CELL_UNIQUE
7457,0,,,0,0,ODD_CELL_UNIQUE
7458,0,,,0,0,ODD_CELL_UNIQUE
7459,0,,,0,0,ODD_CELL_UNIQUE
7460,0,,,0,0,ODD_CELL_UNIQUE
7461,0,,,0,0,ODD_CELL_UNIQUE
7462,0,,,0,0,ODD_CELL_UNIQUE
7463,0,,,0,0,ODD_CELL_UNIQUE
7464,0,,,0,0,ODD_CELL_UNIQUE
7465,0,,,0,0,ODD_CELL_UNIQUE
7466,0,382,382,0,1,ODD_CELL_UNIQUE
7467,0,,,0,0,ODD_CELL_UNIQUE
7468,0,,,0,0,ODD_CELL_UNIQUE
7469,0,,,0,0,ODD_CELL_UNIQUE
7470,0,,,0,0,ODD_CELL_UNIQUE
7471,0,,,0,0,ODD_CELL_UNIQUE
7472,0,,,0,0,ODD_CELL_UNIQUE
7473,0,,,0,0,ODD_CELL_UNIQUE
7474,0,,,0,0,ODD_CELL_UNIQUE
7475,0,,,0,0,ODD_CELL_UNIQUE
7476,0,,,0,0,ODD_CELL_UNIQUE
7477,0,,,0,0,ODD_CELL_UNIQUE
7478,0,,,0,0,ODD_CELL_UNIQUE
7479,0,,,0,0,ODD_CELL_UNIQUE
7480,0,,,0,0,ODD_CELL_UNIQUE
7481,0,,,0,0,ODD_CELL_UNIQUE
7482,0,,,0,0,ODD_CELL_UNIQUE
7483,0,,,0,0,ODD_CELL_UNIQUE
7484,0,,,0,0,ODD_CELL_UNIQUE
7485,0,,,0,0,ODD_CELL_UNIQUE
7486,0,,,0,0,ODD_CELL_UNIQUE
7487,0,,,0,0,ODD_CELL_UNIQUE
7488,0,,,0,0,ODD_CELL_UNIQUE
7489,0,,,0,0,ODD_CELL_UNIQUE
7490,0,,,0,0,ODD_CELL_UNIQUE
7491,0,,,0,0,ODD_CELL_UNIQUE
7492,0,,,0,0,ODD_CELL_UNIQUE
7493,0,,,0,0,ODD_CELL_UNIQUE
7494,0,,,0,0,ODD_CELL_UNIQUE
7495,1,383,383,1,0,ODD_CELL_UNIQUE
7496,0,,,0,0,ODD_CELL_UNIQUE
7497,0,,,0,0,ODD_CELL_UNIQUE
7498,0,,,0,0,ODD_CELL_UNIQUE
7499,0,,,0,0,ODD_CELL_UNIQUE
7500,0,,,0,0,ODD_CELL_UNIQUE
7501,0,,,0,0,ODD_CELL_UNIQUE
7502,0,,,0,0,ODD_CELL_UNIQUE
7503,0,,,0,0,ODD_CELL_UNIQUE
7504,0,,,0,0,ODD_CELL_UNIQUE
7505,0,,,0,0,ODD_CELL_UNIQUE
7506,0,,,0,0,ODD_CELL_UNIQUE
7507,0,,,0,0,ODD_CELL_UNIQUE
7508,0,,,0,0,ODD_CELL_UNIQUE
7509,0,,,0,0,ODD_CELL_UNIQUE
7510,0,,,0,0,ODD_CELL_UNIQUE
7511,0,,,0,0,ODD_CELL_UNIQUE
7512,0,,,0,0,ODD_CELL_UNIQUE
7513,0,,,0,0,ODD_CELL_UNIQUE
7514,0,,,0,0,ODD_CELL_UNIQUE
7515,0,,,0,0,ODD_CELL_UNIQUE
7516,0,,,0,0,ODD_CELL_UNIQUE
7517,0,,,0,0,ODD_CELL_UNIQUE
7518,0,,,0,0,ODD_CELL_UNIQUE
7519,0,,,0,0,ODD_CELL_UNIQUE
7520,0,,,0,0,ODD_CELL_UNIQUE
7521,0,,,0,0,ODD_CELL_UNIQUE
7522,0,,,0,0,ODD_CELL_UNIQUE
7523,0,,,0,0,ODD_CELL_UNIQUE
7524,0,384,384,0,1,ODD_CELL_UNIQUE
7525,0,,,0,0,ODD_CELL_UNIQUE
7526,0,,,0,0,ODD_CELL_UNIQUE
7527,0,,,0,0,ODD_CELL_UNIQUE
7528,0,,,0,0,ODD_CELL_UNIQUE
7529,0,,,0,0,ODD_CELL_UNIQUE
7530,0,,,0,0,ODD_CELL_UNIQUE
7531,0,,,0,0,ODD_CELL_UNIQUE
7532,0,,,0,0,ODD_CELL_UNIQUE
7533,0,,,0,0,ODD_CELL_UNIQUE
7534,0,,,0,0,ODD_CELL_UNIQUE
7535,0,,,0,0,ODD_CELL_UNIQUE
7536,0,,,0,0,ODD_CELL_UNIQUE
7537,0,,,0,0,ODD_CELL_UNIQUE
7538,0,,,0,0,ODD_CELL_UNIQUE
7539,0,,,0,0,ODD_CELL_UNIQUE
7540,0,,,0,0,ODD_CELL_UNIQUE
7541,0,,,0,0,ODD_CELL_UNIQUE
7542,0,,,0,0,ODD_CELL_UNIQUE
7543,0,,,0,0,ODD_CELL_UNIQUE
7544,0,,,0,0,ODD_CELL_UNIQUE
7545,0,,,0,0,ODD_CELL_UNIQUE
7546,0,,,0,0,ODD_CELL_UNIQUE
7547,0,,,0,0,ODD_CELL_UNIQUE
7548,0,,,0,0,ODD_CELL_UNIQUE
7549,0,,,0,0,ODD_CELL_UNIQUE
7550,0,,,0,0,ODD_CELL_UNIQUE
7551,0,,,0,0,ODD_CELL_UNIQUE
7552,0,,,0,0,ODD_CELL_UNIQUE
7553,0,,,0,0,ODD_CELL_UNIQUE
7554,1,385,385,1,0,ODD_CELL_UNIQUE
7555,0,,,0,0,ODD_CELL_UNIQUE
7556,0,,,0,0,ODD_CELL_UNIQUE
7557,0,,,0,0,ODD_CELL_UNIQUE
7558,0,,,0,0,ODD_CELL_UNIQUE
7559,0,,,0,0,ODD_CELL_UNIQUE
7560,0,,,0,0,ODD_CELL_UNIQUE
7561,0,,,0,0,ODD_CELL_UNIQUE
7562,0,,,0,0,ODD_CELL_UNIQUE
7563,0,,,0,0,ODD_CELL_UNIQUE
7564,0,,,0,0,ODD_CELL_UNIQUE
7565,0,,,0,0,ODD_CELL_UNIQUE
7566,0,,,0,0,ODD_CELL_UNIQUE
7567,0,,,0,0,ODD_CELL_UNIQUE
7568,0,,,0,0,ODD_CELL_UNIQUE
7569,0,,,0,0,ODD_CELL_UNIQUE
7570,0,,,0,0,ODD_CELL_UNIQUE
7571,0,,,0,0,ODD_CELL_UNIQUE
7572,0,,,0,0,ODD_CELL_UNIQUE
7573,0,,,0,0,ODD_CELL_UNIQUE
7574,0,,,0,0,ODD_CELL_UNIQUE
7575,0,,,0,0,ODD_CELL_UNIQUE
7576,0,,,0,0,ODD_CELL_UNIQUE
7577,0,,,0,0,ODD_CELL_UNIQUE
7578,0,,,0,0,ODD_CELL_UNIQUE
7579,0,,,0,0,ODD_CELL_UNIQUE
7580,0,,,0,0,ODD_CELL_UNIQUE
7581,0,,,0,0,ODD_CELL_UNIQUE
7582,0,,,0,0,ODD_CELL_UNIQUE
7583,0,386,386,0,1,ODD_CELL_UNIQUE
7584,0,,,0,0,ODD_CELL_UNIQUE
7585,0,,,0,0,ODD_CELL_UNIQUE
7586,0,,,0,0,ODD_CELL_UNIQUE
7587,0,,,0,0,ODD_CELL_UNIQUE
7588,0,,,0,0,ODD_CELL_UNIQUE
7589,0,,,0,0,ODD_CELL_UNIQUE
7590,0,,,0,0,ODD_CELL_UNIQUE
7591,0,,,0,0,ODD_CELL_UNIQUE
7592,0,,,0,0,ODD_CELL_UNIQUE
7593,0,,,0,0,ODD_CELL_UNIQUE
7594,0,,,0,0,ODD_CELL_UNIQUE
7595,0,,,0,0,ODD_CELL_UNIQUE
7596,0,,,0,0,ODD_CELL_UNIQUE
7597,0,,,0,0,ODD_CELL_UNIQUE
7598,0,,,0,0,ODD_CELL_UNIQUE
7599,0,,,0,0,ODD_CELL_UNIQUE
7600,0,,,0,0,ODD_CELL_UNIQUE
7601,0,,,0,0,ODD_CELL_UNIQUE
7602,0,,,0,0,ODD_CELL_UNIQUE
7603,0,,,0,0,ODD_CELL_UNIQUE
7604,0,,,0,0,ODD_CELL_UNIQUE
7605,0,,,0,0,ODD_CELL_UNIQUE
7606,0,,,0,0,ODD_CELL_UNIQUE
7607,0,,,0,0,ODD_CELL_UNIQUE
7608,0,,,0,0,ODD_CELL_UNIQUE
7609,0,,,0,0,ODD_CELL_UNIQUE
7610,0,,,0,0,ODD_CELL_UNIQUE
7611,0,,,0,0,ODD_CELL_UNIQUE
7612,0,,,0,0,ODD_CELL_UNIQUE
7613,1,387,387,1,0,ODD_CELL_UNIQUE
7614,0,,,0,0,ODD_CELL_UNIQUE
7615,0,,,0,0,ODD_CELL_UNIQUE
7616,0,,,0,0,ODD_CELL_UNIQUE
7617,0,,,0,0,ODD_CELL_UNIQUE
7618,0,,,0,0,ODD_CELL_UNIQUE
7619,0,,,0,0,ODD_CELL_UNIQUE
7620,0,,,0,0,ODD_CELL_UNIQUE
7621,0,,,0,0,ODD_CELL_UNIQUE
7622,0,,,0,0,ODD_CELL_UNIQUE
7623,0,,,0,0,ODD_CELL_UNIQUE
7624,0,,,0,0,ODD_CELL_UNIQUE
7625,0,,,0,0,ODD_CELL_UNIQUE
7626,0,,,0,0,ODD_CELL_UNIQUE
7627,0,,,0,0,ODD_CELL_UNIQUE
7628,0,,,0,0,ODD_CELL_UNIQUE
7629,0,,,0,0,ODD_CELL_UNIQUE
7630,0,,,0,0,ODD_CELL_UNIQUE
7631,0,,,0,0,ODD_CELL_UNIQUE
7632,0,,,0,0,ODD_CELL_UNIQUE
7633,0,,,0,0,ODD_CELL_UNIQUE
7634,0,,,0,0,ODD_CELL_UNIQUE
7635,0,,,0,0,ODD_CELL_UNIQUE
7636,0,,,0,0,ODD_CELL_UNIQUE
7637,0,,,0,0,ODD_CELL_UNIQUE
7638,0,,,0,0,ODD_CELL_UNIQUE
7639,0,,,0,0,ODD_CELL_UNIQUE
7640,0,,,0,0,ODD_CELL_UNIQUE
7641,0,,,0,0,ODD_CELL_UNIQUE
7642,0,388,388,0,1,ODD_CELL_UNIQUE
7643,0,,,0,0,ODD_CELL_UNIQUE
7644,0,,,0,0,ODD_CELL_UNIQUE
7645,0,,,0,0,ODD_CELL_UNIQUE
7646,0,,,0,0,ODD_CELL_UNIQUE
7647,0,,,0,0,ODD_CELL_UNIQUE
7648,0,,,0,0,ODD_CELL_UNIQUE
7649,0,,,0,0,ODD_CELL_UNIQUE
7650,0,,,0,0,ODD_CELL_UNIQUE
7651,0,,,0,0,ODD_CELL_UNIQUE
7652,0,,,0,0,ODD_CELL_UNIQUE
7653,0,,,0,0,ODD_CELL_UNIQUE
7654,0,,,0,0,ODD_CELL_UNIQUE
7655,0,,,0,0,ODD_CELL_UNIQUE
7656,0,,,0,0,ODD_CELL_UNIQUE
7657,0,,,0,0,ODD_CELL_UNIQUE
7658,0,,,0,0,ODD_CELL_UNIQUE
7659,0,,,0,0,ODD_CELL_UNIQUE
7660,0,,,0,0,ODD_CELL_UNIQUE
7661,0,,,0,0,ODD_CELL_UNIQUE
7662,0,,,0,0,ODD_CELL_UNIQUE
7663,0,,,0,0,ODD_CELL_UNIQUE
7664,0,,,0,0,ODD_CELL_UNIQUE
7665,0,,,0,0,ODD_CELL_UNIQUE
7666,0,,,0,0,ODD_CELL_UNIQUE
7667,0,,,0,0,ODD_CELL_UNIQUE
7668,0,,,0,0,ODD_CELL_UNIQUE
7669,0,,,0,0,ODD_CELL_UNIQUE
7670,0,,,0,0,ODD_CELL_UNIQUE
7671,0,,,0,0,ODD_CELL_UNIQUE
7672,1,389,389,1,0,ODD_CELL_UNIQUE
7673,0,,,0,0,ODD_CELL_UNIQUE
7674,0,,,0,0,ODD_CELL_UNIQUE
7675,0,,,0,0,ODD_CELL_UNIQUE
7676,0,,,0,0,ODD_CELL_UNIQUE
7677,0,,,0,0,ODD_CELL_UNIQUE
7678,0,,,0,0,ODD_CELL_UNIQUE
7679,0,,,0,0,ODD_CELL_UNIQUE
7680,0,,,0,0,ODD_CELL_UNIQUE
7681,0,,,0,0,ODD_CELL_UNIQUE
7682,0,,,0,0,ODD_CELL_UNIQUE
7683,0,,,0,0,ODD_CELL_UNIQUE
7684,0,,,0,0,ODD_CELL_UNIQUE
7685,0,,,0,0,ODD_CELL_UNIQUE
7686,0,,,0,0,ODD_CELL_UNIQUE
7687,0,,,0,0,ODD_CELL_UNIQUE
7688,0,,,0,0,ODD_CELL_UNIQUE
7689,0,,,0,0,ODD_CELL_UNIQUE
7690,0,,,0,0,ODD_CELL_UNIQUE
7691,0,,,0,0,ODD_CELL_UNIQUE
7692,0,,,0,0,ODD_CELL_UNIQUE
7693,0,,,0,0,ODD_CELL_UNIQUE
7694,0,,,0,0,ODD_CELL_UNIQUE
7695,0,,,0,0,ODD_CELL_UNIQUE
7696,0,,,0,0,ODD_CELL_UNIQUE
7697,0,,,0,0,ODD_CELL_UNIQUE
7698,0,,,0,0,ODD_CELL_UNIQUE
7699,0,,,0,0,ODD_CELL_UNIQUE
7700,0,,,0,0,ODD_CELL_UNIQUE
7701,0,390,390,0,1,ODD_CELL_UNIQUE
7702,0,,,0,0,ODD_CELL_UNIQUE
7703,0,,,0,0,ODD_CELL_UNIQUE
7704,0,,,0,0,ODD_CELL_UNIQUE
7705,0,,,0,0,ODD_CELL_UNIQUE
7706,0,,,0,0,ODD_CELL_UNIQUE
7707,0,,,0,0,ODD_CELL_UNIQUE
7708,0,,,0,0,ODD_CELL_UNIQUE
7709,0,,,0,0,ODD_CELL_UNIQUE
7710,0,,,0,0,ODD_CELL_UNIQUE
7711,0,,,0,0,ODD_CELL_UNIQUE
7712,0,,,0,0,ODD_CELL_UNIQUE
7713,0,,,0,0,ODD_CELL_UNIQUE
7714,0,,,0,0,ODD_CELL_UNIQUE
7715,0,,,0,0,ODD_CELL_UNIQUE
7716,0,,,0,0,ODD_CELL_UNIQUE
7717,0,,,0,0,ODD_CELL_UNIQUE
7718,0,,,0,0,ODD_CELL_UNIQUE
7719,0,,,0,0,ODD_CELL_UNIQUE
7720,0,,,0,0,ODD_CELL_UNIQUE
7721,0,,,0,0,ODD_CELL_UNIQUE
7722,0,,,0,0,ODD_CELL_UNIQUE
7723,0,,,0,0,ODD_CELL_UNIQUE
7724,0,,,0,0,ODD_CELL_UNIQUE
7725,0,,,0,0,ODD_CELL_UNIQUE
7726,0,,,0,0,ODD_CELL_UNIQUE
7727,0,,,0,0,ODD_CELL_UNIQUE
7728,0,,,0,0,ODD_CELL_UNIQUE
7729,0,,,0,0,ODD_CELL_UNIQUE
7730,0,,,0,0,ODD_CELL_UNIQUE
7731,1,391,391,1,0,ODD_CELL_UNIQUE
7732,0,,,0,0,ODD_CELL_UNIQUE
7733,0,,,0,0,ODD_CELL_UNIQUE
7734,0,,,0,0,ODD_CELL_UNIQUE
7735,0,,,0,0,ODD_CELL_UNIQUE
7736,0,,,0,0,ODD_CELL_UNIQUE
7737,0,,,0,0,ODD_CELL_UNIQUE
7738,0,,,0,0,ODD_CELL_UNIQUE
7739,0,,,0,0,ODD_CELL_UNIQUE
7740,0,,,0,0,ODD_CELL_UNIQUE
7741,0,,,0,0,ODD_CELL_UNIQUE
7742,0,,,0,0,ODD_CELL_UNIQUE
7743,0,,,0,0,ODD_CELL_UNIQUE
7744,0,,,0,0,ODD_CELL_UNIQUE
7745,0,,,0,0,ODD_CELL_UNIQUE
7746,0,,,0,0,ODD_CELL_UNIQUE
7747,0,,,0,0,ODD_CELL_UNIQUE
7748,0,,,0,0,ODD_CELL_UNIQUE
7749,0,,,0,0,ODD_CELL_UNIQUE
7750,0,,,0,0,ODD_CELL_UNIQUE
7751,0,,,0,0,ODD_CELL_UNIQUE
7752,0,,,0,0,ODD_CELL_UNIQUE
7753,0,,,0,0,ODD_CELL_UNIQUE
7754,0,,,0,0,ODD_CELL_UNIQUE
7755,0,,,0,0,ODD_CELL_UNIQUE
7756,0,,,0,0,ODD_CELL_UNIQUE
7757,0,,,0,0,ODD_CELL_UNIQUE
7758,0,,,0,0,ODD_CELL_UNIQUE
7759,0,,,0,0,ODD_CELL_UNIQUE
7760,0,,,0,0,ODD_CELL_UNIQUE
7761,0,392,392,0,1,ODD_CELL_UNIQUE
7762,0,,,0,0,ODD_CELL_UNIQUE
7763,0,,,0,0,ODD_CELL_UNIQUE
7764,0,,,0,0,ODD_CELL_UNIQUE
7765,0,,,0,0,ODD_CELL_UNIQUE
7766,0,,,0,0,ODD_CELL_UNIQUE
7767,0,,,0,0,ODD_CELL_UNIQUE
7768,0,,,0,0,ODD_CELL_UNIQUE
7769,0,,,0,0,ODD_CELL_UNIQUE
7770,0,,,0,0,ODD_CELL_UNIQUE
7771,0,,,0,0,ODD_CELL_UNIQUE
7772,0,,,0,0,ODD_CELL_UNIQUE
7773,0,,,0,0,ODD_CELL_UNIQUE
7774,0,,,0,0,ODD_CELL_UNIQUE
7775,0,,,0,0,ODD_CELL_UNIQUE
7776,0,,,0,0,ODD_CELL_UNIQUE
7777,0,,,0,0,ODD_CELL_UNIQUE
7778,0,,,0,0,ODD_CELL_UNIQUE
7779,0,,,0,0,ODD_CELL_UNIQUE
7780,0,,,0,0,ODD_CELL_UNIQUE
7781,0,,,0,0,ODD_CELL_UNIQUE
7782,0,,,0,0,ODD_CELL_UNIQUE
7783,0,,,0,0,ODD_CELL_UNIQUE
7784,0,,,0,0,ODD_CELL_UNIQUE
7785,0,,,0,0,ODD_CELL_UNIQUE
7786,0,,,0,0,ODD_CELL_UNIQUE
7787,0,,,0,0,ODD_CELL_UNIQUE
7788,0,,,0,0,ODD_CELL_UNIQUE
7789,0,,,0,0,ODD_CELL_UNIQUE
7790,1,393,393,1,0,ODD_CELL_UNIQUE
7791,0,,,0,0,ODD_CELL_UNIQUE
7792,0,,,0,0,ODD_CELL_UNIQUE
7793,0,,,0,0,ODD_CELL_UNIQUE
7794,0,,,0,0,ODD_CELL_UNIQUE
7795,0,,,0,0,ODD_CELL_UNIQUE
7796,0,,,0,0,ODD_CELL_UNIQUE
7797,0,,,0,0,ODD_CELL_UNIQUE
7798,0,,,0,0,ODD_CELL_UNIQUE
7799,0,,,0,0,ODD_CELL_UNIQUE
7800,0,,,0,0,ODD_CELL_UNIQUE
7801,0,,,0,0,ODD_CELL_UNIQUE
7802,0,,,0,0,ODD_CELL_UNIQUE
7803,0,,,0,0,ODD_CELL_UNIQUE
7804,0,,,0,0,ODD_CELL_UNIQUE
7805,0,,,0,0,ODD_CELL_UNIQUE
7806,0,,,0,0,ODD_CELL_UNIQUE
7807,0,,,0,0,ODD_CELL_UNIQUE
7808,0,,,0,0,ODD_CELL_UNIQUE
7809,0,,,0,0,ODD_CELL_UNIQUE
7810,0,,,0,0,ODD_CELL_UNIQUE
7811,0,,,0,0,ODD_CELL_UNIQUE
7812,0,,,0,0,ODD_CELL_UNIQUE
7813,0,,,0,0,ODD_CELL_UNIQUE
7814,0,,,0,0,ODD_CELL_UNIQUE
7815,0,,,0,0,ODD_CELL_UNIQUE
7816,0,,,0,0,ODD_CELL_UNIQUE
7817,0,,,0,0,ODD_CELL_UNIQUE
7818,0,,,0,0,ODD_CELL_UNIQUE
7819,0,,,0,0,ODD_CELL_UNIQUE
7820,0,394,394,0,1,ODD_CELL_UNIQUE
7821,0,,,0,0,ODD_CELL_UNIQUE
7822,0,,,0,0,ODD_CELL_UNIQUE
7823,0,,,0,0,ODD_CELL_UNIQUE
7824,0,,,0,0,ODD_CELL_UNIQUE
7825,0,,,0,0,ODD_CELL_UNIQUE
7826,0,,,0,0,ODD_CELL_UNIQUE
7827,0,,,0,0,ODD_CELL_UNIQUE
7828,0,,,0,0,ODD_CELL_UNIQUE
7829,0,,,0,0,ODD_CELL_UNIQUE
7830,0,,,0,0,ODD_CELL_UNIQUE
7831,0,,,0,0,ODD_CELL_UNIQUE
7832,0,,,0,0,ODD_CELL_UNIQUE
7833,0,,,0,0,ODD_CELL_UNIQUE
7834,0,,,0,0,ODD_CELL_UNIQUE
7835,0,,,0,0,ODD_CELL_UNIQUE
7836,0,,,0,0,ODD_CELL_UNIQUE
7837,0,,,0,0,ODD_CELL_UNIQUE
7838,0,,,0,0,ODD_CELL_UNIQUE
7839,0,,,0,0,ODD_CELL_UNIQUE
7840,0,,,0,0,ODD_CELL_UNIQUE
7841,0,,,0,0,ODD_CELL_UNIQUE
7842,0,,,0,0,ODD_CELL_UNIQUE
7843,0,,,0,0,ODD_CELL_UNIQUE
7844,0,,,0,0,ODD_CELL_UNIQUE
7845,0,,,0,0,ODD_CELL_UNIQUE
7846,0,,,0,0,ODD_CELL_UNIQUE
7847,0,,,0,0,ODD_CELL_UNIQUE
7848,0,,,0,0,ODD_CELL_UNIQUE
7849,0,,,0,0,ODD_CELL_UNIQUE
7850,1,395,395,1,0,ODD_CELL_UNIQUE
7851,0,,,0,0,ODD_CELL_UNIQUE
7852,0,,,0,0,ODD_CELL_UNIQUE
7853,0,,,0,0,ODD_CELL_UNIQUE
7854,0,,,0,0,ODD_CELL_UNIQUE
7855,0,,,0,0,ODD_CELL_UNIQUE
7856,0,,,0,0,ODD_CELL_UNIQUE
7857,0,,,0,0,ODD_CELL_UNIQUE
7858,0,,,0,0,ODD_CELL_UNIQUE
7859,0,,,0,0,ODD_CELL_UNIQUE
7860,0,,,0,0,ODD_CELL_UNIQUE
7861,0,,,0,0,ODD_CELL_UNIQUE
7862,0,,,0,0,ODD_CELL_UNIQUE
7863,0,,,0,0,ODD_CELL_UNIQUE
7864,0,,,0,0,ODD_CELL_UNIQUE
7865,0,,,0,0,ODD_CELL_UNIQUE
7866,0,,,0,0,ODD_CELL_UNIQUE
7867,0,,,0,0,ODD_CELL_UNIQUE
7868,0,,,0,0,ODD_CELL_UNIQUE
7869,0,,,0,0,ODD_CELL_UNIQUE
7870,0,,,0,0,ODD_CELL_UNIQUE
7871,0,,,0,0,ODD_CELL_UNIQUE
7872,0,,,0,0,ODD_CELL_UNIQUE
7873,0,,,0,0,ODD_CELL_UNIQUE
7874,0,,,0,0,ODD_CELL_UNIQUE
7875,0,,,0,0,ODD_CELL_UNIQUE
7876,0,,,0,0,ODD_CELL_UNIQUE
7877,0,,,0,0,ODD_CELL_UNIQUE
7878,0,,,0,0,ODD_CELL_UNIQUE
7879,0,,,0,0,ODD_CELL_UNIQUE
7880,0,396,396,0,1,ODD_CELL_UNIQUE
7881,0,,,0,0,ODD_CELL_UNIQUE
7882,0,,,0,0,ODD_CELL_UNIQUE
7883,0,,,0,0,ODD_CELL_UNIQUE
7884,0,,,0,0,ODD_CELL_UNIQUE
7885,0,,,0,0,ODD_CELL_UNIQUE
7886,0,,,0,0,ODD_CELL_UNIQUE
7887,0,,,0,0,ODD_CELL_UNIQUE
7888,0,,,0,0,ODD_CELL_UNIQUE
7889,0,,,0,0,ODD_CELL_UNIQUE
7890,0,,,0,0,ODD_CELL_UNIQUE
7891,0,,,0,0,ODD_CELL_UNIQUE
7892,0,,,0,0,ODD_CELL_UNIQUE
7893,0,,,0,0,ODD_CELL_UNIQUE
7894,0,,,0,0,ODD_CELL_UNIQUE
7895,0,,,0,0,ODD_CELL_UNIQUE
7896,0,,,0,0,ODD_CELL_UNIQUE
7897,0,,,0,0,ODD_CELL_UNIQUE
7898,0,,,0,0,ODD_CELL_UNIQUE
7899,0,,,0,0,ODD_CELL_UNIQUE
7900,0,,,0,0,ODD_CELL_UNIQUE
7901,0,,,0,0,ODD_CELL_UNIQUE
7902,0,,,0,0,ODD_CELL_UNIQUE
7903,0,,,0,0,ODD_CELL_UNIQUE
7904,0,,,0,0,ODD_CELL_UNIQUE
7905,0,,,0,0,ODD_CELL_UNIQUE
7906,0,,,0,0,ODD_CELL_UNIQUE
7907,0,,,0,0,ODD_CELL_UNIQUE
7908,0,,,0,0,ODD_CELL_UNIQUE
7909,0,,,0,0,ODD_CELL_UNIQUE
7910,1,397,397,1,0,ODD_CELL_UNIQUE
7911,0,,,0,0,ODD_CELL_UNIQUE
7912,0,,,0,0,ODD_CELL_UNIQUE
7913,0,,,0,0,ODD_CELL_UNIQUE
7914,0,,,0,0,ODD_CELL_UNIQUE
7915,0,,,0,0,ODD_CELL_UNIQUE
7916,0,,,0,0,ODD_CELL_UNIQUE
7917,0,,,0,0,ODD_CELL_UNIQUE
7918,0,,,0,0,ODD_CELL_UNIQUE
7919,0,,,0,0,ODD_CELL_UNIQUE
7920,0,,,0,0,ODD_CELL_UNIQUE
7921,0,,,0,0,ODD_CELL_UNIQUE
7922,0,,,0,0,ODD_CELL_UNIQUE
7923,0,,,0,0,ODD_CELL_UNIQUE
7924,0,,,0,0,ODD_CELL_UNIQUE
7925,0,,,0,0,ODD_CELL_UNIQUE
7926,0,,,0,0,ODD_CELL_UNIQUE
7927,0,,,0,0,ODD_CELL_UNIQUE
7928,0,,,0,0,ODD_CELL_UNIQUE
7929,0,,,0,0,ODD_CELL_UNIQUE
7930,0,,,0,0,ODD_CELL_UNIQUE
7931,0,,,0,0,ODD_CELL_UNIQUE
7932,0,,,0,0,ODD_CELL_UNIQUE
7933,0,,,0,0,ODD_CELL_UNIQUE
7934,0,,,0,0,ODD_CELL_UNIQUE
7935,0,,,0,0,ODD_CELL_UNIQUE
7936,0,,,0,0,ODD_CELL_UNIQUE
7937,0,,,0,0,ODD_CELL_UNIQUE
7938,0,,,0,0,ODD_CELL_UNIQUE
7939,0,,,0,0,ODD_CELL_UNIQUE
7940,0,398,398,0,1,ODD_CELL_UNIQUE
7941,0,,,0,0,ODD_CELL_UNIQUE
7942,0,,,0,0,ODD_CELL_UNIQUE
7943,0,,,0,0,ODD_CELL_UNIQUE
7944,0,,,0,0,ODD_CELL_UNIQUE
7945,0,,,0,0,ODD_CELL_UNIQUE
7946,0,,,0,0,ODD_CELL_UNIQUE
7947,0,,,0,0,ODD_CELL_UNIQUE
7948,0,,,0,0,ODD_CELL_UNIQUE
7949,0,,,0,0,ODD_CELL_UNIQUE
7950,0,,,0,0,ODD_CELL_UNIQUE
7951,0,,,0,0,ODD_CELL_UNIQUE
7952,0,,,0,0,ODD_CELL_UNIQUE
7953,0,,,0,0,ODD_CELL_UNIQUE
7954,0,,,0,0,ODD_CELL_UNIQUE
7955,0,,,0,0,ODD_CELL_UNIQUE
7956,0,,,0,0,ODD_CELL_UNIQUE
7957,0,,,0,0,ODD_CELL_UNIQUE
7958,0,,,0,0,ODD_CELL_UNIQUE
7959,0,,,0,0,ODD_CELL_UNIQUE
7960,0,,,0,0,ODD_CELL_UNIQUE
7961,0,,,0,0,ODD_CELL_UNIQUE
7962,0,,,0,0,ODD_CELL_UNIQUE
7963,0,,,0,0,ODD_CELL_UNIQUE
7964,0,,,0,0,ODD_CELL_UNIQUE
7965,0,,,0,0,ODD_CELL_UNIQUE
7966,0,,,0,0,ODD_CELL_UNIQUE
7967,0,,,0,0,ODD_CELL_UNIQUE
7968,0,,,0,0,ODD_CELL_UNIQUE
7969,0,,,0,0,ODD_CELL_UNIQUE
7970,1,399,399,1,0,ODD_CELL_UNIQUE
7971,0,,,0,0,ODD_CELL_UNIQUE
7972,0,,,0,0,ODD_CELL_UNIQUE
7973,0,,,0,0,ODD_CELL_UNIQUE
7974,0,,,0,0,ODD_CELL_UNIQUE
7975,0,,,0,0,ODD_CELL_UNIQUE
7976,0,,,0,0,ODD_CELL_UNIQUE
7977,0,,,0,0,ODD_CELL_UNIQUE
7978,0,,,0,0,ODD_CELL_UNIQUE
7979,0,,,0,0,ODD_CELL_UNIQUE
7980,0,,,0,0,ODD_CELL_UNIQUE
7981,0,,,0,0,ODD_CELL_UNIQUE
7982,0,,,0,0,ODD_CELL_UNIQUE
7983,0,,,0,0,ODD_CELL_UNIQUE
7984,0,,,0,0,ODD_CELL_UNIQUE
7985,0,,,0,0,ODD_CELL_UNIQUE
7986,0,,,0,0,ODD_CELL_UNIQUE
7987,0,,,0,0,ODD_CELL_UNIQUE
7988,0,,,0,0,ODD_CELL_UNIQUE
7989,0,,,0,0,ODD_CELL_UNIQUE
7990,0,,,0,0,ODD_CELL_UNIQUE
7991,0,,,0,0,ODD_CELL_UNIQUE
7992,0,,,0,0,ODD_CELL_UNIQUE
7993,0,,,0,0,ODD_CELL_UNIQUE
7994,0,,,0,0,ODD_CELL_UNIQUE
7995,0,,,0,0,ODD_CELL_UNIQUE
7996,0,,,0,0,ODD_CELL_UNIQUE
7997,0,,,0,0,ODD_CELL_UNIQUE
7998,0,,,0,0,ODD_CELL_UNIQUE
7999,0,,,0,0,ODD_CELL_UNIQUE
8000,0,400,400,0,1,ODD_CELL_UNIQUE
