root,parent,child,inverse_letter,even_remainder,child_minus_parent,mod3_class,depth,validation_status
1,1,2,E,1,1,1,1,ok
1,1,1,O,,0,1,1,ok
2,2,4,E,0,2,2,1,ok
2,2,8,E,4,6,2,1,ok
3,3,10,E,1,7,0,1,ok
3,3,14,E,5,11,0,1,ok
4,4,16,E,0,12,1,1,ok
4,4,24,E,8,20,1,1,ok
5,5,26,E,1,21,2,1,ok
5,5,34,E,9,29,2,1,ok
5,5,3,O,,-2,2,1,ok
6,6,36,E,0,30,0,1,ok
6,6,48,E,12,42,0,1,ok
7,7,50,E,1,43,1,1,ok
7,7,62,E,13,55,1,1,ok
8,8,64,E,0,56,2,1,ok
8,8,80,E,16,72,2,1,ok
9,9,82,E,1,73,0,1,ok
9,9,98,E,17,89,0,1,ok
10,10,100,E,0,90,1,1,ok
10,10,120,E,20,110,1,1,ok
11,11,122,E,1,111,2,1,ok
11,11,142,E,21,131,2,1,ok
11,11,5,O,,-6,2,1,ok
12,12,144,E,0,132,0,1,ok
12,12,168,E,24,156,0,1,ok
13,13,170,E,1,157,1,1,ok
13,13,194,E,25,181,1,1,ok
14,14,196,E,0,182,2,1,ok
14,14,224,E,28,210,2,1,ok
15,15,226,E,1,211,0,1,ok
15,15,254,E,29,239,0,1,ok
16,16,256,E,0,240,1,1,ok
16,16,288,E,32,272,1,1,ok
17,17,290,E,1,273,2,1,ok
17,17,322,E,33,305,2,1,ok
18,18,324,E,0,306,0,1,ok
18,18,360,E,36,342,0,1,ok
18,18,7,O,,-11,0,1,ok
19,19,362,E,1,343,1,1,ok
19,19,398,E,37,379,1,1,ok
20,20,400,E,0,380,2,1,ok
20,20,440,E,40,420,2,1,ok
21,21,442,E,1,421,0,1,ok
21,21,482,E,41,461,0,1,ok
22,22,484,E,0,462,1,1,ok
22,22,528,E,44,506,1,1,ok
23,23,530,E,1,507,2,1,ok
23,23,574,E,45,551,2,1,ok
24,24,576,E,0,552,0,1,ok
24,24,624,E,48,600,0,1,ok
25,25,626,E,1,601,1,1,ok
25,25,674,E,49,649,1,1,ok
26,26,676,E,0,650,2,1,ok
26,26,728,E,52,702,2,1,ok
27,27,730,E,1,703,0,1,ok
27,27,782,E,53,755,0,1,ok
27,27,9,O,,-18,0,1,ok
28,28,784,E,0,756,1,1,ok
28,28,840,E,56,812,1,1,ok
29,29,842,E,1,813,2,1,ok
29,29,898,E,57,869,2,1,ok
30,30,900,E,0,870,0,1,ok
30,30,960,E,60,930,0,1,ok
31,31,962,E,1,931,1,1,ok
31,31,1022,E,61,991,1,1,ok
32,32,1024,E,0,992,2,1,ok
32,32,1088,E,64,1056,2,1,ok
33,33,1090,E,1,1057,0,1,ok
33,33,1154,E,65,1121,0,1,ok
34,34,1156,E,0,1122,1,1,ok
34,34,1224,E,68,1190,1,1,ok
35,35,1226,E,1,1191,2,1,ok
35,35,1294,E,69,1259,2,1,ok
36,36,1296,E,0,1260,0,1,ok
36,36,1368,E,72,1332,0,1,ok
36,36,11,O,,-25,0,1,ok
37,37,1370,E,1,1333,1,1,ok
37,37,1442,E,73,1405,1,1,ok
38,38,1444,E,0,1406,2,1,ok
38,38,1520,E,76,1482,2,1,ok
39,39,1522,E,1,1483,0,1,ok
39,39,1598,E,77,1559,0,1,ok
40,40,1600,E,0,1560,1,1,ok
40,40,1680,E,80,1640,1,1,ok
41,41,1682,E,1,1641,2,1,ok
41,41,1762,E,81,1721,2,1,ok
42,42,1764,E,0,1722,0,1,ok
42,42,1848,E,84,1806,0,1,ok
43,43,1850,E,1,1807,1,1,ok
43,43,1934,E,85,1891,1,1,ok
44,44,1936,E,0,1892,2,1,ok
44,44,2024,E,88,1980,2,1,ok
45,45,2026,E,1,1981,0,1,ok
45,45,2114,E,89,2069,0,1,ok
46,46,2116,E,0,2070,1,1,ok
46,46,2208,E,92,2162,1,1,ok
46,46,13,O,,-33,1,1,ok
47,47,2210,E,1,2163,2,1,ok
47,47,2302,E,93,2255,2,1,ok
48,48,2304,E,0,2256,0,1,ok
48,48,2400,E,96,2352,0,1,ok
49,49,2402,E,1,2353,1,1,ok
49,49,2498,E,97,2449,1,1,ok
50,50,2500,E,0,2450,2,1,ok
50,50,2600,E,100,2550,2,1,ok
51,51,2602,E,1,2551,0,1,ok
51,51,2702,E,101,2651,0,1,ok
52,52,2704,E,0,2652,1,1,ok
52,52,2808,E,104,2756,1,1,ok
53,53,2810,E,1,2757,2,1,ok
53,53,2914,E,105,2861,2,1,ok
54,54,2916,E,0,2862,0,1,ok
54,54,3024,E,108,2970,0,1,ok
55,55,3026,E,1,2971,1,1,ok
55,55,3134,E,109,3079,1,1,ok
56,56,3136,E,0,3080,2,1,ok
56,56,3248,E,112,3192,2,1,ok
57,57,3250,E,1,3193,0,1,ok
57,57,3362,E,113,3305,0,1,ok
58,58,3364,E,0,3306,1,1,ok
58,58,3480,E,116,3422,1,1,ok
58,58,15,O,,-43,1,1,ok
59,59,3482,E,1,3423,2,1,ok
59,59,3598,E,117,3539,2,1,ok
60,60,3600,E,0,3540,0,1,ok
60,60,3720,E,120,3660,0,1,ok
61,61,3722,E,1,3661,1,1,ok
61,61,3842,E,121,3781,1,1,ok
62,62,3844,E,0,3782,2,1,ok
62,62,3968,E,124,3906,2,1,ok
63,63,3970,E,1,3907,0,1,ok
63,63,4094,E,125,4031,0,1,ok
64,64,4096,E,0,4032,1,1,ok
64,64,4224,E,128,4160,1,1,ok
65,65,4226,E,1,4161,2,1,ok
65,65,4354,E,129,4289,2,1,ok
66,66,4356,E,0,4290,0,1,ok
66,66,4488,E,132,4422,0,1,ok
67,67,4490,E,1,4423,1,1,ok
67,67,4622,E,133,4555,1,1,ok
68,68,4624,E,0,4556,2,1,ok
68,68,4760,E,136,4692,2,1,ok
69,69,4762,E,1,4693,0,1,ok
69,69,4898,E,137,4829,0,1,ok
70,70,4900,E,0,4830,1,1,ok
70,70,5040,E,140,4970,1,1,ok
70,70,17,O,,-53,1,1,ok
71,71,5042,E,1,4971,2,1,ok
71,71,5182,E,141,5111,2,1,ok
72,72,5184,E,0,5112,0,1,ok
72,72,5328,E,144,5256,0,1,ok
73,73,5330,E,1,5257,1,1,ok
73,73,5474,E,145,5401,1,1,ok
74,74,5476,E,0,5402,2,1,ok
74,74,5624,E,148,5550,2,1,ok
75,75,5626,E,1,5551,0,1,ok
75,75,5774,E,149,5699,0,1,ok
76,76,5776,E,0,5700,1,1,ok
76,76,5928,E,152,5852,1,1,ok
77,77,5930,E,1,5853,2,1,ok
77,77,6082,E,153,6005,2,1,ok
78,78,6084,E,0,6006,0,1,ok
78,78,6240,E,156,6162,0,1,ok
79,79,6242,E,1,6163,1,1,ok
79,79,6398,E,157,6319,1,1,ok
80,80,6400,E,0,6320,2,1,ok
80,80,6560,E,160,6480,2,1,ok
81,81,6562,E,1,6481,0,1,ok
81,81,6722,E,161,6641,0,1,ok
82,82,6724,E,0,6642,1,1,ok
82,82,6888,E,164,6806,1,1,ok
82,82,19,O,,-63,1,1,ok
83,83,6890,E,1,6807,2,1,ok
83,83,7054,E,165,6971,2,1,ok
84,84,7056,E,0,6972,0,1,ok
84,84,7224,E,168,7140,0,1,ok
85,85,7226,E,1,7141,1,1,ok
85,85,7394,E,169,7309,1,1,ok
86,86,7396,E,0,7310,2,1,ok
86,86,7568,E,172,7482,2,1,ok
87,87,7570,E,1,7483,0,1,ok
87,87,7742,E,173,7655,0,1,ok
88,88,7744,E,0,7656,1,1,ok
88,88,7920,E,176,7832,1,1,ok
89,89,7922,E,1,7833,2,1,ok
89,89,8098,E,177,8009,2,1,ok
90,90,8100,E,0,8010,0,1,ok
90,90,8280,E,180,8190,0,1,ok
91,91,8282,E,1,8191,1,1,ok
91,91,8462,E,181,8371,1,1,ok
92,92,8464,E,0,8372,2,1,ok
92,92,8648,E,184,8556,2,1,ok
93,93,8650,E,1,8557,0,1,ok
93,93,8834,E,185,8741,0,1,ok
94,94,8836,E,0,8742,1,1,ok
94,94,9024,E,188,8930,1,1,ok
95,95,9026,E,1,8931,2,1,ok
95,95,9214,E,189,9119,2,1,ok
96,96,9216,E,0,9120,0,1,ok
96,96,9408,E,192,9312,0,1,ok
96,96,21,O,,-75,0,1,ok
97,97,9410,E,1,9313,1,1,ok
97,97,9602,E,193,9505,1,1,ok
98,98,9604,E,0,9506,2,1,ok
98,98,9800,E,196,9702,2,1,ok
99,99,9802,E,1,9703,0,1,ok
99,99,9998,E,197,9899,0,1,ok
100,100,10000,E,0,9900,1,1,ok
100,100,10200,E,200,10100,1,1,ok
101,101,10202,E,1,10101,2,1,ok
101,101,10402,E,201,10301,2,1,ok
102,102,10404,E,0,10302,0,1,ok
102,102,10608,E,204,10506,0,1,ok
103,103,10610,E,1,10507,1,1,ok
103,103,10814,E,205,10711,1,1,ok
104,104,10816,E,0,10712,2,1,ok
104,104,11024,E,208,10920,2,1,ok
105,105,11026,E,1,10921,0,1,ok
105,105,11234,E,209,11129,0,1,ok
106,106,11236,E,0,11130,1,1,ok
106,106,11448,E,212,11342,1,1,ok
107,107,11450,E,1,11343,2,1,ok
107,107,11662,E,213,11555,2,1,ok
108,108,11664,E,0,11556,0,1,ok
108,108,11880,E,216,11772,0,1,ok
109,109,11882,E,1,11773,1,1,ok
109,109,12098,E,217,11989,1,1,ok
110,110,12100,E,0,11990,2,1,ok
110,110,12320,E,220,12210,2,1,ok
110,110,23,O,,-87,2,1,ok
111,111,12322,E,1,12211,0,1,ok
111,111,12542,E,221,12431,0,1,ok
112,112,12544,E,0,12432,1,1,ok
112,112,12768,E,224,12656,1,1,ok
113,113,12770,E,1,12657,2,1,ok
113,113,12994,E,225,12881,2,1,ok
114,114,12996,E,0,12882,0,1,ok
114,114,13224,E,228,13110,0,1,ok
115,115,13226,E,1,13111,1,1,ok
115,115,13454,E,229,13339,1,1,ok
116,116,13456,E,0,13340,2,1,ok
116,116,13688,E,232,13572,2,1,ok
117,117,13690,E,1,13573,0,1,ok
117,117,13922,E,233,13805,0,1,ok
118,118,13924,E,0,13806,1,1,ok
118,118,14160,E,236,14042,1,1,ok
119,119,14162,E,1,14043,2,1,ok
119,119,14398,E,237,14279,2,1,ok
120,120,14400,E,0,14280,0,1,ok
120,120,14640,E,240,14520,0,1,ok
121,121,14642,E,1,14521,1,1,ok
121,121,14882,E,241,14761,1,1,ok
122,122,14884,E,0,14762,2,1,ok
122,122,15128,E,244,15006,2,1,ok
123,123,15130,E,1,15007,0,1,ok
123,123,15374,E,245,15251,0,1,ok
124,124,15376,E,0,15252,1,1,ok
124,124,15624,E,248,15500,1,1,ok
125,125,15626,E,1,15501,2,1,ok
125,125,15874,E,249,15749,2,1,ok
125,125,25,O,,-100,2,1,ok
126,126,15876,E,0,15750,0,1,ok
126,126,16128,E,252,16002,0,1,ok
127,127,16130,E,1,16003,1,1,ok
127,127,16382,E,253,16255,1,1,ok
128,128,16384,E,0,16256,2,1,ok
128,128,16640,E,256,16512,2,1,ok
129,129,16642,E,1,16513,0,1,ok
129,129,16898,E,257,16769,0,1,ok
130,130,16900,E,0,16770,1,1,ok
130,130,17160,E,260,17030,1,1,ok
131,131,17162,E,1,17031,2,1,ok
131,131,17422,E,261,17291,2,1,ok
132,132,17424,E,0,17292,0,1,ok
132,132,17688,E,264,17556,0,1,ok
133,133,17690,E,1,17557,1,1,ok
133,133,17954,E,265,17821,1,1,ok
134,134,17956,E,0,17822,2,1,ok
134,134,18224,E,268,18090,2,1,ok
135,135,18226,E,1,18091,0,1,ok
135,135,18494,E,269,18359,0,1,ok
136,136,18496,E,0,18360,1,1,ok
136,136,18768,E,272,18632,1,1,ok
137,137,18770,E,1,18633,2,1,ok
137,137,19042,E,273,18905,2,1,ok
138,138,19044,E,0,18906,0,1,ok
138,138,19320,E,276,19182,0,1,ok
139,139,19322,E,1,19183,1,1,ok
139,139,19598,E,277,19459,1,1,ok
140,140,19600,E,0,19460,2,1,ok
140,140,19880,E,280,19740,2,1,ok
140,140,27,O,,-113,2,1,ok
141,141,19882,E,1,19741,0,1,ok
141,141,20162,E,281,20021,0,1,ok
142,142,20164,E,0,20022,1,1,ok
142,142,20448,E,284,20306,1,1,ok
143,143,20450,E,1,20307,2,1,ok
143,143,20734,E,285,20591,2,1,ok
144,144,20736,E,0,20592,0,1,ok
144,144,21024,E,288,20880,0,1,ok
145,145,21026,E,1,20881,1,1,ok
145,145,21314,E,289,21169,1,1,ok
146,146,21316,E,0,21170,2,1,ok
146,146,21608,E,292,21462,2,1,ok
147,147,21610,E,1,21463,0,1,ok
147,147,21902,E,293,21755,0,1,ok
148,148,21904,E,0,21756,1,1,ok
148,148,22200,E,296,22052,1,1,ok
149,149,22202,E,1,22053,2,1,ok
149,149,22498,E,297,22349,2,1,ok
150,150,22500,E,0,22350,0,1,ok
150,150,22800,E,300,22650,0,1,ok
151,151,22802,E,1,22651,1,1,ok
151,151,23102,E,301,22951,1,1,ok
152,152,23104,E,0,22952,2,1,ok
152,152,23408,E,304,23256,2,1,ok
153,153,23410,E,1,23257,0,1,ok
153,153,23714,E,305,23561,0,1,ok
154,154,23716,E,0,23562,1,1,ok
154,154,24024,E,308,23870,1,1,ok
155,155,24026,E,1,23871,2,1,ok
155,155,24334,E,309,24179,2,1,ok
156,156,24336,E,0,24180,0,1,ok
156,156,24648,E,312,24492,0,1,ok
156,156,29,O,,-127,0,1,ok
157,157,24650,E,1,24493,1,1,ok
157,157,24962,E,313,24805,1,1,ok
158,158,24964,E,0,24806,2,1,ok
158,158,25280,E,316,25122,2,1,ok
159,159,25282,E,1,25123,0,1,ok
159,159,25598,E,317,25439,0,1,ok
160,160,25600,E,0,25440,1,1,ok
160,160,25920,E,320,25760,1,1,ok
161,161,25922,E,1,25761,2,1,ok
161,161,26242,E,321,26081,2,1,ok
162,162,26244,E,0,26082,0,1,ok
162,162,26568,E,324,26406,0,1,ok
163,163,26570,E,1,26407,1,1,ok
163,163,26894,E,325,26731,1,1,ok
164,164,26896,E,0,26732,2,1,ok
164,164,27224,E,328,27060,2,1,ok
165,165,27226,E,1,27061,0,1,ok
165,165,27554,E,329,27389,0,1,ok
166,166,27556,E,0,27390,1,1,ok
166,166,27888,E,332,27722,1,1,ok
167,167,27890,E,1,27723,2,1,ok
167,167,28222,E,333,28055,2,1,ok
168,168,28224,E,0,28056,0,1,ok
168,168,28560,E,336,28392,0,1,ok
169,169,28562,E,1,28393,1,1,ok
169,169,28898,E,337,28729,1,1,ok
170,170,28900,E,0,28730,2,1,ok
170,170,29240,E,340,29070,2,1,ok
171,171,29242,E,1,29071,0,1,ok
171,171,29582,E,341,29411,0,1,ok
172,172,29584,E,0,29412,1,1,ok
172,172,29928,E,344,29756,1,1,ok
172,172,31,O,,-141,1,1,ok
173,173,29930,E,1,29757,2,1,ok
173,173,30274,E,345,30101,2,1,ok
174,174,30276,E,0,30102,0,1,ok
174,174,30624,E,348,30450,0,1,ok
175,175,30626,E,1,30451,1,1,ok
175,175,30974,E,349,30799,1,1,ok
176,176,30976,E,0,30800,2,1,ok
176,176,31328,E,352,31152,2,1,ok
177,177,31330,E,1,31153,0,1,ok
177,177,31682,E,353,31505,0,1,ok
178,178,31684,E,0,31506,1,1,ok
178,178,32040,E,356,31862,1,1,ok
179,179,32042,E,1,31863,2,1,ok
179,179,32398,E,357,32219,2,1,ok
180,180,32400,E,0,32220,0,1,ok
180,180,32760,E,360,32580,0,1,ok
181,181,32762,E,1,32581,1,1,ok
181,181,33122,E,361,32941,1,1,ok
182,182,33124,E,0,32942,2,1,ok
182,182,33488,E,364,33306,2,1,ok
183,183,33490,E,1,33307,0,1,ok
183,183,33854,E,365,33671,0,1,ok
184,184,33856,E,0,33672,1,1,ok
184,184,34224,E,368,34040,1,1,ok
185,185,34226,E,1,34041,2,1,ok
185,185,34594,E,369,34409,2,1,ok
186,186,34596,E,0,34410,0,1,ok
186,186,34968,E,372,34782,0,1,ok
187,187,34970,E,1,34783,1,1,ok
187,187,35342,E,373,35155,1,1,ok
188,188,35344,E,0,35156,2,1,ok
188,188,35720,E,376,35532,2,1,ok
189,189,35722,E,1,35533,0,1,ok
189,189,36098,E,377,35909,0,1,ok
189,189,33,O,,-156,0,1,ok
190,190,36100,E,0,35910,1,1,ok
190,190,36480,E,380,36290,1,1,ok
191,191,36482,E,1,36291,2,1,ok
191,191,36862,E,381,36671,2,1,ok
192,192,36864,E,0,36672,0,1,ok
192,192,37248,E,384,37056,0,1,ok
193,193,37250,E,1,37057,1,1,ok
193,193,37634,E,385,37441,1,1,ok
194,194,37636,E,0,37442,2,1,ok
194,194,38024,E,388,37830,2,1,ok
195,195,38026,E,1,37831,0,1,ok
195,195,38414,E,389,38219,0,1,ok
196,196,38416,E,0,38220,1,1,ok
196,196,38808,E,392,38612,1,1,ok
197,197,38810,E,1,38613,2,1,ok
197,197,39202,E,393,39005,2,1,ok
198,198,39204,E,0,39006,0,1,ok
198,198,39600,E,396,39402,0,1,ok
199,199,39602,E,1,39403,1,1,ok
199,199,39998,E,397,39799,1,1,ok
200,200,40000,E,0,39800,2,1,ok
200,200,40400,E,400,40200,2,1,ok
201,201,40402,E,1,40201,0,1,ok
201,201,40802,E,401,40601,0,1,ok
202,202,40804,E,0,40602,1,1,ok
202,202,41208,E,404,41006,1,1,ok
203,203,41210,E,1,41007,2,1,ok
203,203,41614,E,405,41411,2,1,ok
204,204,41616,E,0,41412,0,1,ok
204,204,42024,E,408,41820,0,1,ok
205,205,42026,E,1,41821,1,1,ok
205,205,42434,E,409,42229,1,1,ok
206,206,42436,E,0,42230,2,1,ok
206,206,42848,E,412,42642,2,1,ok
207,207,42850,E,1,42643,0,1,ok
207,207,43262,E,413,43055,0,1,ok
207,207,35,O,,-172,0,1,ok
208,208,43264,E,0,43056,1,1,ok
208,208,43680,E,416,43472,1,1,ok
209,209,43682,E,1,43473,2,1,ok
209,209,44098,E,417,43889,2,1,ok
210,210,44100,E,0,43890,0,1,ok
210,210,44520,E,420,44310,0,1,ok
211,211,44522,E,1,44311,1,1,ok
211,211,44942,E,421,44731,1,1,ok
212,212,44944,E,0,44732,2,1,ok
212,212,45368,E,424,45156,2,1,ok
213,213,45370,E,1,45157,0,1,ok
213,213,45794,E,425,45581,0,1,ok
214,214,45796,E,0,45582,1,1,ok
214,214,46224,E,428,46010,1,1,ok
215,215,46226,E,1,46011,2,1,ok
215,215,46654,E,429,46439,2,1,ok
216,216,46656,E,0,46440,0,1,ok
216,216,47088,E,432,46872,0,1,ok
217,217,47090,E,1,46873,1,1,ok
217,217,47522,E,433,47305,1,1,ok
218,218,47524,E,0,47306,2,1,ok
218,218,47960,E,436,47742,2,1,ok
219,219,47962,E,1,47743,0,1,ok
219,219,48398,E,437,48179,0,1,ok
220,220,48400,E,0,48180,1,1,ok
220,220,48840,E,440,48620,1,1,ok
221,221,48842,E,1,48621,2,1,ok
221,221,49282,E,441,49061,2,1,ok
222,222,49284,E,0,49062,0,1,ok
222,222,49728,E,444,49506,0,1,ok
223,223,49730,E,1,49507,1,1,ok
223,223,50174,E,445,49951,1,1,ok
224,224,50176,E,0,49952,2,1,ok
224,224,50624,E,448,50400,2,1,ok
225,225,50626,E,1,50401,0,1,ok
225,225,51074,E,449,50849,0,1,ok
225,225,37,O,,-188,0,1,ok
226,226,51076,E,0,50850,1,1,ok
226,226,51528,E,452,51302,1,1,ok
227,227,51530,E,1,51303,2,1,ok
227,227,51982,E,453,51755,2,1,ok
228,228,51984,E,0,51756,0,1,ok
228,228,52440,E,456,52212,0,1,ok
229,229,52442,E,1,52213,1,1,ok
229,229,52898,E,457,52669,1,1,ok
230,230,52900,E,0,52670,2,1,ok
230,230,53360,E,460,53130,2,1,ok
231,231,53362,E,1,53131,0,1,ok
231,231,53822,E,461,53591,0,1,ok
232,232,53824,E,0,53592,1,1,ok
232,232,54288,E,464,54056,1,1,ok
233,233,54290,E,1,54057,2,1,ok
233,233,54754,E,465,54521,2,1,ok
234,234,54756,E,0,54522,0,1,ok
234,234,55224,E,468,54990,0,1,ok
235,235,55226,E,1,54991,1,1,ok
235,235,55694,E,469,55459,1,1,ok
236,236,55696,E,0,55460,2,1,ok
236,236,56168,E,472,55932,2,1,ok
237,237,56170,E,1,55933,0,1,ok
237,237,56642,E,473,56405,0,1,ok
238,238,56644,E,0,56406,1,1,ok
238,238,57120,E,476,56882,1,1,ok
239,239,57122,E,1,56883,2,1,ok
239,239,57598,E,477,57359,2,1,ok
240,240,57600,E,0,57360,0,1,ok
240,240,58080,E,480,57840,0,1,ok
241,241,58082,E,1,57841,1,1,ok
241,241,58562,E,481,58321,1,1,ok
242,242,58564,E,0,58322,2,1,ok
242,242,59048,E,484,58806,2,1,ok
243,243,59050,E,1,58807,0,1,ok
243,243,59534,E,485,59291,0,1,ok
243,243,39,O,,-204,0,1,ok
244,244,59536,E,0,59292,1,1,ok
244,244,60024,E,488,59780,1,1,ok
245,245,60026,E,1,59781,2,1,ok
245,245,60514,E,489,60269,2,1,ok
246,246,60516,E,0,60270,0,1,ok
246,246,61008,E,492,60762,0,1,ok
247,247,61010,E,1,60763,1,1,ok
247,247,61502,E,493,61255,1,1,ok
248,248,61504,E,0,61256,2,1,ok
248,248,62000,E,496,61752,2,1,ok
249,249,62002,E,1,61753,0,1,ok
249,249,62498,E,497,62249,0,1,ok
250,250,62500,E,0,62250,1,1,ok
250,250,63000,E,500,62750,1,1,ok
251,251,63002,E,1,62751,2,1,ok
251,251,63502,E,501,63251,2,1,ok
252,252,63504,E,0,63252,0,1,ok
252,252,64008,E,504,63756,0,1,ok
253,253,64010,E,1,63757,1,1,ok
253,253,64514,E,505,64261,1,1,ok
254,254,64516,E,0,64262,2,1,ok
254,254,65024,E,508,64770,2,1,ok
255,255,65026,E,1,64771,0,1,ok
255,255,65534,E,509,65279,0,1,ok
256,256,65536,E,0,65280,1,1,ok
256,256,66048,E,512,65792,1,1,ok
257,257,66050,E,1,65793,2,1,ok
257,257,66562,E,513,66305,2,1,ok
258,258,66564,E,0,66306,0,1,ok
258,258,67080,E,516,66822,0,1,ok
259,259,67082,E,1,66823,1,1,ok
259,259,67598,E,517,67339,1,1,ok
260,260,67600,E,0,67340,2,1,ok
260,260,68120,E,520,67860,2,1,ok
261,261,68122,E,1,67861,0,1,ok
261,261,68642,E,521,68381,0,1,ok
262,262,68644,E,0,68382,1,1,ok
262,262,69168,E,524,68906,1,1,ok
262,262,41,O,,-221,1,1,ok
263,263,69170,E,1,68907,2,1,ok
263,263,69694,E,525,69431,2,1,ok
264,264,69696,E,0,69432,0,1,ok
264,264,70224,E,528,69960,0,1,ok
265,265,70226,E,1,69961,1,1,ok
265,265,70754,E,529,70489,1,1,ok
266,266,70756,E,0,70490,2,1,ok
266,266,71288,E,532,71022,2,1,ok
267,267,71290,E,1,71023,0,1,ok
267,267,71822,E,533,71555,0,1,ok
268,268,71824,E,0,71556,1,1,ok
268,268,72360,E,536,72092,1,1,ok
269,269,72362,E,1,72093,2,1,ok
269,269,72898,E,537,72629,2,1,ok
270,270,72900,E,0,72630,0,1,ok
270,270,73440,E,540,73170,0,1,ok
271,271,73442,E,1,73171,1,1,ok
271,271,73982,E,541,73711,1,1,ok
272,272,73984,E,0,73712,2,1,ok
272,272,74528,E,544,74256,2,1,ok
273,273,74530,E,1,74257,0,1,ok
273,273,75074,E,545,74801,0,1,ok
274,274,75076,E,0,74802,1,1,ok
274,274,75624,E,548,75350,1,1,ok
275,275,75626,E,1,75351,2,1,ok
275,275,76174,E,549,75899,2,1,ok
276,276,76176,E,0,75900,0,1,ok
276,276,76728,E,552,76452,0,1,ok
277,277,76730,E,1,76453,1,1,ok
277,277,77282,E,553,77005,1,1,ok
278,278,77284,E,0,77006,2,1,ok
278,278,77840,E,556,77562,2,1,ok
279,279,77842,E,1,77563,0,1,ok
279,279,78398,E,557,78119,0,1,ok
280,280,78400,E,0,78120,1,1,ok
280,280,78960,E,560,78680,1,1,ok
281,281,78962,E,1,78681,2,1,ok
281,281,79522,E,561,79241,2,1,ok
281,281,43,O,,-238,2,1,ok
282,282,79524,E,0,79242,0,1,ok
282,282,80088,E,564,79806,0,1,ok
283,283,80090,E,1,79807,1,1,ok
283,283,80654,E,565,80371,1,1,ok
284,284,80656,E,0,80372,2,1,ok
284,284,81224,E,568,80940,2,1,ok
285,285,81226,E,1,80941,0,1,ok
285,285,81794,E,569,81509,0,1,ok
286,286,81796,E,0,81510,1,1,ok
286,286,82368,E,572,82082,1,1,ok
287,287,82370,E,1,82083,2,1,ok
287,287,82942,E,573,82655,2,1,ok
288,288,82944,E,0,82656,0,1,ok
288,288,83520,E,576,83232,0,1,ok
289,289,83522,E,1,83233,1,1,ok
289,289,84098,E,577,83809,1,1,ok
290,290,84100,E,0,83810,2,1,ok
290,290,84680,E,580,84390,2,1,ok
291,291,84682,E,1,84391,0,1,ok
291,291,85262,E,581,84971,0,1,ok
292,292,85264,E,0,84972,1,1,ok
292,292,85848,E,584,85556,1,1,ok
293,293,85850,E,1,85557,2,1,ok
293,293,86434,E,585,86141,2,1,ok
294,294,86436,E,0,86142,0,1,ok
294,294,87024,E,588,86730,0,1,ok
295,295,87026,E,1,86731,1,1,ok
295,295,87614,E,589,87319,1,1,ok
296,296,87616,E,0,87320,2,1,ok
296,296,88208,E,592,87912,2,1,ok
297,297,88210,E,1,87913,0,1,ok
297,297,88802,E,593,88505,0,1,ok
298,298,88804,E,0,88506,1,1,ok
298,298,89400,E,596,89102,1,1,ok
299,299,89402,E,1,89103,2,1,ok
299,299,89998,E,597,89699,2,1,ok
300,300,90000,E,0,89700,0,1,ok
300,300,90600,E,600,90300,0,1,ok
301,301,90602,E,1,90301,1,1,ok
301,301,91202,E,601,90901,1,1,ok
301,301,45,O,,-256,1,1,ok
302,302,91204,E,0,90902,2,1,ok
302,302,91808,E,604,91506,2,1,ok
303,303,91810,E,1,91507,0,1,ok
303,303,92414,E,605,92111,0,1,ok
304,304,92416,E,0,92112,1,1,ok
304,304,93024,E,608,92720,1,1,ok
305,305,93026,E,1,92721,2,1,ok
305,305,93634,E,609,93329,2,1,ok
306,306,93636,E,0,93330,0,1,ok
306,306,94248,E,612,93942,0,1,ok
307,307,94250,E,1,93943,1,1,ok
307,307,94862,E,613,94555,1,1,ok
308,308,94864,E,0,94556,2,1,ok
308,308,95480,E,616,95172,2,1,ok
309,309,95482,E,1,95173,0,1,ok
309,309,96098,E,617,95789,0,1,ok
310,310,96100,E,0,95790,1,1,ok
310,310,96720,E,620,96410,1,1,ok
311,311,96722,E,1,96411,2,1,ok
311,311,97342,E,621,97031,2,1,ok
312,312,97344,E,0,97032,0,1,ok
312,312,97968,E,624,97656,0,1,ok
313,313,97970,E,1,97657,1,1,ok
313,313,98594,E,625,98281,1,1,ok
314,314,98596,E,0,98282,2,1,ok
314,314,99224,E,628,98910,2,1,ok
315,315,99226,E,1,98911,0,1,ok
315,315,99854,E,629,99539,0,1,ok
316,316,99856,E,0,99540,1,1,ok
316,316,100488,E,632,100172,1,1,ok
317,317,100490,E,1,100173,2,1,ok
317,317,101122,E,633,100805,2,1,ok
318,318,101124,E,0,100806,0,1,ok
318,318,101760,E,636,101442,0,1,ok
319,319,101762,E,1,101443,1,1,ok
319,319,102398,E,637,102079,1,1,ok
320,320,102400,E,0,102080,2,1,ok
320,320,103040,E,640,102720,2,1,ok
321,321,103042,E,1,102721,0,1,ok
321,321,103682,E,641,103361,0,1,ok
322,322,103684,E,0,103362,1,1,ok
322,322,104328,E,644,104006,1,1,ok
322,322,47,O,,-275,1,1,ok
323,323,104330,E,1,104007,2,1,ok
323,323,104974,E,645,104651,2,1,ok
324,324,104976,E,0,104652,0,1,ok
324,324,105624,E,648,105300,0,1,ok
325,325,105626,E,1,105301,1,1,ok
325,325,106274,E,649,105949,1,1,ok
326,326,106276,E,0,105950,2,1,ok
326,326,106928,E,652,106602,2,1,ok
327,327,106930,E,1,106603,0,1,ok
327,327,107582,E,653,107255,0,1,ok
328,328,107584,E,0,107256,1,1,ok
328,328,108240,E,656,107912,1,1,ok
329,329,108242,E,1,107913,2,1,ok
329,329,108898,E,657,108569,2,1,ok
330,330,108900,E,0,108570,0,1,ok
330,330,109560,E,660,109230,0,1,ok
331,331,109562,E,1,109231,1,1,ok
331,331,110222,E,661,109891,1,1,ok
332,332,110224,E,0,109892,2,1,ok
332,332,110888,E,664,110556,2,1,ok
333,333,110890,E,1,110557,0,1,ok
333,333,111554,E,665,111221,0,1,ok
334,334,111556,E,0,111222,1,1,ok
334,334,112224,E,668,111890,1,1,ok
335,335,112226,E,1,111891,2,1,ok
335,335,112894,E,669,112559,2,1,ok
336,336,112896,E,0,112560,0,1,ok
336,336,113568,E,672,113232,0,1,ok
337,337,113570,E,1,113233,1,1,ok
337,337,114242,E,673,113905,1,1,ok
338,338,114244,E,0,113906,2,1,ok
338,338,114920,E,676,114582,2,1,ok
339,339,114922,E,1,114583,0,1,ok
339,339,115598,E,677,115259,0,1,ok
340,340,115600,E,0,115260,1,1,ok
340,340,116280,E,680,115940,1,1,ok
341,341,116282,E,1,115941,2,1,ok
341,341,116962,E,681,116621,2,1,ok
342,342,116964,E,0,116622,0,1,ok
342,342,117648,E,684,117306,0,1,ok
343,343,117650,E,1,117307,1,1,ok
343,343,118334,E,685,117991,1,1,ok
343,343,49,O,,-294,1,1,ok
344,344,118336,E,0,117992,2,1,ok
344,344,119024,E,688,118680,2,1,ok
345,345,119026,E,1,118681,0,1,ok
345,345,119714,E,689,119369,0,1,ok
346,346,119716,E,0,119370,1,1,ok
346,346,120408,E,692,120062,1,1,ok
347,347,120410,E,1,120063,2,1,ok
347,347,121102,E,693,120755,2,1,ok
348,348,121104,E,0,120756,0,1,ok
348,348,121800,E,696,121452,0,1,ok
349,349,121802,E,1,121453,1,1,ok
349,349,122498,E,697,122149,1,1,ok
350,350,122500,E,0,122150,2,1,ok
350,350,123200,E,700,122850,2,1,ok
351,351,123202,E,1,122851,0,1,ok
351,351,123902,E,701,123551,0,1,ok
352,352,123904,E,0,123552,1,1,ok
352,352,124608,E,704,124256,1,1,ok
353,353,124610,E,1,124257,2,1,ok
353,353,125314,E,705,124961,2,1,ok
354,354,125316,E,0,124962,0,1,ok
354,354,126024,E,708,125670,0,1,ok
355,355,126026,E,1,125671,1,1,ok
355,355,126734,E,709,126379,1,1,ok
356,356,126736,E,0,126380,2,1,ok
356,356,127448,E,712,127092,2,1,ok
357,357,127450,E,1,127093,0,1,ok
357,357,128162,E,713,127805,0,1,ok
358,358,128164,E,0,127806,1,1,ok
358,358,128880,E,716,128522,1,1,ok
359,359,128882,E,1,128523,2,1,ok
359,359,129598,E,717,129239,2,1,ok
360,360,129600,E,0,129240,0,1,ok
360,360,130320,E,720,129960,0,1,ok
361,361,130322,E,1,129961,1,1,ok
361,361,131042,E,721,130681,1,1,ok
362,362,131044,E,0,130682,2,1,ok
362,362,131768,E,724,131406,2,1,ok
363,363,131770,E,1,131407,0,1,ok
363,363,132494,E,725,132131,0,1,ok
364,364,132496,E,0,132132,1,1,ok
364,364,133224,E,728,132860,1,1,ok
364,364,51,O,,-313,1,1,ok
365,365,133226,E,1,132861,2,1,ok
365,365,133954,E,729,133589,2,1,ok
366,366,133956,E,0,133590,0,1,ok
366,366,134688,E,732,134322,0,1,ok
367,367,134690,E,1,134323,1,1,ok
367,367,135422,E,733,135055,1,1,ok
368,368,135424,E,0,135056,2,1,ok
368,368,136160,E,736,135792,2,1,ok
369,369,136162,E,1,135793,0,1,ok
369,369,136898,E,737,136529,0,1,ok
370,370,136900,E,0,136530,1,1,ok
370,370,137640,E,740,137270,1,1,ok
371,371,137642,E,1,137271,2,1,ok
371,371,138382,E,741,138011,2,1,ok
372,372,138384,E,0,138012,0,1,ok
372,372,139128,E,744,138756,0,1,ok
373,373,139130,E,1,138757,1,1,ok
373,373,139874,E,745,139501,1,1,ok
374,374,139876,E,0,139502,2,1,ok
374,374,140624,E,748,140250,2,1,ok
375,375,140626,E,1,140251,0,1,ok
375,375,141374,E,749,140999,0,1,ok
376,376,141376,E,0,141000,1,1,ok
376,376,142128,E,752,141752,1,1,ok
377,377,142130,E,1,141753,2,1,ok
377,377,142882,E,753,142505,2,1,ok
378,378,142884,E,0,142506,0,1,ok
378,378,143640,E,756,143262,0,1,ok
379,379,143642,E,1,143263,1,1,ok
379,379,144398,E,757,144019,1,1,ok
380,380,144400,E,0,144020,2,1,ok
380,380,145160,E,760,144780,2,1,ok
381,381,145162,E,1,144781,0,1,ok
381,381,145922,E,761,145541,0,1,ok
382,382,145924,E,0,145542,1,1,ok
382,382,146688,E,764,146306,1,1,ok
383,383,146690,E,1,146307,2,1,ok
383,383,147454,E,765,147071,2,1,ok
384,384,147456,E,0,147072,0,1,ok
384,384,148224,E,768,147840,0,1,ok
385,385,148226,E,1,147841,1,1,ok
385,385,148994,E,769,148609,1,1,ok
385,385,53,O,,-332,1,1,ok
386,386,148996,E,0,148610,2,1,ok
386,386,149768,E,772,149382,2,1,ok
387,387,149770,E,1,149383,0,1,ok
387,387,150542,E,773,150155,0,1,ok
388,388,150544,E,0,150156,1,1,ok
388,388,151320,E,776,150932,1,1,ok
389,389,151322,E,1,150933,2,1,ok
389,389,152098,E,777,151709,2,1,ok
390,390,152100,E,0,151710,0,1,ok
390,390,152880,E,780,152490,0,1,ok
391,391,152882,E,1,152491,1,1,ok
391,391,153662,E,781,153271,1,1,ok
392,392,153664,E,0,153272,2,1,ok
392,392,154448,E,784,154056,2,1,ok
393,393,154450,E,1,154057,0,1,ok
393,393,155234,E,785,154841,0,1,ok
394,394,155236,E,0,154842,1,1,ok
394,394,156024,E,788,155630,1,1,ok
395,395,156026,E,1,155631,2,1,ok
395,395,156814,E,789,156419,2,1,ok
396,396,156816,E,0,156420,0,1,ok
396,396,157608,E,792,157212,0,1,ok
397,397,157610,E,1,157213,1,1,ok
397,397,158402,E,793,158005,1,1,ok
398,398,158404,E,0,158006,2,1,ok
398,398,159200,E,796,158802,2,1,ok
399,399,159202,E,1,158803,0,1,ok
399,399,159998,E,797,159599,0,1,ok
400,400,160000,E,0,159600,1,1,ok
400,400,160800,E,800,160400,1,1,ok
401,401,160802,E,1,160401,2,1,ok
401,401,161602,E,801,161201,2,1,ok
402,402,161604,E,0,161202,0,1,ok
402,402,162408,E,804,162006,0,1,ok
403,403,162410,E,1,162007,1,1,ok
403,403,163214,E,805,162811,1,1,ok
404,404,163216,E,0,162812,2,1,ok
404,404,164024,E,808,163620,2,1,ok
405,405,164026,E,1,163621,0,1,ok
405,405,164834,E,809,164429,0,1,ok
406,406,164836,E,0,164430,1,1,ok
406,406,165648,E,812,165242,1,1,ok
407,407,165650,E,1,165243,2,1,ok
407,407,166462,E,813,166055,2,1,ok
407,407,55,O,,-352,2,1,ok
408,408,166464,E,0,166056,0,1,ok
408,408,167280,E,816,166872,0,1,ok
409,409,167282,E,1,166873,1,1,ok
409,409,168098,E,817,167689,1,1,ok
410,410,168100,E,0,167690,2,1,ok
410,410,168920,E,820,168510,2,1,ok
411,411,168922,E,1,168511,0,1,ok
411,411,169742,E,821,169331,0,1,ok
412,412,169744,E,0,169332,1,1,ok
412,412,170568,E,824,170156,1,1,ok
413,413,170570,E,1,170157,2,1,ok
413,413,171394,E,825,170981,2,1,ok
414,414,171396,E,0,170982,0,1,ok
414,414,172224,E,828,171810,0,1,ok
415,415,172226,E,1,171811,1,1,ok
415,415,173054,E,829,172639,1,1,ok
416,416,173056,E,0,172640,2,1,ok
416,416,173888,E,832,173472,2,1,ok
417,417,173890,E,1,173473,0,1,ok
417,417,174722,E,833,174305,0,1,ok
418,418,174724,E,0,174306,1,1,ok
418,418,175560,E,836,175142,1,1,ok
419,419,175562,E,1,175143,2,1,ok
419,419,176398,E,837,175979,2,1,ok
420,420,176400,E,0,175980,0,1,ok
420,420,177240,E,840,176820,0,1,ok
421,421,177242,E,1,176821,1,1,ok
421,421,178082,E,841,177661,1,1,ok
422,422,178084,E,0,177662,2,1,ok
422,422,178928,E,844,178506,2,1,ok
423,423,178930,E,1,178507,0,1,ok
423,423,179774,E,845,179351,0,1,ok
424,424,179776,E,0,179352,1,1,ok
424,424,180624,E,848,180200,1,1,ok
425,425,180626,E,1,180201,2,1,ok
425,425,181474,E,849,181049,2,1,ok
426,426,181476,E,0,181050,0,1,ok
426,426,182328,E,852,181902,0,1,ok
427,427,182330,E,1,181903,1,1,ok
427,427,183182,E,853,182755,1,1,ok
428,428,183184,E,0,182756,2,1,ok
428,428,184040,E,856,183612,2,1,ok
429,429,184042,E,1,183613,0,1,ok
429,429,184898,E,857,184469,0,1,ok
430,430,184900,E,0,184470,1,1,ok
430,430,185760,E,860,185330,1,1,ok
430,430,57,O,,-373,1,1,ok
431,431,185762,E,1,185331,2,1,ok
431,431,186622,E,861,186191,2,1,ok
432,432,186624,E,0,186192,0,1,ok
432,432,187488,E,864,187056,0,1,ok
433,433,187490,E,1,187057,1,1,ok
433,433,188354,E,865,187921,1,1,ok
434,434,188356,E,0,187922,2,1,ok
434,434,189224,E,868,188790,2,1,ok
435,435,189226,E,1,188791,0,1,ok
435,435,190094,E,869,189659,0,1,ok
436,436,190096,E,0,189660,1,1,ok
436,436,190968,E,872,190532,1,1,ok
437,437,190970,E,1,190533,2,1,ok
437,437,191842,E,873,191405,2,1,ok
438,438,191844,E,0,191406,0,1,ok
438,438,192720,E,876,192282,0,1,ok
439,439,192722,E,1,192283,1,1,ok
439,439,193598,E,877,193159,1,1,ok
440,440,193600,E,0,193160,2,1,ok
440,440,194480,E,880,194040,2,1,ok
441,441,194482,E,1,194041,0,1,ok
441,441,195362,E,881,194921,0,1,ok
442,442,195364,E,0,194922,1,1,ok
442,442,196248,E,884,195806,1,1,ok
443,443,196250,E,1,195807,2,1,ok
443,443,197134,E,885,196691,2,1,ok
444,444,197136,E,0,196692,0,1,ok
444,444,198024,E,888,197580,0,1,ok
445,445,198026,E,1,197581,1,1,ok
445,445,198914,E,889,198469,1,1,ok
446,446,198916,E,0,198470,2,1,ok
446,446,199808,E,892,199362,2,1,ok
447,447,199810,E,1,199363,0,1,ok
447,447,200702,E,893,200255,0,1,ok
448,448,200704,E,0,200256,1,1,ok
448,448,201600,E,896,201152,1,1,ok
449,449,201602,E,1,201153,2,1,ok
449,449,202498,E,897,202049,2,1,ok
450,450,202500,E,0,202050,0,1,ok
450,450,203400,E,900,202950,0,1,ok
451,451,203402,E,1,202951,1,1,ok
451,451,204302,E,901,203851,1,1,ok
452,452,204304,E,0,203852,2,1,ok
452,452,205208,E,904,204756,2,1,ok
453,453,205210,E,1,204757,0,1,ok
453,453,206114,E,905,205661,0,1,ok
453,453,59,O,,-394,0,1,ok
454,454,206116,E,0,205662,1,1,ok
454,454,207024,E,908,206570,1,1,ok
455,455,207026,E,1,206571,2,1,ok
455,455,207934,E,909,207479,2,1,ok
456,456,207936,E,0,207480,0,1,ok
456,456,208848,E,912,208392,0,1,ok
457,457,208850,E,1,208393,1,1,ok
457,457,209762,E,913,209305,1,1,ok
458,458,209764,E,0,209306,2,1,ok
458,458,210680,E,916,210222,2,1,ok
459,459,210682,E,1,210223,0,1,ok
459,459,211598,E,917,211139,0,1,ok
460,460,211600,E,0,211140,1,1,ok
460,460,212520,E,920,212060,1,1,ok
461,461,212522,E,1,212061,2,1,ok
461,461,213442,E,921,212981,2,1,ok
462,462,213444,E,0,212982,0,1,ok
462,462,214368,E,924,213906,0,1,ok
463,463,214370,E,1,213907,1,1,ok
463,463,215294,E,925,214831,1,1,ok
464,464,215296,E,0,214832,2,1,ok
464,464,216224,E,928,215760,2,1,ok
465,465,216226,E,1,215761,0,1,ok
465,465,217154,E,929,216689,0,1,ok
466,466,217156,E,0,216690,1,1,ok
466,466,218088,E,932,217622,1,1,ok
467,467,218090,E,1,217623,2,1,ok
467,467,219022,E,933,218555,2,1,ok
468,468,219024,E,0,218556,0,1,ok
468,468,219960,E,936,219492,0,1,ok
469,469,219962,E,1,219493,1,1,ok
469,469,220898,E,937,220429,1,1,ok
470,470,220900,E,0,220430,2,1,ok
470,470,221840,E,940,221370,2,1,ok
471,471,221842,E,1,221371,0,1,ok
471,471,222782,E,941,222311,0,1,ok
472,472,222784,E,0,222312,1,1,ok
472,472,223728,E,944,223256,1,1,ok
473,473,223730,E,1,223257,2,1,ok
473,473,224674,E,945,224201,2,1,ok
474,474,224676,E,0,224202,0,1,ok
474,474,225624,E,948,225150,0,1,ok
475,475,225626,E,1,225151,1,1,ok
475,475,226574,E,949,226099,1,1,ok
476,476,226576,E,0,226100,2,1,ok
476,476,227528,E,952,227052,2,1,ok
476,476,61,O,,-415,2,1,ok
477,477,227530,E,1,227053,0,1,ok
477,477,228482,E,953,228005,0,1,ok
478,478,228484,E,0,228006,1,1,ok
478,478,229440,E,956,228962,1,1,ok
479,479,229442,E,1,228963,2,1,ok
479,479,230398,E,957,229919,2,1,ok
480,480,230400,E,0,229920,0,1,ok
480,480,231360,E,960,230880,0,1,ok
481,481,231362,E,1,230881,1,1,ok
481,481,232322,E,961,231841,1,1,ok
482,482,232324,E,0,231842,2,1,ok
482,482,233288,E,964,232806,2,1,ok
483,483,233290,E,1,232807,0,1,ok
483,483,234254,E,965,233771,0,1,ok
484,484,234256,E,0,233772,1,1,ok
484,484,235224,E,968,234740,1,1,ok
485,485,235226,E,1,234741,2,1,ok
485,485,236194,E,969,235709,2,1,ok
486,486,236196,E,0,235710,0,1,ok
486,486,237168,E,972,236682,0,1,ok
487,487,237170,E,1,236683,1,1,ok
487,487,238142,E,973,237655,1,1,ok
488,488,238144,E,0,237656,2,1,ok
488,488,239120,E,976,238632,2,1,ok
489,489,239122,E,1,238633,0,1,ok
489,489,240098,E,977,239609,0,1,ok
490,490,240100,E,0,239610,1,1,ok
490,490,241080,E,980,240590,1,1,ok
491,491,241082,E,1,240591,2,1,ok
491,491,242062,E,981,241571,2,1,ok
492,492,242064,E,0,241572,0,1,ok
492,492,243048,E,984,242556,0,1,ok
493,493,243050,E,1,242557,1,1,ok
493,493,244034,E,985,243541,1,1,ok
494,494,244036,E,0,243542,2,1,ok
494,494,245024,E,988,244530,2,1,ok
495,495,245026,E,1,244531,0,1,ok
495,495,246014,E,989,245519,0,1,ok
496,496,246016,E,0,245520,1,1,ok
496,496,247008,E,992,246512,1,1,ok
497,497,247010,E,1,246513,2,1,ok
497,497,248002,E,993,247505,2,1,ok
498,498,248004,E,0,247506,0,1,ok
498,498,249000,E,996,248502,0,1,ok
499,499,249002,E,1,248503,1,1,ok
499,499,249998,E,997,249499,1,1,ok
500,500,250000,E,0,249500,2,1,ok
500,500,251000,E,1000,250500,2,1,ok
500,500,63,O,,-437,2,1,ok
501,501,251002,E,1,250501,0,1,ok
501,501,252002,E,1001,251501,0,1,ok
502,502,252004,E,0,251502,1,1,ok
502,502,253008,E,1004,252506,1,1,ok
503,503,253010,E,1,252507,2,1,ok
503,503,254014,E,1005,253511,2,1,ok
504,504,254016,E,0,253512,0,1,ok
504,504,255024,E,1008,254520,0,1,ok
505,505,255026,E,1,254521,1,1,ok
505,505,256034,E,1009,255529,1,1,ok
506,506,256036,E,0,255530,2,1,ok
506,506,257048,E,1012,256542,2,1,ok
507,507,257050,E,1,256543,0,1,ok
507,507,258062,E,1013,257555,0,1,ok
508,508,258064,E,0,257556,1,1,ok
508,508,259080,E,1016,258572,1,1,ok
509,509,259082,E,1,258573,2,1,ok
509,509,260098,E,1017,259589,2,1,ok
510,510,260100,E,0,259590,0,1,ok
510,510,261120,E,1020,260610,0,1,ok
511,511,261122,E,1,260611,1,1,ok
511,511,262142,E,1021,261631,1,1,ok
512,512,262144,E,0,261632,2,1,ok
512,512,263168,E,1024,262656,2,1,ok
513,513,263170,E,1,262657,0,1,ok
513,513,264194,E,1025,263681,0,1,ok
514,514,264196,E,0,263682,1,1,ok
514,514,265224,E,1028,264710,1,1,ok
515,515,265226,E,1,264711,2,1,ok
515,515,266254,E,1029,265739,2,1,ok
516,516,266256,E,0,265740,0,1,ok
516,516,267288,E,1032,266772,0,1,ok
517,517,267290,E,1,266773,1,1,ok
517,517,268322,E,1033,267805,1,1,ok
518,518,268324,E,0,267806,2,1,ok
518,518,269360,E,1036,268842,2,1,ok
519,519,269362,E,1,268843,0,1,ok
519,519,270398,E,1037,269879,0,1,ok
520,520,270400,E,0,269880,1,1,ok
520,520,271440,E,1040,270920,1,1,ok
521,521,271442,E,1,270921,2,1,ok
521,521,272482,E,1041,271961,2,1,ok
522,522,272484,E,0,271962,0,1,ok
522,522,273528,E,1044,273006,0,1,ok
523,523,273530,E,1,273007,1,1,ok
523,523,274574,E,1045,274051,1,1,ok
524,524,274576,E,0,274052,2,1,ok
524,524,275624,E,1048,275100,2,1,ok
524,524,65,O,,-459,2,1,ok
525,525,275626,E,1,275101,0,1,ok
525,525,276674,E,1049,276149,0,1,ok
526,526,276676,E,0,276150,1,1,ok
526,526,277728,E,1052,277202,1,1,ok
527,527,277730,E,1,277203,2,1,ok
527,527,278782,E,1053,278255,2,1,ok
528,528,278784,E,0,278256,0,1,ok
528,528,279840,E,1056,279312,0,1,ok
529,529,279842,E,1,279313,1,1,ok
529,529,280898,E,1057,280369,1,1,ok
530,530,280900,E,0,280370,2,1,ok
530,530,281960,E,1060,281430,2,1,ok
531,531,281962,E,1,281431,0,1,ok
531,531,283022,E,1061,282491,0,1,ok
532,532,283024,E,0,282492,1,1,ok
532,532,284088,E,1064,283556,1,1,ok
533,533,284090,E,1,283557,2,1,ok
533,533,285154,E,1065,284621,2,1,ok
534,534,285156,E,0,284622,0,1,ok
534,534,286224,E,1068,285690,0,1,ok
535,535,286226,E,1,285691,1,1,ok
535,535,287294,E,1069,286759,1,1,ok
536,536,287296,E,0,286760,2,1,ok
536,536,288368,E,1072,287832,2,1,ok
537,537,288370,E,1,287833,0,1,ok
537,537,289442,E,1073,288905,0,1,ok
538,538,289444,E,0,288906,1,1,ok
538,538,290520,E,1076,289982,1,1,ok
539,539,290522,E,1,289983,2,1,ok
539,539,291598,E,1077,291059,2,1,ok
540,540,291600,E,0,291060,0,1,ok
540,540,292680,E,1080,292140,0,1,ok
541,541,292682,E,1,292141,1,1,ok
541,541,293762,E,1081,293221,1,1,ok
542,542,293764,E,0,293222,2,1,ok
542,542,294848,E,1084,294306,2,1,ok
543,543,294850,E,1,294307,0,1,ok
543,543,295934,E,1085,295391,0,1,ok
544,544,295936,E,0,295392,1,1,ok
544,544,297024,E,1088,296480,1,1,ok
545,545,297026,E,1,296481,2,1,ok
545,545,298114,E,1089,297569,2,1,ok
546,546,298116,E,0,297570,0,1,ok
546,546,299208,E,1092,298662,0,1,ok
547,547,299210,E,1,298663,1,1,ok
547,547,300302,E,1093,299755,1,1,ok
548,548,300304,E,0,299756,2,1,ok
548,548,301400,E,1096,300852,2,1,ok
548,548,67,O,,-481,2,1,ok
549,549,301402,E,1,300853,0,1,ok
549,549,302498,E,1097,301949,0,1,ok
550,550,302500,E,0,301950,1,1,ok
550,550,303600,E,1100,303050,1,1,ok
551,551,303602,E,1,303051,2,1,ok
551,551,304702,E,1101,304151,2,1,ok
552,552,304704,E,0,304152,0,1,ok
552,552,305808,E,1104,305256,0,1,ok
553,553,305810,E,1,305257,1,1,ok
553,553,306914,E,1105,306361,1,1,ok
554,554,306916,E,0,306362,2,1,ok
554,554,308024,E,1108,307470,2,1,ok
555,555,308026,E,1,307471,0,1,ok
555,555,309134,E,1109,308579,0,1,ok
556,556,309136,E,0,308580,1,1,ok
556,556,310248,E,1112,309692,1,1,ok
557,557,310250,E,1,309693,2,1,ok
557,557,311362,E,1113,310805,2,1,ok
558,558,311364,E,0,310806,0,1,ok
558,558,312480,E,1116,311922,0,1,ok
559,559,312482,E,1,311923,1,1,ok
559,559,313598,E,1117,313039,1,1,ok
560,560,313600,E,0,313040,2,1,ok
560,560,314720,E,1120,314160,2,1,ok
561,561,314722,E,1,314161,0,1,ok
561,561,315842,E,1121,315281,0,1,ok
562,562,315844,E,0,315282,1,1,ok
562,562,316968,E,1124,316406,1,1,ok
563,563,316970,E,1,316407,2,1,ok
563,563,318094,E,1125,317531,2,1,ok
564,564,318096,E,0,317532,0,1,ok
564,564,319224,E,1128,318660,0,1,ok
565,565,319226,E,1,318661,1,1,ok
565,565,320354,E,1129,319789,1,1,ok
566,566,320356,E,0,319790,2,1,ok
566,566,321488,E,1132,320922,2,1,ok
567,567,321490,E,1,320923,0,1,ok
567,567,322622,E,1133,322055,0,1,ok
568,568,322624,E,0,322056,1,1,ok
568,568,323760,E,1136,323192,1,1,ok
569,569,323762,E,1,323193,2,1,ok
569,569,324898,E,1137,324329,2,1,ok
570,570,324900,E,0,324330,0,1,ok
570,570,326040,E,1140,325470,0,1,ok
571,571,326042,E,1,325471,1,1,ok
571,571,327182,E,1141,326611,1,1,ok
572,572,327184,E,0,326612,2,1,ok
572,572,328328,E,1144,327756,2,1,ok
573,573,328330,E,1,327757,0,1,ok
573,573,329474,E,1145,328901,0,1,ok
573,573,69,O,,-504,0,1,ok
574,574,329476,E,0,328902,1,1,ok
574,574,330624,E,1148,330050,1,1,ok
575,575,330626,E,1,330051,2,1,ok
575,575,331774,E,1149,331199,2,1,ok
576,576,331776,E,0,331200,0,1,ok
576,576,332928,E,1152,332352,0,1,ok
577,577,332930,E,1,332353,1,1,ok
577,577,334082,E,1153,333505,1,1,ok
578,578,334084,E,0,333506,2,1,ok
578,578,335240,E,1156,334662,2,1,ok
579,579,335242,E,1,334663,0,1,ok
579,579,336398,E,1157,335819,0,1,ok
580,580,336400,E,0,335820,1,1,ok
580,580,337560,E,1160,336980,1,1,ok
581,581,337562,E,1,336981,2,1,ok
581,581,338722,E,1161,338141,2,1,ok
582,582,338724,E,0,338142,0,1,ok
582,582,339888,E,1164,339306,0,1,ok
583,583,339890,E,1,339307,1,1,ok
583,583,341054,E,1165,340471,1,1,ok
584,584,341056,E,0,340472,2,1,ok
584,584,342224,E,1168,341640,2,1,ok
585,585,342226,E,1,341641,0,1,ok
585,585,343394,E,1169,342809,0,1,ok
586,586,343396,E,0,342810,1,1,ok
586,586,344568,E,1172,343982,1,1,ok
587,587,344570,E,1,343983,2,1,ok
587,587,345742,E,1173,345155,2,1,ok
588,588,345744,E,0,345156,0,1,ok
588,588,346920,E,1176,346332,0,1,ok
589,589,346922,E,1,346333,1,1,ok
589,589,348098,E,1177,347509,1,1,ok
590,590,348100,E,0,347510,2,1,ok
590,590,349280,E,1180,348690,2,1,ok
591,591,349282,E,1,348691,0,1,ok
591,591,350462,E,1181,349871,0,1,ok
592,592,350464,E,0,349872,1,1,ok
592,592,351648,E,1184,351056,1,1,ok
593,593,351650,E,1,351057,2,1,ok
593,593,352834,E,1185,352241,2,1,ok
594,594,352836,E,0,352242,0,1,ok
594,594,354024,E,1188,353430,0,1,ok
595,595,354026,E,1,353431,1,1,ok
595,595,355214,E,1189,354619,1,1,ok
596,596,355216,E,0,354620,2,1,ok
596,596,356408,E,1192,355812,2,1,ok
597,597,356410,E,1,355813,0,1,ok
597,597,357602,E,1193,357005,0,1,ok
598,598,357604,E,0,357006,1,1,ok
598,598,358800,E,1196,358202,1,1,ok
598,598,71,O,,-527,1,1,ok
599,599,358802,E,1,358203,2,1,ok
599,599,359998,E,1197,359399,2,1,ok
600,600,360000,E,0,359400,0,1,ok
600,600,361200,E,1200,360600,0,1,ok
601,601,361202,E,1,360601,1,1,ok
601,601,362402,E,1201,361801,1,1,ok
602,602,362404,E,0,361802,2,1,ok
602,602,363608,E,1204,363006,2,1,ok
603,603,363610,E,1,363007,0,1,ok
603,603,364814,E,1205,364211,0,1,ok
604,604,364816,E,0,364212,1,1,ok
604,604,366024,E,1208,365420,1,1,ok
605,605,366026,E,1,365421,2,1,ok
605,605,367234,E,1209,366629,2,1,ok
606,606,367236,E,0,366630,0,1,ok
606,606,368448,E,1212,367842,0,1,ok
607,607,368450,E,1,367843,1,1,ok
607,607,369662,E,1213,369055,1,1,ok
608,608,369664,E,0,369056,2,1,ok
608,608,370880,E,1216,370272,2,1,ok
609,609,370882,E,1,370273,0,1,ok
609,609,372098,E,1217,371489,0,1,ok
610,610,372100,E,0,371490,1,1,ok
610,610,373320,E,1220,372710,1,1,ok
611,611,373322,E,1,372711,2,1,ok
611,611,374542,E,1221,373931,2,1,ok
612,612,374544,E,0,373932,0,1,ok
612,612,375768,E,1224,375156,0,1,ok
613,613,375770,E,1,375157,1,1,ok
613,613,376994,E,1225,376381,1,1,ok
614,614,376996,E,0,376382,2,1,ok
614,614,378224,E,1228,377610,2,1,ok
615,615,378226,E,1,377611,0,1,ok
615,615,379454,E,1229,378839,0,1,ok
616,616,379456,E,0,378840,1,1,ok
616,616,380688,E,1232,380072,1,1,ok
617,617,380690,E,1,380073,2,1,ok
617,617,381922,E,1233,381305,2,1,ok
618,618,381924,E,0,381306,0,1,ok
618,618,383160,E,1236,382542,0,1,ok
619,619,383162,E,1,382543,1,1,ok
619,619,384398,E,1237,383779,1,1,ok
620,620,384400,E,0,383780,2,1,ok
620,620,385640,E,1240,385020,2,1,ok
621,621,385642,E,1,385021,0,1,ok
621,621,386882,E,1241,386261,0,1,ok
622,622,386884,E,0,386262,1,1,ok
622,622,388128,E,1244,387506,1,1,ok
623,623,388130,E,1,387507,2,1,ok
623,623,389374,E,1245,388751,2,1,ok
623,623,73,O,,-550,2,1,ok
624,624,389376,E,0,388752,0,1,ok
624,624,390624,E,1248,390000,0,1,ok
625,625,390626,E,1,390001,1,1,ok
625,625,391874,E,1249,391249,1,1,ok
626,626,391876,E,0,391250,2,1,ok
626,626,393128,E,1252,392502,2,1,ok
627,627,393130,E,1,392503,0,1,ok
627,627,394382,E,1253,393755,0,1,ok
628,628,394384,E,0,393756,1,1,ok
628,628,395640,E,1256,395012,1,1,ok
629,629,395642,E,1,395013,2,1,ok
629,629,396898,E,1257,396269,2,1,ok
630,630,396900,E,0,396270,0,1,ok
630,630,398160,E,1260,397530,0,1,ok
631,631,398162,E,1,397531,1,1,ok
631,631,399422,E,1261,398791,1,1,ok
632,632,399424,E,0,398792,2,1,ok
632,632,400688,E,1264,400056,2,1,ok
633,633,400690,E,1,400057,0,1,ok
633,633,401954,E,1265,401321,0,1,ok
634,634,401956,E,0,401322,1,1,ok
634,634,403224,E,1268,402590,1,1,ok
635,635,403226,E,1,402591,2,1,ok
635,635,404494,E,1269,403859,2,1,ok
636,636,404496,E,0,403860,0,1,ok
636,636,405768,E,1272,405132,0,1,ok
637,637,405770,E,1,405133,1,1,ok
637,637,407042,E,1273,406405,1,1,ok
638,638,407044,E,0,406406,2,1,ok
638,638,408320,E,1276,407682,2,1,ok
639,639,408322,E,1,407683,0,1,ok
639,639,409598,E,1277,408959,0,1,ok
640,640,409600,E,0,408960,1,1,ok
640,640,410880,E,1280,410240,1,1,ok
641,641,410882,E,1,410241,2,1,ok
641,641,412162,E,1281,411521,2,1,ok
642,642,412164,E,0,411522,0,1,ok
642,642,413448,E,1284,412806,0,1,ok
643,643,413450,E,1,412807,1,1,ok
643,643,414734,E,1285,414091,1,1,ok
644,644,414736,E,0,414092,2,1,ok
644,644,416024,E,1288,415380,2,1,ok
645,645,416026,E,1,415381,0,1,ok
645,645,417314,E,1289,416669,0,1,ok
646,646,417316,E,0,416670,1,1,ok
646,646,418608,E,1292,417962,1,1,ok
647,647,418610,E,1,417963,2,1,ok
647,647,419902,E,1293,419255,2,1,ok
648,648,419904,E,0,419256,0,1,ok
648,648,421200,E,1296,420552,0,1,ok
649,649,421202,E,1,420553,1,1,ok
649,649,422498,E,1297,421849,1,1,ok
649,649,75,O,,-574,1,1,ok
650,650,422500,E,0,421850,2,1,ok
650,650,423800,E,1300,423150,2,1,ok
651,651,423802,E,1,423151,0,1,ok
651,651,425102,E,1301,424451,0,1,ok
652,652,425104,E,0,424452,1,1,ok
652,652,426408,E,1304,425756,1,1,ok
653,653,426410,E,1,425757,2,1,ok
653,653,427714,E,1305,427061,2,1,ok
654,654,427716,E,0,427062,0,1,ok
654,654,429024,E,1308,428370,0,1,ok
655,655,429026,E,1,428371,1,1,ok
655,655,430334,E,1309,429679,1,1,ok
656,656,430336,E,0,429680,2,1,ok
656,656,431648,E,1312,430992,2,1,ok
657,657,431650,E,1,430993,0,1,ok
657,657,432962,E,1313,432305,0,1,ok
658,658,432964,E,0,432306,1,1,ok
658,658,434280,E,1316,433622,1,1,ok
659,659,434282,E,1,433623,2,1,ok
659,659,435598,E,1317,434939,2,1,ok
660,660,435600,E,0,434940,0,1,ok
660,660,436920,E,1320,436260,0,1,ok
661,661,436922,E,1,436261,1,1,ok
661,661,438242,E,1321,437581,1,1,ok
662,662,438244,E,0,437582,2,1,ok
662,662,439568,E,1324,438906,2,1,ok
663,663,439570,E,1,438907,0,1,ok
663,663,440894,E,1325,440231,0,1,ok
664,664,440896,E,0,440232,1,1,ok
664,664,442224,E,1328,441560,1,1,ok
665,665,442226,E,1,441561,2,1,ok
665,665,443554,E,1329,442889,2,1,ok
666,666,443556,E,0,442890,0,1,ok
666,666,444888,E,1332,444222,0,1,ok
667,667,444890,E,1,444223,1,1,ok
667,667,446222,E,1333,445555,1,1,ok
668,668,446224,E,0,445556,2,1,ok
668,668,447560,E,1336,446892,2,1,ok
669,669,447562,E,1,446893,0,1,ok
669,669,448898,E,1337,448229,0,1,ok
670,670,448900,E,0,448230,1,1,ok
670,670,450240,E,1340,449570,1,1,ok
671,671,450242,E,1,449571,2,1,ok
671,671,451582,E,1341,450911,2,1,ok
672,672,451584,E,0,450912,0,1,ok
672,672,452928,E,1344,452256,0,1,ok
673,673,452930,E,1,452257,1,1,ok
673,673,454274,E,1345,453601,1,1,ok
674,674,454276,E,0,453602,2,1,ok
674,674,455624,E,1348,454950,2,1,ok
675,675,455626,E,1,454951,0,1,ok
675,675,456974,E,1349,456299,0,1,ok
675,675,77,O,,-598,0,1,ok
676,676,456976,E,0,456300,1,1,ok
676,676,458328,E,1352,457652,1,1,ok
677,677,458330,E,1,457653,2,1,ok
677,677,459682,E,1353,459005,2,1,ok
678,678,459684,E,0,459006,0,1,ok
678,678,461040,E,1356,460362,0,1,ok
679,679,461042,E,1,460363,1,1,ok
679,679,462398,E,1357,461719,1,1,ok
680,680,462400,E,0,461720,2,1,ok
680,680,463760,E,1360,463080,2,1,ok
681,681,463762,E,1,463081,0,1,ok
681,681,465122,E,1361,464441,0,1,ok
682,682,465124,E,0,464442,1,1,ok
682,682,466488,E,1364,465806,1,1,ok
683,683,466490,E,1,465807,2,1,ok
683,683,467854,E,1365,467171,2,1,ok
684,684,467856,E,0,467172,0,1,ok
684,684,469224,E,1368,468540,0,1,ok
685,685,469226,E,1,468541,1,1,ok
685,685,470594,E,1369,469909,1,1,ok
686,686,470596,E,0,469910,2,1,ok
686,686,471968,E,1372,471282,2,1,ok
687,687,471970,E,1,471283,0,1,ok
687,687,473342,E,1373,472655,0,1,ok
688,688,473344,E,0,472656,1,1,ok
688,688,474720,E,1376,474032,1,1,ok
689,689,474722,E,1,474033,2,1,ok
689,689,476098,E,1377,475409,2,1,ok
690,690,476100,E,0,475410,0,1,ok
690,690,477480,E,1380,476790,0,1,ok
691,691,477482,E,1,476791,1,1,ok
691,691,478862,E,1381,478171,1,1,ok
692,692,478864,E,0,478172,2,1,ok
692,692,480248,E,1384,479556,2,1,ok
693,693,480250,E,1,479557,0,1,ok
693,693,481634,E,1385,480941,0,1,ok
694,694,481636,E,0,480942,1,1,ok
694,694,483024,E,1388,482330,1,1,ok
695,695,483026,E,1,482331,2,1,ok
695,695,484414,E,1389,483719,2,1,ok
696,696,484416,E,0,483720,0,1,ok
696,696,485808,E,1392,485112,0,1,ok
697,697,485810,E,1,485113,1,1,ok
697,697,487202,E,1393,486505,1,1,ok
698,698,487204,E,0,486506,2,1,ok
698,698,488600,E,1396,487902,2,1,ok
699,699,488602,E,1,487903,0,1,ok
699,699,489998,E,1397,489299,0,1,ok
700,700,490000,E,0,489300,1,1,ok
700,700,491400,E,1400,490700,1,1,ok
701,701,491402,E,1,490701,2,1,ok
701,701,492802,E,1401,492101,2,1,ok
702,702,492804,E,0,492102,0,1,ok
702,702,494208,E,1404,493506,0,1,ok
702,702,79,O,,-623,0,1,ok
703,703,494210,E,1,493507,1,1,ok
703,703,495614,E,1405,494911,1,1,ok
704,704,495616,E,0,494912,2,1,ok
704,704,497024,E,1408,496320,2,1,ok
705,705,497026,E,1,496321,0,1,ok
705,705,498434,E,1409,497729,0,1,ok
706,706,498436,E,0,497730,1,1,ok
706,706,499848,E,1412,499142,1,1,ok
707,707,499850,E,1,499143,2,1,ok
707,707,501262,E,1413,500555,2,1,ok
708,708,501264,E,0,500556,0,1,ok
708,708,502680,E,1416,501972,0,1,ok
709,709,502682,E,1,501973,1,1,ok
709,709,504098,E,1417,503389,1,1,ok
710,710,504100,E,0,503390,2,1,ok
710,710,505520,E,1420,504810,2,1,ok
711,711,505522,E,1,504811,0,1,ok
711,711,506942,E,1421,506231,0,1,ok
712,712,506944,E,0,506232,1,1,ok
712,712,508368,E,1424,507656,1,1,ok
713,713,508370,E,1,507657,2,1,ok
713,713,509794,E,1425,509081,2,1,ok
714,714,509796,E,0,509082,0,1,ok
714,714,511224,E,1428,510510,0,1,ok
715,715,511226,E,1,510511,1,1,ok
715,715,512654,E,1429,511939,1,1,ok
716,716,512656,E,0,511940,2,1,ok
716,716,514088,E,1432,513372,2,1,ok
717,717,514090,E,1,513373,0,1,ok
717,717,515522,E,1433,514805,0,1,ok
718,718,515524,E,0,514806,1,1,ok
718,718,516960,E,1436,516242,1,1,ok
719,719,516962,E,1,516243,2,1,ok
719,719,518398,E,1437,517679,2,1,ok
720,720,518400,E,0,517680,0,1,ok
720,720,519840,E,1440,519120,0,1,ok
721,721,519842,E,1,519121,1,1,ok
721,721,521282,E,1441,520561,1,1,ok
722,722,521284,E,0,520562,2,1,ok
722,722,522728,E,1444,522006,2,1,ok
723,723,522730,E,1,522007,0,1,ok
723,723,524174,E,1445,523451,0,1,ok
724,724,524176,E,0,523452,1,1,ok
724,724,525624,E,1448,524900,1,1,ok
725,725,525626,E,1,524901,2,1,ok
725,725,527074,E,1449,526349,2,1,ok
726,726,527076,E,0,526350,0,1,ok
726,726,528528,E,1452,527802,0,1,ok
727,727,528530,E,1,527803,1,1,ok
727,727,529982,E,1453,529255,1,1,ok
728,728,529984,E,0,529256,2,1,ok
728,728,531440,E,1456,530712,2,1,ok
729,729,531442,E,1,530713,0,1,ok
729,729,532898,E,1457,532169,0,1,ok
729,729,81,O,,-648,0,1,ok
730,730,532900,E,0,532170,1,1,ok
730,730,534360,E,1460,533630,1,1,ok
731,731,534362,E,1,533631,2,1,ok
731,731,535822,E,1461,535091,2,1,ok
732,732,535824,E,0,535092,0,1,ok
732,732,537288,E,1464,536556,0,1,ok
733,733,537290,E,1,536557,1,1,ok
733,733,538754,E,1465,538021,1,1,ok
734,734,538756,E,0,538022,2,1,ok
734,734,540224,E,1468,539490,2,1,ok
735,735,540226,E,1,539491,0,1,ok
735,735,541694,E,1469,540959,0,1,ok
736,736,541696,E,0,540960,1,1,ok
736,736,543168,E,1472,542432,1,1,ok
737,737,543170,E,1,542433,2,1,ok
737,737,544642,E,1473,543905,2,1,ok
738,738,544644,E,0,543906,0,1,ok
738,738,546120,E,1476,545382,0,1,ok
739,739,546122,E,1,545383,1,1,ok
739,739,547598,E,1477,546859,1,1,ok
740,740,547600,E,0,546860,2,1,ok
740,740,549080,E,1480,548340,2,1,ok
741,741,549082,E,1,548341,0,1,ok
741,741,550562,E,1481,549821,0,1,ok
742,742,550564,E,0,549822,1,1,ok
742,742,552048,E,1484,551306,1,1,ok
743,743,552050,E,1,551307,2,1,ok
743,743,553534,E,1485,552791,2,1,ok
744,744,553536,E,0,552792,0,1,ok
744,744,555024,E,1488,554280,0,1,ok
745,745,555026,E,1,554281,1,1,ok
745,745,556514,E,1489,555769,1,1,ok
746,746,556516,E,0,555770,2,1,ok
746,746,558008,E,1492,557262,2,1,ok
747,747,558010,E,1,557263,0,1,ok
747,747,559502,E,1493,558755,0,1,ok
748,748,559504,E,0,558756,1,1,ok
748,748,561000,E,1496,560252,1,1,ok
749,749,561002,E,1,560253,2,1,ok
749,749,562498,E,1497,561749,2,1,ok
750,750,562500,E,0,561750,0,1,ok
750,750,564000,E,1500,563250,0,1,ok
751,751,564002,E,1,563251,1,1,ok
751,751,565502,E,1501,564751,1,1,ok
752,752,565504,E,0,564752,2,1,ok
752,752,567008,E,1504,566256,2,1,ok
753,753,567010,E,1,566257,0,1,ok
753,753,568514,E,1505,567761,0,1,ok
754,754,568516,E,0,567762,1,1,ok
754,754,570024,E,1508,569270,1,1,ok
755,755,570026,E,1,569271,2,1,ok
755,755,571534,E,1509,570779,2,1,ok
756,756,571536,E,0,570780,0,1,ok
756,756,573048,E,1512,572292,0,1,ok
756,756,83,O,,-673,0,1,ok
757,757,573050,E,1,572293,1,1,ok
757,757,574562,E,1513,573805,1,1,ok
758,758,574564,E,0,573806,2,1,ok
758,758,576080,E,1516,575322,2,1,ok
759,759,576082,E,1,575323,0,1,ok
759,759,577598,E,1517,576839,0,1,ok
760,760,577600,E,0,576840,1,1,ok
760,760,579120,E,1520,578360,1,1,ok
761,761,579122,E,1,578361,2,1,ok
761,761,580642,E,1521,579881,2,1,ok
762,762,580644,E,0,579882,0,1,ok
762,762,582168,E,1524,581406,0,1,ok
763,763,582170,E,1,581407,1,1,ok
763,763,583694,E,1525,582931,1,1,ok
764,764,583696,E,0,582932,2,1,ok
764,764,585224,E,1528,584460,2,1,ok
765,765,585226,E,1,584461,0,1,ok
765,765,586754,E,1529,585989,0,1,ok
766,766,586756,E,0,585990,1,1,ok
766,766,588288,E,1532,587522,1,1,ok
767,767,588290,E,1,587523,2,1,ok
767,767,589822,E,1533,589055,2,1,ok
768,768,589824,E,0,589056,0,1,ok
768,768,591360,E,1536,590592,0,1,ok
769,769,591362,E,1,590593,1,1,ok
769,769,592898,E,1537,592129,1,1,ok
770,770,592900,E,0,592130,2,1,ok
770,770,594440,E,1540,593670,2,1,ok
771,771,594442,E,1,593671,0,1,ok
771,771,595982,E,1541,595211,0,1,ok
772,772,595984,E,0,595212,1,1,ok
772,772,597528,E,1544,596756,1,1,ok
773,773,597530,E,1,596757,2,1,ok
773,773,599074,E,1545,598301,2,1,ok
774,774,599076,E,0,598302,0,1,ok
774,774,600624,E,1548,599850,0,1,ok
775,775,600626,E,1,599851,1,1,ok
775,775,602174,E,1549,601399,1,1,ok
776,776,602176,E,0,601400,2,1,ok
776,776,603728,E,1552,602952,2,1,ok
777,777,603730,E,1,602953,0,1,ok
777,777,605282,E,1553,604505,0,1,ok
778,778,605284,E,0,604506,1,1,ok
778,778,606840,E,1556,606062,1,1,ok
779,779,606842,E,1,606063,2,1,ok
779,779,608398,E,1557,607619,2,1,ok
780,780,608400,E,0,607620,0,1,ok
780,780,609960,E,1560,609180,0,1,ok
781,781,609962,E,1,609181,1,1,ok
781,781,611522,E,1561,610741,1,1,ok
782,782,611524,E,0,610742,2,1,ok
782,782,613088,E,1564,612306,2,1,ok
783,783,613090,E,1,612307,0,1,ok
783,783,614654,E,1565,613871,0,1,ok
783,783,85,O,,-698,0,1,ok
784,784,614656,E,0,613872,1,1,ok
784,784,616224,E,1568,615440,1,1,ok
785,785,616226,E,1,615441,2,1,ok
785,785,617794,E,1569,617009,2,1,ok
786,786,617796,E,0,617010,0,1,ok
786,786,619368,E,1572,618582,0,1,ok
787,787,619370,E,1,618583,1,1,ok
787,787,620942,E,1573,620155,1,1,ok
788,788,620944,E,0,620156,2,1,ok
788,788,622520,E,1576,621732,2,1,ok
789,789,622522,E,1,621733,0,1,ok
789,789,624098,E,1577,623309,0,1,ok
790,790,624100,E,0,623310,1,1,ok
790,790,625680,E,1580,624890,1,1,ok
791,791,625682,E,1,624891,2,1,ok
791,791,627262,E,1581,626471,2,1,ok
792,792,627264,E,0,626472,0,1,ok
792,792,628848,E,1584,628056,0,1,ok
793,793,628850,E,1,628057,1,1,ok
793,793,630434,E,1585,629641,1,1,ok
794,794,630436,E,0,629642,2,1,ok
794,794,632024,E,1588,631230,2,1,ok
795,795,632026,E,1,631231,0,1,ok
795,795,633614,E,1589,632819,0,1,ok
796,796,633616,E,0,632820,1,1,ok
796,796,635208,E,1592,634412,1,1,ok
797,797,635210,E,1,634413,2,1,ok
797,797,636802,E,1593,636005,2,1,ok
798,798,636804,E,0,636006,0,1,ok
798,798,638400,E,1596,637602,0,1,ok
799,799,638402,E,1,637603,1,1,ok
799,799,639998,E,1597,639199,1,1,ok
800,800,640000,E,0,639200,2,1,ok
800,800,641600,E,1600,640800,2,1,ok
801,801,641602,E,1,640801,0,1,ok
801,801,643202,E,1601,642401,0,1,ok
802,802,643204,E,0,642402,1,1,ok
802,802,644808,E,1604,644006,1,1,ok
803,803,644810,E,1,644007,2,1,ok
803,803,646414,E,1605,645611,2,1,ok
804,804,646416,E,0,645612,0,1,ok
804,804,648024,E,1608,647220,0,1,ok
805,805,648026,E,1,647221,1,1,ok
805,805,649634,E,1609,648829,1,1,ok
806,806,649636,E,0,648830,2,1,ok
806,806,651248,E,1612,650442,2,1,ok
807,807,651250,E,1,650443,0,1,ok
807,807,652862,E,1613,652055,0,1,ok
808,808,652864,E,0,652056,1,1,ok
808,808,654480,E,1616,653672,1,1,ok
809,809,654482,E,1,653673,2,1,ok
809,809,656098,E,1617,655289,2,1,ok
810,810,656100,E,0,655290,0,1,ok
810,810,657720,E,1620,656910,0,1,ok
811,811,657722,E,1,656911,1,1,ok
811,811,659342,E,1621,658531,1,1,ok
811,811,87,O,,-724,1,1,ok
812,812,659344,E,0,658532,2,1,ok
812,812,660968,E,1624,660156,2,1,ok
813,813,660970,E,1,660157,0,1,ok
813,813,662594,E,1625,661781,0,1,ok
814,814,662596,E,0,661782,1,1,ok
814,814,664224,E,1628,663410,1,1,ok
815,815,664226,E,1,663411,2,1,ok
815,815,665854,E,1629,665039,2,1,ok
816,816,665856,E,0,665040,0,1,ok
816,816,667488,E,1632,666672,0,1,ok
817,817,667490,E,1,666673,1,1,ok
817,817,669122,E,1633,668305,1,1,ok
818,818,669124,E,0,668306,2,1,ok
818,818,670760,E,1636,669942,2,1,ok
819,819,670762,E,1,669943,0,1,ok
819,819,672398,E,1637,671579,0,1,ok
820,820,672400,E,0,671580,1,1,ok
820,820,674040,E,1640,673220,1,1,ok
821,821,674042,E,1,673221,2,1,ok
821,821,675682,E,1641,674861,2,1,ok
822,822,675684,E,0,674862,0,1,ok
822,822,677328,E,1644,676506,0,1,ok
823,823,677330,E,1,676507,1,1,ok
823,823,678974,E,1645,678151,1,1,ok
824,824,678976,E,0,678152,2,1,ok
824,824,680624,E,1648,679800,2,1,ok
825,825,680626,E,1,679801,0,1,ok
825,825,682274,E,1649,681449,0,1,ok
826,826,682276,E,0,681450,1,1,ok
826,826,683928,E,1652,683102,1,1,ok
827,827,683930,E,1,683103,2,1,ok
827,827,685582,E,1653,684755,2,1,ok
828,828,685584,E,0,684756,0,1,ok
828,828,687240,E,1656,686412,0,1,ok
829,829,687242,E,1,686413,1,1,ok
829,829,688898,E,1657,688069,1,1,ok
830,830,688900,E,0,688070,2,1,ok
830,830,690560,E,1660,689730,2,1,ok
831,831,690562,E,1,689731,0,1,ok
831,831,692222,E,1661,691391,0,1,ok
832,832,692224,E,0,691392,1,1,ok
832,832,693888,E,1664,693056,1,1,ok
833,833,693890,E,1,693057,2,1,ok
833,833,695554,E,1665,694721,2,1,ok
834,834,695556,E,0,694722,0,1,ok
834,834,697224,E,1668,696390,0,1,ok
835,835,697226,E,1,696391,1,1,ok
835,835,698894,E,1669,698059,1,1,ok
836,836,698896,E,0,698060,2,1,ok
836,836,700568,E,1672,699732,2,1,ok
837,837,700570,E,1,699733,0,1,ok
837,837,702242,E,1673,701405,0,1,ok
838,838,702244,E,0,701406,1,1,ok
838,838,703920,E,1676,703082,1,1,ok
839,839,703922,E,1,703083,2,1,ok
839,839,705598,E,1677,704759,2,1,ok
839,839,89,O,,-750,2,1,ok
840,840,705600,E,0,704760,0,1,ok
840,840,707280,E,1680,706440,0,1,ok
841,841,707282,E,1,706441,1,1,ok
841,841,708962,E,1681,708121,1,1,ok
842,842,708964,E,0,708122,2,1,ok
842,842,710648,E,1684,709806,2,1,ok
843,843,710650,E,1,709807,0,1,ok
843,843,712334,E,1685,711491,0,1,ok
844,844,712336,E,0,711492,1,1,ok
844,844,714024,E,1688,713180,1,1,ok
845,845,714026,E,1,713181,2,1,ok
845,845,715714,E,1689,714869,2,1,ok
846,846,715716,E,0,714870,0,1,ok
846,846,717408,E,1692,716562,0,1,ok
847,847,717410,E,1,716563,1,1,ok
847,847,719102,E,1693,718255,1,1,ok
848,848,719104,E,0,718256,2,1,ok
848,848,720800,E,1696,719952,2,1,ok
849,849,720802,E,1,719953,0,1,ok
849,849,722498,E,1697,721649,0,1,ok
850,850,722500,E,0,721650,1,1,ok
850,850,724200,E,1700,723350,1,1,ok
851,851,724202,E,1,723351,2,1,ok
851,851,725902,E,1701,725051,2,1,ok
852,852,725904,E,0,725052,0,1,ok
852,852,727608,E,1704,726756,0,1,ok
853,853,727610,E,1,726757,1,1,ok
853,853,729314,E,1705,728461,1,1,ok
854,854,729316,E,0,728462,2,1,ok
854,854,731024,E,1708,730170,2,1,ok
855,855,731026,E,1,730171,0,1,ok
855,855,732734,E,1709,731879,0,1,ok
856,856,732736,E,0,731880,1,1,ok
856,856,734448,E,1712,733592,1,1,ok
857,857,734450,E,1,733593,2,1,ok
857,857,736162,E,1713,735305,2,1,ok
858,858,736164,E,0,735306,0,1,ok
858,858,737880,E,1716,737022,0,1,ok
859,859,737882,E,1,737023,1,1,ok
859,859,739598,E,1717,738739,1,1,ok
860,860,739600,E,0,738740,2,1,ok
860,860,741320,E,1720,740460,2,1,ok
861,861,741322,E,1,740461,0,1,ok
861,861,743042,E,1721,742181,0,1,ok
862,862,743044,E,0,742182,1,1,ok
862,862,744768,E,1724,743906,1,1,ok
863,863,744770,E,1,743907,2,1,ok
863,863,746494,E,1725,745631,2,1,ok
864,864,746496,E,0,745632,0,1,ok
864,864,748224,E,1728,747360,0,1,ok
865,865,748226,E,1,747361,1,1,ok
865,865,749954,E,1729,749089,1,1,ok
866,866,749956,E,0,749090,2,1,ok
866,866,751688,E,1732,750822,2,1,ok
867,867,751690,E,1,750823,0,1,ok
867,867,753422,E,1733,752555,0,1,ok
868,868,753424,E,0,752556,1,1,ok
868,868,755160,E,1736,754292,1,1,ok
868,868,91,O,,-777,1,1,ok
869,869,755162,E,1,754293,2,1,ok
869,869,756898,E,1737,756029,2,1,ok
870,870,756900,E,0,756030,0,1,ok
870,870,758640,E,1740,757770,0,1,ok
871,871,758642,E,1,757771,1,1,ok
871,871,760382,E,1741,759511,1,1,ok
872,872,760384,E,0,759512,2,1,ok
872,872,762128,E,1744,761256,2,1,ok
873,873,762130,E,1,761257,0,1,ok
873,873,763874,E,1745,763001,0,1,ok
874,874,763876,E,0,763002,1,1,ok
874,874,765624,E,1748,764750,1,1,ok
875,875,765626,E,1,764751,2,1,ok
875,875,767374,E,1749,766499,2,1,ok
876,876,767376,E,0,766500,0,1,ok
876,876,769128,E,1752,768252,0,1,ok
877,877,769130,E,1,768253,1,1,ok
877,877,770882,E,1753,770005,1,1,ok
878,878,770884,E,0,770006,2,1,ok
878,878,772640,E,1756,771762,2,1,ok
879,879,772642,E,1,771763,0,1,ok
879,879,774398,E,1757,773519,0,1,ok
880,880,774400,E,0,773520,1,1,ok
880,880,776160,E,1760,775280,1,1,ok
881,881,776162,E,1,775281,2,1,ok
881,881,777922,E,1761,777041,2,1,ok
882,882,777924,E,0,777042,0,1,ok
882,882,779688,E,1764,778806,0,1,ok
883,883,779690,E,1,778807,1,1,ok
883,883,781454,E,1765,780571,1,1,ok
884,884,781456,E,0,780572,2,1,ok
884,884,783224,E,1768,782340,2,1,ok
885,885,783226,E,1,782341,0,1,ok
885,885,784994,E,1769,784109,0,1,ok
886,886,784996,E,0,784110,1,1,ok
886,886,786768,E,1772,785882,1,1,ok
887,887,786770,E,1,785883,2,1,ok
887,887,788542,E,1773,787655,2,1,ok
888,888,788544,E,0,787656,0,1,ok
888,888,790320,E,1776,789432,0,1,ok
889,889,790322,E,1,789433,1,1,ok
889,889,792098,E,1777,791209,1,1,ok
890,890,792100,E,0,791210,2,1,ok
890,890,793880,E,1780,792990,2,1,ok
891,891,793882,E,1,792991,0,1,ok
891,891,795662,E,1781,794771,0,1,ok
892,892,795664,E,0,794772,1,1,ok
892,892,797448,E,1784,796556,1,1,ok
893,893,797450,E,1,796557,2,1,ok
893,893,799234,E,1785,798341,2,1,ok
894,894,799236,E,0,798342,0,1,ok
894,894,801024,E,1788,800130,0,1,ok
895,895,801026,E,1,800131,1,1,ok
895,895,802814,E,1789,801919,1,1,ok
896,896,802816,E,0,801920,2,1,ok
896,896,804608,E,1792,803712,2,1,ok
896,896,93,O,,-803,2,1,ok
897,897,804610,E,1,803713,0,1,ok
897,897,806402,E,1793,805505,0,1,ok
898,898,806404,E,0,805506,1,1,ok
898,898,808200,E,1796,807302,1,1,ok
899,899,808202,E,1,807303,2,1,ok
899,899,809998,E,1797,809099,2,1,ok
900,900,810000,E,0,809100,0,1,ok
900,900,811800,E,1800,810900,0,1,ok
901,901,811802,E,1,810901,1,1,ok
901,901,813602,E,1801,812701,1,1,ok
902,902,813604,E,0,812702,2,1,ok
902,902,815408,E,1804,814506,2,1,ok
903,903,815410,E,1,814507,0,1,ok
903,903,817214,E,1805,816311,0,1,ok
904,904,817216,E,0,816312,1,1,ok
904,904,819024,E,1808,818120,1,1,ok
905,905,819026,E,1,818121,2,1,ok
905,905,820834,E,1809,819929,2,1,ok
906,906,820836,E,0,819930,0,1,ok
906,906,822648,E,1812,821742,0,1,ok
907,907,822650,E,1,821743,1,1,ok
907,907,824462,E,1813,823555,1,1,ok
908,908,824464,E,0,823556,2,1,ok
908,908,826280,E,1816,825372,2,1,ok
909,909,826282,E,1,825373,0,1,ok
909,909,828098,E,1817,827189,0,1,ok
910,910,828100,E,0,827190,1,1,ok
910,910,829920,E,1820,829010,1,1,ok
911,911,829922,E,1,829011,2,1,ok
911,911,831742,E,1821,830831,2,1,ok
912,912,831744,E,0,830832,0,1,ok
912,912,833568,E,1824,832656,0,1,ok
913,913,833570,E,1,832657,1,1,ok
913,913,835394,E,1825,834481,1,1,ok
914,914,835396,E,0,834482,2,1,ok
914,914,837224,E,1828,836310,2,1,ok
915,915,837226,E,1,836311,0,1,ok
915,915,839054,E,1829,838139,0,1,ok
916,916,839056,E,0,838140,1,1,ok
916,916,840888,E,1832,839972,1,1,ok
917,917,840890,E,1,839973,2,1,ok
917,917,842722,E,1833,841805,2,1,ok
918,918,842724,E,0,841806,0,1,ok
918,918,844560,E,1836,843642,0,1,ok
919,919,844562,E,1,843643,1,1,ok
919,919,846398,E,1837,845479,1,1,ok
920,920,846400,E,0,845480,2,1,ok
920,920,848240,E,1840,847320,2,1,ok
921,921,848242,E,1,847321,0,1,ok
921,921,850082,E,1841,849161,0,1,ok
922,922,850084,E,0,849162,1,1,ok
922,922,851928,E,1844,851006,1,1,ok
923,923,851930,E,1,851007,2,1,ok
923,923,853774,E,1845,852851,2,1,ok
924,924,853776,E,0,852852,0,1,ok
924,924,855624,E,1848,854700,0,1,ok
925,925,855626,E,1,854701,1,1,ok
925,925,857474,E,1849,856549,1,1,ok
925,925,95,O,,-830,1,1,ok
926,926,857476,E,0,856550,2,1,ok
926,926,859328,E,1852,858402,2,1,ok
927,927,859330,E,1,858403,0,1,ok
927,927,861182,E,1853,860255,0,1,ok
928,928,861184,E,0,860256,1,1,ok
928,928,863040,E,1856,862112,1,1,ok
929,929,863042,E,1,862113,2,1,ok
929,929,864898,E,1857,863969,2,1,ok
930,930,864900,E,0,863970,0,1,ok
930,930,866760,E,1860,865830,0,1,ok
931,931,866762,E,1,865831,1,1,ok
931,931,868622,E,1861,867691,1,1,ok
932,932,868624,E,0,867692,2,1,ok
932,932,870488,E,1864,869556,2,1,ok
933,933,870490,E,1,869557,0,1,ok
933,933,872354,E,1865,871421,0,1,ok
934,934,872356,E,0,871422,1,1,ok
934,934,874224,E,1868,873290,1,1,ok
935,935,874226,E,1,873291,2,1,ok
935,935,876094,E,1869,875159,2,1,ok
936,936,876096,E,0,875160,0,1,ok
936,936,877968,E,1872,877032,0,1,ok
937,937,877970,E,1,877033,1,1,ok
937,937,879842,E,1873,878905,1,1,ok
938,938,879844,E,0,878906,2,1,ok
938,938,881720,E,1876,880782,2,1,ok
939,939,881722,E,1,880783,0,1,ok
939,939,883598,E,1877,882659,0,1,ok
940,940,883600,E,0,882660,1,1,ok
940,940,885480,E,1880,884540,1,1,ok
941,941,885482,E,1,884541,2,1,ok
941,941,887362,E,1881,886421,2,1,ok
942,942,887364,E,0,886422,0,1,ok
942,942,889248,E,1884,888306,0,1,ok
943,943,889250,E,1,888307,1,1,ok
943,943,891134,E,1885,890191,1,1,ok
944,944,891136,E,0,890192,2,1,ok
944,944,893024,E,1888,892080,2,1,ok
945,945,893026,E,1,892081,0,1,ok
945,945,894914,E,1889,893969,0,1,ok
946,946,894916,E,0,893970,1,1,ok
946,946,896808,E,1892,895862,1,1,ok
947,947,896810,E,1,895863,2,1,ok
947,947,898702,E,1893,897755,2,1,ok
948,948,898704,E,0,897756,0,1,ok
948,948,900600,E,1896,899652,0,1,ok
949,949,900602,E,1,899653,1,1,ok
949,949,902498,E,1897,901549,1,1,ok
950,950,902500,E,0,901550,2,1,ok
950,950,904400,E,1900,903450,2,1,ok
951,951,904402,E,1,903451,0,1,ok
951,951,906302,E,1901,905351,0,1,ok
952,952,906304,E,0,905352,1,1,ok
952,952,908208,E,1904,907256,1,1,ok
953,953,908210,E,1,907257,2,1,ok
953,953,910114,E,1905,909161,2,1,ok
954,954,910116,E,0,909162,0,1,ok
954,954,912024,E,1908,911070,0,1,ok
955,955,912026,E,1,911071,1,1,ok
955,955,913934,E,1909,912979,1,1,ok
955,955,97,O,,-858,1,1,ok
956,956,913936,E,0,912980,2,1,ok
956,956,915848,E,1912,914892,2,1,ok
957,957,915850,E,1,914893,0,1,ok
957,957,917762,E,1913,916805,0,1,ok
958,958,917764,E,0,916806,1,1,ok
958,958,919680,E,1916,918722,1,1,ok
959,959,919682,E,1,918723,2,1,ok
959,959,921598,E,1917,920639,2,1,ok
960,960,921600,E,0,920640,0,1,ok
960,960,923520,E,1920,922560,0,1,ok
961,961,923522,E,1,922561,1,1,ok
961,961,925442,E,1921,924481,1,1,ok
962,962,925444,E,0,924482,2,1,ok
962,962,927368,E,1924,926406,2,1,ok
963,963,927370,E,1,926407,0,1,ok
963,963,929294,E,1925,928331,0,1,ok
964,964,929296,E,0,928332,1,1,ok
964,964,931224,E,1928,930260,1,1,ok
965,965,931226,E,1,930261,2,1,ok
965,965,933154,E,1929,932189,2,1,ok
966,966,933156,E,0,932190,0,1,ok
966,966,935088,E,1932,934122,0,1,ok
967,967,935090,E,1,934123,1,1,ok
967,967,937022,E,1933,936055,1,1,ok
968,968,937024,E,0,936056,2,1,ok
968,968,938960,E,1936,937992,2,1,ok
969,969,938962,E,1,937993,0,1,ok
969,969,940898,E,1937,939929,0,1,ok
970,970,940900,E,0,939930,1,1,ok
970,970,942840,E,1940,941870,1,1,ok
971,971,942842,E,1,941871,2,1,ok
971,971,944782,E,1941,943811,2,1,ok
972,972,944784,E,0,943812,0,1,ok
972,972,946728,E,1944,945756,0,1,ok
973,973,946730,E,1,945757,1,1,ok
973,973,948674,E,1945,947701,1,1,ok
974,974,948676,E,0,947702,2,1,ok
974,974,950624,E,1948,949650,2,1,ok
975,975,950626,E,1,949651,0,1,ok
975,975,952574,E,1949,951599,0,1,ok
976,976,952576,E,0,951600,1,1,ok
976,976,954528,E,1952,953552,1,1,ok
977,977,954530,E,1,953553,2,1,ok
977,977,956482,E,1953,955505,2,1,ok
978,978,956484,E,0,955506,0,1,ok
978,978,958440,E,1956,957462,0,1,ok
979,979,958442,E,1,957463,1,1,ok
979,979,960398,E,1957,959419,1,1,ok
980,980,960400,E,0,959420,2,1,ok
980,980,962360,E,1960,961380,2,1,ok
981,981,962362,E,1,961381,0,1,ok
981,981,964322,E,1961,963341,0,1,ok
982,982,964324,E,0,963342,1,1,ok
982,982,966288,E,1964,965306,1,1,ok
983,983,966290,E,1,965307,2,1,ok
983,983,968254,E,1965,967271,2,1,ok
984,984,968256,E,0,967272,0,1,ok
984,984,970224,E,1968,969240,0,1,ok
985,985,970226,E,1,969241,1,1,ok
985,985,972194,E,1969,971209,1,1,ok
985,985,99,O,,-886,1,1,ok
986,986,972196,E,0,971210,2,1,ok
986,986,974168,E,1972,973182,2,1,ok
987,987,974170,E,1,973183,0,1,ok
987,987,976142,E,1973,975155,0,1,ok
988,988,976144,E,0,975156,1,1,ok
988,988,978120,E,1976,977132,1,1,ok
989,989,978122,E,1,977133,2,1,ok
989,989,980098,E,1977,979109,2,1,ok
990,990,980100,E,0,979110,0,1,ok
990,990,982080,E,1980,981090,0,1,ok
991,991,982082,E,1,981091,1,1,ok
991,991,984062,E,1981,983071,1,1,ok
992,992,984064,E,0,983072,2,1,ok
992,992,986048,E,1984,985056,2,1,ok
993,993,986050,E,1,985057,0,1,ok
993,993,988034,E,1985,987041,0,1,ok
994,994,988036,E,0,987042,1,1,ok
994,994,990024,E,1988,989030,1,1,ok
995,995,990026,E,1,989031,2,1,ok
995,995,992014,E,1989,991019,2,1,ok
996,996,992016,E,0,991020,0,1,ok
996,996,994008,E,1992,993012,0,1,ok
997,997,994010,E,1,993013,1,1,ok
997,997,996002,E,1993,995005,1,1,ok
998,998,996004,E,0,995006,2,1,ok
998,998,998000,E,1996,997002,2,1,ok
999,999,998002,E,1,997003,0,1,ok
999,999,999998,E,1997,998999,0,1,ok
1000,1000,1000000,E,0,999000,1,1,ok
1000,1000,1002000,E,2000,1001000,1,1,ok
1001,1001,1002002,E,1,1001001,2,1,ok
1001,1001,1004002,E,2001,1003001,2,1,ok
1002,1002,1004004,E,0,1003002,0,1,ok
1002,1002,1006008,E,2004,1005006,0,1,ok
1003,1003,1006010,E,1,1005007,1,1,ok
1003,1003,1008014,E,2005,1007011,1,1,ok
1004,1004,1008016,E,0,1007012,2,1,ok
1004,1004,1010024,E,2008,1009020,2,1,ok
1005,1005,1010026,E,1,1009021,0,1,ok
1005,1005,1012034,E,2009,1011029,0,1,ok
1006,1006,1012036,E,0,1011030,1,1,ok
1006,1006,1014048,E,2012,1013042,1,1,ok
1007,1007,1014050,E,1,1013043,2,1,ok
1007,1007,1016062,E,2013,1015055,2,1,ok
1008,1008,1016064,E,0,1015056,0,1,ok
1008,1008,1018080,E,2016,1017072,0,1,ok
1009,1009,1018082,E,1,1017073,1,1,ok
1009,1009,1020098,E,2017,1019089,1,1,ok
1010,1010,1020100,E,0,1019090,2,1,ok
1010,1010,1022120,E,2020,1021110,2,1,ok
1011,1011,1022122,E,1,1021111,0,1,ok
1011,1011,1024142,E,2021,1023131,0,1,ok
1012,1012,1024144,E,0,1023132,1,1,ok
1012,1012,1026168,E,2024,1025156,1,1,ok
1013,1013,1026170,E,1,1025157,2,1,ok
1013,1013,1028194,E,2025,1027181,2,1,ok
1014,1014,1028196,E,0,1027182,0,1,ok
1014,1014,1030224,E,2028,1029210,0,1,ok
1015,1015,1030226,E,1,1029211,1,1,ok
1015,1015,1032254,E,2029,1031239,1,1,ok
1015,1015,101,O,,-914,1,1,ok
1016,1016,1032256,E,0,1031240,2,1,ok
1016,1016,1034288,E,2032,1033272,2,1,ok
1017,1017,1034290,E,1,1033273,0,1,ok
1017,1017,1036322,E,2033,1035305,0,1,ok
1018,1018,1036324,E,0,1035306,1,1,ok
1018,1018,1038360,E,2036,1037342,1,1,ok
1019,1019,1038362,E,1,1037343,2,1,ok
1019,1019,1040398,E,2037,1039379,2,1,ok
1020,1020,1040400,E,0,1039380,0,1,ok
1020,1020,1042440,E,2040,1041420,0,1,ok
1021,1021,1042442,E,1,1041421,1,1,ok
1021,1021,1044482,E,2041,1043461,1,1,ok
1022,1022,1044484,E,0,1043462,2,1,ok
1022,1022,1046528,E,2044,1045506,2,1,ok
1023,1023,1046530,E,1,1045507,0,1,ok
1023,1023,1048574,E,2045,1047551,0,1,ok
1024,1024,1048576,E,0,1047552,1,1,ok
1024,1024,1050624,E,2048,1049600,1,1,ok
1025,1025,1050626,E,1,1049601,2,1,ok
1025,1025,1052674,E,2049,1051649,2,1,ok
1026,1026,1052676,E,0,1051650,0,1,ok
1026,1026,1054728,E,2052,1053702,0,1,ok
1027,1027,1054730,E,1,1053703,1,1,ok
1027,1027,1056782,E,2053,1055755,1,1,ok
1028,1028,1056784,E,0,1055756,2,1,ok
1028,1028,1058840,E,2056,1057812,2,1,ok
1029,1029,1058842,E,1,1057813,0,1,ok
1029,1029,1060898,E,2057,1059869,0,1,ok
1030,1030,1060900,E,0,1059870,1,1,ok
1030,1030,1062960,E,2060,1061930,1,1,ok
1031,1031,1062962,E,1,1061931,2,1,ok
1031,1031,1065022,E,2061,1063991,2,1,ok
1032,1032,1065024,E,0,1063992,0,1,ok
1032,1032,1067088,E,2064,1066056,0,1,ok
1033,1033,1067090,E,1,1066057,1,1,ok
1033,1033,1069154,E,2065,1068121,1,1,ok
1034,1034,1069156,E,0,1068122,2,1,ok
1034,1034,1071224,E,2068,1070190,2,1,ok
1035,1035,1071226,E,1,1070191,0,1,ok
1035,1035,1073294,E,2069,1072259,0,1,ok
1036,1036,1073296,E,0,1072260,1,1,ok
1036,1036,1075368,E,2072,1074332,1,1,ok
1037,1037,1075370,E,1,1074333,2,1,ok
1037,1037,1077442,E,2073,1076405,2,1,ok
1038,1038,1077444,E,0,1076406,0,1,ok
1038,1038,1079520,E,2076,1078482,0,1,ok
1039,1039,1079522,E,1,1078483,1,1,ok
1039,1039,1081598,E,2077,1080559,1,1,ok
1040,1040,1081600,E,0,1080560,2,1,ok
1040,1040,1083680,E,2080,1082640,2,1,ok
1041,1041,1083682,E,1,1082641,0,1,ok
1041,1041,1085762,E,2081,1084721,0,1,ok
1042,1042,1085764,E,0,1084722,1,1,ok
1042,1042,1087848,E,2084,1086806,1,1,ok
1043,1043,1087850,E,1,1086807,2,1,ok
1043,1043,1089934,E,2085,1088891,2,1,ok
1044,1044,1089936,E,0,1088892,0,1,ok
1044,1044,1092024,E,2088,1090980,0,1,ok
1045,1045,1092026,E,1,1090981,1,1,ok
1045,1045,1094114,E,2089,1093069,1,1,ok
1045,1045,103,O,,-942,1,1,ok
1046,1046,1094116,E,0,1093070,2,1,ok
1046,1046,1096208,E,2092,1095162,2,1,ok
1047,1047,1096210,E,1,1095163,0,1,ok
1047,1047,1098302,E,2093,1097255,0,1,ok
1048,1048,1098304,E,0,1097256,1,1,ok
1048,1048,1100400,E,2096,1099352,1,1,ok
1049,1049,1100402,E,1,1099353,2,1,ok
1049,1049,1102498,E,2097,1101449,2,1,ok
1050,1050,1102500,E,0,1101450,0,1,ok
1050,1050,1104600,E,2100,1103550,0,1,ok
1051,1051,1104602,E,1,1103551,1,1,ok
1051,1051,1106702,E,2101,1105651,1,1,ok
1052,1052,1106704,E,0,1105652,2,1,ok
1052,1052,1108808,E,2104,1107756,2,1,ok
1053,1053,1108810,E,1,1107757,0,1,ok
1053,1053,1110914,E,2105,1109861,0,1,ok
1054,1054,1110916,E,0,1109862,1,1,ok
1054,1054,1113024,E,2108,1111970,1,1,ok
1055,1055,1113026,E,1,1111971,2,1,ok
1055,1055,1115134,E,2109,1114079,2,1,ok
1056,1056,1115136,E,0,1114080,0,1,ok
1056,1056,1117248,E,2112,1116192,0,1,ok
1057,1057,1117250,E,1,1116193,1,1,ok
1057,1057,1119362,E,2113,1118305,1,1,ok
1058,1058,1119364,E,0,1118306,2,1,ok
1058,1058,1121480,E,2116,1120422,2,1,ok
1059,1059,1121482,E,1,1120423,0,1,ok
1059,1059,1123598,E,2117,1122539,0,1,ok
1060,1060,1123600,E,0,1122540,1,1,ok
1060,1060,1125720,E,2120,1124660,1,1,ok
1061,1061,1125722,E,1,1124661,2,1,ok
1061,1061,1127842,E,2121,1126781,2,1,ok
1062,1062,1127844,E,0,1126782,0,1,ok
1062,1062,1129968,E,2124,1128906,0,1,ok
1063,1063,1129970,E,1,1128907,1,1,ok
1063,1063,1132094,E,2125,1131031,1,1,ok
1064,1064,1132096,E,0,1131032,2,1,ok
1064,1064,1134224,E,2128,1133160,2,1,ok
1065,1065,1134226,E,1,1133161,0,1,ok
1065,1065,1136354,E,2129,1135289,0,1,ok
1066,1066,1136356,E,0,1135290,1,1,ok
1066,1066,1138488,E,2132,1137422,1,1,ok
1067,1067,1138490,E,1,1137423,2,1,ok
1067,1067,1140622,E,2133,1139555,2,1,ok
1068,1068,1140624,E,0,1139556,0,1,ok
1068,1068,1142760,E,2136,1141692,0,1,ok
1069,1069,1142762,E,1,1141693,1,1,ok
1069,1069,1144898,E,2137,1143829,1,1,ok
1070,1070,1144900,E,0,1143830,2,1,ok
1070,1070,1147040,E,2140,1145970,2,1,ok
1071,1071,1147042,E,1,1145971,0,1,ok
1071,1071,1149182,E,2141,1148111,0,1,ok
1072,1072,1149184,E,0,1148112,1,1,ok
1072,1072,1151328,E,2144,1150256,1,1,ok
1073,1073,1151330,E,1,1150257,2,1,ok
1073,1073,1153474,E,2145,1152401,2,1,ok
1074,1074,1153476,E,0,1152402,0,1,ok
1074,1074,1155624,E,2148,1154550,0,1,ok
1075,1075,1155626,E,1,1154551,1,1,ok
1075,1075,1157774,E,2149,1156699,1,1,ok
1075,1075,105,O,,-970,1,1,ok
1076,1076,1157776,E,0,1156700,2,1,ok
1076,1076,1159928,E,2152,1158852,2,1,ok
1077,1077,1159930,E,1,1158853,0,1,ok
1077,1077,1162082,E,2153,1161005,0,1,ok
1078,1078,1162084,E,0,1161006,1,1,ok
1078,1078,1164240,E,2156,1163162,1,1,ok
1079,1079,1164242,E,1,1163163,2,1,ok
1079,1079,1166398,E,2157,1165319,2,1,ok
1080,1080,1166400,E,0,1165320,0,1,ok
1080,1080,1168560,E,2160,1167480,0,1,ok
1081,1081,1168562,E,1,1167481,1,1,ok
1081,1081,1170722,E,2161,1169641,1,1,ok
1082,1082,1170724,E,0,1169642,2,1,ok
1082,1082,1172888,E,2164,1171806,2,1,ok
1083,1083,1172890,E,1,1171807,0,1,ok
1083,1083,1175054,E,2165,1173971,0,1,ok
1084,1084,1175056,E,0,1173972,1,1,ok
1084,1084,1177224,E,2168,1176140,1,1,ok
1085,1085,1177226,E,1,1176141,2,1,ok
1085,1085,1179394,E,2169,1178309,2,1,ok
1086,1086,1179396,E,0,1178310,0,1,ok
1086,1086,1181568,E,2172,1180482,0,1,ok
1087,1087,1181570,E,1,1180483,1,1,ok
1087,1087,1183742,E,2173,1182655,1,1,ok
1088,1088,1183744,E,0,1182656,2,1,ok
1088,1088,1185920,E,2176,1184832,2,1,ok
1089,1089,1185922,E,1,1184833,0,1,ok
1089,1089,1188098,E,2177,1187009,0,1,ok
1090,1090,1188100,E,0,1187010,1,1,ok
1090,1090,1190280,E,2180,1189190,1,1,ok
1091,1091,1190282,E,1,1189191,2,1,ok
1091,1091,1192462,E,2181,1191371,2,1,ok
1092,1092,1192464,E,0,1191372,0,1,ok
1092,1092,1194648,E,2184,1193556,0,1,ok
1093,1093,1194650,E,1,1193557,1,1,ok
1093,1093,1196834,E,2185,1195741,1,1,ok
1094,1094,1196836,E,0,1195742,2,1,ok
1094,1094,1199024,E,2188,1197930,2,1,ok
1095,1095,1199026,E,1,1197931,0,1,ok
1095,1095,1201214,E,2189,1200119,0,1,ok
1096,1096,1201216,E,0,1200120,1,1,ok
1096,1096,1203408,E,2192,1202312,1,1,ok
1097,1097,1203410,E,1,1202313,2,1,ok
1097,1097,1205602,E,2193,1204505,2,1,ok
1098,1098,1205604,E,0,1204506,0,1,ok
1098,1098,1207800,E,2196,1206702,0,1,ok
1099,1099,1207802,E,1,1206703,1,1,ok
1099,1099,1209998,E,2197,1208899,1,1,ok
1100,1100,1210000,E,0,1208900,2,1,ok
1100,1100,1212200,E,2200,1211100,2,1,ok
1101,1101,1212202,E,1,1211101,0,1,ok
1101,1101,1214402,E,2201,1213301,0,1,ok
1102,1102,1214404,E,0,1213302,1,1,ok
1102,1102,1216608,E,2204,1215506,1,1,ok
1103,1103,1216610,E,1,1215507,2,1,ok
1103,1103,1218814,E,2205,1217711,2,1,ok
1104,1104,1218816,E,0,1217712,0,1,ok
1104,1104,1221024,E,2208,1219920,0,1,ok
1105,1105,1221026,E,1,1219921,1,1,ok
1105,1105,1223234,E,2209,1222129,1,1,ok
1106,1106,1223236,E,0,1222130,2,1,ok
1106,1106,1225448,E,2212,1224342,2,1,ok
1106,1106,107,O,,-999,2,1,ok
1107,1107,1225450,E,1,1224343,0,1,ok
1107,1107,1227662,E,2213,1226555,0,1,ok
1108,1108,1227664,E,0,1226556,1,1,ok
1108,1108,1229880,E,2216,1228772,1,1,ok
1109,1109,1229882,E,1,1228773,2,1,ok
1109,1109,1232098,E,2217,1230989,2,1,ok
1110,1110,1232100,E,0,1230990,0,1,ok
1110,1110,1234320,E,2220,1233210,0,1,ok
1111,1111,1234322,E,1,1233211,1,1,ok
1111,1111,1236542,E,2221,1235431,1,1,ok
1112,1112,1236544,E,0,1235432,2,1,ok
1112,1112,1238768,E,2224,1237656,2,1,ok
1113,1113,1238770,E,1,1237657,0,1,ok
1113,1113,1240994,E,2225,1239881,0,1,ok
1114,1114,1240996,E,0,1239882,1,1,ok
1114,1114,1243224,E,2228,1242110,1,1,ok
1115,1115,1243226,E,1,1242111,2,1,ok
1115,1115,1245454,E,2229,1244339,2,1,ok
1116,1116,1245456,E,0,1244340,0,1,ok
1116,1116,1247688,E,2232,1246572,0,1,ok
1117,1117,1247690,E,1,1246573,1,1,ok
1117,1117,1249922,E,2233,1248805,1,1,ok
1118,1118,1249924,E,0,1248806,2,1,ok
1118,1118,1252160,E,2236,1251042,2,1,ok
1119,1119,1252162,E,1,1251043,0,1,ok
1119,1119,1254398,E,2237,1253279,0,1,ok
1120,1120,1254400,E,0,1253280,1,1,ok
1120,1120,1256640,E,2240,1255520,1,1,ok
1121,1121,1256642,E,1,1255521,2,1,ok
1121,1121,1258882,E,2241,1257761,2,1,ok
1122,1122,1258884,E,0,1257762,0,1,ok
1122,1122,1261128,E,2244,1260006,0,1,ok
1123,1123,1261130,E,1,1260007,1,1,ok
1123,1123,1263374,E,2245,1262251,1,1,ok
1124,1124,1263376,E,0,1262252,2,1,ok
1124,1124,1265624,E,2248,1264500,2,1,ok
1125,1125,1265626,E,1,1264501,0,1,ok
1125,1125,1267874,E,2249,1266749,0,1,ok
1126,1126,1267876,E,0,1266750,1,1,ok
1126,1126,1270128,E,2252,1269002,1,1,ok
1127,1127,1270130,E,1,1269003,2,1,ok
1127,1127,1272382,E,2253,1271255,2,1,ok
1128,1128,1272384,E,0,1271256,0,1,ok
1128,1128,1274640,E,2256,1273512,0,1,ok
1129,1129,1274642,E,1,1273513,1,1,ok
1129,1129,1276898,E,2257,1275769,1,1,ok
1130,1130,1276900,E,0,1275770,2,1,ok
1130,1130,1279160,E,2260,1278030,2,1,ok
1131,1131,1279162,E,1,1278031,0,1,ok
1131,1131,1281422,E,2261,1280291,0,1,ok
1132,1132,1281424,E,0,1280292,1,1,ok
1132,1132,1283688,E,2264,1282556,1,1,ok
1133,1133,1283690,E,1,1282557,2,1,ok
1133,1133,1285954,E,2265,1284821,2,1,ok
1134,1134,1285956,E,0,1284822,0,1,ok
1134,1134,1288224,E,2268,1287090,0,1,ok
1135,1135,1288226,E,1,1287091,1,1,ok
1135,1135,1290494,E,2269,1289359,1,1,ok
1136,1136,1290496,E,0,1289360,2,1,ok
1136,1136,1292768,E,2272,1291632,2,1,ok
1137,1137,1292770,E,1,1291633,0,1,ok
1137,1137,1295042,E,2273,1293905,0,1,ok
1137,1137,109,O,,-1028,0,1,ok
1138,1138,1295044,E,0,1293906,1,1,ok
1138,1138,1297320,E,2276,1296182,1,1,ok
1139,1139,1297322,E,1,1296183,2,1,ok
1139,1139,1299598,E,2277,1298459,2,1,ok
1140,1140,1299600,E,0,1298460,0,1,ok
1140,1140,1301880,E,2280,1300740,0,1,ok
1141,1141,1301882,E,1,1300741,1,1,ok
1141,1141,1304162,E,2281,1303021,1,1,ok
1142,1142,1304164,E,0,1303022,2,1,ok
1142,1142,1306448,E,2284,1305306,2,1,ok
1143,1143,1306450,E,1,1305307,0,1,ok
1143,1143,1308734,E,2285,1307591,0,1,ok
1144,1144,1308736,E,0,1307592,1,1,ok
1144,1144,1311024,E,2288,1309880,1,1,ok
1145,1145,1311026,E,1,1309881,2,1,ok
1145,1145,1313314,E,2289,1312169,2,1,ok
1146,1146,1313316,E,0,1312170,0,1,ok
1146,1146,1315608,E,2292,1314462,0,1,ok
1147,1147,1315610,E,1,1314463,1,1,ok
1147,1147,1317902,E,2293,1316755,1,1,ok
1148,1148,1317904,E,0,1316756,2,1,ok
1148,1148,1320200,E,2296,1319052,2,1,ok
1149,1149,1320202,E,1,1319053,0,1,ok
1149,1149,1322498,E,2297,1321349,0,1,ok
1150,1150,1322500,E,0,1321350,1,1,ok
1150,1150,1324800,E,2300,1323650,1,1,ok
1151,1151,1324802,E,1,1323651,2,1,ok
1151,1151,1327102,E,2301,1325951,2,1,ok
1152,1152,1327104,E,0,1325952,0,1,ok
1152,1152,1329408,E,2304,1328256,0,1,ok
1153,1153,1329410,E,1,1328257,1,1,ok
1153,1153,1331714,E,2305,1330561,1,1,ok
1154,1154,1331716,E,0,1330562,2,1,ok
1154,1154,1334024,E,2308,1332870,2,1,ok
1155,1155,1334026,E,1,1332871,0,1,ok
1155,1155,1336334,E,2309,1335179,0,1,ok
1156,1156,1336336,E,0,1335180,1,1,ok
1156,1156,1338648,E,2312,1337492,1,1,ok
1157,1157,1338650,E,1,1337493,2,1,ok
1157,1157,1340962,E,2313,1339805,2,1,ok
1158,1158,1340964,E,0,1339806,0,1,ok
1158,1158,1343280,E,2316,1342122,0,1,ok
1159,1159,1343282,E,1,1342123,1,1,ok
1159,1159,1345598,E,2317,1344439,1,1,ok
1160,1160,1345600,E,0,1344440,2,1,ok
1160,1160,1347920,E,2320,1346760,2,1,ok
1161,1161,1347922,E,1,1346761,0,1,ok
1161,1161,1350242,E,2321,1349081,0,1,ok
1162,1162,1350244,E,0,1349082,1,1,ok
1162,1162,1352568,E,2324,1351406,1,1,ok
1163,1163,1352570,E,1,1351407,2,1,ok
1163,1163,1354894,E,2325,1353731,2,1,ok
1164,1164,1354896,E,0,1353732,0,1,ok
1164,1164,1357224,E,2328,1356060,0,1,ok
1165,1165,1357226,E,1,1356061,1,1,ok
1165,1165,1359554,E,2329,1358389,1,1,ok
1166,1166,1359556,E,0,1358390,2,1,ok
1166,1166,1361888,E,2332,1360722,2,1,ok
1167,1167,1361890,E,1,1360723,0,1,ok
1167,1167,1364222,E,2333,1363055,0,1,ok
1168,1168,1364224,E,0,1363056,1,1,ok
1168,1168,1366560,E,2336,1365392,1,1,ok
1169,1169,1366562,E,1,1365393,2,1,ok
1169,1169,1368898,E,2337,1367729,2,1,ok
1169,1169,111,O,,-1058,2,1,ok
1170,1170,1368900,E,0,1367730,0,1,ok
1170,1170,1371240,E,2340,1370070,0,1,ok
1171,1171,1371242,E,1,1370071,1,1,ok
1171,1171,1373582,E,2341,1372411,1,1,ok
1172,1172,1373584,E,0,1372412,2,1,ok
1172,1172,1375928,E,2344,1374756,2,1,ok
1173,1173,1375930,E,1,1374757,0,1,ok
1173,1173,1378274,E,2345,1377101,0,1,ok
1174,1174,1378276,E,0,1377102,1,1,ok
1174,1174,1380624,E,2348,1379450,1,1,ok
1175,1175,1380626,E,1,1379451,2,1,ok
1175,1175,1382974,E,2349,1381799,2,1,ok
1176,1176,1382976,E,0,1381800,0,1,ok
1176,1176,1385328,E,2352,1384152,0,1,ok
1177,1177,1385330,E,1,1384153,1,1,ok
1177,1177,1387682,E,2353,1386505,1,1,ok
1178,1178,1387684,E,0,1386506,2,1,ok
1178,1178,1390040,E,2356,1388862,2,1,ok
1179,1179,1390042,E,1,1388863,0,1,ok
1179,1179,1392398,E,2357,1391219,0,1,ok
1180,1180,1392400,E,0,1391220,1,1,ok
1180,1180,1394760,E,2360,1393580,1,1,ok
1181,1181,1394762,E,1,1393581,2,1,ok
1181,1181,1397122,E,2361,1395941,2,1,ok
1182,1182,1397124,E,0,1395942,0,1,ok
1182,1182,1399488,E,2364,1398306,0,1,ok
1183,1183,1399490,E,1,1398307,1,1,ok
1183,1183,1401854,E,2365,1400671,1,1,ok
1184,1184,1401856,E,0,1400672,2,1,ok
1184,1184,1404224,E,2368,1403040,2,1,ok
1185,1185,1404226,E,1,1403041,0,1,ok
1185,1185,1406594,E,2369,1405409,0,1,ok
1186,1186,1406596,E,0,1405410,1,1,ok
1186,1186,1408968,E,2372,1407782,1,1,ok
1187,1187,1408970,E,1,1407783,2,1,ok
1187,1187,1411342,E,2373,1410155,2,1,ok
1188,1188,1411344,E,0,1410156,0,1,ok
1188,1188,1413720,E,2376,1412532,0,1,ok
1189,1189,1413722,E,1,1412533,1,1,ok
1189,1189,1416098,E,2377,1414909,1,1,ok
1190,1190,1416100,E,0,1414910,2,1,ok
1190,1190,1418480,E,2380,1417290,2,1,ok
1191,1191,1418482,E,1,1417291,0,1,ok
1191,1191,1420862,E,2381,1419671,0,1,ok
1192,1192,1420864,E,0,1419672,1,1,ok
1192,1192,1423248,E,2384,1422056,1,1,ok
1193,1193,1423250,E,1,1422057,2,1,ok
1193,1193,1425634,E,2385,1424441,2,1,ok
1194,1194,1425636,E,0,1424442,0,1,ok
1194,1194,1428024,E,2388,1426830,0,1,ok
1195,1195,1428026,E,1,1426831,1,1,ok
1195,1195,1430414,E,2389,1429219,1,1,ok
1196,1196,1430416,E,0,1429220,2,1,ok
1196,1196,1432808,E,2392,1431612,2,1,ok
1197,1197,1432810,E,1,1431613,0,1,ok
1197,1197,1435202,E,2393,1434005,0,1,ok
1198,1198,1435204,E,0,1434006,1,1,ok
1198,1198,1437600,E,2396,1436402,1,1,ok
1199,1199,1437602,E,1,1436403,2,1,ok
1199,1199,1439998,E,2397,1438799,2,1,ok
1200,1200,1440000,E,0,1438800,0,1,ok
1200,1200,1442400,E,2400,1441200,0,1,ok
1201,1201,1442402,E,1,1441201,1,1,ok
1201,1201,1444802,E,2401,1443601,1,1,ok
1201,1201,113,O,,-1088,1,1,ok
1202,1202,1444804,E,0,1443602,2,1,ok
1202,1202,1447208,E,2404,1446006,2,1,ok
1203,1203,1447210,E,1,1446007,0,1,ok
1203,1203,1449614,E,2405,1448411,0,1,ok
1204,1204,1449616,E,0,1448412,1,1,ok
1204,1204,1452024,E,2408,1450820,1,1,ok
1205,1205,1452026,E,1,1450821,2,1,ok
1205,1205,1454434,E,2409,1453229,2,1,ok
1206,1206,1454436,E,0,1453230,0,1,ok
1206,1206,1456848,E,2412,1455642,0,1,ok
1207,1207,1456850,E,1,1455643,1,1,ok
1207,1207,1459262,E,2413,1458055,1,1,ok
1208,1208,1459264,E,0,1458056,2,1,ok
1208,1208,1461680,E,2416,1460472,2,1,ok
1209,1209,1461682,E,1,1460473,0,1,ok
1209,1209,1464098,E,2417,1462889,0,1,ok
1210,1210,1464100,E,0,1462890,1,1,ok
1210,1210,1466520,E,2420,1465310,1,1,ok
1211,1211,1466522,E,1,1465311,2,1,ok
1211,1211,1468942,E,2421,1467731,2,1,ok
1212,1212,1468944,E,0,1467732,0,1,ok
1212,1212,1471368,E,2424,1470156,0,1,ok
1213,1213,1471370,E,1,1470157,1,1,ok
1213,1213,1473794,E,2425,1472581,1,1,ok
1214,1214,1473796,E,0,1472582,2,1,ok
1214,1214,1476224,E,2428,1475010,2,1,ok
1215,1215,1476226,E,1,1475011,0,1,ok
1215,1215,1478654,E,2429,1477439,0,1,ok
1216,1216,1478656,E,0,1477440,1,1,ok
1216,1216,1481088,E,2432,1479872,1,1,ok
1217,1217,1481090,E,1,1479873,2,1,ok
1217,1217,1483522,E,2433,1482305,2,1,ok
1218,1218,1483524,E,0,1482306,0,1,ok
1218,1218,1485960,E,2436,1484742,0,1,ok
1219,1219,1485962,E,1,1484743,1,1,ok
1219,1219,1488398,E,2437,1487179,1,1,ok
1220,1220,1488400,E,0,1487180,2,1,ok
1220,1220,1490840,E,2440,1489620,2,1,ok
1221,1221,1490842,E,1,1489621,0,1,ok
1221,1221,1493282,E,2441,1492061,0,1,ok
1222,1222,1493284,E,0,1492062,1,1,ok
1222,1222,1495728,E,2444,1494506,1,1,ok
1223,1223,1495730,E,1,1494507,2,1,ok
1223,1223,1498174,E,2445,1496951,2,1,ok
1224,1224,1498176,E,0,1496952,0,1,ok
1224,1224,1500624,E,2448,1499400,0,1,ok
1225,1225,1500626,E,1,1499401,1,1,ok
1225,1225,1503074,E,2449,1501849,1,1,ok
1226,1226,1503076,E,0,1501850,2,1,ok
1226,1226,1505528,E,2452,1504302,2,1,ok
1227,1227,1505530,E,1,1504303,0,1,ok
1227,1227,1507982,E,2453,1506755,0,1,ok
1228,1228,1507984,E,0,1506756,1,1,ok
1228,1228,1510440,E,2456,1509212,1,1,ok
1229,1229,1510442,E,1,1509213,2,1,ok
1229,1229,1512898,E,2457,1511669,2,1,ok
1230,1230,1512900,E,0,1511670,0,1,ok
1230,1230,1515360,E,2460,1514130,0,1,ok
1231,1231,1515362,E,1,1514131,1,1,ok
1231,1231,1517822,E,2461,1516591,1,1,ok
1232,1232,1517824,E,0,1516592,2,1,ok
1232,1232,1520288,E,2464,1519056,2,1,ok
1233,1233,1520290,E,1,1519057,0,1,ok
1233,1233,1522754,E,2465,1521521,0,1,ok
1233,1233,115,O,,-1118,0,1,ok
1234,1234,1522756,E,0,1521522,1,1,ok
1234,1234,1525224,E,2468,1523990,1,1,ok
1235,1235,1525226,E,1,1523991,2,1,ok
1235,1235,1527694,E,2469,1526459,2,1,ok
1236,1236,1527696,E,0,1526460,0,1,ok
1236,1236,1530168,E,2472,1528932,0,1,ok
1237,1237,1530170,E,1,1528933,1,1,ok
1237,1237,1532642,E,2473,1531405,1,1,ok
1238,1238,1532644,E,0,1531406,2,1,ok
1238,1238,1535120,E,2476,1533882,2,1,ok
1239,1239,1535122,E,1,1533883,0,1,ok
1239,1239,1537598,E,2477,1536359,0,1,ok
1240,1240,1537600,E,0,1536360,1,1,ok
1240,1240,1540080,E,2480,1538840,1,1,ok
1241,1241,1540082,E,1,1538841,2,1,ok
1241,1241,1542562,E,2481,1541321,2,1,ok
1242,1242,1542564,E,0,1541322,0,1,ok
1242,1242,1545048,E,2484,1543806,0,1,ok
1243,1243,1545050,E,1,1543807,1,1,ok
1243,1243,1547534,E,2485,1546291,1,1,ok
1244,1244,1547536,E,0,1546292,2,1,ok
1244,1244,1550024,E,2488,1548780,2,1,ok
1245,1245,1550026,E,1,1548781,0,1,ok
1245,1245,1552514,E,2489,1551269,0,1,ok
1246,1246,1552516,E,0,1551270,1,1,ok
1246,1246,1555008,E,2492,1553762,1,1,ok
1247,1247,1555010,E,1,1553763,2,1,ok
1247,1247,1557502,E,2493,1556255,2,1,ok
1248,1248,1557504,E,0,1556256,0,1,ok
1248,1248,1560000,E,2496,1558752,0,1,ok
1249,1249,1560002,E,1,1558753,1,1,ok
1249,1249,1562498,E,2497,1561249,1,1,ok
1250,1250,1562500,E,0,1561250,2,1,ok
1250,1250,1565000,E,2500,1563750,2,1,ok
1251,1251,1565002,E,1,1563751,0,1,ok
1251,1251,1567502,E,2501,1566251,0,1,ok
1252,1252,1567504,E,0,1566252,1,1,ok
1252,1252,1570008,E,2504,1568756,1,1,ok
1253,1253,1570010,E,1,1568757,2,1,ok
1253,1253,1572514,E,2505,1571261,2,1,ok
1254,1254,1572516,E,0,1571262,0,1,ok
1254,1254,1575024,E,2508,1573770,0,1,ok
1255,1255,1575026,E,1,1573771,1,1,ok
1255,1255,1577534,E,2509,1576279,1,1,ok
1256,1256,1577536,E,0,1576280,2,1,ok
1256,1256,1580048,E,2512,1578792,2,1,ok
1257,1257,1580050,E,1,1578793,0,1,ok
1257,1257,1582562,E,2513,1581305,0,1,ok
1258,1258,1582564,E,0,1581306,1,1,ok
1258,1258,1585080,E,2516,1583822,1,1,ok
1259,1259,1585082,E,1,1583823,2,1,ok
1259,1259,1587598,E,2517,1586339,2,1,ok
1260,1260,1587600,E,0,1586340,0,1,ok
1260,1260,1590120,E,2520,1588860,0,1,ok
1261,1261,1590122,E,1,1588861,1,1,ok
1261,1261,1592642,E,2521,1591381,1,1,ok
1262,1262,1592644,E,0,1591382,2,1,ok
1262,1262,1595168,E,2524,1593906,2,1,ok
1263,1263,1595170,E,1,1593907,0,1,ok
1263,1263,1597694,E,2525,1596431,0,1,ok
1264,1264,1597696,E,0,1596432,1,1,ok
1264,1264,1600224,E,2528,1598960,1,1,ok
1265,1265,1600226,E,1,1598961,2,1,ok
1265,1265,1602754,E,2529,1601489,2,1,ok
1265,1265,117,O,,-1148,2,1,ok
1266,1266,1602756,E,0,1601490,0,1,ok
1266,1266,1605288,E,2532,1604022,0,1,ok
1267,1267,1605290,E,1,1604023,1,1,ok
1267,1267,1607822,E,2533,1606555,1,1,ok
1268,1268,1607824,E,0,1606556,2,1,ok
1268,1268,1610360,E,2536,1609092,2,1,ok
1269,1269,1610362,E,1,1609093,0,1,ok
1269,1269,1612898,E,2537,1611629,0,1,ok
1270,1270,1612900,E,0,1611630,1,1,ok
1270,1270,1615440,E,2540,1614170,1,1,ok
1271,1271,1615442,E,1,1614171,2,1,ok
1271,1271,1617982,E,2541,1616711,2,1,ok
1272,1272,1617984,E,0,1616712,0,1,ok
1272,1272,1620528,E,2544,1619256,0,1,ok
1273,1273,1620530,E,1,1619257,1,1,ok
1273,1273,1623074,E,2545,1621801,1,1,ok
1274,1274,1623076,E,0,1621802,2,1,ok
1274,1274,1625624,E,2548,1624350,2,1,ok
1275,1275,1625626,E,1,1624351,0,1,ok
1275,1275,1628174,E,2549,1626899,0,1,ok
1276,1276,1628176,E,0,1626900,1,1,ok
1276,1276,1630728,E,2552,1629452,1,1,ok
1277,1277,1630730,E,1,1629453,2,1,ok
1277,1277,1633282,E,2553,1632005,2,1,ok
1278,1278,1633284,E,0,1632006,0,1,ok
1278,1278,1635840,E,2556,1634562,0,1,ok
1279,1279,1635842,E,1,1634563,1,1,ok
1279,1279,1638398,E,2557,1637119,1,1,ok
1280,1280,1638400,E,0,1637120,2,1,ok
1280,1280,1640960,E,2560,1639680,2,1,ok
1281,1281,1640962,E,1,1639681,0,1,ok
1281,1281,1643522,E,2561,1642241,0,1,ok
1282,1282,1643524,E,0,1642242,1,1,ok
1282,1282,1646088,E,2564,1644806,1,1,ok
1283,1283,1646090,E,1,1644807,2,1,ok
1283,1283,1648654,E,2565,1647371,2,1,ok
1284,1284,1648656,E,0,1647372,0,1,ok
1284,1284,1651224,E,2568,1649940,0,1,ok
1285,1285,1651226,E,1,1649941,1,1,ok
1285,1285,1653794,E,2569,1652509,1,1,ok
1286,1286,1653796,E,0,1652510,2,1,ok
1286,1286,1656368,E,2572,1655082,2,1,ok
1287,1287,1656370,E,1,1655083,0,1,ok
1287,1287,1658942,E,2573,1657655,0,1,ok
1288,1288,1658944,E,0,1657656,1,1,ok
1288,1288,1661520,E,2576,1660232,1,1,ok
1289,1289,1661522,E,1,1660233,2,1,ok
1289,1289,1664098,E,2577,1662809,2,1,ok
1290,1290,1664100,E,0,1662810,0,1,ok
1290,1290,1666680,E,2580,1665390,0,1,ok
1291,1291,1666682,E,1,1665391,1,1,ok
1291,1291,1669262,E,2581,1667971,1,1,ok
1292,1292,1669264,E,0,1667972,2,1,ok
1292,1292,1671848,E,2584,1670556,2,1,ok
1293,1293,1671850,E,1,1670557,0,1,ok
1293,1293,1674434,E,2585,1673141,0,1,ok
1294,1294,1674436,E,0,1673142,1,1,ok
1294,1294,1677024,E,2588,1675730,1,1,ok
1295,1295,1677026,E,1,1675731,2,1,ok
1295,1295,1679614,E,2589,1678319,2,1,ok
1296,1296,1679616,E,0,1678320,0,1,ok
1296,1296,1682208,E,2592,1680912,0,1,ok
1297,1297,1682210,E,1,1680913,1,1,ok
1297,1297,1684802,E,2593,1683505,1,1,ok
1298,1298,1684804,E,0,1683506,2,1,ok
1298,1298,1687400,E,2596,1686102,2,1,ok
1298,1298,119,O,,-1179,2,1,ok
1299,1299,1687402,E,1,1686103,0,1,ok
1299,1299,1689998,E,2597,1688699,0,1,ok
1300,1300,1690000,E,0,1688700,1,1,ok
1300,1300,1692600,E,2600,1691300,1,1,ok
1301,1301,1692602,E,1,1691301,2,1,ok
1301,1301,1695202,E,2601,1693901,2,1,ok
1302,1302,1695204,E,0,1693902,0,1,ok
1302,1302,1697808,E,2604,1696506,0,1,ok
1303,1303,1697810,E,1,1696507,1,1,ok
1303,1303,1700414,E,2605,1699111,1,1,ok
1304,1304,1700416,E,0,1699112,2,1,ok
1304,1304,1703024,E,2608,1701720,2,1,ok
1305,1305,1703026,E,1,1701721,0,1,ok
1305,1305,1705634,E,2609,1704329,0,1,ok
1306,1306,1705636,E,0,1704330,1,1,ok
1306,1306,1708248,E,2612,1706942,1,1,ok
1307,1307,1708250,E,1,1706943,2,1,ok
1307,1307,1710862,E,2613,1709555,2,1,ok
1308,1308,1710864,E,0,1709556,0,1,ok
1308,1308,1713480,E,2616,1712172,0,1,ok
1309,1309,1713482,E,1,1712173,1,1,ok
1309,1309,1716098,E,2617,1714789,1,1,ok
1310,1310,1716100,E,0,1714790,2,1,ok
1310,1310,1718720,E,2620,1717410,2,1,ok
1311,1311,1718722,E,1,1717411,0,1,ok
1311,1311,1721342,E,2621,1720031,0,1,ok
1312,1312,1721344,E,0,1720032,1,1,ok
1312,1312,1723968,E,2624,1722656,1,1,ok
1313,1313,1723970,E,1,1722657,2,1,ok
1313,1313,1726594,E,2625,1725281,2,1,ok
1314,1314,1726596,E,0,1725282,0,1,ok
1314,1314,1729224,E,2628,1727910,0,1,ok
1315,1315,1729226,E,1,1727911,1,1,ok
1315,1315,1731854,E,2629,1730539,1,1,ok
1316,1316,1731856,E,0,1730540,2,1,ok
1316,1316,1734488,E,2632,1733172,2,1,ok
1317,1317,1734490,E,1,1733173,0,1,ok
1317,1317,1737122,E,2633,1735805,0,1,ok
1318,1318,1737124,E,0,1735806,1,1,ok
1318,1318,1739760,E,2636,1738442,1,1,ok
1319,1319,1739762,E,1,1738443,2,1,ok
1319,1319,1742398,E,2637,1741079,2,1,ok
1320,1320,1742400,E,0,1741080,0,1,ok
1320,1320,1745040,E,2640,1743720,0,1,ok
1321,1321,1745042,E,1,1743721,1,1,ok
1321,1321,1747682,E,2641,1746361,1,1,ok
1322,1322,1747684,E,0,1746362,2,1,ok
1322,1322,1750328,E,2644,1749006,2,1,ok
1323,1323,1750330,E,1,1749007,0,1,ok
1323,1323,1752974,E,2645,1751651,0,1,ok
1324,1324,1752976,E,0,1751652,1,1,ok
1324,1324,1755624,E,2648,1754300,1,1,ok
1325,1325,1755626,E,1,1754301,2,1,ok
1325,1325,1758274,E,2649,1756949,2,1,ok
1326,1326,1758276,E,0,1756950,0,1,ok
1326,1326,1760928,E,2652,1759602,0,1,ok
1327,1327,1760930,E,1,1759603,1,1,ok
1327,1327,1763582,E,2653,1762255,1,1,ok
1328,1328,1763584,E,0,1762256,2,1,ok
1328,1328,1766240,E,2656,1764912,2,1,ok
1329,1329,1766242,E,1,1764913,0,1,ok
1329,1329,1768898,E,2657,1767569,0,1,ok
1330,1330,1768900,E,0,1767570,1,1,ok
1330,1330,1771560,E,2660,1770230,1,1,ok
1331,1331,1771562,E,1,1770231,2,1,ok
1331,1331,1774222,E,2661,1772891,2,1,ok
1331,1331,121,O,,-1210,2,1,ok
1332,1332,1774224,E,0,1772892,0,1,ok
1332,1332,1776888,E,2664,1775556,0,1,ok
1333,1333,1776890,E,1,1775557,1,1,ok
1333,1333,1779554,E,2665,1778221,1,1,ok
1334,1334,1779556,E,0,1778222,2,1,ok
1334,1334,1782224,E,2668,1780890,2,1,ok
1335,1335,1782226,E,1,1780891,0,1,ok
1335,1335,1784894,E,2669,1783559,0,1,ok
1336,1336,1784896,E,0,1783560,1,1,ok
1336,1336,1787568,E,2672,1786232,1,1,ok
1337,1337,1787570,E,1,1786233,2,1,ok
1337,1337,1790242,E,2673,1788905,2,1,ok
1338,1338,1790244,E,0,1788906,0,1,ok
1338,1338,1792920,E,2676,1791582,0,1,ok
1339,1339,1792922,E,1,1791583,1,1,ok
1339,1339,1795598,E,2677,1794259,1,1,ok
1340,1340,1795600,E,0,1794260,2,1,ok
1340,1340,1798280,E,2680,1796940,2,1,ok
1341,1341,1798282,E,1,1796941,0,1,ok
1341,1341,1800962,E,2681,1799621,0,1,ok
1342,1342,1800964,E,0,1799622,1,1,ok
1342,1342,1803648,E,2684,1802306,1,1,ok
1343,1343,1803650,E,1,1802307,2,1,ok
1343,1343,1806334,E,2685,1804991,2,1,ok
1344,1344,1806336,E,0,1804992,0,1,ok
1344,1344,1809024,E,2688,1807680,0,1,ok
1345,1345,1809026,E,1,1807681,1,1,ok
1345,1345,1811714,E,2689,1810369,1,1,ok
1346,1346,1811716,E,0,1810370,2,1,ok
1346,1346,1814408,E,2692,1813062,2,1,ok
1347,1347,1814410,E,1,1813063,0,1,ok
1347,1347,1817102,E,2693,1815755,0,1,ok
1348,1348,1817104,E,0,1815756,1,1,ok
1348,1348,1819800,E,2696,1818452,1,1,ok
1349,1349,1819802,E,1,1818453,2,1,ok
1349,1349,1822498,E,2697,1821149,2,1,ok
1350,1350,1822500,E,0,1821150,0,1,ok
1350,1350,1825200,E,2700,1823850,0,1,ok
1351,1351,1825202,E,1,1823851,1,1,ok
1351,1351,1827902,E,2701,1826551,1,1,ok
1352,1352,1827904,E,0,1826552,2,1,ok
1352,1352,1830608,E,2704,1829256,2,1,ok
1353,1353,1830610,E,1,1829257,0,1,ok
1353,1353,1833314,E,2705,1831961,0,1,ok
1354,1354,1833316,E,0,1831962,1,1,ok
1354,1354,1836024,E,2708,1834670,1,1,ok
1355,1355,1836026,E,1,1834671,2,1,ok
1355,1355,1838734,E,2709,1837379,2,1,ok
1356,1356,1838736,E,0,1837380,0,1,ok
1356,1356,1841448,E,2712,1840092,0,1,ok
1357,1357,1841450,E,1,1840093,1,1,ok
1357,1357,1844162,E,2713,1842805,1,1,ok
1358,1358,1844164,E,0,1842806,2,1,ok
1358,1358,1846880,E,2716,1845522,2,1,ok
1359,1359,1846882,E,1,1845523,0,1,ok
1359,1359,1849598,E,2717,1848239,0,1,ok
1360,1360,1849600,E,0,1848240,1,1,ok
1360,1360,1852320,E,2720,1850960,1,1,ok
1361,1361,1852322,E,1,1850961,2,1,ok
1361,1361,1855042,E,2721,1853681,2,1,ok
1362,1362,1855044,E,0,1853682,0,1,ok
1362,1362,1857768,E,2724,1856406,0,1,ok
1363,1363,1857770,E,1,1856407,1,1,ok
1363,1363,1860494,E,2725,1859131,1,1,ok
1364,1364,1860496,E,0,1859132,2,1,ok
1364,1364,1863224,E,2728,1861860,2,1,ok
1364,1364,123,O,,-1241,2,1,ok
1365,1365,1863226,E,1,1861861,0,1,ok
1365,1365,1865954,E,2729,1864589,0,1,ok
1366,1366,1865956,E,0,1864590,1,1,ok
1366,1366,1868688,E,2732,1867322,1,1,ok
1367,1367,1868690,E,1,1867323,2,1,ok
1367,1367,1871422,E,2733,1870055,2,1,ok
1368,1368,1871424,E,0,1870056,0,1,ok
1368,1368,1874160,E,2736,1872792,0,1,ok
1369,1369,1874162,E,1,1872793,1,1,ok
1369,1369,1876898,E,2737,1875529,1,1,ok
1370,1370,1876900,E,0,1875530,2,1,ok
1370,1370,1879640,E,2740,1878270,2,1,ok
1371,1371,1879642,E,1,1878271,0,1,ok
1371,1371,1882382,E,2741,1881011,0,1,ok
1372,1372,1882384,E,0,1881012,1,1,ok
1372,1372,1885128,E,2744,1883756,1,1,ok
1373,1373,1885130,E,1,1883757,2,1,ok
1373,1373,1887874,E,2745,1886501,2,1,ok
1374,1374,1887876,E,0,1886502,0,1,ok
1374,1374,1890624,E,2748,1889250,0,1,ok
1375,1375,1890626,E,1,1889251,1,1,ok
1375,1375,1893374,E,2749,1891999,1,1,ok
1376,1376,1893376,E,0,1892000,2,1,ok
1376,1376,1896128,E,2752,1894752,2,1,ok
1377,1377,1896130,E,1,1894753,0,1,ok
1377,1377,1898882,E,2753,1897505,0,1,ok
1378,1378,1898884,E,0,1897506,1,1,ok
1378,1378,1901640,E,2756,1900262,1,1,ok
1379,1379,1901642,E,1,1900263,2,1,ok
1379,1379,1904398,E,2757,1903019,2,1,ok
1380,1380,1904400,E,0,1903020,0,1,ok
1380,1380,1907160,E,2760,1905780,0,1,ok
1381,1381,1907162,E,1,1905781,1,1,ok
1381,1381,1909922,E,2761,1908541,1,1,ok
1382,1382,1909924,E,0,1908542,2,1,ok
1382,1382,1912688,E,2764,1911306,2,1,ok
1383,1383,1912690,E,1,1911307,0,1,ok
1383,1383,1915454,E,2765,1914071,0,1,ok
1384,1384,1915456,E,0,1914072,1,1,ok
1384,1384,1918224,E,2768,1916840,1,1,ok
1385,1385,1918226,E,1,1916841,2,1,ok
1385,1385,1920994,E,2769,1919609,2,1,ok
1386,1386,1920996,E,0,1919610,0,1,ok
1386,1386,1923768,E,2772,1922382,0,1,ok
1387,1387,1923770,E,1,1922383,1,1,ok
1387,1387,1926542,E,2773,1925155,1,1,ok
1388,1388,1926544,E,0,1925156,2,1,ok
1388,1388,1929320,E,2776,1927932,2,1,ok
1389,1389,1929322,E,1,1927933,0,1,ok
1389,1389,1932098,E,2777,1930709,0,1,ok
1390,1390,1932100,E,0,1930710,1,1,ok
1390,1390,1934880,E,2780,1933490,1,1,ok
1391,1391,1934882,E,1,1933491,2,1,ok
1391,1391,1937662,E,2781,1936271,2,1,ok
1392,1392,1937664,E,0,1936272,0,1,ok
1392,1392,1940448,E,2784,1939056,0,1,ok
1393,1393,1940450,E,1,1939057,1,1,ok
1393,1393,1943234,E,2785,1941841,1,1,ok
1394,1394,1943236,E,0,1941842,2,1,ok
1394,1394,1946024,E,2788,1944630,2,1,ok
1395,1395,1946026,E,1,1944631,0,1,ok
1395,1395,1948814,E,2789,1947419,0,1,ok
1396,1396,1948816,E,0,1947420,1,1,ok
1396,1396,1951608,E,2792,1950212,1,1,ok
1397,1397,1951610,E,1,1950213,2,1,ok
1397,1397,1954402,E,2793,1953005,2,1,ok
1397,1397,125,O,,-1272,2,1,ok
1398,1398,1954404,E,0,1953006,0,1,ok
1398,1398,1957200,E,2796,1955802,0,1,ok
1399,1399,1957202,E,1,1955803,1,1,ok
1399,1399,1959998,E,2797,1958599,1,1,ok
1400,1400,1960000,E,0,1958600,2,1,ok
1400,1400,1962800,E,2800,1961400,2,1,ok
1401,1401,1962802,E,1,1961401,0,1,ok
1401,1401,1965602,E,2801,1964201,0,1,ok
1402,1402,1965604,E,0,1964202,1,1,ok
1402,1402,1968408,E,2804,1967006,1,1,ok
1403,1403,1968410,E,1,1967007,2,1,ok
1403,1403,1971214,E,2805,1969811,2,1,ok
1404,1404,1971216,E,0,1969812,0,1,ok
1404,1404,1974024,E,2808,1972620,0,1,ok
1405,1405,1974026,E,1,1972621,1,1,ok
1405,1405,1976834,E,2809,1975429,1,1,ok
1406,1406,1976836,E,0,1975430,2,1,ok
1406,1406,1979648,E,2812,1978242,2,1,ok
1407,1407,1979650,E,1,1978243,0,1,ok
1407,1407,1982462,E,2813,1981055,0,1,ok
1408,1408,1982464,E,0,1981056,1,1,ok
1408,1408,1985280,E,2816,1983872,1,1,ok
1409,1409,1985282,E,1,1983873,2,1,ok
1409,1409,1988098,E,2817,1986689,2,1,ok
1410,1410,1988100,E,0,1986690,0,1,ok
1410,1410,1990920,E,2820,1989510,0,1,ok
1411,1411,1990922,E,1,1989511,1,1,ok
1411,1411,1993742,E,2821,1992331,1,1,ok
1412,1412,1993744,E,0,1992332,2,1,ok
1412,1412,1996568,E,2824,1995156,2,1,ok
1413,1413,1996570,E,1,1995157,0,1,ok
1413,1413,1999394,E,2825,1997981,0,1,ok
1414,1414,1999396,E,0,1997982,1,1,ok
1414,1414,2002224,E,2828,2000810,1,1,ok
1415,1415,2002226,E,1,2000811,2,1,ok
1415,1415,2005054,E,2829,2003639,2,1,ok
1416,1416,2005056,E,0,2003640,0,1,ok
1416,1416,2007888,E,2832,2006472,0,1,ok
1417,1417,2007890,E,1,2006473,1,1,ok
1417,1417,2010722,E,2833,2009305,1,1,ok
1418,1418,2010724,E,0,2009306,2,1,ok
1418,1418,2013560,E,2836,2012142,2,1,ok
1419,1419,2013562,E,1,2012143,0,1,ok
1419,1419,2016398,E,2837,2014979,0,1,ok
1420,1420,2016400,E,0,2014980,1,1,ok
1420,1420,2019240,E,2840,2017820,1,1,ok
1421,1421,2019242,E,1,2017821,2,1,ok
1421,1421,2022082,E,2841,2020661,2,1,ok
1422,1422,2022084,E,0,2020662,0,1,ok
1422,1422,2024928,E,2844,2023506,0,1,ok
1423,1423,2024930,E,1,2023507,1,1,ok
1423,1423,2027774,E,2845,2026351,1,1,ok
1424,1424,2027776,E,0,2026352,2,1,ok
1424,1424,2030624,E,2848,2029200,2,1,ok
1425,1425,2030626,E,1,2029201,0,1,ok
1425,1425,2033474,E,2849,2032049,0,1,ok
1426,1426,2033476,E,0,2032050,1,1,ok
1426,1426,2036328,E,2852,2034902,1,1,ok
1427,1427,2036330,E,1,2034903,2,1,ok
1427,1427,2039182,E,2853,2037755,2,1,ok
1428,1428,2039184,E,0,2037756,0,1,ok
1428,1428,2042040,E,2856,2040612,0,1,ok
1429,1429,2042042,E,1,2040613,1,1,ok
1429,1429,2044898,E,2857,2043469,1,1,ok
1430,1430,2044900,E,0,2043470,2,1,ok
1430,1430,2047760,E,2860,2046330,2,1,ok
1431,1431,2047762,E,1,2046331,0,1,ok
1431,1431,2050622,E,2861,2049191,0,1,ok
1431,1431,127,O,,-1304,0,1,ok
1432,1432,2050624,E,0,2049192,1,1,ok
1432,1432,2053488,E,2864,2052056,1,1,ok
1433,1433,2053490,E,1,2052057,2,1,ok
1433,1433,2056354,E,2865,2054921,2,1,ok
1434,1434,2056356,E,0,2054922,0,1,ok
1434,1434,2059224,E,2868,2057790,0,1,ok
1435,1435,2059226,E,1,2057791,1,1,ok
1435,1435,2062094,E,2869,2060659,1,1,ok
1436,1436,2062096,E,0,2060660,2,1,ok
1436,1436,2064968,E,2872,2063532,2,1,ok
1437,1437,2064970,E,1,2063533,0,1,ok
1437,1437,2067842,E,2873,2066405,0,1,ok
1438,1438,2067844,E,0,2066406,1,1,ok
1438,1438,2070720,E,2876,2069282,1,1,ok
1439,1439,2070722,E,1,2069283,2,1,ok
1439,1439,2073598,E,2877,2072159,2,1,ok
1440,1440,2073600,E,0,2072160,0,1,ok
1440,1440,2076480,E,2880,2075040,0,1,ok
1441,1441,2076482,E,1,2075041,1,1,ok
1441,1441,2079362,E,2881,2077921,1,1,ok
1442,1442,2079364,E,0,2077922,2,1,ok
1442,1442,2082248,E,2884,2080806,2,1,ok
1443,1443,2082250,E,1,2080807,0,1,ok
1443,1443,2085134,E,2885,2083691,0,1,ok
1444,1444,2085136,E,0,2083692,1,1,ok
1444,1444,2088024,E,2888,2086580,1,1,ok
1445,1445,2088026,E,1,2086581,2,1,ok
1445,1445,2090914,E,2889,2089469,2,1,ok
1446,1446,2090916,E,0,2089470,0,1,ok
1446,1446,2093808,E,2892,2092362,0,1,ok
1447,1447,2093810,E,1,2092363,1,1,ok
1447,1447,2096702,E,2893,2095255,1,1,ok
1448,1448,2096704,E,0,2095256,2,1,ok
1448,1448,2099600,E,2896,2098152,2,1,ok
1449,1449,2099602,E,1,2098153,0,1,ok
1449,1449,2102498,E,2897,2101049,0,1,ok
1450,1450,2102500,E,0,2101050,1,1,ok
1450,1450,2105400,E,2900,2103950,1,1,ok
1451,1451,2105402,E,1,2103951,2,1,ok
1451,1451,2108302,E,2901,2106851,2,1,ok
1452,1452,2108304,E,0,2106852,0,1,ok
1452,1452,2111208,E,2904,2109756,0,1,ok
1453,1453,2111210,E,1,2109757,1,1,ok
1453,1453,2114114,E,2905,2112661,1,1,ok
1454,1454,2114116,E,0,2112662,2,1,ok
1454,1454,2117024,E,2908,2115570,2,1,ok
1455,1455,2117026,E,1,2115571,0,1,ok
1455,1455,2119934,E,2909,2118479,0,1,ok
1456,1456,2119936,E,0,2118480,1,1,ok
1456,1456,2122848,E,2912,2121392,1,1,ok
1457,1457,2122850,E,1,2121393,2,1,ok
1457,1457,2125762,E,2913,2124305,2,1,ok
1458,1458,2125764,E,0,2124306,0,1,ok
1458,1458,2128680,E,2916,2127222,0,1,ok
1459,1459,2128682,E,1,2127223,1,1,ok
1459,1459,2131598,E,2917,2130139,1,1,ok
1460,1460,2131600,E,0,2130140,2,1,ok
1460,1460,2134520,E,2920,2133060,2,1,ok
1461,1461,2134522,E,1,2133061,0,1,ok
1461,1461,2137442,E,2921,2135981,0,1,ok
1462,1462,2137444,E,0,2135982,1,1,ok
1462,1462,2140368,E,2924,2138906,1,1,ok
1463,1463,2140370,E,1,2138907,2,1,ok
1463,1463,2143294,E,2925,2141831,2,1,ok
1464,1464,2143296,E,0,2141832,0,1,ok
1464,1464,2146224,E,2928,2144760,0,1,ok
1465,1465,2146226,E,1,2144761,1,1,ok
1465,1465,2149154,E,2929,2147689,1,1,ok
1465,1465,129,O,,-1336,1,1,ok
1466,1466,2149156,E,0,2147690,2,1,ok
1466,1466,2152088,E,2932,2150622,2,1,ok
1467,1467,2152090,E,1,2150623,0,1,ok
1467,1467,2155022,E,2933,2153555,0,1,ok
1468,1468,2155024,E,0,2153556,1,1,ok
1468,1468,2157960,E,2936,2156492,1,1,ok
1469,1469,2157962,E,1,2156493,2,1,ok
1469,1469,2160898,E,2937,2159429,2,1,ok
1470,1470,2160900,E,0,2159430,0,1,ok
1470,1470,2163840,E,2940,2162370,0,1,ok
1471,1471,2163842,E,1,2162371,1,1,ok
1471,1471,2166782,E,2941,2165311,1,1,ok
1472,1472,2166784,E,0,2165312,2,1,ok
1472,1472,2169728,E,2944,2168256,2,1,ok
1473,1473,2169730,E,1,2168257,0,1,ok
1473,1473,2172674,E,2945,2171201,0,1,ok
1474,1474,2172676,E,0,2171202,1,1,ok
1474,1474,2175624,E,2948,2174150,1,1,ok
1475,1475,2175626,E,1,2174151,2,1,ok
1475,1475,2178574,E,2949,2177099,2,1,ok
1476,1476,2178576,E,0,2177100,0,1,ok
1476,1476,2181528,E,2952,2180052,0,1,ok
1477,1477,2181530,E,1,2180053,1,1,ok
1477,1477,2184482,E,2953,2183005,1,1,ok
1478,1478,2184484,E,0,2183006,2,1,ok
1478,1478,2187440,E,2956,2185962,2,1,ok
1479,1479,2187442,E,1,2185963,0,1,ok
1479,1479,2190398,E,2957,2188919,0,1,ok
1480,1480,2190400,E,0,2188920,1,1,ok
1480,1480,2193360,E,2960,2191880,1,1,ok
1481,1481,2193362,E,1,2191881,2,1,ok
1481,1481,2196322,E,2961,2194841,2,1,ok
1482,1482,2196324,E,0,2194842,0,1,ok
1482,1482,2199288,E,2964,2197806,0,1,ok
1483,1483,2199290,E,1,2197807,1,1,ok
1483,1483,2202254,E,2965,2200771,1,1,ok
1484,1484,2202256,E,0,2200772,2,1,ok
1484,1484,2205224,E,2968,2203740,2,1,ok
1485,1485,2205226,E,1,2203741,0,1,ok
1485,1485,2208194,E,2969,2206709,0,1,ok
1486,1486,2208196,E,0,2206710,1,1,ok
1486,1486,2211168,E,2972,2209682,1,1,ok
1487,1487,2211170,E,1,2209683,2,1,ok
1487,1487,2214142,E,2973,2212655,2,1,ok
1488,1488,2214144,E,0,2212656,0,1,ok
1488,1488,2217120,E,2976,2215632,0,1,ok
1489,1489,2217122,E,1,2215633,1,1,ok
1489,1489,2220098,E,2977,2218609,1,1,ok
1490,1490,2220100,E,0,2218610,2,1,ok
1490,1490,2223080,E,2980,2221590,2,1,ok
1491,1491,2223082,E,1,2221591,0,1,ok
1491,1491,2226062,E,2981,2224571,0,1,ok
1492,1492,2226064,E,0,2224572,1,1,ok
1492,1492,2229048,E,2984,2227556,1,1,ok
1493,1493,2229050,E,1,2227557,2,1,ok
1493,1493,2232034,E,2985,2230541,2,1,ok
1494,1494,2232036,E,0,2230542,0,1,ok
1494,1494,2235024,E,2988,2233530,0,1,ok
1495,1495,2235026,E,1,2233531,1,1,ok
1495,1495,2238014,E,2989,2236519,1,1,ok
1496,1496,2238016,E,0,2236520,2,1,ok
1496,1496,2241008,E,2992,2239512,2,1,ok
1497,1497,2241010,E,1,2239513,0,1,ok
1497,1497,2244002,E,2993,2242505,0,1,ok
1498,1498,2244004,E,0,2242506,1,1,ok
1498,1498,2247000,E,2996,2245502,1,1,ok
1499,1499,2247002,E,1,2245503,2,1,ok
1499,1499,2249998,E,2997,2248499,2,1,ok
1499,1499,131,O,,-1368,2,1,ok
1500,1500,2250000,E,0,2248500,0,1,ok
1500,1500,2253000,E,3000,2251500,0,1,ok
1501,1501,2253002,E,1,2251501,1,1,ok
1501,1501,2256002,E,3001,2254501,1,1,ok
1502,1502,2256004,E,0,2254502,2,1,ok
1502,1502,2259008,E,3004,2257506,2,1,ok
1503,1503,2259010,E,1,2257507,0,1,ok
1503,1503,2262014,E,3005,2260511,0,1,ok
1504,1504,2262016,E,0,2260512,1,1,ok
1504,1504,2265024,E,3008,2263520,1,1,ok
1505,1505,2265026,E,1,2263521,2,1,ok
1505,1505,2268034,E,3009,2266529,2,1,ok
1506,1506,2268036,E,0,2266530,0,1,ok
1506,1506,2271048,E,3012,2269542,0,1,ok
1507,1507,2271050,E,1,2269543,1,1,ok
1507,1507,2274062,E,3013,2272555,1,1,ok
1508,1508,2274064,E,0,2272556,2,1,ok
1508,1508,2277080,E,3016,2275572,2,1,ok
1509,1509,2277082,E,1,2275573,0,1,ok
1509,1509,2280098,E,3017,2278589,0,1,ok
1510,1510,2280100,E,0,2278590,1,1,ok
1510,1510,2283120,E,3020,2281610,1,1,ok
1511,1511,2283122,E,1,2281611,2,1,ok
1511,1511,2286142,E,3021,2284631,2,1,ok
1512,1512,2286144,E,0,2284632,0,1,ok
1512,1512,2289168,E,3024,2287656,0,1,ok
1513,1513,2289170,E,1,2287657,1,1,ok
1513,1513,2292194,E,3025,2290681,1,1,ok
1514,1514,2292196,E,0,2290682,2,1,ok
1514,1514,2295224,E,3028,2293710,2,1,ok
1515,1515,2295226,E,1,2293711,0,1,ok
1515,1515,2298254,E,3029,2296739,0,1,ok
1516,1516,2298256,E,0,2296740,1,1,ok
1516,1516,2301288,E,3032,2299772,1,1,ok
1517,1517,2301290,E,1,2299773,2,1,ok
1517,1517,2304322,E,3033,2302805,2,1,ok
1518,1518,2304324,E,0,2302806,0,1,ok
1518,1518,2307360,E,3036,2305842,0,1,ok
1519,1519,2307362,E,1,2305843,1,1,ok
1519,1519,2310398,E,3037,2308879,1,1,ok
1520,1520,2310400,E,0,2308880,2,1,ok
1520,1520,2313440,E,3040,2311920,2,1,ok
1521,1521,2313442,E,1,2311921,0,1,ok
1521,1521,2316482,E,3041,2314961,0,1,ok
1522,1522,2316484,E,0,2314962,1,1,ok
1522,1522,2319528,E,3044,2318006,1,1,ok
1523,1523,2319530,E,1,2318007,2,1,ok
1523,1523,2322574,E,3045,2321051,2,1,ok
1524,1524,2322576,E,0,2321052,0,1,ok
1524,1524,2325624,E,3048,2324100,0,1,ok
1525,1525,2325626,E,1,2324101,1,1,ok
1525,1525,2328674,E,3049,2327149,1,1,ok
1526,1526,2328676,E,0,2327150,2,1,ok
1526,1526,2331728,E,3052,2330202,2,1,ok
1527,1527,2331730,E,1,2330203,0,1,ok
1527,1527,2334782,E,3053,2333255,0,1,ok
1528,1528,2334784,E,0,2333256,1,1,ok
1528,1528,2337840,E,3056,2336312,1,1,ok
1529,1529,2337842,E,1,2336313,2,1,ok
1529,1529,2340898,E,3057,2339369,2,1,ok
1530,1530,2340900,E,0,2339370,0,1,ok
1530,1530,2343960,E,3060,2342430,0,1,ok
1531,1531,2343962,E,1,2342431,1,1,ok
1531,1531,2347022,E,3061,2345491,1,1,ok
1532,1532,2347024,E,0,2345492,2,1,ok
1532,1532,2350088,E,3064,2348556,2,1,ok
1533,1533,2350090,E,1,2348557,0,1,ok
1533,1533,2353154,E,3065,2351621,0,1,ok
1533,1533,133,O,,-1400,0,1,ok
1534,1534,2353156,E,0,2351622,1,1,ok
1534,1534,2356224,E,3068,2354690,1,1,ok
1535,1535,2356226,E,1,2354691,2,1,ok
1535,1535,2359294,E,3069,2357759,2,1,ok
1536,1536,2359296,E,0,2357760,0,1,ok
1536,1536,2362368,E,3072,2360832,0,1,ok
1537,1537,2362370,E,1,2360833,1,1,ok
1537,1537,2365442,E,3073,2363905,1,1,ok
1538,1538,2365444,E,0,2363906,2,1,ok
1538,1538,2368520,E,3076,2366982,2,1,ok
1539,1539,2368522,E,1,2366983,0,1,ok
1539,1539,2371598,E,3077,2370059,0,1,ok
1540,1540,2371600,E,0,2370060,1,1,ok
1540,1540,2374680,E,3080,2373140,1,1,ok
1541,1541,2374682,E,1,2373141,2,1,ok
1541,1541,2377762,E,3081,2376221,2,1,ok
1542,1542,2377764,E,0,2376222,0,1,ok
1542,1542,2380848,E,3084,2379306,0,1,ok
1543,1543,2380850,E,1,2379307,1,1,ok
1543,1543,2383934,E,3085,2382391,1,1,ok
1544,1544,2383936,E,0,2382392,2,1,ok
1544,1544,2387024,E,3088,2385480,2,1,ok
1545,1545,2387026,E,1,2385481,0,1,ok
1545,1545,2390114,E,3089,2388569,0,1,ok
1546,1546,2390116,E,0,2388570,1,1,ok
1546,1546,2393208,E,3092,2391662,1,1,ok
1547,1547,2393210,E,1,2391663,2,1,ok
1547,1547,2396302,E,3093,2394755,2,1,ok
1548,1548,2396304,E,0,2394756,0,1,ok
1548,1548,2399400,E,3096,2397852,0,1,ok
1549,1549,2399402,E,1,2397853,1,1,ok
1549,1549,2402498,E,3097,2400949,1,1,ok
1550,1550,2402500,E,0,2400950,2,1,ok
1550,1550,2405600,E,3100,2404050,2,1,ok
1551,1551,2405602,E,1,2404051,0,1,ok
1551,1551,2408702,E,3101,2407151,0,1,ok
1552,1552,2408704,E,0,2407152,1,1,ok
1552,1552,2411808,E,3104,2410256,1,1,ok
1553,1553,2411810,E,1,2410257,2,1,ok
1553,1553,2414914,E,3105,2413361,2,1,ok
1554,1554,2414916,E,0,2413362,0,1,ok
1554,1554,2418024,E,3108,2416470,0,1,ok
1555,1555,2418026,E,1,2416471,1,1,ok
1555,1555,2421134,E,3109,2419579,1,1,ok
1556,1556,2421136,E,0,2419580,2,1,ok
1556,1556,2424248,E,3112,2422692,2,1,ok
1557,1557,2424250,E,1,2422693,0,1,ok
1557,1557,2427362,E,3113,2425805,0,1,ok
1558,1558,2427364,E,0,2425806,1,1,ok
1558,1558,2430480,E,3116,2428922,1,1,ok
1559,1559,2430482,E,1,2428923,2,1,ok
1559,1559,2433598,E,3117,2432039,2,1,ok
1560,1560,2433600,E,0,2432040,0,1,ok
1560,1560,2436720,E,3120,2435160,0,1,ok
1561,1561,2436722,E,1,2435161,1,1,ok
1561,1561,2439842,E,3121,2438281,1,1,ok
1562,1562,2439844,E,0,2438282,2,1,ok
1562,1562,2442968,E,3124,2441406,2,1,ok
1563,1563,2442970,E,1,2441407,0,1,ok
1563,1563,2446094,E,3125,2444531,0,1,ok
1564,1564,2446096,E,0,2444532,1,1,ok
1564,1564,2449224,E,3128,2447660,1,1,ok
1565,1565,2449226,E,1,2447661,2,1,ok
1565,1565,2452354,E,3129,2450789,2,1,ok
1566,1566,2452356,E,0,2450790,0,1,ok
1566,1566,2455488,E,3132,2453922,0,1,ok
1567,1567,2455490,E,1,2453923,1,1,ok
1567,1567,2458622,E,3133,2457055,1,1,ok
1568,1568,2458624,E,0,2457056,2,1,ok
1568,1568,2461760,E,3136,2460192,2,1,ok
1568,1568,135,O,,-1433,2,1,ok
1569,1569,2461762,E,1,2460193,0,1,ok
1569,1569,2464898,E,3137,2463329,0,1,ok
1570,1570,2464900,E,0,2463330,1,1,ok
1570,1570,2468040,E,3140,2466470,1,1,ok
1571,1571,2468042,E,1,2466471,2,1,ok
1571,1571,2471182,E,3141,2469611,2,1,ok
1572,1572,2471184,E,0,2469612,0,1,ok
1572,1572,2474328,E,3144,2472756,0,1,ok
1573,1573,2474330,E,1,2472757,1,1,ok
1573,1573,2477474,E,3145,2475901,1,1,ok
1574,1574,2477476,E,0,2475902,2,1,ok
1574,1574,2480624,E,3148,2479050,2,1,ok
1575,1575,2480626,E,1,2479051,0,1,ok
1575,1575,2483774,E,3149,2482199,0,1,ok
1576,1576,2483776,E,0,2482200,1,1,ok
1576,1576,2486928,E,3152,2485352,1,1,ok
1577,1577,2486930,E,1,2485353,2,1,ok
1577,1577,2490082,E,3153,2488505,2,1,ok
1578,1578,2490084,E,0,2488506,0,1,ok
1578,1578,2493240,E,3156,2491662,0,1,ok
1579,1579,2493242,E,1,2491663,1,1,ok
1579,1579,2496398,E,3157,2494819,1,1,ok
1580,1580,2496400,E,0,2494820,2,1,ok
1580,1580,2499560,E,3160,2497980,2,1,ok
1581,1581,2499562,E,1,2497981,0,1,ok
1581,1581,2502722,E,3161,2501141,0,1,ok
1582,1582,2502724,E,0,2501142,1,1,ok
1582,1582,2505888,E,3164,2504306,1,1,ok
1583,1583,2505890,E,1,2504307,2,1,ok
1583,1583,2509054,E,3165,2507471,2,1,ok
1584,1584,2509056,E,0,2507472,0,1,ok
1584,1584,2512224,E,3168,2510640,0,1,ok
1585,1585,2512226,E,1,2510641,1,1,ok
1585,1585,2515394,E,3169,2513809,1,1,ok
1586,1586,2515396,E,0,2513810,2,1,ok
1586,1586,2518568,E,3172,2516982,2,1,ok
1587,1587,2518570,E,1,2516983,0,1,ok
1587,1587,2521742,E,3173,2520155,0,1,ok
1588,1588,2521744,E,0,2520156,1,1,ok
1588,1588,2524920,E,3176,2523332,1,1,ok
1589,1589,2524922,E,1,2523333,2,1,ok
1589,1589,2528098,E,3177,2526509,2,1,ok
1590,1590,2528100,E,0,2526510,0,1,ok
1590,1590,2531280,E,3180,2529690,0,1,ok
1591,1591,2531282,E,1,2529691,1,1,ok
1591,1591,2534462,E,3181,2532871,1,1,ok
1592,1592,2534464,E,0,2532872,2,1,ok
1592,1592,2537648,E,3184,2536056,2,1,ok
1593,1593,2537650,E,1,2536057,0,1,ok
1593,1593,2540834,E,3185,2539241,0,1,ok
1594,1594,2540836,E,0,2539242,1,1,ok
1594,1594,2544024,E,3188,2542430,1,1,ok
1595,1595,2544026,E,1,2542431,2,1,ok
1595,1595,2547214,E,3189,2545619,2,1,ok
1596,1596,2547216,E,0,2545620,0,1,ok
1596,1596,2550408,E,3192,2548812,0,1,ok
1597,1597,2550410,E,1,2548813,1,1,ok
1597,1597,2553602,E,3193,2552005,1,1,ok
1598,1598,2553604,E,0,2552006,2,1,ok
1598,1598,2556800,E,3196,2555202,2,1,ok
1599,1599,2556802,E,1,2555203,0,1,ok
1599,1599,2559998,E,3197,2558399,0,1,ok
1600,1600,2560000,E,0,2558400,1,1,ok
1600,1600,2563200,E,3200,2561600,1,1,ok
1601,1601,2563202,E,1,2561601,2,1,ok
1601,1601,2566402,E,3201,2564801,2,1,ok
1602,1602,2566404,E,0,2564802,0,1,ok
1602,1602,2569608,E,3204,2568006,0,1,ok
1603,1603,2569610,E,1,2568007,1,1,ok
1603,1603,2572814,E,3205,2571211,1,1,ok
1603,1603,137,O,,-1466,1,1,ok
1604,1604,2572816,E,0,2571212,2,1,ok
1604,1604,2576024,E,3208,2574420,2,1,ok
1605,1605,2576026,E,1,2574421,0,1,ok
1605,1605,2579234,E,3209,2577629,0,1,ok
1606,1606,2579236,E,0,2577630,1,1,ok
1606,1606,2582448,E,3212,2580842,1,1,ok
1607,1607,2582450,E,1,2580843,2,1,ok
1607,1607,2585662,E,3213,2584055,2,1,ok
1608,1608,2585664,E,0,2584056,0,1,ok
1608,1608,2588880,E,3216,2587272,0,1,ok
1609,1609,2588882,E,1,2587273,1,1,ok
1609,1609,2592098,E,3217,2590489,1,1,ok
1610,1610,2592100,E,0,2590490,2,1,ok
1610,1610,2595320,E,3220,2593710,2,1,ok
1611,1611,2595322,E,1,2593711,0,1,ok
1611,1611,2598542,E,3221,2596931,0,1,ok
1612,1612,2598544,E,0,2596932,1,1,ok
1612,1612,2601768,E,3224,2600156,1,1,ok
1613,1613,2601770,E,1,2600157,2,1,ok
1613,1613,2604994,E,3225,2603381,2,1,ok
1614,1614,2604996,E,0,2603382,0,1,ok
1614,1614,2608224,E,3228,2606610,0,1,ok
1615,1615,2608226,E,1,2606611,1,1,ok
1615,1615,2611454,E,3229,2609839,1,1,ok
1616,1616,2611456,E,0,2609840,2,1,ok
1616,1616,2614688,E,3232,2613072,2,1,ok
1617,1617,2614690,E,1,2613073,0,1,ok
1617,1617,2617922,E,3233,2616305,0,1,ok
1618,1618,2617924,E,0,2616306,1,1,ok
1618,1618,2621160,E,3236,2619542,1,1,ok
1619,1619,2621162,E,1,2619543,2,1,ok
1619,1619,2624398,E,3237,2622779,2,1,ok
1620,1620,2624400,E,0,2622780,0,1,ok
1620,1620,2627640,E,3240,2626020,0,1,ok
1621,1621,2627642,E,1,2626021,1,1,ok
1621,1621,2630882,E,3241,2629261,1,1,ok
1622,1622,2630884,E,0,2629262,2,1,ok
1622,1622,2634128,E,3244,2632506,2,1,ok
1623,1623,2634130,E,1,2632507,0,1,ok
1623,1623,2637374,E,3245,2635751,0,1,ok
1624,1624,2637376,E,0,2635752,1,1,ok
1624,1624,2640624,E,3248,2639000,1,1,ok
1625,1625,2640626,E,1,2639001,2,1,ok
1625,1625,2643874,E,3249,2642249,2,1,ok
1626,1626,2643876,E,0,2642250,0,1,ok
1626,1626,2647128,E,3252,2645502,0,1,ok
1627,1627,2647130,E,1,2645503,1,1,ok
1627,1627,2650382,E,3253,2648755,1,1,ok
1628,1628,2650384,E,0,2648756,2,1,ok
1628,1628,2653640,E,3256,2652012,2,1,ok
1629,1629,2653642,E,1,2652013,0,1,ok
1629,1629,2656898,E,3257,2655269,0,1,ok
1630,1630,2656900,E,0,2655270,1,1,ok
1630,1630,2660160,E,3260,2658530,1,1,ok
1631,1631,2660162,E,1,2658531,2,1,ok
1631,1631,2663422,E,3261,2661791,2,1,ok
1632,1632,2663424,E,0,2661792,0,1,ok
1632,1632,2666688,E,3264,2665056,0,1,ok
1633,1633,2666690,E,1,2665057,1,1,ok
1633,1633,2669954,E,3265,2668321,1,1,ok
1634,1634,2669956,E,0,2668322,2,1,ok
1634,1634,2673224,E,3268,2671590,2,1,ok
1635,1635,2673226,E,1,2671591,0,1,ok
1635,1635,2676494,E,3269,2674859,0,1,ok
1636,1636,2676496,E,0,2674860,1,1,ok
1636,1636,2679768,E,3272,2678132,1,1,ok
1637,1637,2679770,E,1,2678133,2,1,ok
1637,1637,2683042,E,3273,2681405,2,1,ok
1638,1638,2683044,E,0,2681406,0,1,ok
1638,1638,2686320,E,3276,2684682,0,1,ok
1638,1638,139,O,,-1499,0,1,ok
1639,1639,2686322,E,1,2684683,1,1,ok
1639,1639,2689598,E,3277,2687959,1,1,ok
1640,1640,2689600,E,0,2687960,2,1,ok
1640,1640,2692880,E,3280,2691240,2,1,ok
1641,1641,2692882,E,1,2691241,0,1,ok
1641,1641,2696162,E,3281,2694521,0,1,ok
1642,1642,2696164,E,0,2694522,1,1,ok
1642,1642,2699448,E,3284,2697806,1,1,ok
1643,1643,2699450,E,1,2697807,2,1,ok
1643,1643,2702734,E,3285,2701091,2,1,ok
1644,1644,2702736,E,0,2701092,0,1,ok
1644,1644,2706024,E,3288,2704380,0,1,ok
1645,1645,2706026,E,1,2704381,1,1,ok
1645,1645,2709314,E,3289,2707669,1,1,ok
1646,1646,2709316,E,0,2707670,2,1,ok
1646,1646,2712608,E,3292,2710962,2,1,ok
1647,1647,2712610,E,1,2710963,0,1,ok
1647,1647,2715902,E,3293,2714255,0,1,ok
1648,1648,2715904,E,0,2714256,1,1,ok
1648,1648,2719200,E,3296,2717552,1,1,ok
1649,1649,2719202,E,1,2717553,2,1,ok
1649,1649,2722498,E,3297,2720849,2,1,ok
1650,1650,2722500,E,0,2720850,0,1,ok
1650,1650,2725800,E,3300,2724150,0,1,ok
1651,1651,2725802,E,1,2724151,1,1,ok
1651,1651,2729102,E,3301,2727451,1,1,ok
1652,1652,2729104,E,0,2727452,2,1,ok
1652,1652,2732408,E,3304,2730756,2,1,ok
1653,1653,2732410,E,1,2730757,0,1,ok
1653,1653,2735714,E,3305,2734061,0,1,ok
1654,1654,2735716,E,0,2734062,1,1,ok
1654,1654,2739024,E,3308,2737370,1,1,ok
1655,1655,2739026,E,1,2737371,2,1,ok
1655,1655,2742334,E,3309,2740679,2,1,ok
1656,1656,2742336,E,0,2740680,0,1,ok
1656,1656,2745648,E,3312,2743992,0,1,ok
1657,1657,2745650,E,1,2743993,1,1,ok
1657,1657,2748962,E,3313,2747305,1,1,ok
1658,1658,2748964,E,0,2747306,2,1,ok
1658,1658,2752280,E,3316,2750622,2,1,ok
1659,1659,2752282,E,1,2750623,0,1,ok
1659,1659,2755598,E,3317,2753939,0,1,ok
1660,1660,2755600,E,0,2753940,1,1,ok
1660,1660,2758920,E,3320,2757260,1,1,ok
1661,1661,2758922,E,1,2757261,2,1,ok
1661,1661,2762242,E,3321,2760581,2,1,ok
1662,1662,2762244,E,0,2760582,0,1,ok
1662,1662,2765568,E,3324,2763906,0,1,ok
1663,1663,2765570,E,1,2763907,1,1,ok
1663,1663,2768894,E,3325,2767231,1,1,ok
1664,1664,2768896,E,0,2767232,2,1,ok
1664,1664,2772224,E,3328,2770560,2,1,ok
1665,1665,2772226,E,1,2770561,0,1,ok
1665,1665,2775554,E,3329,2773889,0,1,ok
1666,1666,2775556,E,0,2773890,1,1,ok
1666,1666,2778888,E,3332,2777222,1,1,ok
1667,1667,2778890,E,1,2777223,2,1,ok
1667,1667,2782222,E,3333,2780555,2,1,ok
1668,1668,2782224,E,0,2780556,0,1,ok
1668,1668,2785560,E,3336,2783892,0,1,ok
1669,1669,2785562,E,1,2783893,1,1,ok
1669,1669,2788898,E,3337,2787229,1,1,ok
1670,1670,2788900,E,0,2787230,2,1,ok
1670,1670,2792240,E,3340,2790570,2,1,ok
1671,1671,2792242,E,1,2790571,0,1,ok
1671,1671,2795582,E,3341,2793911,0,1,ok
1672,1672,2795584,E,0,2793912,1,1,ok
1672,1672,2798928,E,3344,2797256,1,1,ok
1673,1673,2798930,E,1,2797257,2,1,ok
1673,1673,2802274,E,3345,2800601,2,1,ok
1674,1674,2802276,E,0,2800602,0,1,ok
1674,1674,2805624,E,3348,2803950,0,1,ok
1674,1674,141,O,,-1533,0,1,ok
1675,1675,2805626,E,1,2803951,1,1,ok
1675,1675,2808974,E,3349,2807299,1,1,ok
1676,1676,2808976,E,0,2807300,2,1,ok
1676,1676,2812328,E,3352,2810652,2,1,ok
1677,1677,2812330,E,1,2810653,0,1,ok
1677,1677,2815682,E,3353,2814005,0,1,ok
1678,1678,2815684,E,0,2814006,1,1,ok
1678,1678,2819040,E,3356,2817362,1,1,ok
1679,1679,2819042,E,1,2817363,2,1,ok
1679,1679,2822398,E,3357,2820719,2,1,ok
1680,1680,2822400,E,0,2820720,0,1,ok
1680,1680,2825760,E,3360,2824080,0,1,ok
1681,1681,2825762,E,1,2824081,1,1,ok
1681,1681,2829122,E,3361,2827441,1,1,ok
1682,1682,2829124,E,0,2827442,2,1,ok
1682,1682,2832488,E,3364,2830806,2,1,ok
1683,1683,2832490,E,1,2830807,0,1,ok
1683,1683,2835854,E,3365,2834171,0,1,ok
1684,1684,2835856,E,0,2834172,1,1,ok
1684,1684,2839224,E,3368,2837540,1,1,ok
1685,1685,2839226,E,1,2837541,2,1,ok
1685,1685,2842594,E,3369,2840909,2,1,ok
1686,1686,2842596,E,0,2840910,0,1,ok
1686,1686,2845968,E,3372,2844282,0,1,ok
1687,1687,2845970,E,1,2844283,1,1,ok
1687,1687,2849342,E,3373,2847655,1,1,ok
1688,1688,2849344,E,0,2847656,2,1,ok
1688,1688,2852720,E,3376,2851032,2,1,ok
1689,1689,2852722,E,1,2851033,0,1,ok
1689,1689,2856098,E,3377,2854409,0,1,ok
1690,1690,2856100,E,0,2854410,1,1,ok
1690,1690,2859480,E,3380,2857790,1,1,ok
1691,1691,2859482,E,1,2857791,2,1,ok
1691,1691,2862862,E,3381,2861171,2,1,ok
1692,1692,2862864,E,0,2861172,0,1,ok
1692,1692,2866248,E,3384,2864556,0,1,ok
1693,1693,2866250,E,1,2864557,1,1,ok
1693,1693,2869634,E,3385,2867941,1,1,ok
1694,1694,2869636,E,0,2867942,2,1,ok
1694,1694,2873024,E,3388,2871330,2,1,ok
1695,1695,2873026,E,1,2871331,0,1,ok
1695,1695,2876414,E,3389,2874719,0,1,ok
1696,1696,2876416,E,0,2874720,1,1,ok
1696,1696,2879808,E,3392,2878112,1,1,ok
1697,1697,2879810,E,1,2878113,2,1,ok
1697,1697,2883202,E,3393,2881505,2,1,ok
1698,1698,2883204,E,0,2881506,0,1,ok
1698,1698,2886600,E,3396,2884902,0,1,ok
1699,1699,2886602,E,1,2884903,1,1,ok
1699,1699,2889998,E,3397,2888299,1,1,ok
1700,1700,2890000,E,0,2888300,2,1,ok
1700,1700,2893400,E,3400,2891700,2,1,ok
1701,1701,2893402,E,1,2891701,0,1,ok
1701,1701,2896802,E,3401,2895101,0,1,ok
1702,1702,2896804,E,0,2895102,1,1,ok
1702,1702,2900208,E,3404,2898506,1,1,ok
1703,1703,2900210,E,1,2898507,2,1,ok
1703,1703,2903614,E,3405,2901911,2,1,ok
1704,1704,2903616,E,0,2901912,0,1,ok
1704,1704,2907024,E,3408,2905320,0,1,ok
1705,1705,2907026,E,1,2905321,1,1,ok
1705,1705,2910434,E,3409,2908729,1,1,ok
1706,1706,2910436,E,0,2908730,2,1,ok
1706,1706,2913848,E,3412,2912142,2,1,ok
1707,1707,2913850,E,1,2912143,0,1,ok
1707,1707,2917262,E,3413,2915555,0,1,ok
1708,1708,2917264,E,0,2915556,1,1,ok
1708,1708,2920680,E,3416,2918972,1,1,ok
1709,1709,2920682,E,1,2918973,2,1,ok
1709,1709,2924098,E,3417,2922389,2,1,ok
1710,1710,2924100,E,0,2922390,0,1,ok
1710,1710,2927520,E,3420,2925810,0,1,ok
1710,1710,143,O,,-1567,0,1,ok
1711,1711,2927522,E,1,2925811,1,1,ok
1711,1711,2930942,E,3421,2929231,1,1,ok
1712,1712,2930944,E,0,2929232,2,1,ok
1712,1712,2934368,E,3424,2932656,2,1,ok
1713,1713,2934370,E,1,2932657,0,1,ok
1713,1713,2937794,E,3425,2936081,0,1,ok
1714,1714,2937796,E,0,2936082,1,1,ok
1714,1714,2941224,E,3428,2939510,1,1,ok
1715,1715,2941226,E,1,2939511,2,1,ok
1715,1715,2944654,E,3429,2942939,2,1,ok
1716,1716,2944656,E,0,2942940,0,1,ok
1716,1716,2948088,E,3432,2946372,0,1,ok
1717,1717,2948090,E,1,2946373,1,1,ok
1717,1717,2951522,E,3433,2949805,1,1,ok
1718,1718,2951524,E,0,2949806,2,1,ok
1718,1718,2954960,E,3436,2953242,2,1,ok
1719,1719,2954962,E,1,2953243,0,1,ok
1719,1719,2958398,E,3437,2956679,0,1,ok
1720,1720,2958400,E,0,2956680,1,1,ok
1720,1720,2961840,E,3440,2960120,1,1,ok
1721,1721,2961842,E,1,2960121,2,1,ok
1721,1721,2965282,E,3441,2963561,2,1,ok
1722,1722,2965284,E,0,2963562,0,1,ok
1722,1722,2968728,E,3444,2967006,0,1,ok
1723,1723,2968730,E,1,2967007,1,1,ok
1723,1723,2972174,E,3445,2970451,1,1,ok
1724,1724,2972176,E,0,2970452,2,1,ok
1724,1724,2975624,E,3448,2973900,2,1,ok
1725,1725,2975626,E,1,2973901,0,1,ok
1725,1725,2979074,E,3449,2977349,0,1,ok
1726,1726,2979076,E,0,2977350,1,1,ok
1726,1726,2982528,E,3452,2980802,1,1,ok
1727,1727,2982530,E,1,2980803,2,1,ok
1727,1727,2985982,E,3453,2984255,2,1,ok
1728,1728,2985984,E,0,2984256,0,1,ok
1728,1728,2989440,E,3456,2987712,0,1,ok
1729,1729,2989442,E,1,2987713,1,1,ok
1729,1729,2992898,E,3457,2991169,1,1,ok
1730,1730,2992900,E,0,2991170,2,1,ok
1730,1730,2996360,E,3460,2994630,2,1,ok
1731,1731,2996362,E,1,2994631,0,1,ok
1731,1731,2999822,E,3461,2998091,0,1,ok
1732,1732,2999824,E,0,2998092,1,1,ok
1732,1732,3003288,E,3464,3001556,1,1,ok
1733,1733,3003290,E,1,3001557,2,1,ok
1733,1733,3006754,E,3465,3005021,2,1,ok
1734,1734,3006756,E,0,3005022,0,1,ok
1734,1734,3010224,E,3468,3008490,0,1,ok
1735,1735,3010226,E,1,3008491,1,1,ok
1735,1735,3013694,E,3469,3011959,1,1,ok
1736,1736,3013696,E,0,3011960,2,1,ok
1736,1736,3017168,E,3472,3015432,2,1,ok
1737,1737,3017170,E,1,3015433,0,1,ok
1737,1737,3020642,E,3473,3018905,0,1,ok
1738,1738,3020644,E,0,3018906,1,1,ok
1738,1738,3024120,E,3476,3022382,1,1,ok
1739,1739,3024122,E,1,3022383,2,1,ok
1739,1739,3027598,E,3477,3025859,2,1,ok
1740,1740,3027600,E,0,3025860,0,1,ok
1740,1740,3031080,E,3480,3029340,0,1,ok
1741,1741,3031082,E,1,3029341,1,1,ok
1741,1741,3034562,E,3481,3032821,1,1,ok
1742,1742,3034564,E,0,3032822,2,1,ok
1742,1742,3038048,E,3484,3036306,2,1,ok
1743,1743,3038050,E,1,3036307,0,1,ok
1743,1743,3041534,E,3485,3039791,0,1,ok
1744,1744,3041536,E,0,3039792,1,1,ok
1744,1744,3045024,E,3488,3043280,1,1,ok
1745,1745,3045026,E,1,3043281,2,1,ok
1745,1745,3048514,E,3489,3046769,2,1,ok
1746,1746,3048516,E,0,3046770,0,1,ok
1746,1746,3052008,E,3492,3050262,0,1,ok
1746,1746,145,O,,-1601,0,1,ok
1747,1747,3052010,E,1,3050263,1,1,ok
1747,1747,3055502,E,3493,3053755,1,1,ok
1748,1748,3055504,E,0,3053756,2,1,ok
1748,1748,3059000,E,3496,3057252,2,1,ok
1749,1749,3059002,E,1,3057253,0,1,ok
1749,1749,3062498,E,3497,3060749,0,1,ok
1750,1750,3062500,E,0,3060750,1,1,ok
1750,1750,3066000,E,3500,3064250,1,1,ok
1751,1751,3066002,E,1,3064251,2,1,ok
1751,1751,3069502,E,3501,3067751,2,1,ok
1752,1752,3069504,E,0,3067752,0,1,ok
1752,1752,3073008,E,3504,3071256,0,1,ok
1753,1753,3073010,E,1,3071257,1,1,ok
1753,1753,3076514,E,3505,3074761,1,1,ok
1754,1754,3076516,E,0,3074762,2,1,ok
1754,1754,3080024,E,3508,3078270,2,1,ok
1755,1755,3080026,E,1,3078271,0,1,ok
1755,1755,3083534,E,3509,3081779,0,1,ok
1756,1756,3083536,E,0,3081780,1,1,ok
1756,1756,3087048,E,3512,3085292,1,1,ok
1757,1757,3087050,E,1,3085293,2,1,ok
1757,1757,3090562,E,3513,3088805,2,1,ok
1758,1758,3090564,E,0,3088806,0,1,ok
1758,1758,3094080,E,3516,3092322,0,1,ok
1759,1759,3094082,E,1,3092323,1,1,ok
1759,1759,3097598,E,3517,3095839,1,1,ok
1760,1760,3097600,E,0,3095840,2,1,ok
1760,1760,3101120,E,3520,3099360,2,1,ok
1761,1761,3101122,E,1,3099361,0,1,ok
1761,1761,3104642,E,3521,3102881,0,1,ok
1762,1762,3104644,E,0,3102882,1,1,ok
1762,1762,3108168,E,3524,3106406,1,1,ok
1763,1763,3108170,E,1,3106407,2,1,ok
1763,1763,3111694,E,3525,3109931,2,1,ok
1764,1764,3111696,E,0,3109932,0,1,ok
1764,1764,3115224,E,3528,3113460,0,1,ok
1765,1765,3115226,E,1,3113461,1,1,ok
1765,1765,3118754,E,3529,3116989,1,1,ok
1766,1766,3118756,E,0,3116990,2,1,ok
1766,1766,3122288,E,3532,3120522,2,1,ok
1767,1767,3122290,E,1,3120523,0,1,ok
1767,1767,3125822,E,3533,3124055,0,1,ok
1768,1768,3125824,E,0,3124056,1,1,ok
1768,1768,3129360,E,3536,3127592,1,1,ok
1769,1769,3129362,E,1,3127593,2,1,ok
1769,1769,3132898,E,3537,3131129,2,1,ok
1770,1770,3132900,E,0,3131130,0,1,ok
1770,1770,3136440,E,3540,3134670,0,1,ok
1771,1771,3136442,E,1,3134671,1,1,ok
1771,1771,3139982,E,3541,3138211,1,1,ok
1772,1772,3139984,E,0,3138212,2,1,ok
1772,1772,3143528,E,3544,3141756,2,1,ok
1773,1773,3143530,E,1,3141757,0,1,ok
1773,1773,3147074,E,3545,3145301,0,1,ok
1774,1774,3147076,E,0,3145302,1,1,ok
1774,1774,3150624,E,3548,3148850,1,1,ok
1775,1775,3150626,E,1,3148851,2,1,ok
1775,1775,3154174,E,3549,3152399,2,1,ok
1776,1776,3154176,E,0,3152400,0,1,ok
1776,1776,3157728,E,3552,3155952,0,1,ok
1777,1777,3157730,E,1,3155953,1,1,ok
1777,1777,3161282,E,3553,3159505,1,1,ok
1778,1778,3161284,E,0,3159506,2,1,ok
1778,1778,3164840,E,3556,3163062,2,1,ok
1779,1779,3164842,E,1,3163063,0,1,ok
1779,1779,3168398,E,3557,3166619,0,1,ok
1780,1780,3168400,E,0,3166620,1,1,ok
1780,1780,3171960,E,3560,3170180,1,1,ok
1781,1781,3171962,E,1,3170181,2,1,ok
1781,1781,3175522,E,3561,3173741,2,1,ok
1782,1782,3175524,E,0,3173742,0,1,ok
1782,1782,3179088,E,3564,3177306,0,1,ok
1782,1782,147,O,,-1635,0,1,ok
1783,1783,3179090,E,1,3177307,1,1,ok
1783,1783,3182654,E,3565,3180871,1,1,ok
1784,1784,3182656,E,0,3180872,2,1,ok
1784,1784,3186224,E,3568,3184440,2,1,ok
1785,1785,3186226,E,1,3184441,0,1,ok
1785,1785,3189794,E,3569,3188009,0,1,ok
1786,1786,3189796,E,0,3188010,1,1,ok
1786,1786,3193368,E,3572,3191582,1,1,ok
1787,1787,3193370,E,1,3191583,2,1,ok
1787,1787,3196942,E,3573,3195155,2,1,ok
1788,1788,3196944,E,0,3195156,0,1,ok
1788,1788,3200520,E,3576,3198732,0,1,ok
1789,1789,3200522,E,1,3198733,1,1,ok
1789,1789,3204098,E,3577,3202309,1,1,ok
1790,1790,3204100,E,0,3202310,2,1,ok
1790,1790,3207680,E,3580,3205890,2,1,ok
1791,1791,3207682,E,1,3205891,0,1,ok
1791,1791,3211262,E,3581,3209471,0,1,ok
1792,1792,3211264,E,0,3209472,1,1,ok
1792,1792,3214848,E,3584,3213056,1,1,ok
1793,1793,3214850,E,1,3213057,2,1,ok
1793,1793,3218434,E,3585,3216641,2,1,ok
1794,1794,3218436,E,0,3216642,0,1,ok
1794,1794,3222024,E,3588,3220230,0,1,ok
1795,1795,3222026,E,1,3220231,1,1,ok
1795,1795,3225614,E,3589,3223819,1,1,ok
1796,1796,3225616,E,0,3223820,2,1,ok
1796,1796,3229208,E,3592,3227412,2,1,ok
1797,1797,3229210,E,1,3227413,0,1,ok
1797,1797,3232802,E,3593,3231005,0,1,ok
1798,1798,3232804,E,0,3231006,1,1,ok
1798,1798,3236400,E,3596,3234602,1,1,ok
1799,1799,3236402,E,1,3234603,2,1,ok
1799,1799,3239998,E,3597,3238199,2,1,ok
1800,1800,3240000,E,0,3238200,0,1,ok
1800,1800,3243600,E,3600,3241800,0,1,ok
1801,1801,3243602,E,1,3241801,1,1,ok
1801,1801,3247202,E,3601,3245401,1,1,ok
1802,1802,3247204,E,0,3245402,2,1,ok
1802,1802,3250808,E,3604,3249006,2,1,ok
1803,1803,3250810,E,1,3249007,0,1,ok
1803,1803,3254414,E,3605,3252611,0,1,ok
1804,1804,3254416,E,0,3252612,1,1,ok
1804,1804,3258024,E,3608,3256220,1,1,ok
1805,1805,3258026,E,1,3256221,2,1,ok
1805,1805,3261634,E,3609,3259829,2,1,ok
1806,1806,3261636,E,0,3259830,0,1,ok
1806,1806,3265248,E,3612,3263442,0,1,ok
1807,1807,3265250,E,1,3263443,1,1,ok
1807,1807,3268862,E,3613,3267055,1,1,ok
1808,1808,3268864,E,0,3267056,2,1,ok
1808,1808,3272480,E,3616,3270672,2,1,ok
1809,1809,3272482,E,1,3270673,0,1,ok
1809,1809,3276098,E,3617,3274289,0,1,ok
1810,1810,3276100,E,0,3274290,1,1,ok
1810,1810,3279720,E,3620,3277910,1,1,ok
1811,1811,3279722,E,1,3277911,2,1,ok
1811,1811,3283342,E,3621,3281531,2,1,ok
1812,1812,3283344,E,0,3281532,0,1,ok
1812,1812,3286968,E,3624,3285156,0,1,ok
1813,1813,3286970,E,1,3285157,1,1,ok
1813,1813,3290594,E,3625,3288781,1,1,ok
1814,1814,3290596,E,0,3288782,2,1,ok
1814,1814,3294224,E,3628,3292410,2,1,ok
1815,1815,3294226,E,1,3292411,0,1,ok
1815,1815,3297854,E,3629,3296039,0,1,ok
1816,1816,3297856,E,0,3296040,1,1,ok
1816,1816,3301488,E,3632,3299672,1,1,ok
1817,1817,3301490,E,1,3299673,2,1,ok
1817,1817,3305122,E,3633,3303305,2,1,ok
1818,1818,3305124,E,0,3303306,0,1,ok
1818,1818,3308760,E,3636,3306942,0,1,ok
1818,1818,149,O,,-1669,0,1,ok
1819,1819,3308762,E,1,3306943,1,1,ok
1819,1819,3312398,E,3637,3310579,1,1,ok
1820,1820,3312400,E,0,3310580,2,1,ok
1820,1820,3316040,E,3640,3314220,2,1,ok
1821,1821,3316042,E,1,3314221,0,1,ok
1821,1821,3319682,E,3641,3317861,0,1,ok
1822,1822,3319684,E,0,3317862,1,1,ok
1822,1822,3323328,E,3644,3321506,1,1,ok
1823,1823,3323330,E,1,3321507,2,1,ok
1823,1823,3326974,E,3645,3325151,2,1,ok
1824,1824,3326976,E,0,3325152,0,1,ok
1824,1824,3330624,E,3648,3328800,0,1,ok
1825,1825,3330626,E,1,3328801,1,1,ok
1825,1825,3334274,E,3649,3332449,1,1,ok
1826,1826,3334276,E,0,3332450,2,1,ok
1826,1826,3337928,E,3652,3336102,2,1,ok
1827,1827,3337930,E,1,3336103,0,1,ok
1827,1827,3341582,E,3653,3339755,0,1,ok
1828,1828,3341584,E,0,3339756,1,1,ok
1828,1828,3345240,E,3656,3343412,1,1,ok
1829,1829,3345242,E,1,3343413,2,1,ok
1829,1829,3348898,E,3657,3347069,2,1,ok
1830,1830,3348900,E,0,3347070,0,1,ok
1830,1830,3352560,E,3660,3350730,0,1,ok
1831,1831,3352562,E,1,3350731,1,1,ok
1831,1831,3356222,E,3661,3354391,1,1,ok
1832,1832,3356224,E,0,3354392,2,1,ok
1832,1832,3359888,E,3664,3358056,2,1,ok
1833,1833,3359890,E,1,3358057,0,1,ok
1833,1833,3363554,E,3665,3361721,0,1,ok
1834,1834,3363556,E,0,3361722,1,1,ok
1834,1834,3367224,E,3668,3365390,1,1,ok
1835,1835,3367226,E,1,3365391,2,1,ok
1835,1835,3370894,E,3669,3369059,2,1,ok
1836,1836,3370896,E,0,3369060,0,1,ok
1836,1836,3374568,E,3672,3372732,0,1,ok
1837,1837,3374570,E,1,3372733,1,1,ok
1837,1837,3378242,E,3673,3376405,1,1,ok
1838,1838,3378244,E,0,3376406,2,1,ok
1838,1838,3381920,E,3676,3380082,2,1,ok
1839,1839,3381922,E,1,3380083,0,1,ok
1839,1839,3385598,E,3677,3383759,0,1,ok
1840,1840,3385600,E,0,3383760,1,1,ok
1840,1840,3389280,E,3680,3387440,1,1,ok
1841,1841,3389282,E,1,3387441,2,1,ok
1841,1841,3392962,E,3681,3391121,2,1,ok
1842,1842,3392964,E,0,3391122,0,1,ok
1842,1842,3396648,E,3684,3394806,0,1,ok
1843,1843,3396650,E,1,3394807,1,1,ok
1843,1843,3400334,E,3685,3398491,1,1,ok
1844,1844,3400336,E,0,3398492,2,1,ok
1844,1844,3404024,E,3688,3402180,2,1,ok
1845,1845,3404026,E,1,3402181,0,1,ok
1845,1845,3407714,E,3689,3405869,0,1,ok
1846,1846,3407716,E,0,3405870,1,1,ok
1846,1846,3411408,E,3692,3409562,1,1,ok
1847,1847,3411410,E,1,3409563,2,1,ok
1847,1847,3415102,E,3693,3413255,2,1,ok
1848,1848,3415104,E,0,3413256,0,1,ok
1848,1848,3418800,E,3696,3416952,0,1,ok
1849,1849,3418802,E,1,3416953,1,1,ok
1849,1849,3422498,E,3697,3420649,1,1,ok
1850,1850,3422500,E,0,3420650,2,1,ok
1850,1850,3426200,E,3700,3424350,2,1,ok
1851,1851,3426202,E,1,3424351,0,1,ok
1851,1851,3429902,E,3701,3428051,0,1,ok
1852,1852,3429904,E,0,3428052,1,1,ok
1852,1852,3433608,E,3704,3431756,1,1,ok
1853,1853,3433610,E,1,3431757,2,1,ok
1853,1853,3437314,E,3705,3435461,2,1,ok
1854,1854,3437316,E,0,3435462,0,1,ok
1854,1854,3441024,E,3708,3439170,0,1,ok
1855,1855,3441026,E,1,3439171,1,1,ok
1855,1855,3444734,E,3709,3442879,1,1,ok
1855,1855,151,O,,-1704,1,1,ok
1856,1856,3444736,E,0,3442880,2,1,ok
1856,1856,3448448,E,3712,3446592,2,1,ok
1857,1857,3448450,E,1,3446593,0,1,ok
1857,1857,3452162,E,3713,3450305,0,1,ok
1858,1858,3452164,E,0,3450306,1,1,ok
1858,1858,3455880,E,3716,3454022,1,1,ok
1859,1859,3455882,E,1,3454023,2,1,ok
1859,1859,3459598,E,3717,3457739,2,1,ok
1860,1860,3459600,E,0,3457740,0,1,ok
1860,1860,3463320,E,3720,3461460,0,1,ok
1861,1861,3463322,E,1,3461461,1,1,ok
1861,1861,3467042,E,3721,3465181,1,1,ok
1862,1862,3467044,E,0,3465182,2,1,ok
1862,1862,3470768,E,3724,3468906,2,1,ok
1863,1863,3470770,E,1,3468907,0,1,ok
1863,1863,3474494,E,3725,3472631,0,1,ok
1864,1864,3474496,E,0,3472632,1,1,ok
1864,1864,3478224,E,3728,3476360,1,1,ok
1865,1865,3478226,E,1,3476361,2,1,ok
1865,1865,3481954,E,3729,3480089,2,1,ok
1866,1866,3481956,E,0,3480090,0,1,ok
1866,1866,3485688,E,3732,3483822,0,1,ok
1867,1867,3485690,E,1,3483823,1,1,ok
1867,1867,3489422,E,3733,3487555,1,1,ok
1868,1868,3489424,E,0,3487556,2,1,ok
1868,1868,3493160,E,3736,3491292,2,1,ok
1869,1869,3493162,E,1,3491293,0,1,ok
1869,1869,3496898,E,3737,3495029,0,1,ok
1870,1870,3496900,E,0,3495030,1,1,ok
1870,1870,3500640,E,3740,3498770,1,1,ok
1871,1871,3500642,E,1,3498771,2,1,ok
1871,1871,3504382,E,3741,3502511,2,1,ok
1872,1872,3504384,E,0,3502512,0,1,ok
1872,1872,3508128,E,3744,3506256,0,1,ok
1873,1873,3508130,E,1,3506257,1,1,ok
1873,1873,3511874,E,3745,3510001,1,1,ok
1874,1874,3511876,E,0,3510002,2,1,ok
1874,1874,3515624,E,3748,3513750,2,1,ok
1875,1875,3515626,E,1,3513751,0,1,ok
1875,1875,3519374,E,3749,3517499,0,1,ok
1876,1876,3519376,E,0,3517500,1,1,ok
1876,1876,3523128,E,3752,3521252,1,1,ok
1877,1877,3523130,E,1,3521253,2,1,ok
1877,1877,3526882,E,3753,3525005,2,1,ok
1878,1878,3526884,E,0,3525006,0,1,ok
1878,1878,3530640,E,3756,3528762,0,1,ok
1879,1879,3530642,E,1,3528763,1,1,ok
1879,1879,3534398,E,3757,3532519,1,1,ok
1880,1880,3534400,E,0,3532520,2,1,ok
1880,1880,3538160,E,3760,3536280,2,1,ok
1881,1881,3538162,E,1,3536281,0,1,ok
1881,1881,3541922,E,3761,3540041,0,1,ok
1882,1882,3541924,E,0,3540042,1,1,ok
1882,1882,3545688,E,3764,3543806,1,1,ok
1883,1883,3545690,E,1,3543807,2,1,ok
1883,1883,3549454,E,3765,3547571,2,1,ok
1884,1884,3549456,E,0,3547572,0,1,ok
1884,1884,3553224,E,3768,3551340,0,1,ok
1885,1885,3553226,E,1,3551341,1,1,ok
1885,1885,3556994,E,3769,3555109,1,1,ok
1886,1886,3556996,E,0,3555110,2,1,ok
1886,1886,3560768,E,3772,3558882,2,1,ok
1887,1887,3560770,E,1,3558883,0,1,ok
1887,1887,3564542,E,3773,3562655,0,1,ok
1888,1888,3564544,E,0,3562656,1,1,ok
1888,1888,3568320,E,3776,3566432,1,1,ok
1889,1889,3568322,E,1,3566433,2,1,ok
1889,1889,3572098,E,3777,3570209,2,1,ok
1890,1890,3572100,E,0,3570210,0,1,ok
1890,1890,3575880,E,3780,3573990,0,1,ok
1891,1891,3575882,E,1,3573991,1,1,ok
1891,1891,3579662,E,3781,3577771,1,1,ok
1892,1892,3579664,E,0,3577772,2,1,ok
1892,1892,3583448,E,3784,3581556,2,1,ok
1892,1892,153,O,,-1739,2,1,ok
1893,1893,3583450,E,1,3581557,0,1,ok
1893,1893,3587234,E,3785,3585341,0,1,ok
1894,1894,3587236,E,0,3585342,1,1,ok
1894,1894,3591024,E,3788,3589130,1,1,ok
1895,1895,3591026,E,1,3589131,2,1,ok
1895,1895,3594814,E,3789,3592919,2,1,ok
1896,1896,3594816,E,0,3592920,0,1,ok
1896,1896,3598608,E,3792,3596712,0,1,ok
1897,1897,3598610,E,1,3596713,1,1,ok
1897,1897,3602402,E,3793,3600505,1,1,ok
1898,1898,3602404,E,0,3600506,2,1,ok
1898,1898,3606200,E,3796,3604302,2,1,ok
1899,1899,3606202,E,1,3604303,0,1,ok
1899,1899,3609998,E,3797,3608099,0,1,ok
1900,1900,3610000,E,0,3608100,1,1,ok
1900,1900,3613800,E,3800,3611900,1,1,ok
1901,1901,3613802,E,1,3611901,2,1,ok
1901,1901,3617602,E,3801,3615701,2,1,ok
1902,1902,3617604,E,0,3615702,0,1,ok
1902,1902,3621408,E,3804,3619506,0,1,ok
1903,1903,3621410,E,1,3619507,1,1,ok
1903,1903,3625214,E,3805,3623311,1,1,ok
1904,1904,3625216,E,0,3623312,2,1,ok
1904,1904,3629024,E,3808,3627120,2,1,ok
1905,1905,3629026,E,1,3627121,0,1,ok
1905,1905,3632834,E,3809,3630929,0,1,ok
1906,1906,3632836,E,0,3630930,1,1,ok
1906,1906,3636648,E,3812,3634742,1,1,ok
1907,1907,3636650,E,1,3634743,2,1,ok
1907,1907,3640462,E,3813,3638555,2,1,ok
1908,1908,3640464,E,0,3638556,0,1,ok
1908,1908,3644280,E,3816,3642372,0,1,ok
1909,1909,3644282,E,1,3642373,1,1,ok
1909,1909,3648098,E,3817,3646189,1,1,ok
1910,1910,3648100,E,0,3646190,2,1,ok
1910,1910,3651920,E,3820,3650010,2,1,ok
1911,1911,3651922,E,1,3650011,0,1,ok
1911,1911,3655742,E,3821,3653831,0,1,ok
1912,1912,3655744,E,0,3653832,1,1,ok
1912,1912,3659568,E,3824,3657656,1,1,ok
1913,1913,3659570,E,1,3657657,2,1,ok
1913,1913,3663394,E,3825,3661481,2,1,ok
1914,1914,3663396,E,0,3661482,0,1,ok
1914,1914,3667224,E,3828,3665310,0,1,ok
1915,1915,3667226,E,1,3665311,1,1,ok
1915,1915,3671054,E,3829,3669139,1,1,ok
1916,1916,3671056,E,0,3669140,2,1,ok
1916,1916,3674888,E,3832,3672972,2,1,ok
1917,1917,3674890,E,1,3672973,0,1,ok
1917,1917,3678722,E,3833,3676805,0,1,ok
1918,1918,3678724,E,0,3676806,1,1,ok
1918,1918,3682560,E,3836,3680642,1,1,ok
1919,1919,3682562,E,1,3680643,2,1,ok
1919,1919,3686398,E,3837,3684479,2,1,ok
1920,1920,3686400,E,0,3684480,0,1,ok
1920,1920,3690240,E,3840,3688320,0,1,ok
1921,1921,3690242,E,1,3688321,1,1,ok
1921,1921,3694082,E,3841,3692161,1,1,ok
1922,1922,3694084,E,0,3692162,2,1,ok
1922,1922,3697928,E,3844,3696006,2,1,ok
1923,1923,3697930,E,1,3696007,0,1,ok
1923,1923,3701774,E,3845,3699851,0,1,ok
1924,1924,3701776,E,0,3699852,1,1,ok
1924,1924,3705624,E,3848,3703700,1,1,ok
1925,1925,3705626,E,1,3703701,2,1,ok
1925,1925,3709474,E,3849,3707549,2,1,ok
1926,1926,3709476,E,0,3707550,0,1,ok
1926,1926,3713328,E,3852,3711402,0,1,ok
1927,1927,3713330,E,1,3711403,1,1,ok
1927,1927,3717182,E,3853,3715255,1,1,ok
1928,1928,3717184,E,0,3715256,2,1,ok
1928,1928,3721040,E,3856,3719112,2,1,ok
1929,1929,3721042,E,1,3719113,0,1,ok
1929,1929,3724898,E,3857,3722969,0,1,ok
1929,1929,155,O,,-1774,0,1,ok
1930,1930,3724900,E,0,3722970,1,1,ok
1930,1930,3728760,E,3860,3726830,1,1,ok
1931,1931,3728762,E,1,3726831,2,1,ok
1931,1931,3732622,E,3861,3730691,2,1,ok
1932,1932,3732624,E,0,3730692,0,1,ok
1932,1932,3736488,E,3864,3734556,0,1,ok
1933,1933,3736490,E,1,3734557,1,1,ok
1933,1933,3740354,E,3865,3738421,1,1,ok
1934,1934,3740356,E,0,3738422,2,1,ok
1934,1934,3744224,E,3868,3742290,2,1,ok
1935,1935,3744226,E,1,3742291,0,1,ok
1935,1935,3748094,E,3869,3746159,0,1,ok
1936,1936,3748096,E,0,3746160,1,1,ok
1936,1936,3751968,E,3872,3750032,1,1,ok
1937,1937,3751970,E,1,3750033,2,1,ok
1937,1937,3755842,E,3873,3753905,2,1,ok
1938,1938,3755844,E,0,3753906,0,1,ok
1938,1938,3759720,E,3876,3757782,0,1,ok
1939,1939,3759722,E,1,3757783,1,1,ok
1939,1939,3763598,E,3877,3761659,1,1,ok
1940,1940,3763600,E,0,3761660,2,1,ok
1940,1940,3767480,E,3880,3765540,2,1,ok
1941,1941,3767482,E,1,3765541,0,1,ok
1941,1941,3771362,E,3881,3769421,0,1,ok
1942,1942,3771364,E,0,3769422,1,1,ok
1942,1942,3775248,E,3884,3773306,1,1,ok
1943,1943,3775250,E,1,3773307,2,1,ok
1943,1943,3779134,E,3885,3777191,2,1,ok
1944,1944,3779136,E,0,3777192,0,1,ok
1944,1944,3783024,E,3888,3781080,0,1,ok
1945,1945,3783026,E,1,3781081,1,1,ok
1945,1945,3786914,E,3889,3784969,1,1,ok
1946,1946,3786916,E,0,3784970,2,1,ok
1946,1946,3790808,E,3892,3788862,2,1,ok
1947,1947,3790810,E,1,3788863,0,1,ok
1947,1947,3794702,E,3893,3792755,0,1,ok
1948,1948,3794704,E,0,3792756,1,1,ok
1948,1948,3798600,E,3896,3796652,1,1,ok
1949,1949,3798602,E,1,3796653,2,1,ok
1949,1949,3802498,E,3897,3800549,2,1,ok
1950,1950,3802500,E,0,3800550,0,1,ok
1950,1950,3806400,E,3900,3804450,0,1,ok
1951,1951,3806402,E,1,3804451,1,1,ok
1951,1951,3810302,E,3901,3808351,1,1,ok
1952,1952,3810304,E,0,3808352,2,1,ok
1952,1952,3814208,E,3904,3812256,2,1,ok
1953,1953,3814210,E,1,3812257,0,1,ok
1953,1953,3818114,E,3905,3816161,0,1,ok
1954,1954,3818116,E,0,3816162,1,1,ok
1954,1954,3822024,E,3908,3820070,1,1,ok
1955,1955,3822026,E,1,3820071,2,1,ok
1955,1955,3825934,E,3909,3823979,2,1,ok
1956,1956,3825936,E,0,3823980,0,1,ok
1956,1956,3829848,E,3912,3827892,0,1,ok
1957,1957,3829850,E,1,3827893,1,1,ok
1957,1957,3833762,E,3913,3831805,1,1,ok
1958,1958,3833764,E,0,3831806,2,1,ok
1958,1958,3837680,E,3916,3835722,2,1,ok
1959,1959,3837682,E,1,3835723,0,1,ok
1959,1959,3841598,E,3917,3839639,0,1,ok
1960,1960,3841600,E,0,3839640,1,1,ok
1960,1960,3845520,E,3920,3843560,1,1,ok
1961,1961,3845522,E,1,3843561,2,1,ok
1961,1961,3849442,E,3921,3847481,2,1,ok
1962,1962,3849444,E,0,3847482,0,1,ok
1962,1962,3853368,E,3924,3851406,0,1,ok
1963,1963,3853370,E,1,3851407,1,1,ok
1963,1963,3857294,E,3925,3855331,1,1,ok
1964,1964,3857296,E,0,3855332,2,1,ok
1964,1964,3861224,E,3928,3859260,2,1,ok
1965,1965,3861226,E,1,3859261,0,1,ok
1965,1965,3865154,E,3929,3863189,0,1,ok
1966,1966,3865156,E,0,3863190,1,1,ok
1966,1966,3869088,E,3932,3867122,1,1,ok
1967,1967,3869090,E,1,3867123,2,1,ok
1967,1967,3873022,E,3933,3871055,2,1,ok
1967,1967,157,O,,-1810,2,1,ok
1968,1968,3873024,E,0,3871056,0,1,ok
1968,1968,3876960,E,3936,3874992,0,1,ok
1969,1969,3876962,E,1,3874993,1,1,ok
1969,1969,3880898,E,3937,3878929,1,1,ok
1970,1970,3880900,E,0,3878930,2,1,ok
1970,1970,3884840,E,3940,3882870,2,1,ok
1971,1971,3884842,E,1,3882871,0,1,ok
1971,1971,3888782,E,3941,3886811,0,1,ok
1972,1972,3888784,E,0,3886812,1,1,ok
1972,1972,3892728,E,3944,3890756,1,1,ok
1973,1973,3892730,E,1,3890757,2,1,ok
1973,1973,3896674,E,3945,3894701,2,1,ok
1974,1974,3896676,E,0,3894702,0,1,ok
1974,1974,3900624,E,3948,3898650,0,1,ok
1975,1975,3900626,E,1,3898651,1,1,ok
1975,1975,3904574,E,3949,3902599,1,1,ok
1976,1976,3904576,E,0,3902600,2,1,ok
1976,1976,3908528,E,3952,3906552,2,1,ok
1977,1977,3908530,E,1,3906553,0,1,ok
1977,1977,3912482,E,3953,3910505,0,1,ok
1978,1978,3912484,E,0,3910506,1,1,ok
1978,1978,3916440,E,3956,3914462,1,1,ok
1979,1979,3916442,E,1,3914463,2,1,ok
1979,1979,3920398,E,3957,3918419,2,1,ok
1980,1980,3920400,E,0,3918420,0,1,ok
1980,1980,3924360,E,3960,3922380,0,1,ok
1981,1981,3924362,E,1,3922381,1,1,ok
1981,1981,3928322,E,3961,3926341,1,1,ok
1982,1982,3928324,E,0,3926342,2,1,ok
1982,1982,3932288,E,3964,3930306,2,1,ok
1983,1983,3932290,E,1,3930307,0,1,ok
1983,1983,3936254,E,3965,3934271,0,1,ok
1984,1984,3936256,E,0,3934272,1,1,ok
1984,1984,3940224,E,3968,3938240,1,1,ok
1985,1985,3940226,E,1,3938241,2,1,ok
1985,1985,3944194,E,3969,3942209,2,1,ok
1986,1986,3944196,E,0,3942210,0,1,ok
1986,1986,3948168,E,3972,3946182,0,1,ok
1987,1987,3948170,E,1,3946183,1,1,ok
1987,1987,3952142,E,3973,3950155,1,1,ok
1988,1988,3952144,E,0,3950156,2,1,ok
1988,1988,3956120,E,3976,3954132,2,1,ok
1989,1989,3956122,E,1,3954133,0,1,ok
1989,1989,3960098,E,3977,3958109,0,1,ok
1990,1990,3960100,E,0,3958110,1,1,ok
1990,1990,3964080,E,3980,3962090,1,1,ok
1991,1991,3964082,E,1,3962091,2,1,ok
1991,1991,3968062,E,3981,3966071,2,1,ok
1992,1992,3968064,E,0,3966072,0,1,ok
1992,1992,3972048,E,3984,3970056,0,1,ok
1993,1993,3972050,E,1,3970057,1,1,ok
1993,1993,3976034,E,3985,3974041,1,1,ok
1994,1994,3976036,E,0,3974042,2,1,ok
1994,1994,3980024,E,3988,3978030,2,1,ok
1995,1995,3980026,E,1,3978031,0,1,ok
1995,1995,3984014,E,3989,3982019,0,1,ok
1996,1996,3984016,E,0,3982020,1,1,ok
1996,1996,3988008,E,3992,3986012,1,1,ok
1997,1997,3988010,E,1,3986013,2,1,ok
1997,1997,3992002,E,3993,3990005,2,1,ok
1998,1998,3992004,E,0,3990006,0,1,ok
1998,1998,3996000,E,3996,3994002,0,1,ok
1999,1999,3996002,E,1,3994003,1,1,ok
1999,1999,3999998,E,3997,3997999,1,1,ok
2000,2000,4000000,E,0,3998000,2,1,ok
2000,2000,4004000,E,4000,4002000,2,1,ok
2001,2001,4004002,E,1,4002001,0,1,ok
2001,2001,4008002,E,4001,4006001,0,1,ok
2002,2002,4008004,E,0,4006002,1,1,ok
2002,2002,4012008,E,4004,4010006,1,1,ok
2003,2003,4012010,E,1,4010007,2,1,ok
2003,2003,4016014,E,4005,4014011,2,1,ok
2004,2004,4016016,E,0,4014012,0,1,ok
2004,2004,4020024,E,4008,4018020,0,1,ok
2004,2004,159,O,,-1845,0,1,ok
2005,2005,4020026,E,1,4018021,1,1,ok
2005,2005,4024034,E,4009,4022029,1,1,ok
2006,2006,4024036,E,0,4022030,2,1,ok
2006,2006,4028048,E,4012,4026042,2,1,ok
2007,2007,4028050,E,1,4026043,0,1,ok
2007,2007,4032062,E,4013,4030055,0,1,ok
2008,2008,4032064,E,0,4030056,1,1,ok
2008,2008,4036080,E,4016,4034072,1,1,ok
2009,2009,4036082,E,1,4034073,2,1,ok
2009,2009,4040098,E,4017,4038089,2,1,ok
2010,2010,4040100,E,0,4038090,0,1,ok
2010,2010,4044120,E,4020,4042110,0,1,ok
2011,2011,4044122,E,1,4042111,1,1,ok
2011,2011,4048142,E,4021,4046131,1,1,ok
2012,2012,4048144,E,0,4046132,2,1,ok
2012,2012,4052168,E,4024,4050156,2,1,ok
2013,2013,4052170,E,1,4050157,0,1,ok
2013,2013,4056194,E,4025,4054181,0,1,ok
2014,2014,4056196,E,0,4054182,1,1,ok
2014,2014,4060224,E,4028,4058210,1,1,ok
2015,2015,4060226,E,1,4058211,2,1,ok
2015,2015,4064254,E,4029,4062239,2,1,ok
2016,2016,4064256,E,0,4062240,0,1,ok
2016,2016,4068288,E,4032,4066272,0,1,ok
2017,2017,4068290,E,1,4066273,1,1,ok
2017,2017,4072322,E,4033,4070305,1,1,ok
2018,2018,4072324,E,0,4070306,2,1,ok
2018,2018,4076360,E,4036,4074342,2,1,ok
2019,2019,4076362,E,1,4074343,0,1,ok
2019,2019,4080398,E,4037,4078379,0,1,ok
2020,2020,4080400,E,0,4078380,1,1,ok
2020,2020,4084440,E,4040,4082420,1,1,ok
2021,2021,4084442,E,1,4082421,2,1,ok
2021,2021,4088482,E,4041,4086461,2,1,ok
2022,2022,4088484,E,0,4086462,0,1,ok
2022,2022,4092528,E,4044,4090506,0,1,ok
2023,2023,4092530,E,1,4090507,1,1,ok
2023,2023,4096574,E,4045,4094551,1,1,ok
2024,2024,4096576,E,0,4094552,2,1,ok
2024,2024,4100624,E,4048,4098600,2,1,ok
2025,2025,4100626,E,1,4098601,0,1,ok
2025,2025,4104674,E,4049,4102649,0,1,ok
2026,2026,4104676,E,0,4102650,1,1,ok
2026,2026,4108728,E,4052,4106702,1,1,ok
2027,2027,4108730,E,1,4106703,2,1,ok
2027,2027,4112782,E,4053,4110755,2,1,ok
2028,2028,4112784,E,0,4110756,0,1,ok
2028,2028,4116840,E,4056,4114812,0,1,ok
2029,2029,4116842,E,1,4114813,1,1,ok
2029,2029,4120898,E,4057,4118869,1,1,ok
2030,2030,4120900,E,0,4118870,2,1,ok
2030,2030,4124960,E,4060,4122930,2,1,ok
2031,2031,4124962,E,1,4122931,0,1,ok
2031,2031,4129022,E,4061,4126991,0,1,ok
2032,2032,4129024,E,0,4126992,1,1,ok
2032,2032,4133088,E,4064,4131056,1,1,ok
2033,2033,4133090,E,1,4131057,2,1,ok
2033,2033,4137154,E,4065,4135121,2,1,ok
2034,2034,4137156,E,0,4135122,0,1,ok
2034,2034,4141224,E,4068,4139190,0,1,ok
2035,2035,4141226,E,1,4139191,1,1,ok
2035,2035,4145294,E,4069,4143259,1,1,ok
2036,2036,4145296,E,0,4143260,2,1,ok
2036,2036,4149368,E,4072,4147332,2,1,ok
2037,2037,4149370,E,1,4147333,0,1,ok
2037,2037,4153442,E,4073,4151405,0,1,ok
2038,2038,4153444,E,0,4151406,1,1,ok
2038,2038,4157520,E,4076,4155482,1,1,ok
2039,2039,4157522,E,1,4155483,2,1,ok
2039,2039,4161598,E,4077,4159559,2,1,ok
2040,2040,4161600,E,0,4159560,0,1,ok
2040,2040,4165680,E,4080,4163640,0,1,ok
2041,2041,4165682,E,1,4163641,1,1,ok
2041,2041,4169762,E,4081,4167721,1,1,ok
2042,2042,4169764,E,0,4167722,2,1,ok
2042,2042,4173848,E,4084,4171806,2,1,ok
2042,2042,161,O,,-1881,2,1,ok
2043,2043,4173850,E,1,4171807,0,1,ok
2043,2043,4177934,E,4085,4175891,0,1,ok
2044,2044,4177936,E,0,4175892,1,1,ok
2044,2044,4182024,E,4088,4179980,1,1,ok
2045,2045,4182026,E,1,4179981,2,1,ok
2045,2045,4186114,E,4089,4184069,2,1,ok
2046,2046,4186116,E,0,4184070,0,1,ok
2046,2046,4190208,E,4092,4188162,0,1,ok
2047,2047,4190210,E,1,4188163,1,1,ok
2047,2047,4194302,E,4093,4192255,1,1,ok
2048,2048,4194304,E,0,4192256,2,1,ok
2048,2048,4198400,E,4096,4196352,2,1,ok
2049,2049,4198402,E,1,4196353,0,1,ok
2049,2049,4202498,E,4097,4200449,0,1,ok
2050,2050,4202500,E,0,4200450,1,1,ok
2050,2050,4206600,E,4100,4204550,1,1,ok
2051,2051,4206602,E,1,4204551,2,1,ok
2051,2051,4210702,E,4101,4208651,2,1,ok
2052,2052,4210704,E,0,4208652,0,1,ok
2052,2052,4214808,E,4104,4212756,0,1,ok
2053,2053,4214810,E,1,4212757,1,1,ok
2053,2053,4218914,E,4105,4216861,1,1,ok
2054,2054,4218916,E,0,4216862,2,1,ok
2054,2054,4223024,E,4108,4220970,2,1,ok
2055,2055,4223026,E,1,4220971,0,1,ok
2055,2055,4227134,E,4109,4225079,0,1,ok
2056,2056,4227136,E,0,4225080,1,1,ok
2056,2056,4231248,E,4112,4229192,1,1,ok
2057,2057,4231250,E,1,4229193,2,1,ok
2057,2057,4235362,E,4113,4233305,2,1,ok
2058,2058,4235364,E,0,4233306,0,1,ok
2058,2058,4239480,E,4116,4237422,0,1,ok
2059,2059,4239482,E,1,4237423,1,1,ok
2059,2059,4243598,E,4117,4241539,1,1,ok
2060,2060,4243600,E,0,4241540,2,1,ok
2060,2060,4247720,E,4120,4245660,2,1,ok
2061,2061,4247722,E,1,4245661,0,1,ok
2061,2061,4251842,E,4121,4249781,0,1,ok
2062,2062,4251844,E,0,4249782,1,1,ok
2062,2062,4255968,E,4124,4253906,1,1,ok
2063,2063,4255970,E,1,4253907,2,1,ok
2063,2063,4260094,E,4125,4258031,2,1,ok
2064,2064,4260096,E,0,4258032,0,1,ok
2064,2064,4264224,E,4128,4262160,0,1,ok
2065,2065,4264226,E,1,4262161,1,1,ok
2065,2065,4268354,E,4129,4266289,1,1,ok
2066,2066,4268356,E,0,4266290,2,1,ok
2066,2066,4272488,E,4132,4270422,2,1,ok
2067,2067,4272490,E,1,4270423,0,1,ok
2067,2067,4276622,E,4133,4274555,0,1,ok
2068,2068,4276624,E,0,4274556,1,1,ok
2068,2068,4280760,E,4136,4278692,1,1,ok
2069,2069,4280762,E,1,4278693,2,1,ok
2069,2069,4284898,E,4137,4282829,2,1,ok
2070,2070,4284900,E,0,4282830,0,1,ok
2070,2070,4289040,E,4140,4286970,0,1,ok
2071,2071,4289042,E,1,4286971,1,1,ok
2071,2071,4293182,E,4141,4291111,1,1,ok
2072,2072,4293184,E,0,4291112,2,1,ok
2072,2072,4297328,E,4144,4295256,2,1,ok
2073,2073,4297330,E,1,4295257,0,1,ok
2073,2073,4301474,E,4145,4299401,0,1,ok
2074,2074,4301476,E,0,4299402,1,1,ok
2074,2074,4305624,E,4148,4303550,1,1,ok
2075,2075,4305626,E,1,4303551,2,1,ok
2075,2075,4309774,E,4149,4307699,2,1,ok
2076,2076,4309776,E,0,4307700,0,1,ok
2076,2076,4313928,E,4152,4311852,0,1,ok
2077,2077,4313930,E,1,4311853,1,1,ok
2077,2077,4318082,E,4153,4316005,1,1,ok
2078,2078,4318084,E,0,4316006,2,1,ok
2078,2078,4322240,E,4156,4320162,2,1,ok
2079,2079,4322242,E,1,4320163,0,1,ok
2079,2079,4326398,E,4157,4324319,0,1,ok
2080,2080,4326400,E,0,4324320,1,1,ok
2080,2080,4330560,E,4160,4328480,1,1,ok
2081,2081,4330562,E,1,4328481,2,1,ok
2081,2081,4334722,E,4161,4332641,2,1,ok
2081,2081,163,O,,-1918,2,1,ok
2082,2082,4334724,E,0,4332642,0,1,ok
2082,2082,4338888,E,4164,4336806,0,1,ok
2083,2083,4338890,E,1,4336807,1,1,ok
2083,2083,4343054,E,4165,4340971,1,1,ok
2084,2084,4343056,E,0,4340972,2,1,ok
2084,2084,4347224,E,4168,4345140,2,1,ok
2085,2085,4347226,E,1,4345141,0,1,ok
2085,2085,4351394,E,4169,4349309,0,1,ok
2086,2086,4351396,E,0,4349310,1,1,ok
2086,2086,4355568,E,4172,4353482,1,1,ok
2087,2087,4355570,E,1,4353483,2,1,ok
2087,2087,4359742,E,4173,4357655,2,1,ok
2088,2088,4359744,E,0,4357656,0,1,ok
2088,2088,4363920,E,4176,4361832,0,1,ok
2089,2089,4363922,E,1,4361833,1,1,ok
2089,2089,4368098,E,4177,4366009,1,1,ok
2090,2090,4368100,E,0,4366010,2,1,ok
2090,2090,4372280,E,4180,4370190,2,1,ok
2091,2091,4372282,E,1,4370191,0,1,ok
2091,2091,4376462,E,4181,4374371,0,1,ok
2092,2092,4376464,E,0,4374372,1,1,ok
2092,2092,4380648,E,4184,4378556,1,1,ok
2093,2093,4380650,E,1,4378557,2,1,ok
2093,2093,4384834,E,4185,4382741,2,1,ok
2094,2094,4384836,E,0,4382742,0,1,ok
2094,2094,4389024,E,4188,4386930,0,1,ok
2095,2095,4389026,E,1,4386931,1,1,ok
2095,2095,4393214,E,4189,4391119,1,1,ok
2096,2096,4393216,E,0,4391120,2,1,ok
2096,2096,4397408,E,4192,4395312,2,1,ok
2097,2097,4397410,E,1,4395313,0,1,ok
2097,2097,4401602,E,4193,4399505,0,1,ok
2098,2098,4401604,E,0,4399506,1,1,ok
2098,2098,4405800,E,4196,4403702,1,1,ok
2099,2099,4405802,E,1,4403703,2,1,ok
2099,2099,4409998,E,4197,4407899,2,1,ok
2100,2100,4410000,E,0,4407900,0,1,ok
2100,2100,4414200,E,4200,4412100,0,1,ok
2101,2101,4414202,E,1,4412101,1,1,ok
2101,2101,4418402,E,4201,4416301,1,1,ok
2102,2102,4418404,E,0,4416302,2,1,ok
2102,2102,4422608,E,4204,4420506,2,1,ok
2103,2103,4422610,E,1,4420507,0,1,ok
2103,2103,4426814,E,4205,4424711,0,1,ok
2104,2104,4426816,E,0,4424712,1,1,ok
2104,2104,4431024,E,4208,4428920,1,1,ok
2105,2105,4431026,E,1,4428921,2,1,ok
2105,2105,4435234,E,4209,4433129,2,1,ok
2106,2106,4435236,E,0,4433130,0,1,ok
2106,2106,4439448,E,4212,4437342,0,1,ok
2107,2107,4439450,E,1,4437343,1,1,ok
2107,2107,4443662,E,4213,4441555,1,1,ok
2108,2108,4443664,E,0,4441556,2,1,ok
2108,2108,4447880,E,4216,4445772,2,1,ok
2109,2109,4447882,E,1,4445773,0,1,ok
2109,2109,4452098,E,4217,4449989,0,1,ok
2110,2110,4452100,E,0,4449990,1,1,ok
2110,2110,4456320,E,4220,4454210,1,1,ok
2111,2111,4456322,E,1,4454211,2,1,ok
2111,2111,4460542,E,4221,4458431,2,1,ok
2112,2112,4460544,E,0,4458432,0,1,ok
2112,2112,4464768,E,4224,4462656,0,1,ok
2113,2113,4464770,E,1,4462657,1,1,ok
2113,2113,4468994,E,4225,4466881,1,1,ok
2114,2114,4468996,E,0,4466882,2,1,ok
2114,2114,4473224,E,4228,4471110,2,1,ok
2115,2115,4473226,E,1,4471111,0,1,ok
2115,2115,4477454,E,4229,4475339,0,1,ok
2116,2116,4477456,E,0,4475340,1,1,ok
2116,2116,4481688,E,4232,4479572,1,1,ok
2117,2117,4481690,E,1,4479573,2,1,ok
2117,2117,4485922,E,4233,4483805,2,1,ok
2118,2118,4485924,E,0,4483806,0,1,ok
2118,2118,4490160,E,4236,4488042,0,1,ok
2119,2119,4490162,E,1,4488043,1,1,ok
2119,2119,4494398,E,4237,4492279,1,1,ok
2119,2119,165,O,,-1954,1,1,ok
2120,2120,4494400,E,0,4492280,2,1,ok
2120,2120,4498640,E,4240,4496520,2,1,ok
2121,2121,4498642,E,1,4496521,0,1,ok
2121,2121,4502882,E,4241,4500761,0,1,ok
2122,2122,4502884,E,0,4500762,1,1,ok
2122,2122,4507128,E,4244,4505006,1,1,ok
2123,2123,4507130,E,1,4505007,2,1,ok
2123,2123,4511374,E,4245,4509251,2,1,ok
2124,2124,4511376,E,0,4509252,0,1,ok
2124,2124,4515624,E,4248,4513500,0,1,ok
2125,2125,4515626,E,1,4513501,1,1,ok
2125,2125,4519874,E,4249,4517749,1,1,ok
2126,2126,4519876,E,0,4517750,2,1,ok
2126,2126,4524128,E,4252,4522002,2,1,ok
2127,2127,4524130,E,1,4522003,0,1,ok
2127,2127,4528382,E,4253,4526255,0,1,ok
2128,2128,4528384,E,0,4526256,1,1,ok
2128,2128,4532640,E,4256,4530512,1,1,ok
2129,2129,4532642,E,1,4530513,2,1,ok
2129,2129,4536898,E,4257,4534769,2,1,ok
2130,2130,4536900,E,0,4534770,0,1,ok
2130,2130,4541160,E,4260,4539030,0,1,ok
2131,2131,4541162,E,1,4539031,1,1,ok
2131,2131,4545422,E,4261,4543291,1,1,ok
2132,2132,4545424,E,0,4543292,2,1,ok
2132,2132,4549688,E,4264,4547556,2,1,ok
2133,2133,4549690,E,1,4547557,0,1,ok
2133,2133,4553954,E,4265,4551821,0,1,ok
2134,2134,4553956,E,0,4551822,1,1,ok
2134,2134,4558224,E,4268,4556090,1,1,ok
2135,2135,4558226,E,1,4556091,2,1,ok
2135,2135,4562494,E,4269,4560359,2,1,ok
2136,2136,4562496,E,0,4560360,0,1,ok
2136,2136,4566768,E,4272,4564632,0,1,ok
2137,2137,4566770,E,1,4564633,1,1,ok
2137,2137,4571042,E,4273,4568905,1,1,ok
2138,2138,4571044,E,0,4568906,2,1,ok
2138,2138,4575320,E,4276,4573182,2,1,ok
2139,2139,4575322,E,1,4573183,0,1,ok
2139,2139,4579598,E,4277,4577459,0,1,ok
2140,2140,4579600,E,0,4577460,1,1,ok
2140,2140,4583880,E,4280,4581740,1,1,ok
2141,2141,4583882,E,1,4581741,2,1,ok
2141,2141,4588162,E,4281,4586021,2,1,ok
2142,2142,4588164,E,0,4586022,0,1,ok
2142,2142,4592448,E,4284,4590306,0,1,ok
2143,2143,4592450,E,1,4590307,1,1,ok
2143,2143,4596734,E,4285,4594591,1,1,ok
2144,2144,4596736,E,0,4594592,2,1,ok
2144,2144,4601024,E,4288,4598880,2,1,ok
2145,2145,4601026,E,1,4598881,0,1,ok
2145,2145,4605314,E,4289,4603169,0,1,ok
2146,2146,4605316,E,0,4603170,1,1,ok
2146,2146,4609608,E,4292,4607462,1,1,ok
2147,2147,4609610,E,1,4607463,2,1,ok
2147,2147,4613902,E,4293,4611755,2,1,ok
2148,2148,4613904,E,0,4611756,0,1,ok
2148,2148,4618200,E,4296,4616052,0,1,ok
2149,2149,4618202,E,1,4616053,1,1,ok
2149,2149,4622498,E,4297,4620349,1,1,ok
2150,2150,4622500,E,0,4620350,2,1,ok
2150,2150,4626800,E,4300,4624650,2,1,ok
2151,2151,4626802,E,1,4624651,0,1,ok
2151,2151,4631102,E,4301,4628951,0,1,ok
2152,2152,4631104,E,0,4628952,1,1,ok
2152,2152,4635408,E,4304,4633256,1,1,ok
2153,2153,4635410,E,1,4633257,2,1,ok
2153,2153,4639714,E,4305,4637561,2,1,ok
2154,2154,4639716,E,0,4637562,0,1,ok
2154,2154,4644024,E,4308,4641870,0,1,ok
2155,2155,4644026,E,1,4641871,1,1,ok
2155,2155,4648334,E,4309,4646179,1,1,ok
2156,2156,4648336,E,0,4646180,2,1,ok
2156,2156,4652648,E,4312,4650492,2,1,ok
2157,2157,4652650,E,1,4650493,0,1,ok
2157,2157,4656962,E,4313,4654805,0,1,ok
2158,2158,4656964,E,0,4654806,1,1,ok
2158,2158,4661280,E,4316,4659122,1,1,ok
2158,2158,167,O,,-1991,1,1,ok
2159,2159,4661282,E,1,4659123,2,1,ok
2159,2159,4665598,E,4317,4663439,2,1,ok
2160,2160,4665600,E,0,4663440,0,1,ok
2160,2160,4669920,E,4320,4667760,0,1,ok
2161,2161,4669922,E,1,4667761,1,1,ok
2161,2161,4674242,E,4321,4672081,1,1,ok
2162,2162,4674244,E,0,4672082,2,1,ok
2162,2162,4678568,E,4324,4676406,2,1,ok
2163,2163,4678570,E,1,4676407,0,1,ok
2163,2163,4682894,E,4325,4680731,0,1,ok
2164,2164,4682896,E,0,4680732,1,1,ok
2164,2164,4687224,E,4328,4685060,1,1,ok
2165,2165,4687226,E,1,4685061,2,1,ok
2165,2165,4691554,E,4329,4689389,2,1,ok
2166,2166,4691556,E,0,4689390,0,1,ok
2166,2166,4695888,E,4332,4693722,0,1,ok
2167,2167,4695890,E,1,4693723,1,1,ok
2167,2167,4700222,E,4333,4698055,1,1,ok
2168,2168,4700224,E,0,4698056,2,1,ok
2168,2168,4704560,E,4336,4702392,2,1,ok
2169,2169,4704562,E,1,4702393,0,1,ok
2169,2169,4708898,E,4337,4706729,0,1,ok
2170,2170,4708900,E,0,4706730,1,1,ok
2170,2170,4713240,E,4340,4711070,1,1,ok
2171,2171,4713242,E,1,4711071,2,1,ok
2171,2171,4717582,E,4341,4715411,2,1,ok
2172,2172,4717584,E,0,4715412,0,1,ok
2172,2172,4721928,E,4344,4719756,0,1,ok
2173,2173,4721930,E,1,4719757,1,1,ok
2173,2173,4726274,E,4345,4724101,1,1,ok
2174,2174,4726276,E,0,4724102,2,1,ok
2174,2174,4730624,E,4348,4728450,2,1,ok
2175,2175,4730626,E,1,4728451,0,1,ok
2175,2175,4734974,E,4349,4732799,0,1,ok
2176,2176,4734976,E,0,4732800,1,1,ok
2176,2176,4739328,E,4352,4737152,1,1,ok
2177,2177,4739330,E,1,4737153,2,1,ok
2177,2177,4743682,E,4353,4741505,2,1,ok
2178,2178,4743684,E,0,4741506,0,1,ok
2178,2178,4748040,E,4356,4745862,0,1,ok
2179,2179,4748042,E,1,4745863,1,1,ok
2179,2179,4752398,E,4357,4750219,1,1,ok
2180,2180,4752400,E,0,4750220,2,1,ok
2180,2180,4756760,E,4360,4754580,2,1,ok
2181,2181,4756762,E,1,4754581,0,1,ok
2181,2181,4761122,E,4361,4758941,0,1,ok
2182,2182,4761124,E,0,4758942,1,1,ok
2182,2182,4765488,E,4364,4763306,1,1,ok
2183,2183,4765490,E,1,4763307,2,1,ok
2183,2183,4769854,E,4365,4767671,2,1,ok
2184,2184,4769856,E,0,4767672,0,1,ok
2184,2184,4774224,E,4368,4772040,0,1,ok
2185,2185,4774226,E,1,4772041,1,1,ok
2185,2185,4778594,E,4369,4776409,1,1,ok
2186,2186,4778596,E,0,4776410,2,1,ok
2186,2186,4782968,E,4372,4780782,2,1,ok
2187,2187,4782970,E,1,4780783,0,1,ok
2187,2187,4787342,E,4373,4785155,0,1,ok
2188,2188,4787344,E,0,4785156,1,1,ok
2188,2188,4791720,E,4376,4789532,1,1,ok
2189,2189,4791722,E,1,4789533,2,1,ok
2189,2189,4796098,E,4377,4793909,2,1,ok
2190,2190,4796100,E,0,4793910,0,1,ok
2190,2190,4800480,E,4380,4798290,0,1,ok
2191,2191,4800482,E,1,4798291,1,1,ok
2191,2191,4804862,E,4381,4802671,1,1,ok
2192,2192,4804864,E,0,4802672,2,1,ok
2192,2192,4809248,E,4384,4807056,2,1,ok
2193,2193,4809250,E,1,4807057,0,1,ok
2193,2193,4813634,E,4385,4811441,0,1,ok
2194,2194,4813636,E,0,4811442,1,1,ok
2194,2194,4818024,E,4388,4815830,1,1,ok
2195,2195,4818026,E,1,4815831,2,1,ok
2195,2195,4822414,E,4389,4820219,2,1,ok
2196,2196,4822416,E,0,4820220,0,1,ok
2196,2196,4826808,E,4392,4824612,0,1,ok
2197,2197,4826810,E,1,4824613,1,1,ok
2197,2197,4831202,E,4393,4829005,1,1,ok
2197,2197,169,O,,-2028,1,1,ok
2198,2198,4831204,E,0,4829006,2,1,ok
2198,2198,4835600,E,4396,4833402,2,1,ok
2199,2199,4835602,E,1,4833403,0,1,ok
2199,2199,4839998,E,4397,4837799,0,1,ok
2200,2200,4840000,E,0,4837800,1,1,ok
2200,2200,4844400,E,4400,4842200,1,1,ok
2201,2201,4844402,E,1,4842201,2,1,ok
2201,2201,4848802,E,4401,4846601,2,1,ok
2202,2202,4848804,E,0,4846602,0,1,ok
2202,2202,4853208,E,4404,4851006,0,1,ok
2203,2203,4853210,E,1,4851007,1,1,ok
2203,2203,4857614,E,4405,4855411,1,1,ok
2204,2204,4857616,E,0,4855412,2,1,ok
2204,2204,4862024,E,4408,4859820,2,1,ok
2205,2205,4862026,E,1,4859821,0,1,ok
2205,2205,4866434,E,4409,4864229,0,1,ok
2206,2206,4866436,E,0,4864230,1,1,ok
2206,2206,4870848,E,4412,4868642,1,1,ok
2207,2207,4870850,E,1,4868643,2,1,ok
2207,2207,4875262,E,4413,4873055,2,1,ok
2208,2208,4875264,E,0,4873056,0,1,ok
2208,2208,4879680,E,4416,4877472,0,1,ok
2209,2209,4879682,E,1,4877473,1,1,ok
2209,2209,4884098,E,4417,4881889,1,1,ok
2210,2210,4884100,E,0,4881890,2,1,ok
2210,2210,4888520,E,4420,4886310,2,1,ok
2211,2211,4888522,E,1,4886311,0,1,ok
2211,2211,4892942,E,4421,4890731,0,1,ok
2212,2212,4892944,E,0,4890732,1,1,ok
2212,2212,4897368,E,4424,4895156,1,1,ok
2213,2213,4897370,E,1,4895157,2,1,ok
2213,2213,4901794,E,4425,4899581,2,1,ok
2214,2214,4901796,E,0,4899582,0,1,ok
2214,2214,4906224,E,4428,4904010,0,1,ok
2215,2215,4906226,E,1,4904011,1,1,ok
2215,2215,4910654,E,4429,4908439,1,1,ok
2216,2216,4910656,E,0,4908440,2,1,ok
2216,2216,4915088,E,4432,4912872,2,1,ok
2217,2217,4915090,E,1,4912873,0,1,ok
2217,2217,4919522,E,4433,4917305,0,1,ok
2218,2218,4919524,E,0,4917306,1,1,ok
2218,2218,4923960,E,4436,4921742,1,1,ok
2219,2219,4923962,E,1,4921743,2,1,ok
2219,2219,4928398,E,4437,4926179,2,1,ok
2220,2220,4928400,E,0,4926180,0,1,ok
2220,2220,4932840,E,4440,4930620,0,1,ok
2221,2221,4932842,E,1,4930621,1,1,ok
2221,2221,4937282,E,4441,4935061,1,1,ok
2222,2222,4937284,E,0,4935062,2,1,ok
2222,2222,4941728,E,4444,4939506,2,1,ok
2223,2223,4941730,E,1,4939507,0,1,ok
2223,2223,4946174,E,4445,4943951,0,1,ok
2224,2224,4946176,E,0,4943952,1,1,ok
2224,2224,4950624,E,4448,4948400,1,1,ok
2225,2225,4950626,E,1,4948401,2,1,ok
2225,2225,4955074,E,4449,4952849,2,1,ok
2226,2226,4955076,E,0,4952850,0,1,ok
2226,2226,4959528,E,4452,4957302,0,1,ok
2227,2227,4959530,E,1,4957303,1,1,ok
2227,2227,4963982,E,4453,4961755,1,1,ok
2228,2228,4963984,E,0,4961756,2,1,ok
2228,2228,4968440,E,4456,4966212,2,1,ok
2229,2229,4968442,E,1,4966213,0,1,ok
2229,2229,4972898,E,4457,4970669,0,1,ok
2230,2230,4972900,E,0,4970670,1,1,ok
2230,2230,4977360,E,4460,4975130,1,1,ok
2231,2231,4977362,E,1,4975131,2,1,ok
2231,2231,4981822,E,4461,4979591,2,1,ok
2232,2232,4981824,E,0,4979592,0,1,ok
2232,2232,4986288,E,4464,4984056,0,1,ok
2233,2233,4986290,E,1,4984057,1,1,ok
2233,2233,4990754,E,4465,4988521,1,1,ok
2234,2234,4990756,E,0,4988522,2,1,ok
2234,2234,4995224,E,4468,4992990,2,1,ok
2235,2235,4995226,E,1,4992991,0,1,ok
2235,2235,4999694,E,4469,4997459,0,1,ok
2236,2236,4999696,E,0,4997460,1,1,ok
2236,2236,5004168,E,4472,5001932,1,1,ok
2236,2236,171,O,,-2065,1,1,ok
2237,2237,5004170,E,1,5001933,2,1,ok
2237,2237,5008642,E,4473,5006405,2,1,ok
2238,2238,5008644,E,0,5006406,0,1,ok
2238,2238,5013120,E,4476,5010882,0,1,ok
2239,2239,5013122,E,1,5010883,1,1,ok
2239,2239,5017598,E,4477,5015359,1,1,ok
2240,2240,5017600,E,0,5015360,2,1,ok
2240,2240,5022080,E,4480,5019840,2,1,ok
2241,2241,5022082,E,1,5019841,0,1,ok
2241,2241,5026562,E,4481,5024321,0,1,ok
2242,2242,5026564,E,0,5024322,1,1,ok
2242,2242,5031048,E,4484,5028806,1,1,ok
2243,2243,5031050,E,1,5028807,2,1,ok
2243,2243,5035534,E,4485,5033291,2,1,ok
2244,2244,5035536,E,0,5033292,0,1,ok
2244,2244,5040024,E,4488,5037780,0,1,ok
2245,2245,5040026,E,1,5037781,1,1,ok
2245,2245,5044514,E,4489,5042269,1,1,ok
2246,2246,5044516,E,0,5042270,2,1,ok
2246,2246,5049008,E,4492,5046762,2,1,ok
2247,2247,5049010,E,1,5046763,0,1,ok
2247,2247,5053502,E,4493,5051255,0,1,ok
2248,2248,5053504,E,0,5051256,1,1,ok
2248,2248,5058000,E,4496,5055752,1,1,ok
2249,2249,5058002,E,1,5055753,2,1,ok
2249,2249,5062498,E,4497,5060249,2,1,ok
2250,2250,5062500,E,0,5060250,0,1,ok
2250,2250,5067000,E,4500,5064750,0,1,ok
2251,2251,5067002,E,1,5064751,1,1,ok
2251,2251,5071502,E,4501,5069251,1,1,ok
2252,2252,5071504,E,0,5069252,2,1,ok
2252,2252,5076008,E,4504,5073756,2,1,ok
2253,2253,5076010,E,1,5073757,0,1,ok
2253,2253,5080514,E,4505,5078261,0,1,ok
2254,2254,5080516,E,0,5078262,1,1,ok
2254,2254,5085024,E,4508,5082770,1,1,ok
2255,2255,5085026,E,1,5082771,2,1,ok
2255,2255,5089534,E,4509,5087279,2,1,ok
2256,2256,5089536,E,0,5087280,0,1,ok
2256,2256,5094048,E,4512,5091792,0,1,ok
2257,2257,5094050,E,1,5091793,1,1,ok
2257,2257,5098562,E,4513,5096305,1,1,ok
2258,2258,5098564,E,0,5096306,2,1,ok
2258,2258,5103080,E,4516,5100822,2,1,ok
2259,2259,5103082,E,1,5100823,0,1,ok
2259,2259,5107598,E,4517,5105339,0,1,ok
2260,2260,5107600,E,0,5105340,1,1,ok
2260,2260,5112120,E,4520,5109860,1,1,ok
2261,2261,5112122,E,1,5109861,2,1,ok
2261,2261,5116642,E,4521,5114381,2,1,ok
2262,2262,5116644,E,0,5114382,0,1,ok
2262,2262,5121168,E,4524,5118906,0,1,ok
2263,2263,5121170,E,1,5118907,1,1,ok
2263,2263,5125694,E,4525,5123431,1,1,ok
2264,2264,5125696,E,0,5123432,2,1,ok
2264,2264,5130224,E,4528,5127960,2,1,ok
2265,2265,5130226,E,1,5127961,0,1,ok
2265,2265,5134754,E,4529,5132489,0,1,ok
2266,2266,5134756,E,0,5132490,1,1,ok
2266,2266,5139288,E,4532,5137022,1,1,ok
2267,2267,5139290,E,1,5137023,2,1,ok
2267,2267,5143822,E,4533,5141555,2,1,ok
2268,2268,5143824,E,0,5141556,0,1,ok
2268,2268,5148360,E,4536,5146092,0,1,ok
2269,2269,5148362,E,1,5146093,1,1,ok
2269,2269,5152898,E,4537,5150629,1,1,ok
2270,2270,5152900,E,0,5150630,2,1,ok
2270,2270,5157440,E,4540,5155170,2,1,ok
2271,2271,5157442,E,1,5155171,0,1,ok
2271,2271,5161982,E,4541,5159711,0,1,ok
2272,2272,5161984,E,0,5159712,1,1,ok
2272,2272,5166528,E,4544,5164256,1,1,ok
2273,2273,5166530,E,1,5164257,2,1,ok
2273,2273,5171074,E,4545,5168801,2,1,ok
2274,2274,5171076,E,0,5168802,0,1,ok
2274,2274,5175624,E,4548,5173350,0,1,ok
2275,2275,5175626,E,1,5173351,1,1,ok
2275,2275,5180174,E,4549,5177899,1,1,ok
2275,2275,173,O,,-2102,1,1,ok
2276,2276,5180176,E,0,5177900,2,1,ok
2276,2276,5184728,E,4552,5182452,2,1,ok
2277,2277,5184730,E,1,5182453,0,1,ok
2277,2277,5189282,E,4553,5187005,0,1,ok
2278,2278,5189284,E,0,5187006,1,1,ok
2278,2278,5193840,E,4556,5191562,1,1,ok
2279,2279,5193842,E,1,5191563,2,1,ok
2279,2279,5198398,E,4557,5196119,2,1,ok
2280,2280,5198400,E,0,5196120,0,1,ok
2280,2280,5202960,E,4560,5200680,0,1,ok
2281,2281,5202962,E,1,5200681,1,1,ok
2281,2281,5207522,E,4561,5205241,1,1,ok
2282,2282,5207524,E,0,5205242,2,1,ok
2282,2282,5212088,E,4564,5209806,2,1,ok
2283,2283,5212090,E,1,5209807,0,1,ok
2283,2283,5216654,E,4565,5214371,0,1,ok
2284,2284,5216656,E,0,5214372,1,1,ok
2284,2284,5221224,E,4568,5218940,1,1,ok
2285,2285,5221226,E,1,5218941,2,1,ok
2285,2285,5225794,E,4569,5223509,2,1,ok
2286,2286,5225796,E,0,5223510,0,1,ok
2286,2286,5230368,E,4572,5228082,0,1,ok
2287,2287,5230370,E,1,5228083,1,1,ok
2287,2287,5234942,E,4573,5232655,1,1,ok
2288,2288,5234944,E,0,5232656,2,1,ok
2288,2288,5239520,E,4576,5237232,2,1,ok
2289,2289,5239522,E,1,5237233,0,1,ok
2289,2289,5244098,E,4577,5241809,0,1,ok
2290,2290,5244100,E,0,5241810,1,1,ok
2290,2290,5248680,E,4580,5246390,1,1,ok
2291,2291,5248682,E,1,5246391,2,1,ok
2291,2291,5253262,E,4581,5250971,2,1,ok
2292,2292,5253264,E,0,5250972,0,1,ok
2292,2292,5257848,E,4584,5255556,0,1,ok
2293,2293,5257850,E,1,5255557,1,1,ok
2293,2293,5262434,E,4585,5260141,1,1,ok
2294,2294,5262436,E,0,5260142,2,1,ok
2294,2294,5267024,E,4588,5264730,2,1,ok
2295,2295,5267026,E,1,5264731,0,1,ok
2295,2295,5271614,E,4589,5269319,0,1,ok
2296,2296,5271616,E,0,5269320,1,1,ok
2296,2296,5276208,E,4592,5273912,1,1,ok
2297,2297,5276210,E,1,5273913,2,1,ok
2297,2297,5280802,E,4593,5278505,2,1,ok
2298,2298,5280804,E,0,5278506,0,1,ok
2298,2298,5285400,E,4596,5283102,0,1,ok
2299,2299,5285402,E,1,5283103,1,1,ok
2299,2299,5289998,E,4597,5287699,1,1,ok
2300,2300,5290000,E,0,5287700,2,1,ok
2300,2300,5294600,E,4600,5292300,2,1,ok
2301,2301,5294602,E,1,5292301,0,1,ok
2301,2301,5299202,E,4601,5296901,0,1,ok
2302,2302,5299204,E,0,5296902,1,1,ok
2302,2302,5303808,E,4604,5301506,1,1,ok
2303,2303,5303810,E,1,5301507,2,1,ok
2303,2303,5308414,E,4605,5306111,2,1,ok
2304,2304,5308416,E,0,5306112,0,1,ok
2304,2304,5313024,E,4608,5310720,0,1,ok
2305,2305,5313026,E,1,5310721,1,1,ok
2305,2305,5317634,E,4609,5315329,1,1,ok
2306,2306,5317636,E,0,5315330,2,1,ok
2306,2306,5322248,E,4612,5319942,2,1,ok
2307,2307,5322250,E,1,5319943,0,1,ok
2307,2307,5326862,E,4613,5324555,0,1,ok
2308,2308,5326864,E,0,5324556,1,1,ok
2308,2308,5331480,E,4616,5329172,1,1,ok
2309,2309,5331482,E,1,5329173,2,1,ok
2309,2309,5336098,E,4617,5333789,2,1,ok
2310,2310,5336100,E,0,5333790,0,1,ok
2310,2310,5340720,E,4620,5338410,0,1,ok
2311,2311,5340722,E,1,5338411,1,1,ok
2311,2311,5345342,E,4621,5343031,1,1,ok
2312,2312,5345344,E,0,5343032,2,1,ok
2312,2312,5349968,E,4624,5347656,2,1,ok
2313,2313,5349970,E,1,5347657,0,1,ok
2313,2313,5354594,E,4625,5352281,0,1,ok
2314,2314,5354596,E,0,5352282,1,1,ok
2314,2314,5359224,E,4628,5356910,1,1,ok
2315,2315,5359226,E,1,5356911,2,1,ok
2315,2315,5363854,E,4629,5361539,2,1,ok
2315,2315,175,O,,-2140,2,1,ok
2316,2316,5363856,E,0,5361540,0,1,ok
2316,2316,5368488,E,4632,5366172,0,1,ok
2317,2317,5368490,E,1,5366173,1,1,ok
2317,2317,5373122,E,4633,5370805,1,1,ok
2318,2318,5373124,E,0,5370806,2,1,ok
2318,2318,5377760,E,4636,5375442,2,1,ok
2319,2319,5377762,E,1,5375443,0,1,ok
2319,2319,5382398,E,4637,5380079,0,1,ok
2320,2320,5382400,E,0,5380080,1,1,ok
2320,2320,5387040,E,4640,5384720,1,1,ok
2321,2321,5387042,E,1,5384721,2,1,ok
2321,2321,5391682,E,4641,5389361,2,1,ok
2322,2322,5391684,E,0,5389362,0,1,ok
2322,2322,5396328,E,4644,5394006,0,1,ok
2323,2323,5396330,E,1,5394007,1,1,ok
2323,2323,5400974,E,4645,5398651,1,1,ok
2324,2324,5400976,E,0,5398652,2,1,ok
2324,2324,5405624,E,4648,5403300,2,1,ok
2325,2325,5405626,E,1,5403301,0,1,ok
2325,2325,5410274,E,4649,5407949,0,1,ok
2326,2326,5410276,E,0,5407950,1,1,ok
2326,2326,5414928,E,4652,5412602,1,1,ok
2327,2327,5414930,E,1,5412603,2,1,ok
2327,2327,5419582,E,4653,5417255,2,1,ok
2328,2328,5419584,E,0,5417256,0,1,ok
2328,2328,5424240,E,4656,5421912,0,1,ok
2329,2329,5424242,E,1,5421913,1,1,ok
2329,2329,5428898,E,4657,5426569,1,1,ok
2330,2330,5428900,E,0,5426570,2,1,ok
2330,2330,5433560,E,4660,5431230,2,1,ok
2331,2331,5433562,E,1,5431231,0,1,ok
2331,2331,5438222,E,4661,5435891,0,1,ok
2332,2332,5438224,E,0,5435892,1,1,ok
2332,2332,5442888,E,4664,5440556,1,1,ok
2333,2333,5442890,E,1,5440557,2,1,ok
2333,2333,5447554,E,4665,5445221,2,1,ok
2334,2334,5447556,E,0,5445222,0,1,ok
2334,2334,5452224,E,4668,5449890,0,1,ok
2335,2335,5452226,E,1,5449891,1,1,ok
2335,2335,5456894,E,4669,5454559,1,1,ok
2336,2336,5456896,E,0,5454560,2,1,ok
2336,2336,5461568,E,4672,5459232,2,1,ok
2337,2337,5461570,E,1,5459233,0,1,ok
2337,2337,5466242,E,4673,5463905,0,1,ok
2338,2338,5466244,E,0,5463906,1,1,ok
2338,2338,5470920,E,4676,5468582,1,1,ok
2339,2339,5470922,E,1,5468583,2,1,ok
2339,2339,5475598,E,4677,5473259,2,1,ok
2340,2340,5475600,E,0,5473260,0,1,ok
2340,2340,5480280,E,4680,5477940,0,1,ok
2341,2341,5480282,E,1,5477941,1,1,ok
2341,2341,5484962,E,4681,5482621,1,1,ok
2342,2342,5484964,E,0,5482622,2,1,ok
2342,2342,5489648,E,4684,5487306,2,1,ok
2343,2343,5489650,E,1,5487307,0,1,ok
2343,2343,5494334,E,4685,5491991,0,1,ok
2344,2344,5494336,E,0,5491992,1,1,ok
2344,2344,5499024,E,4688,5496680,1,1,ok
2345,2345,5499026,E,1,5496681,2,1,ok
2345,2345,5503714,E,4689,5501369,2,1,ok
2346,2346,5503716,E,0,5501370,0,1,ok
2346,2346,5508408,E,4692,5506062,0,1,ok
2347,2347,5508410,E,1,5506063,1,1,ok
2347,2347,5513102,E,4693,5510755,1,1,ok
2348,2348,5513104,E,0,5510756,2,1,ok
2348,2348,5517800,E,4696,5515452,2,1,ok
2349,2349,5517802,E,1,5515453,0,1,ok
2349,2349,5522498,E,4697,5520149,0,1,ok
2350,2350,5522500,E,0,5520150,1,1,ok
2350,2350,5527200,E,4700,5524850,1,1,ok
2351,2351,5527202,E,1,5524851,2,1,ok
2351,2351,5531902,E,4701,5529551,2,1,ok
2352,2352,5531904,E,0,5529552,0,1,ok
2352,2352,5536608,E,4704,5534256,0,1,ok
2353,2353,5536610,E,1,5534257,1,1,ok
2353,2353,5541314,E,4705,5538961,1,1,ok
2354,2354,5541316,E,0,5538962,2,1,ok
2354,2354,5546024,E,4708,5543670,2,1,ok
2354,2354,177,O,,-2177,2,1,ok
2355,2355,5546026,E,1,5543671,0,1,ok
2355,2355,5550734,E,4709,5548379,0,1,ok
2356,2356,5550736,E,0,5548380,1,1,ok
2356,2356,5555448,E,4712,5553092,1,1,ok
2357,2357,5555450,E,1,5553093,2,1,ok
2357,2357,5560162,E,4713,5557805,2,1,ok
2358,2358,5560164,E,0,5557806,0,1,ok
2358,2358,5564880,E,4716,5562522,0,1,ok
2359,2359,5564882,E,1,5562523,1,1,ok
2359,2359,5569598,E,4717,5567239,1,1,ok
2360,2360,5569600,E,0,5567240,2,1,ok
2360,2360,5574320,E,4720,5571960,2,1,ok
2361,2361,5574322,E,1,5571961,0,1,ok
2361,2361,5579042,E,4721,5576681,0,1,ok
2362,2362,5579044,E,0,5576682,1,1,ok
2362,2362,5583768,E,4724,5581406,1,1,ok
2363,2363,5583770,E,1,5581407,2,1,ok
2363,2363,5588494,E,4725,5586131,2,1,ok
2364,2364,5588496,E,0,5586132,0,1,ok
2364,2364,5593224,E,4728,5590860,0,1,ok
2365,2365,5593226,E,1,5590861,1,1,ok
2365,2365,5597954,E,4729,5595589,1,1,ok
2366,2366,5597956,E,0,5595590,2,1,ok
2366,2366,5602688,E,4732,5600322,2,1,ok
2367,2367,5602690,E,1,5600323,0,1,ok
2367,2367,5607422,E,4733,5605055,0,1,ok
2368,2368,5607424,E,0,5605056,1,1,ok
2368,2368,5612160,E,4736,5609792,1,1,ok
2369,2369,5612162,E,1,5609793,2,1,ok
2369,2369,5616898,E,4737,5614529,2,1,ok
2370,2370,5616900,E,0,5614530,0,1,ok
2370,2370,5621640,E,4740,5619270,0,1,ok
2371,2371,5621642,E,1,5619271,1,1,ok
2371,2371,5626382,E,4741,5624011,1,1,ok
2372,2372,5626384,E,0,5624012,2,1,ok
2372,2372,5631128,E,4744,5628756,2,1,ok
2373,2373,5631130,E,1,5628757,0,1,ok
2373,2373,5635874,E,4745,5633501,0,1,ok
2374,2374,5635876,E,0,5633502,1,1,ok
2374,2374,5640624,E,4748,5638250,1,1,ok
2375,2375,5640626,E,1,5638251,2,1,ok
2375,2375,5645374,E,4749,5642999,2,1,ok
2376,2376,5645376,E,0,5643000,0,1,ok
2376,2376,5650128,E,4752,5647752,0,1,ok
2377,2377,5650130,E,1,5647753,1,1,ok
2377,2377,5654882,E,4753,5652505,1,1,ok
2378,2378,5654884,E,0,5652506,2,1,ok
2378,2378,5659640,E,4756,5657262,2,1,ok
2379,2379,5659642,E,1,5657263,0,1,ok
2379,2379,5664398,E,4757,5662019,0,1,ok
2380,2380,5664400,E,0,5662020,1,1,ok
2380,2380,5669160,E,4760,5666780,1,1,ok
2381,2381,5669162,E,1,5666781,2,1,ok
2381,2381,5673922,E,4761,5671541,2,1,ok
2382,2382,5673924,E,0,5671542,0,1,ok
2382,2382,5678688,E,4764,5676306,0,1,ok
2383,2383,5678690,E,1,5676307,1,1,ok
2383,2383,5683454,E,4765,5681071,1,1,ok
2384,2384,5683456,E,0,5681072,2,1,ok
2384,2384,5688224,E,4768,5685840,2,1,ok
2385,2385,5688226,E,1,5685841,0,1,ok
2385,2385,5692994,E,4769,5690609,0,1,ok
2386,2386,5692996,E,0,5690610,1,1,ok
2386,2386,5697768,E,4772,5695382,1,1,ok
2387,2387,5697770,E,1,5695383,2,1,ok
2387,2387,5702542,E,4773,5700155,2,1,ok
2388,2388,5702544,E,0,5700156,0,1,ok
2388,2388,5707320,E,4776,5704932,0,1,ok
2389,2389,5707322,E,1,5704933,1,1,ok
2389,2389,5712098,E,4777,5709709,1,1,ok
2390,2390,5712100,E,0,5709710,2,1,ok
2390,2390,5716880,E,4780,5714490,2,1,ok
2391,2391,5716882,E,1,5714491,0,1,ok
2391,2391,5721662,E,4781,5719271,0,1,ok
2392,2392,5721664,E,0,5719272,1,1,ok
2392,2392,5726448,E,4784,5724056,1,1,ok
2393,2393,5726450,E,1,5724057,2,1,ok
2393,2393,5731234,E,4785,5728841,2,1,ok
2394,2394,5731236,E,0,5728842,0,1,ok
2394,2394,5736024,E,4788,5733630,0,1,ok
2394,2394,179,O,,-2215,0,1,ok
2395,2395,5736026,E,1,5733631,1,1,ok
2395,2395,5740814,E,4789,5738419,1,1,ok
2396,2396,5740816,E,0,5738420,2,1,ok
2396,2396,5745608,E,4792,5743212,2,1,ok
2397,2397,5745610,E,1,5743213,0,1,ok
2397,2397,5750402,E,4793,5748005,0,1,ok
2398,2398,5750404,E,0,5748006,1,1,ok
2398,2398,5755200,E,4796,5752802,1,1,ok
2399,2399,5755202,E,1,5752803,2,1,ok
2399,2399,5759998,E,4797,5757599,2,1,ok
2400,2400,5760000,E,0,5757600,0,1,ok
2400,2400,5764800,E,4800,5762400,0,1,ok
2401,2401,5764802,E,1,5762401,1,1,ok
2401,2401,5769602,E,4801,5767201,1,1,ok
2402,2402,5769604,E,0,5767202,2,1,ok
2402,2402,5774408,E,4804,5772006,2,1,ok
2403,2403,5774410,E,1,5772007,0,1,ok
2403,2403,5779214,E,4805,5776811,0,1,ok
2404,2404,5779216,E,0,5776812,1,1,ok
2404,2404,5784024,E,4808,5781620,1,1,ok
2405,2405,5784026,E,1,5781621,2,1,ok
2405,2405,5788834,E,4809,5786429,2,1,ok
2406,2406,5788836,E,0,5786430,0,1,ok
2406,2406,5793648,E,4812,5791242,0,1,ok
2407,2407,5793650,E,1,5791243,1,1,ok
2407,2407,5798462,E,4813,5796055,1,1,ok
2408,2408,5798464,E,0,5796056,2,1,ok
2408,2408,5803280,E,4816,5800872,2,1,ok
2409,2409,5803282,E,1,5800873,0,1,ok
2409,2409,5808098,E,4817,5805689,0,1,ok
2410,2410,5808100,E,0,5805690,1,1,ok
2410,2410,5812920,E,4820,5810510,1,1,ok
2411,2411,5812922,E,1,5810511,2,1,ok
2411,2411,5817742,E,4821,5815331,2,1,ok
2412,2412,5817744,E,0,5815332,0,1,ok
2412,2412,5822568,E,4824,5820156,0,1,ok
2413,2413,5822570,E,1,5820157,1,1,ok
2413,2413,5827394,E,4825,5824981,1,1,ok
2414,2414,5827396,E,0,5824982,2,1,ok
2414,2414,5832224,E,4828,5829810,2,1,ok
2415,2415,5832226,E,1,5829811,0,1,ok
2415,2415,5837054,E,4829,5834639,0,1,ok
2416,2416,5837056,E,0,5834640,1,1,ok
2416,2416,5841888,E,4832,5839472,1,1,ok
2417,2417,5841890,E,1,5839473,2,1,ok
2417,2417,5846722,E,4833,5844305,2,1,ok
2418,2418,5846724,E,0,5844306,0,1,ok
2418,2418,5851560,E,4836,5849142,0,1,ok
2419,2419,5851562,E,1,5849143,1,1,ok
2419,2419,5856398,E,4837,5853979,1,1,ok
2420,2420,5856400,E,0,5853980,2,1,ok
2420,2420,5861240,E,4840,5858820,2,1,ok
2421,2421,5861242,E,1,5858821,0,1,ok
2421,2421,5866082,E,4841,5863661,0,1,ok
2422,2422,5866084,E,0,5863662,1,1,ok
2422,2422,5870928,E,4844,5868506,1,1,ok
2423,2423,5870930,E,1,5868507,2,1,ok
2423,2423,5875774,E,4845,5873351,2,1,ok
2424,2424,5875776,E,0,5873352,0,1,ok
2424,2424,5880624,E,4848,5878200,0,1,ok
2425,2425,5880626,E,1,5878201,1,1,ok
2425,2425,5885474,E,4849,5883049,1,1,ok
2426,2426,5885476,E,0,5883050,2,1,ok
2426,2426,5890328,E,4852,5887902,2,1,ok
2427,2427,5890330,E,1,5887903,0,1,ok
2427,2427,5895182,E,4853,5892755,0,1,ok
2428,2428,5895184,E,0,5892756,1,1,ok
2428,2428,5900040,E,4856,5897612,1,1,ok
2429,2429,5900042,E,1,5897613,2,1,ok
2429,2429,5904898,E,4857,5902469,2,1,ok
2430,2430,5904900,E,0,5902470,0,1,ok
2430,2430,5909760,E,4860,5907330,0,1,ok
2431,2431,5909762,E,1,5907331,1,1,ok
2431,2431,5914622,E,4861,5912191,1,1,ok
2432,2432,5914624,E,0,5912192,2,1,ok
2432,2432,5919488,E,4864,5917056,2,1,ok
2433,2433,5919490,E,1,5917057,0,1,ok
2433,2433,5924354,E,4865,5921921,0,1,ok
2434,2434,5924356,E,0,5921922,1,1,ok
2434,2434,5929224,E,4868,5926790,1,1,ok
2435,2435,5929226,E,1,5926791,2,1,ok
2435,2435,5934094,E,4869,5931659,2,1,ok
2435,2435,181,O,,-2254,2,1,ok
2436,2436,5934096,E,0,5931660,0,1,ok
2436,2436,5938968,E,4872,5936532,0,1,ok
2437,2437,5938970,E,1,5936533,1,1,ok
2437,2437,5943842,E,4873,5941405,1,1,ok
2438,2438,5943844,E,0,5941406,2,1,ok
2438,2438,5948720,E,4876,5946282,2,1,ok
2439,2439,5948722,E,1,5946283,0,1,ok
2439,2439,5953598,E,4877,5951159,0,1,ok
2440,2440,5953600,E,0,5951160,1,1,ok
2440,2440,5958480,E,4880,5956040,1,1,ok
2441,2441,5958482,E,1,5956041,2,1,ok
2441,2441,5963362,E,4881,5960921,2,1,ok
2442,2442,5963364,E,0,5960922,0,1,ok
2442,2442,5968248,E,4884,5965806,0,1,ok
2443,2443,5968250,E,1,5965807,1,1,ok
2443,2443,5973134,E,4885,5970691,1,1,ok
2444,2444,5973136,E,0,5970692,2,1,ok
2444,2444,5978024,E,4888,5975580,2,1,ok
2445,2445,5978026,E,1,5975581,0,1,ok
2445,2445,5982914,E,4889,5980469,0,1,ok
2446,2446,5982916,E,0,5980470,1,1,ok
2446,2446,5987808,E,4892,5985362,1,1,ok
2447,2447,5987810,E,1,5985363,2,1,ok
2447,2447,5992702,E,4893,5990255,2,1,ok
2448,2448,5992704,E,0,5990256,0,1,ok
2448,2448,5997600,E,4896,5995152,0,1,ok
2449,2449,5997602,E,1,5995153,1,1,ok
2449,2449,6002498,E,4897,6000049,1,1,ok
2450,2450,6002500,E,0,6000050,2,1,ok
2450,2450,6007400,E,4900,6004950,2,1,ok
2451,2451,6007402,E,1,6004951,0,1,ok
2451,2451,6012302,E,4901,6009851,0,1,ok
2452,2452,6012304,E,0,6009852,1,1,ok
2452,2452,6017208,E,4904,6014756,1,1,ok
2453,2453,6017210,E,1,6014757,2,1,ok
2453,2453,6022114,E,4905,6019661,2,1,ok
2454,2454,6022116,E,0,6019662,0,1,ok
2454,2454,6027024,E,4908,6024570,0,1,ok
2455,2455,6027026,E,1,6024571,1,1,ok
2455,2455,6031934,E,4909,6029479,1,1,ok
2456,2456,6031936,E,0,6029480,2,1,ok
2456,2456,6036848,E,4912,6034392,2,1,ok
2457,2457,6036850,E,1,6034393,0,1,ok
2457,2457,6041762,E,4913,6039305,0,1,ok
2458,2458,6041764,E,0,6039306,1,1,ok
2458,2458,6046680,E,4916,6044222,1,1,ok
2459,2459,6046682,E,1,6044223,2,1,ok
2459,2459,6051598,E,4917,6049139,2,1,ok
2460,2460,6051600,E,0,6049140,0,1,ok
2460,2460,6056520,E,4920,6054060,0,1,ok
2461,2461,6056522,E,1,6054061,1,1,ok
2461,2461,6061442,E,4921,6058981,1,1,ok
2462,2462,6061444,E,0,6058982,2,1,ok
2462,2462,6066368,E,4924,6063906,2,1,ok
2463,2463,6066370,E,1,6063907,0,1,ok
2463,2463,6071294,E,4925,6068831,0,1,ok
2464,2464,6071296,E,0,6068832,1,1,ok
2464,2464,6076224,E,4928,6073760,1,1,ok
2465,2465,6076226,E,1,6073761,2,1,ok
2465,2465,6081154,E,4929,6078689,2,1,ok
2466,2466,6081156,E,0,6078690,0,1,ok
2466,2466,6086088,E,4932,6083622,0,1,ok
2467,2467,6086090,E,1,6083623,1,1,ok
2467,2467,6091022,E,4933,6088555,1,1,ok
2468,2468,6091024,E,0,6088556,2,1,ok
2468,2468,6095960,E,4936,6093492,2,1,ok
2469,2469,6095962,E,1,6093493,0,1,ok
2469,2469,6100898,E,4937,6098429,0,1,ok
2470,2470,6100900,E,0,6098430,1,1,ok
2470,2470,6105840,E,4940,6103370,1,1,ok
2471,2471,6105842,E,1,6103371,2,1,ok
2471,2471,6110782,E,4941,6108311,2,1,ok
2472,2472,6110784,E,0,6108312,0,1,ok
2472,2472,6115728,E,4944,6113256,0,1,ok
2473,2473,6115730,E,1,6113257,1,1,ok
2473,2473,6120674,E,4945,6118201,1,1,ok
2474,2474,6120676,E,0,6118202,2,1,ok
2474,2474,6125624,E,4948,6123150,2,1,ok
2475,2475,6125626,E,1,6123151,0,1,ok
2475,2475,6130574,E,4949,6128099,0,1,ok
2475,2475,183,O,,-2292,0,1,ok
2476,2476,6130576,E,0,6128100,1,1,ok
2476,2476,6135528,E,4952,6133052,1,1,ok
2477,2477,6135530,E,1,6133053,2,1,ok
2477,2477,6140482,E,4953,6138005,2,1,ok
2478,2478,6140484,E,0,6138006,0,1,ok
2478,2478,6145440,E,4956,6142962,0,1,ok
2479,2479,6145442,E,1,6142963,1,1,ok
2479,2479,6150398,E,4957,6147919,1,1,ok
2480,2480,6150400,E,0,6147920,2,1,ok
2480,2480,6155360,E,4960,6152880,2,1,ok
2481,2481,6155362,E,1,6152881,0,1,ok
2481,2481,6160322,E,4961,6157841,0,1,ok
2482,2482,6160324,E,0,6157842,1,1,ok
2482,2482,6165288,E,4964,6162806,1,1,ok
2483,2483,6165290,E,1,6162807,2,1,ok
2483,2483,6170254,E,4965,6167771,2,1,ok
2484,2484,6170256,E,0,6167772,0,1,ok
2484,2484,6175224,E,4968,6172740,0,1,ok
2485,2485,6175226,E,1,6172741,1,1,ok
2485,2485,6180194,E,4969,6177709,1,1,ok
2486,2486,6180196,E,0,6177710,2,1,ok
2486,2486,6185168,E,4972,6182682,2,1,ok
2487,2487,6185170,E,1,6182683,0,1,ok
2487,2487,6190142,E,4973,6187655,0,1,ok
2488,2488,6190144,E,0,6187656,1,1,ok
2488,2488,6195120,E,4976,6192632,1,1,ok
2489,2489,6195122,E,1,6192633,2,1,ok
2489,2489,6200098,E,4977,6197609,2,1,ok
2490,2490,6200100,E,0,6197610,0,1,ok
2490,2490,6205080,E,4980,6202590,0,1,ok
2491,2491,6205082,E,1,6202591,1,1,ok
2491,2491,6210062,E,4981,6207571,1,1,ok
2492,2492,6210064,E,0,6207572,2,1,ok
2492,2492,6215048,E,4984,6212556,2,1,ok
2493,2493,6215050,E,1,6212557,0,1,ok
2493,2493,6220034,E,4985,6217541,0,1,ok
2494,2494,6220036,E,0,6217542,1,1,ok
2494,2494,6225024,E,4988,6222530,1,1,ok
2495,2495,6225026,E,1,6222531,2,1,ok
2495,2495,6230014,E,4989,6227519,2,1,ok
2496,2496,6230016,E,0,6227520,0,1,ok
2496,2496,6235008,E,4992,6232512,0,1,ok
2497,2497,6235010,E,1,6232513,1,1,ok
2497,2497,6240002,E,4993,6237505,1,1,ok
2498,2498,6240004,E,0,6237506,2,1,ok
2498,2498,6245000,E,4996,6242502,2,1,ok
2499,2499,6245002,E,1,6242503,0,1,ok
2499,2499,6249998,E,4997,6247499,0,1,ok
2500,2500,6250000,E,0,6247500,1,1,ok
2500,2500,6255000,E,5000,6252500,1,1,ok
2501,2501,6255002,E,1,6252501,2,1,ok
2501,2501,6260002,E,5001,6257501,2,1,ok
2502,2502,6260004,E,0,6257502,0,1,ok
2502,2502,6265008,E,5004,6262506,0,1,ok
2503,2503,6265010,E,1,6262507,1,1,ok
2503,2503,6270014,E,5005,6267511,1,1,ok
2504,2504,6270016,E,0,6267512,2,1,ok
2504,2504,6275024,E,5008,6272520,2,1,ok
2505,2505,6275026,E,1,6272521,0,1,ok
2505,2505,6280034,E,5009,6277529,0,1,ok
2506,2506,6280036,E,0,6277530,1,1,ok
2506,2506,6285048,E,5012,6282542,1,1,ok
2507,2507,6285050,E,1,6282543,2,1,ok
2507,2507,6290062,E,5013,6287555,2,1,ok
2508,2508,6290064,E,0,6287556,0,1,ok
2508,2508,6295080,E,5016,6292572,0,1,ok
2509,2509,6295082,E,1,6292573,1,1,ok
2509,2509,6300098,E,5017,6297589,1,1,ok
2510,2510,6300100,E,0,6297590,2,1,ok
2510,2510,6305120,E,5020,6302610,2,1,ok
2511,2511,6305122,E,1,6302611,0,1,ok
2511,2511,6310142,E,5021,6307631,0,1,ok
2512,2512,6310144,E,0,6307632,1,1,ok
2512,2512,6315168,E,5024,6312656,1,1,ok
2513,2513,6315170,E,1,6312657,2,1,ok
2513,2513,6320194,E,5025,6317681,2,1,ok
2514,2514,6320196,E,0,6317682,0,1,ok
2514,2514,6325224,E,5028,6322710,0,1,ok
2515,2515,6325226,E,1,6322711,1,1,ok
2515,2515,6330254,E,5029,6327739,1,1,ok
2516,2516,6330256,E,0,6327740,2,1,ok
2516,2516,6335288,E,5032,6332772,2,1,ok
2516,2516,185,O,,-2331,2,1,ok
2517,2517,6335290,E,1,6332773,0,1,ok
2517,2517,6340322,E,5033,6337805,0,1,ok
2518,2518,6340324,E,0,6337806,1,1,ok
2518,2518,6345360,E,5036,6342842,1,1,ok
2519,2519,6345362,E,1,6342843,2,1,ok
2519,2519,6350398,E,5037,6347879,2,1,ok
2520,2520,6350400,E,0,6347880,0,1,ok
2520,2520,6355440,E,5040,6352920,0,1,ok
2521,2521,6355442,E,1,6352921,1,1,ok
2521,2521,6360482,E,5041,6357961,1,1,ok
2522,2522,6360484,E,0,6357962,2,1,ok
2522,2522,6365528,E,5044,6363006,2,1,ok
2523,2523,6365530,E,1,6363007,0,1,ok
2523,2523,6370574,E,5045,6368051,0,1,ok
2524,2524,6370576,E,0,6368052,1,1,ok
2524,2524,6375624,E,5048,6373100,1,1,ok
2525,2525,6375626,E,1,6373101,2,1,ok
2525,2525,6380674,E,5049,6378149,2,1,ok
2526,2526,6380676,E,0,6378150,0,1,ok
2526,2526,6385728,E,5052,6383202,0,1,ok
2527,2527,6385730,E,1,6383203,1,1,ok
2527,2527,6390782,E,5053,6388255,1,1,ok
2528,2528,6390784,E,0,6388256,2,1,ok
2528,2528,6395840,E,5056,6393312,2,1,ok
2529,2529,6395842,E,1,6393313,0,1,ok
2529,2529,6400898,E,5057,6398369,0,1,ok
2530,2530,6400900,E,0,6398370,1,1,ok
2530,2530,6405960,E,5060,6403430,1,1,ok
2531,2531,6405962,E,1,6403431,2,1,ok
2531,2531,6411022,E,5061,6408491,2,1,ok
2532,2532,6411024,E,0,6408492,0,1,ok
2532,2532,6416088,E,5064,6413556,0,1,ok
2533,2533,6416090,E,1,6413557,1,1,ok
2533,2533,6421154,E,5065,6418621,1,1,ok
2534,2534,6421156,E,0,6418622,2,1,ok
2534,2534,6426224,E,5068,6423690,2,1,ok
2535,2535,6426226,E,1,6423691,0,1,ok
2535,2535,6431294,E,5069,6428759,0,1,ok
2536,2536,6431296,E,0,6428760,1,1,ok
2536,2536,6436368,E,5072,6433832,1,1,ok
2537,2537,6436370,E,1,6433833,2,1,ok
2537,2537,6441442,E,5073,6438905,2,1,ok
2538,2538,6441444,E,0,6438906,0,1,ok
2538,2538,6446520,E,5076,6443982,0,1,ok
2539,2539,6446522,E,1,6443983,1,1,ok
2539,2539,6451598,E,5077,6449059,1,1,ok
2540,2540,6451600,E,0,6449060,2,1,ok
2540,2540,6456680,E,5080,6454140,2,1,ok
2541,2541,6456682,E,1,6454141,0,1,ok
2541,2541,6461762,E,5081,6459221,0,1,ok
2542,2542,6461764,E,0,6459222,1,1,ok
2542,2542,6466848,E,5084,6464306,1,1,ok
2543,2543,6466850,E,1,6464307,2,1,ok
2543,2543,6471934,E,5085,6469391,2,1,ok
2544,2544,6471936,E,0,6469392,0,1,ok
2544,2544,6477024,E,5088,6474480,0,1,ok
2545,2545,6477026,E,1,6474481,1,1,ok
2545,2545,6482114,E,5089,6479569,1,1,ok
2546,2546,6482116,E,0,6479570,2,1,ok
2546,2546,6487208,E,5092,6484662,2,1,ok
2547,2547,6487210,E,1,6484663,0,1,ok
2547,2547,6492302,E,5093,6489755,0,1,ok
2548,2548,6492304,E,0,6489756,1,1,ok
2548,2548,6497400,E,5096,6494852,1,1,ok
2549,2549,6497402,E,1,6494853,2,1,ok
2549,2549,6502498,E,5097,6499949,2,1,ok
2550,2550,6502500,E,0,6499950,0,1,ok
2550,2550,6507600,E,5100,6505050,0,1,ok
2551,2551,6507602,E,1,6505051,1,1,ok
2551,2551,6512702,E,5101,6510151,1,1,ok
2552,2552,6512704,E,0,6510152,2,1,ok
2552,2552,6517808,E,5104,6515256,2,1,ok
2553,2553,6517810,E,1,6515257,0,1,ok
2553,2553,6522914,E,5105,6520361,0,1,ok
2554,2554,6522916,E,0,6520362,1,1,ok
2554,2554,6528024,E,5108,6525470,1,1,ok
2555,2555,6528026,E,1,6525471,2,1,ok
2555,2555,6533134,E,5109,6530579,2,1,ok
2556,2556,6533136,E,0,6530580,0,1,ok
2556,2556,6538248,E,5112,6535692,0,1,ok
2557,2557,6538250,E,1,6535693,1,1,ok
2557,2557,6543362,E,5113,6540805,1,1,ok
2557,2557,187,O,,-2370,1,1,ok
2558,2558,6543364,E,0,6540806,2,1,ok
2558,2558,6548480,E,5116,6545922,2,1,ok
2559,2559,6548482,E,1,6545923,0,1,ok
2559,2559,6553598,E,5117,6551039,0,1,ok
2560,2560,6553600,E,0,6551040,1,1,ok
2560,2560,6558720,E,5120,6556160,1,1,ok
2561,2561,6558722,E,1,6556161,2,1,ok
2561,2561,6563842,E,5121,6561281,2,1,ok
2562,2562,6563844,E,0,6561282,0,1,ok
2562,2562,6568968,E,5124,6566406,0,1,ok
2563,2563,6568970,E,1,6566407,1,1,ok
2563,2563,6574094,E,5125,6571531,1,1,ok
2564,2564,6574096,E,0,6571532,2,1,ok
2564,2564,6579224,E,5128,6576660,2,1,ok
2565,2565,6579226,E,1,6576661,0,1,ok
2565,2565,6584354,E,5129,6581789,0,1,ok
2566,2566,6584356,E,0,6581790,1,1,ok
2566,2566,6589488,E,5132,6586922,1,1,ok
2567,2567,6589490,E,1,6586923,2,1,ok
2567,2567,6594622,E,5133,6592055,2,1,ok
2568,2568,6594624,E,0,6592056,0,1,ok
2568,2568,6599760,E,5136,6597192,0,1,ok
2569,2569,6599762,E,1,6597193,1,1,ok
2569,2569,6604898,E,5137,6602329,1,1,ok
2570,2570,6604900,E,0,6602330,2,1,ok
2570,2570,6610040,E,5140,6607470,2,1,ok
2571,2571,6610042,E,1,6607471,0,1,ok
2571,2571,6615182,E,5141,6612611,0,1,ok
2572,2572,6615184,E,0,6612612,1,1,ok
2572,2572,6620328,E,5144,6617756,1,1,ok
2573,2573,6620330,E,1,6617757,2,1,ok
2573,2573,6625474,E,5145,6622901,2,1,ok
2574,2574,6625476,E,0,6622902,0,1,ok
2574,2574,6630624,E,5148,6628050,0,1,ok
2575,2575,6630626,E,1,6628051,1,1,ok
2575,2575,6635774,E,5149,6633199,1,1,ok
2576,2576,6635776,E,0,6633200,2,1,ok
2576,2576,6640928,E,5152,6638352,2,1,ok
2577,2577,6640930,E,1,6638353,0,1,ok
2577,2577,6646082,E,5153,6643505,0,1,ok
2578,2578,6646084,E,0,6643506,1,1,ok
2578,2578,6651240,E,5156,6648662,1,1,ok
2579,2579,6651242,E,1,6648663,2,1,ok
2579,2579,6656398,E,5157,6653819,2,1,ok
2580,2580,6656400,E,0,6653820,0,1,ok
2580,2580,6661560,E,5160,6658980,0,1,ok
2581,2581,6661562,E,1,6658981,1,1,ok
2581,2581,6666722,E,5161,6664141,1,1,ok
2582,2582,6666724,E,0,6664142,2,1,ok
2582,2582,6671888,E,5164,6669306,2,1,ok
2583,2583,6671890,E,1,6669307,0,1,ok
2583,2583,6677054,E,5165,6674471,0,1,ok
2584,2584,6677056,E,0,6674472,1,1,ok
2584,2584,6682224,E,5168,6679640,1,1,ok
2585,2585,6682226,E,1,6679641,2,1,ok
2585,2585,6687394,E,5169,6684809,2,1,ok
2586,2586,6687396,E,0,6684810,0,1,ok
2586,2586,6692568,E,5172,6689982,0,1,ok
2587,2587,6692570,E,1,6689983,1,1,ok
2587,2587,6697742,E,5173,6695155,1,1,ok
2588,2588,6697744,E,0,6695156,2,1,ok
2588,2588,6702920,E,5176,6700332,2,1,ok
2589,2589,6702922,E,1,6700333,0,1,ok
2589,2589,6708098,E,5177,6705509,0,1,ok
2590,2590,6708100,E,0,6705510,1,1,ok
2590,2590,6713280,E,5180,6710690,1,1,ok
2591,2591,6713282,E,1,6710691,2,1,ok
2591,2591,6718462,E,5181,6715871,2,1,ok
2592,2592,6718464,E,0,6715872,0,1,ok
2592,2592,6723648,E,5184,6721056,0,1,ok
2593,2593,6723650,E,1,6721057,1,1,ok
2593,2593,6728834,E,5185,6726241,1,1,ok
2594,2594,6728836,E,0,6726242,2,1,ok
2594,2594,6734024,E,5188,6731430,2,1,ok
2595,2595,6734026,E,1,6731431,0,1,ok
2595,2595,6739214,E,5189,6736619,0,1,ok
2596,2596,6739216,E,0,6736620,1,1,ok
2596,2596,6744408,E,5192,6741812,1,1,ok
2597,2597,6744410,E,1,6741813,2,1,ok
2597,2597,6749602,E,5193,6747005,2,1,ok
2598,2598,6749604,E,0,6747006,0,1,ok
2598,2598,6754800,E,5196,6752202,0,1,ok
2598,2598,189,O,,-2409,0,1,ok
2599,2599,6754802,E,1,6752203,1,1,ok
2599,2599,6759998,E,5197,6757399,1,1,ok
2600,2600,6760000,E,0,6757400,2,1,ok
2600,2600,6765200,E,5200,6762600,2,1,ok
2601,2601,6765202,E,1,6762601,0,1,ok
2601,2601,6770402,E,5201,6767801,0,1,ok
2602,2602,6770404,E,0,6767802,1,1,ok
2602,2602,6775608,E,5204,6773006,1,1,ok
2603,2603,6775610,E,1,6773007,2,1,ok
2603,2603,6780814,E,5205,6778211,2,1,ok
2604,2604,6780816,E,0,6778212,0,1,ok
2604,2604,6786024,E,5208,6783420,0,1,ok
2605,2605,6786026,E,1,6783421,1,1,ok
2605,2605,6791234,E,5209,6788629,1,1,ok
2606,2606,6791236,E,0,6788630,2,1,ok
2606,2606,6796448,E,5212,6793842,2,1,ok
2607,2607,6796450,E,1,6793843,0,1,ok
2607,2607,6801662,E,5213,6799055,0,1,ok
2608,2608,6801664,E,0,6799056,1,1,ok
2608,2608,6806880,E,5216,6804272,1,1,ok
2609,2609,6806882,E,1,6804273,2,1,ok
2609,2609,6812098,E,5217,6809489,2,1,ok
2610,2610,6812100,E,0,6809490,0,1,ok
2610,2610,6817320,E,5220,6814710,0,1,ok
2611,2611,6817322,E,1,6814711,1,1,ok
2611,2611,6822542,E,5221,6819931,1,1,ok
2612,2612,6822544,E,0,6819932,2,1,ok
2612,2612,6827768,E,5224,6825156,2,1,ok
2613,2613,6827770,E,1,6825157,0,1,ok
2613,2613,6832994,E,5225,6830381,0,1,ok
2614,2614,6832996,E,0,6830382,1,1,ok
2614,2614,6838224,E,5228,6835610,1,1,ok
2615,2615,6838226,E,1,6835611,2,1,ok
2615,2615,6843454,E,5229,6840839,2,1,ok
2616,2616,6843456,E,0,6840840,0,1,ok
2616,2616,6848688,E,5232,6846072,0,1,ok
2617,2617,6848690,E,1,6846073,1,1,ok
2617,2617,6853922,E,5233,6851305,1,1,ok
2618,2618,6853924,E,0,6851306,2,1,ok
2618,2618,6859160,E,5236,6856542,2,1,ok
2619,2619,6859162,E,1,6856543,0,1,ok
2619,2619,6864398,E,5237,6861779,0,1,ok
2620,2620,6864400,E,0,6861780,1,1,ok
2620,2620,6869640,E,5240,6867020,1,1,ok
2621,2621,6869642,E,1,6867021,2,1,ok
2621,2621,6874882,E,5241,6872261,2,1,ok
2622,2622,6874884,E,0,6872262,0,1,ok
2622,2622,6880128,E,5244,6877506,0,1,ok
2623,2623,6880130,E,1,6877507,1,1,ok
2623,2623,6885374,E,5245,6882751,1,1,ok
2624,2624,6885376,E,0,6882752,2,1,ok
2624,2624,6890624,E,5248,6888000,2,1,ok
2625,2625,6890626,E,1,6888001,0,1,ok
2625,2625,6895874,E,5249,6893249,0,1,ok
2626,2626,6895876,E,0,6893250,1,1,ok
2626,2626,6901128,E,5252,6898502,1,1,ok
2627,2627,6901130,E,1,6898503,2,1,ok
2627,2627,6906382,E,5253,6903755,2,1,ok
2628,2628,6906384,E,0,6903756,0,1,ok
2628,2628,6911640,E,5256,6909012,0,1,ok
2629,2629,6911642,E,1,6909013,1,1,ok
2629,2629,6916898,E,5257,6914269,1,1,ok
2630,2630,6916900,E,0,6914270,2,1,ok
2630,2630,6922160,E,5260,6919530,2,1,ok
2631,2631,6922162,E,1,6919531,0,1,ok
2631,2631,6927422,E,5261,6924791,0,1,ok
2632,2632,6927424,E,0,6924792,1,1,ok
2632,2632,6932688,E,5264,6930056,1,1,ok
2633,2633,6932690,E,1,6930057,2,1,ok
2633,2633,6937954,E,5265,6935321,2,1,ok
2634,2634,6937956,E,0,6935322,0,1,ok
2634,2634,6943224,E,5268,6940590,0,1,ok
2635,2635,6943226,E,1,6940591,1,1,ok
2635,2635,6948494,E,5269,6945859,1,1,ok
2636,2636,6948496,E,0,6945860,2,1,ok
2636,2636,6953768,E,5272,6951132,2,1,ok
2637,2637,6953770,E,1,6951133,0,1,ok
2637,2637,6959042,E,5273,6956405,0,1,ok
2638,2638,6959044,E,0,6956406,1,1,ok
2638,2638,6964320,E,5276,6961682,1,1,ok
2639,2639,6964322,E,1,6961683,2,1,ok
2639,2639,6969598,E,5277,6966959,2,1,ok
2639,2639,191,O,,-2448,2,1,ok
2640,2640,6969600,E,0,6966960,0,1,ok
2640,2640,6974880,E,5280,6972240,0,1,ok
2641,2641,6974882,E,1,6972241,1,1,ok
2641,2641,6980162,E,5281,6977521,1,1,ok
2642,2642,6980164,E,0,6977522,2,1,ok
2642,2642,6985448,E,5284,6982806,2,1,ok
2643,2643,6985450,E,1,6982807,0,1,ok
2643,2643,6990734,E,5285,6988091,0,1,ok
2644,2644,6990736,E,0,6988092,1,1,ok
2644,2644,6996024,E,5288,6993380,1,1,ok
2645,2645,6996026,E,1,6993381,2,1,ok
2645,2645,7001314,E,5289,6998669,2,1,ok
2646,2646,7001316,E,0,6998670,0,1,ok
2646,2646,7006608,E,5292,7003962,0,1,ok
2647,2647,7006610,E,1,7003963,1,1,ok
2647,2647,7011902,E,5293,7009255,1,1,ok
2648,2648,7011904,E,0,7009256,2,1,ok
2648,2648,7017200,E,5296,7014552,2,1,ok
2649,2649,7017202,E,1,7014553,0,1,ok
2649,2649,7022498,E,5297,7019849,0,1,ok
2650,2650,7022500,E,0,7019850,1,1,ok
2650,2650,7027800,E,5300,7025150,1,1,ok
2651,2651,7027802,E,1,7025151,2,1,ok
2651,2651,7033102,E,5301,7030451,2,1,ok
2652,2652,7033104,E,0,7030452,0,1,ok
2652,2652,7038408,E,5304,7035756,0,1,ok
2653,2653,7038410,E,1,7035757,1,1,ok
2653,2653,7043714,E,5305,7041061,1,1,ok
2654,2654,7043716,E,0,7041062,2,1,ok
2654,2654,7049024,E,5308,7046370,2,1,ok
2655,2655,7049026,E,1,7046371,0,1,ok
2655,2655,7054334,E,5309,7051679,0,1,ok
2656,2656,7054336,E,0,7051680,1,1,ok
2656,2656,7059648,E,5312,7056992,1,1,ok
2657,2657,7059650,E,1,7056993,2,1,ok
2657,2657,7064962,E,5313,7062305,2,1,ok
2658,2658,7064964,E,0,7062306,0,1,ok
2658,2658,7070280,E,5316,7067622,0,1,ok
2659,2659,7070282,E,1,7067623,1,1,ok
2659,2659,7075598,E,5317,7072939,1,1,ok
2660,2660,7075600,E,0,7072940,2,1,ok
2660,2660,7080920,E,5320,7078260,2,1,ok
2661,2661,7080922,E,1,7078261,0,1,ok
2661,2661,7086242,E,5321,7083581,0,1,ok
2662,2662,7086244,E,0,7083582,1,1,ok
2662,2662,7091568,E,5324,7088906,1,1,ok
2663,2663,7091570,E,1,7088907,2,1,ok
2663,2663,7096894,E,5325,7094231,2,1,ok
2664,2664,7096896,E,0,7094232,0,1,ok
2664,2664,7102224,E,5328,7099560,0,1,ok
2665,2665,7102226,E,1,7099561,1,1,ok
2665,2665,7107554,E,5329,7104889,1,1,ok
2666,2666,7107556,E,0,7104890,2,1,ok
2666,2666,7112888,E,5332,7110222,2,1,ok
2667,2667,7112890,E,1,7110223,0,1,ok
2667,2667,7118222,E,5333,7115555,0,1,ok
2668,2668,7118224,E,0,7115556,1,1,ok
2668,2668,7123560,E,5336,7120892,1,1,ok
2669,2669,7123562,E,1,7120893,2,1,ok
2669,2669,7128898,E,5337,7126229,2,1,ok
2670,2670,7128900,E,0,7126230,0,1,ok
2670,2670,7134240,E,5340,7131570,0,1,ok
2671,2671,7134242,E,1,7131571,1,1,ok
2671,2671,7139582,E,5341,7136911,1,1,ok
2672,2672,7139584,E,0,7136912,2,1,ok
2672,2672,7144928,E,5344,7142256,2,1,ok
2673,2673,7144930,E,1,7142257,0,1,ok
2673,2673,7150274,E,5345,7147601,0,1,ok
2674,2674,7150276,E,0,7147602,1,1,ok
2674,2674,7155624,E,5348,7152950,1,1,ok
2675,2675,7155626,E,1,7152951,2,1,ok
2675,2675,7160974,E,5349,7158299,2,1,ok
2676,2676,7160976,E,0,7158300,0,1,ok
2676,2676,7166328,E,5352,7163652,0,1,ok
2677,2677,7166330,E,1,7163653,1,1,ok
2677,2677,7171682,E,5353,7169005,1,1,ok
2678,2678,7171684,E,0,7169006,2,1,ok
2678,2678,7177040,E,5356,7174362,2,1,ok
2679,2679,7177042,E,1,7174363,0,1,ok
2679,2679,7182398,E,5357,7179719,0,1,ok
2680,2680,7182400,E,0,7179720,1,1,ok
2680,2680,7187760,E,5360,7185080,1,1,ok
2681,2681,7187762,E,1,7185081,2,1,ok
2681,2681,7193122,E,5361,7190441,2,1,ok
2681,2681,193,O,,-2488,2,1,ok
2682,2682,7193124,E,0,7190442,0,1,ok
2682,2682,7198488,E,5364,7195806,0,1,ok
2683,2683,7198490,E,1,7195807,1,1,ok
2683,2683,7203854,E,5365,7201171,1,1,ok
2684,2684,7203856,E,0,7201172,2,1,ok
2684,2684,7209224,E,5368,7206540,2,1,ok
2685,2685,7209226,E,1,7206541,0,1,ok
2685,2685,7214594,E,5369,7211909,0,1,ok
2686,2686,7214596,E,0,7211910,1,1,ok
2686,2686,7219968,E,5372,7217282,1,1,ok
2687,2687,7219970,E,1,7217283,2,1,ok
2687,2687,7225342,E,5373,7222655,2,1,ok
2688,2688,7225344,E,0,7222656,0,1,ok
2688,2688,7230720,E,5376,7228032,0,1,ok
2689,2689,7230722,E,1,7228033,1,1,ok
2689,2689,7236098,E,5377,7233409,1,1,ok
2690,2690,7236100,E,0,7233410,2,1,ok
2690,2690,7241480,E,5380,7238790,2,1,ok
2691,2691,7241482,E,1,7238791,0,1,ok
2691,2691,7246862,E,5381,7244171,0,1,ok
2692,2692,7246864,E,0,7244172,1,1,ok
2692,2692,7252248,E,5384,7249556,1,1,ok
2693,2693,7252250,E,1,7249557,2,1,ok
2693,2693,7257634,E,5385,7254941,2,1,ok
2694,2694,7257636,E,0,7254942,0,1,ok
2694,2694,7263024,E,5388,7260330,0,1,ok
2695,2695,7263026,E,1,7260331,1,1,ok
2695,2695,7268414,E,5389,7265719,1,1,ok
2696,2696,7268416,E,0,7265720,2,1,ok
2696,2696,7273808,E,5392,7271112,2,1,ok
2697,2697,7273810,E,1,7271113,0,1,ok
2697,2697,7279202,E,5393,7276505,0,1,ok
2698,2698,7279204,E,0,7276506,1,1,ok
2698,2698,7284600,E,5396,7281902,1,1,ok
2699,2699,7284602,E,1,7281903,2,1,ok
2699,2699,7289998,E,5397,7287299,2,1,ok
2700,2700,7290000,E,0,7287300,0,1,ok
2700,2700,7295400,E,5400,7292700,0,1,ok
2701,2701,7295402,E,1,7292701,1,1,ok
2701,2701,7300802,E,5401,7298101,1,1,ok
2702,2702,7300804,E,0,7298102,2,1,ok
2702,2702,7306208,E,5404,7303506,2,1,ok
2703,2703,7306210,E,1,7303507,0,1,ok
2703,2703,7311614,E,5405,7308911,0,1,ok
2704,2704,7311616,E,0,7308912,1,1,ok
2704,2704,7317024,E,5408,7314320,1,1,ok
2705,2705,7317026,E,1,7314321,2,1,ok
2705,2705,7322434,E,5409,7319729,2,1,ok
2706,2706,7322436,E,0,7319730,0,1,ok
2706,2706,7327848,E,5412,7325142,0,1,ok
2707,2707,7327850,E,1,7325143,1,1,ok
2707,2707,7333262,E,5413,7330555,1,1,ok
2708,2708,7333264,E,0,7330556,2,1,ok
2708,2708,7338680,E,5416,7335972,2,1,ok
2709,2709,7338682,E,1,7335973,0,1,ok
2709,2709,7344098,E,5417,7341389,0,1,ok
2710,2710,7344100,E,0,7341390,1,1,ok
2710,2710,7349520,E,5420,7346810,1,1,ok
2711,2711,7349522,E,1,7346811,2,1,ok
2711,2711,7354942,E,5421,7352231,2,1,ok
2712,2712,7354944,E,0,7352232,0,1,ok
2712,2712,7360368,E,5424,7357656,0,1,ok
2713,2713,7360370,E,1,7357657,1,1,ok
2713,2713,7365794,E,5425,7363081,1,1,ok
2714,2714,7365796,E,0,7363082,2,1,ok
2714,2714,7371224,E,5428,7368510,2,1,ok
2715,2715,7371226,E,1,7368511,0,1,ok
2715,2715,7376654,E,5429,7373939,0,1,ok
2716,2716,7376656,E,0,7373940,1,1,ok
2716,2716,7382088,E,5432,7379372,1,1,ok
2717,2717,7382090,E,1,7379373,2,1,ok
2717,2717,7387522,E,5433,7384805,2,1,ok
2718,2718,7387524,E,0,7384806,0,1,ok
2718,2718,7392960,E,5436,7390242,0,1,ok
2719,2719,7392962,E,1,7390243,1,1,ok
2719,2719,7398398,E,5437,7395679,1,1,ok
2720,2720,7398400,E,0,7395680,2,1,ok
2720,2720,7403840,E,5440,7401120,2,1,ok
2721,2721,7403842,E,1,7401121,0,1,ok
2721,2721,7409282,E,5441,7406561,0,1,ok
2722,2722,7409284,E,0,7406562,1,1,ok
2722,2722,7414728,E,5444,7412006,1,1,ok
2723,2723,7414730,E,1,7412007,2,1,ok
2723,2723,7420174,E,5445,7417451,2,1,ok
2723,2723,195,O,,-2528,2,1,ok
2724,2724,7420176,E,0,7417452,0,1,ok
2724,2724,7425624,E,5448,7422900,0,1,ok
2725,2725,7425626,E,1,7422901,1,1,ok
2725,2725,7431074,E,5449,7428349,1,1,ok
2726,2726,7431076,E,0,7428350,2,1,ok
2726,2726,7436528,E,5452,7433802,2,1,ok
2727,2727,7436530,E,1,7433803,0,1,ok
2727,2727,7441982,E,5453,7439255,0,1,ok
2728,2728,7441984,E,0,7439256,1,1,ok
2728,2728,7447440,E,5456,7444712,1,1,ok
2729,2729,7447442,E,1,7444713,2,1,ok
2729,2729,7452898,E,5457,7450169,2,1,ok
2730,2730,7452900,E,0,7450170,0,1,ok
2730,2730,7458360,E,5460,7455630,0,1,ok
2731,2731,7458362,E,1,7455631,1,1,ok
2731,2731,7463822,E,5461,7461091,1,1,ok
2732,2732,7463824,E,0,7461092,2,1,ok
2732,2732,7469288,E,5464,7466556,2,1,ok
2733,2733,7469290,E,1,7466557,0,1,ok
2733,2733,7474754,E,5465,7472021,0,1,ok
2734,2734,7474756,E,0,7472022,1,1,ok
2734,2734,7480224,E,5468,7477490,1,1,ok
2735,2735,7480226,E,1,7477491,2,1,ok
2735,2735,7485694,E,5469,7482959,2,1,ok
2736,2736,7485696,E,0,7482960,0,1,ok
2736,2736,7491168,E,5472,7488432,0,1,ok
2737,2737,7491170,E,1,7488433,1,1,ok
2737,2737,7496642,E,5473,7493905,1,1,ok
2738,2738,7496644,E,0,7493906,2,1,ok
2738,2738,7502120,E,5476,7499382,2,1,ok
2739,2739,7502122,E,1,7499383,0,1,ok
2739,2739,7507598,E,5477,7504859,0,1,ok
2740,2740,7507600,E,0,7504860,1,1,ok
2740,2740,7513080,E,5480,7510340,1,1,ok
2741,2741,7513082,E,1,7510341,2,1,ok
2741,2741,7518562,E,5481,7515821,2,1,ok
2742,2742,7518564,E,0,7515822,0,1,ok
2742,2742,7524048,E,5484,7521306,0,1,ok
2743,2743,7524050,E,1,7521307,1,1,ok
2743,2743,7529534,E,5485,7526791,1,1,ok
2744,2744,7529536,E,0,7526792,2,1,ok
2744,2744,7535024,E,5488,7532280,2,1,ok
2745,2745,7535026,E,1,7532281,0,1,ok
2745,2745,7540514,E,5489,7537769,0,1,ok
2746,2746,7540516,E,0,7537770,1,1,ok
2746,2746,7546008,E,5492,7543262,1,1,ok
2747,2747,7546010,E,1,7543263,2,1,ok
2747,2747,7551502,E,5493,7548755,2,1,ok
2748,2748,7551504,E,0,7548756,0,1,ok
2748,2748,7557000,E,5496,7554252,0,1,ok
2749,2749,7557002,E,1,7554253,1,1,ok
2749,2749,7562498,E,5497,7559749,1,1,ok
2750,2750,7562500,E,0,7559750,2,1,ok
2750,2750,7568000,E,5500,7565250,2,1,ok
2751,2751,7568002,E,1,7565251,0,1,ok
2751,2751,7573502,E,5501,7570751,0,1,ok
2752,2752,7573504,E,0,7570752,1,1,ok
2752,2752,7579008,E,5504,7576256,1,1,ok
2753,2753,7579010,E,1,7576257,2,1,ok
2753,2753,7584514,E,5505,7581761,2,1,ok
2754,2754,7584516,E,0,7581762,0,1,ok
2754,2754,7590024,E,5508,7587270,0,1,ok
2755,2755,7590026,E,1,7587271,1,1,ok
2755,2755,7595534,E,5509,7592779,1,1,ok
2756,2756,7595536,E,0,7592780,2,1,ok
2756,2756,7601048,E,5512,7598292,2,1,ok
2757,2757,7601050,E,1,7598293,0,1,ok
2757,2757,7606562,E,5513,7603805,0,1,ok
2758,2758,7606564,E,0,7603806,1,1,ok
2758,2758,7612080,E,5516,7609322,1,1,ok
2759,2759,7612082,E,1,7609323,2,1,ok
2759,2759,7617598,E,5517,7614839,2,1,ok
2760,2760,7617600,E,0,7614840,0,1,ok
2760,2760,7623120,E,5520,7620360,0,1,ok
2761,2761,7623122,E,1,7620361,1,1,ok
2761,2761,7628642,E,5521,7625881,1,1,ok
2762,2762,7628644,E,0,7625882,2,1,ok
2762,2762,7634168,E,5524,7631406,2,1,ok
2763,2763,7634170,E,1,7631407,0,1,ok
2763,2763,7639694,E,5525,7636931,0,1,ok
2764,2764,7639696,E,0,7636932,1,1,ok
2764,2764,7645224,E,5528,7642460,1,1,ok
2765,2765,7645226,E,1,7642461,2,1,ok
2765,2765,7650754,E,5529,7647989,2,1,ok
2765,2765,197,O,,-2568,2,1,ok
2766,2766,7650756,E,0,7647990,0,1,ok
2766,2766,7656288,E,5532,7653522,0,1,ok
2767,2767,7656290,E,1,7653523,1,1,ok
2767,2767,7661822,E,5533,7659055,1,1,ok
2768,2768,7661824,E,0,7659056,2,1,ok
2768,2768,7667360,E,5536,7664592,2,1,ok
2769,2769,7667362,E,1,7664593,0,1,ok
2769,2769,7672898,E,5537,7670129,0,1,ok
2770,2770,7672900,E,0,7670130,1,1,ok
2770,2770,7678440,E,5540,7675670,1,1,ok
2771,2771,7678442,E,1,7675671,2,1,ok
2771,2771,7683982,E,5541,7681211,2,1,ok
2772,2772,7683984,E,0,7681212,0,1,ok
2772,2772,7689528,E,5544,7686756,0,1,ok
2773,2773,7689530,E,1,7686757,1,1,ok
2773,2773,7695074,E,5545,7692301,1,1,ok
2774,2774,7695076,E,0,7692302,2,1,ok
2774,2774,7700624,E,5548,7697850,2,1,ok
2775,2775,7700626,E,1,7697851,0,1,ok
2775,2775,7706174,E,5549,7703399,0,1,ok
2776,2776,7706176,E,0,7703400,1,1,ok
2776,2776,7711728,E,5552,7708952,1,1,ok
2777,2777,7711730,E,1,7708953,2,1,ok
2777,2777,7717282,E,5553,7714505,2,1,ok
2778,2778,7717284,E,0,7714506,0,1,ok
2778,2778,7722840,E,5556,7720062,0,1,ok
2779,2779,7722842,E,1,7720063,1,1,ok
2779,2779,7728398,E,5557,7725619,1,1,ok
2780,2780,7728400,E,0,7725620,2,1,ok
2780,2780,7733960,E,5560,7731180,2,1,ok
2781,2781,7733962,E,1,7731181,0,1,ok
2781,2781,7739522,E,5561,7736741,0,1,ok
2782,2782,7739524,E,0,7736742,1,1,ok
2782,2782,7745088,E,5564,7742306,1,1,ok
2783,2783,7745090,E,1,7742307,2,1,ok
2783,2783,7750654,E,5565,7747871,2,1,ok
2784,2784,7750656,E,0,7747872,0,1,ok
2784,2784,7756224,E,5568,7753440,0,1,ok
2785,2785,7756226,E,1,7753441,1,1,ok
2785,2785,7761794,E,5569,7759009,1,1,ok
2786,2786,7761796,E,0,7759010,2,1,ok
2786,2786,7767368,E,5572,7764582,2,1,ok
2787,2787,7767370,E,1,7764583,0,1,ok
2787,2787,7772942,E,5573,7770155,0,1,ok
2788,2788,7772944,E,0,7770156,1,1,ok
2788,2788,7778520,E,5576,7775732,1,1,ok
2789,2789,7778522,E,1,7775733,2,1,ok
2789,2789,7784098,E,5577,7781309,2,1,ok
2790,2790,7784100,E,0,7781310,0,1,ok
2790,2790,7789680,E,5580,7786890,0,1,ok
2791,2791,7789682,E,1,7786891,1,1,ok
2791,2791,7795262,E,5581,7792471,1,1,ok
2792,2792,7795264,E,0,7792472,2,1,ok
2792,2792,7800848,E,5584,7798056,2,1,ok
2793,2793,7800850,E,1,7798057,0,1,ok
2793,2793,7806434,E,5585,7803641,0,1,ok
2794,2794,7806436,E,0,7803642,1,1,ok
2794,2794,7812024,E,5588,7809230,1,1,ok
2795,2795,7812026,E,1,7809231,2,1,ok
2795,2795,7817614,E,5589,7814819,2,1,ok
2796,2796,7817616,E,0,7814820,0,1,ok
2796,2796,7823208,E,5592,7820412,0,1,ok
2797,2797,7823210,E,1,7820413,1,1,ok
2797,2797,7828802,E,5593,7826005,1,1,ok
2798,2798,7828804,E,0,7826006,2,1,ok
2798,2798,7834400,E,5596,7831602,2,1,ok
2799,2799,7834402,E,1,7831603,0,1,ok
2799,2799,7839998,E,5597,7837199,0,1,ok
2800,2800,7840000,E,0,7837200,1,1,ok
2800,2800,7845600,E,5600,7842800,1,1,ok
2801,2801,7845602,E,1,7842801,2,1,ok
2801,2801,7851202,E,5601,7848401,2,1,ok
2802,2802,7851204,E,0,7848402,0,1,ok
2802,2802,7856808,E,5604,7854006,0,1,ok
2803,2803,7856810,E,1,7854007,1,1,ok
2803,2803,7862414,E,5605,7859611,1,1,ok
2804,2804,7862416,E,0,7859612,2,1,ok
2804,2804,7868024,E,5608,7865220,2,1,ok
2805,2805,7868026,E,1,7865221,0,1,ok
2805,2805,7873634,E,5609,7870829,0,1,ok
2806,2806,7873636,E,0,7870830,1,1,ok
2806,2806,7879248,E,5612,7876442,1,1,ok
2807,2807,7879250,E,1,7876443,2,1,ok
2807,2807,7884862,E,5613,7882055,2,1,ok
2807,2807,199,O,,-2608,2,1,ok
2808,2808,7884864,E,0,7882056,0,1,ok
2808,2808,7890480,E,5616,7887672,0,1,ok
2809,2809,7890482,E,1,7887673,1,1,ok
2809,2809,7896098,E,5617,7893289,1,1,ok
2810,2810,7896100,E,0,7893290,2,1,ok
2810,2810,7901720,E,5620,7898910,2,1,ok
2811,2811,7901722,E,1,7898911,0,1,ok
2811,2811,7907342,E,5621,7904531,0,1,ok
2812,2812,7907344,E,0,7904532,1,1,ok
2812,2812,7912968,E,5624,7910156,1,1,ok
2813,2813,7912970,E,1,7910157,2,1,ok
2813,2813,7918594,E,5625,7915781,2,1,ok
2814,2814,7918596,E,0,7915782,0,1,ok
2814,2814,7924224,E,5628,7921410,0,1,ok
2815,2815,7924226,E,1,7921411,1,1,ok
2815,2815,7929854,E,5629,7927039,1,1,ok
2816,2816,7929856,E,0,7927040,2,1,ok
2816,2816,7935488,E,5632,7932672,2,1,ok
2817,2817,7935490,E,1,7932673,0,1,ok
2817,2817,7941122,E,5633,7938305,0,1,ok
2818,2818,7941124,E,0,7938306,1,1,ok
2818,2818,7946760,E,5636,7943942,1,1,ok
2819,2819,7946762,E,1,7943943,2,1,ok
2819,2819,7952398,E,5637,7949579,2,1,ok
2820,2820,7952400,E,0,7949580,0,1,ok
2820,2820,7958040,E,5640,7955220,0,1,ok
2821,2821,7958042,E,1,7955221,1,1,ok
2821,2821,7963682,E,5641,7960861,1,1,ok
2822,2822,7963684,E,0,7960862,2,1,ok
2822,2822,7969328,E,5644,7966506,2,1,ok
2823,2823,7969330,E,1,7966507,0,1,ok
2823,2823,7974974,E,5645,7972151,0,1,ok
2824,2824,7974976,E,0,7972152,1,1,ok
2824,2824,7980624,E,5648,7977800,1,1,ok
2825,2825,7980626,E,1,7977801,2,1,ok
2825,2825,7986274,E,5649,7983449,2,1,ok
2826,2826,7986276,E,0,7983450,0,1,ok
2826,2826,7991928,E,5652,7989102,0,1,ok
2827,2827,7991930,E,1,7989103,1,1,ok
2827,2827,7997582,E,5653,7994755,1,1,ok
2828,2828,7997584,E,0,7994756,2,1,ok
2828,2828,8003240,E,5656,8000412,2,1,ok
2829,2829,8003242,E,1,8000413,0,1,ok
2829,2829,8008898,E,5657,8006069,0,1,ok
2830,2830,8008900,E,0,8006070,1,1,ok
2830,2830,8014560,E,5660,8011730,1,1,ok
2831,2831,8014562,E,1,8011731,2,1,ok
2831,2831,8020222,E,5661,8017391,2,1,ok
2832,2832,8020224,E,0,8017392,0,1,ok
2832,2832,8025888,E,5664,8023056,0,1,ok
2833,2833,8025890,E,1,8023057,1,1,ok
2833,2833,8031554,E,5665,8028721,1,1,ok
2834,2834,8031556,E,0,8028722,2,1,ok
2834,2834,8037224,E,5668,8034390,2,1,ok
2835,2835,8037226,E,1,8034391,0,1,ok
2835,2835,8042894,E,5669,8040059,0,1,ok
2836,2836,8042896,E,0,8040060,1,1,ok
2836,2836,8048568,E,5672,8045732,1,1,ok
2837,2837,8048570,E,1,8045733,2,1,ok
2837,2837,8054242,E,5673,8051405,2,1,ok
2838,2838,8054244,E,0,8051406,0,1,ok
2838,2838,8059920,E,5676,8057082,0,1,ok
2839,2839,8059922,E,1,8057083,1,1,ok
2839,2839,8065598,E,5677,8062759,1,1,ok
2840,2840,8065600,E,0,8062760,2,1,ok
2840,2840,8071280,E,5680,8068440,2,1,ok
2841,2841,8071282,E,1,8068441,0,1,ok
2841,2841,8076962,E,5681,8074121,0,1,ok
2842,2842,8076964,E,0,8074122,1,1,ok
2842,2842,8082648,E,5684,8079806,1,1,ok
2843,2843,8082650,E,1,8079807,2,1,ok
2843,2843,8088334,E,5685,8085491,2,1,ok
2844,2844,8088336,E,0,8085492,0,1,ok
2844,2844,8094024,E,5688,8091180,0,1,ok
2845,2845,8094026,E,1,8091181,1,1,ok
2845,2845,8099714,E,5689,8096869,1,1,ok
2846,2846,8099716,E,0,8096870,2,1,ok
2846,2846,8105408,E,5692,8102562,2,1,ok
2847,2847,8105410,E,1,8102563,0,1,ok
2847,2847,8111102,E,5693,8108255,0,1,ok
2848,2848,8111104,E,0,8108256,1,1,ok
2848,2848,8116800,E,5696,8113952,1,1,ok
2849,2849,8116802,E,1,8113953,2,1,ok
2849,2849,8122498,E,5697,8119649,2,1,ok
2849,2849,201,O,,-2648,2,1,ok
2850,2850,8122500,E,0,8119650,0,1,ok
2850,2850,8128200,E,5700,8125350,0,1,ok
2851,2851,8128202,E,1,8125351,1,1,ok
2851,2851,8133902,E,5701,8131051,1,1,ok
2852,2852,8133904,E,0,8131052,2,1,ok
2852,2852,8139608,E,5704,8136756,2,1,ok
2853,2853,8139610,E,1,8136757,0,1,ok
2853,2853,8145314,E,5705,8142461,0,1,ok
2854,2854,8145316,E,0,8142462,1,1,ok
2854,2854,8151024,E,5708,8148170,1,1,ok
2855,2855,8151026,E,1,8148171,2,1,ok
2855,2855,8156734,E,5709,8153879,2,1,ok
2856,2856,8156736,E,0,8153880,0,1,ok
2856,2856,8162448,E,5712,8159592,0,1,ok
2857,2857,8162450,E,1,8159593,1,1,ok
2857,2857,8168162,E,5713,8165305,1,1,ok
2858,2858,8168164,E,0,8165306,2,1,ok
2858,2858,8173880,E,5716,8171022,2,1,ok
2859,2859,8173882,E,1,8171023,0,1,ok
2859,2859,8179598,E,5717,8176739,0,1,ok
2860,2860,8179600,E,0,8176740,1,1,ok
2860,2860,8185320,E,5720,8182460,1,1,ok
2861,2861,8185322,E,1,8182461,2,1,ok
2861,2861,8191042,E,5721,8188181,2,1,ok
2862,2862,8191044,E,0,8188182,0,1,ok
2862,2862,8196768,E,5724,8193906,0,1,ok
2863,2863,8196770,E,1,8193907,1,1,ok
2863,2863,8202494,E,5725,8199631,1,1,ok
2864,2864,8202496,E,0,8199632,2,1,ok
2864,2864,8208224,E,5728,8205360,2,1,ok
2865,2865,8208226,E,1,8205361,0,1,ok
2865,2865,8213954,E,5729,8211089,0,1,ok
2866,2866,8213956,E,0,8211090,1,1,ok
2866,2866,8219688,E,5732,8216822,1,1,ok
2867,2867,8219690,E,1,8216823,2,1,ok
2867,2867,8225422,E,5733,8222555,2,1,ok
2868,2868,8225424,E,0,8222556,0,1,ok
2868,2868,8231160,E,5736,8228292,0,1,ok
2869,2869,8231162,E,1,8228293,1,1,ok
2869,2869,8236898,E,5737,8234029,1,1,ok
2870,2870,8236900,E,0,8234030,2,1,ok
2870,2870,8242640,E,5740,8239770,2,1,ok
2871,2871,8242642,E,1,8239771,0,1,ok
2871,2871,8248382,E,5741,8245511,0,1,ok
2872,2872,8248384,E,0,8245512,1,1,ok
2872,2872,8254128,E,5744,8251256,1,1,ok
2873,2873,8254130,E,1,8251257,2,1,ok
2873,2873,8259874,E,5745,8257001,2,1,ok
2874,2874,8259876,E,0,8257002,0,1,ok
2874,2874,8265624,E,5748,8262750,0,1,ok
2875,2875,8265626,E,1,8262751,1,1,ok
2875,2875,8271374,E,5749,8268499,1,1,ok
2876,2876,8271376,E,0,8268500,2,1,ok
2876,2876,8277128,E,5752,8274252,2,1,ok
2877,2877,8277130,E,1,8274253,0,1,ok
2877,2877,8282882,E,5753,8280005,0,1,ok
2878,2878,8282884,E,0,8280006,1,1,ok
2878,2878,8288640,E,5756,8285762,1,1,ok
2879,2879,8288642,E,1,8285763,2,1,ok
2879,2879,8294398,E,5757,8291519,2,1,ok
2880,2880,8294400,E,0,8291520,0,1,ok
2880,2880,8300160,E,5760,8297280,0,1,ok
2881,2881,8300162,E,1,8297281,1,1,ok
2881,2881,8305922,E,5761,8303041,1,1,ok
2882,2882,8305924,E,0,8303042,2,1,ok
2882,2882,8311688,E,5764,8308806,2,1,ok
2883,2883,8311690,E,1,8308807,0,1,ok
2883,2883,8317454,E,5765,8314571,0,1,ok
2884,2884,8317456,E,0,8314572,1,1,ok
2884,2884,8323224,E,5768,8320340,1,1,ok
2885,2885,8323226,E,1,8320341,2,1,ok
2885,2885,8328994,E,5769,8326109,2,1,ok
2886,2886,8328996,E,0,8326110,0,1,ok
2886,2886,8334768,E,5772,8331882,0,1,ok
2887,2887,8334770,E,1,8331883,1,1,ok
2887,2887,8340542,E,5773,8337655,1,1,ok
2888,2888,8340544,E,0,8337656,2,1,ok
2888,2888,8346320,E,5776,8343432,2,1,ok
2889,2889,8346322,E,1,8343433,0,1,ok
2889,2889,8352098,E,5777,8349209,0,1,ok
2890,2890,8352100,E,0,8349210,1,1,ok
2890,2890,8357880,E,5780,8354990,1,1,ok
2891,2891,8357882,E,1,8354991,2,1,ok
2891,2891,8363662,E,5781,8360771,2,1,ok
2892,2892,8363664,E,0,8360772,0,1,ok
2892,2892,8369448,E,5784,8366556,0,1,ok
2892,2892,203,O,,-2689,0,1,ok
2893,2893,8369450,E,1,8366557,1,1,ok
2893,2893,8375234,E,5785,8372341,1,1,ok
2894,2894,8375236,E,0,8372342,2,1,ok
2894,2894,8381024,E,5788,8378130,2,1,ok
2895,2895,8381026,E,1,8378131,0,1,ok
2895,2895,8386814,E,5789,8383919,0,1,ok
2896,2896,8386816,E,0,8383920,1,1,ok
2896,2896,8392608,E,5792,8389712,1,1,ok
2897,2897,8392610,E,1,8389713,2,1,ok
2897,2897,8398402,E,5793,8395505,2,1,ok
2898,2898,8398404,E,0,8395506,0,1,ok
2898,2898,8404200,E,5796,8401302,0,1,ok
2899,2899,8404202,E,1,8401303,1,1,ok
2899,2899,8409998,E,5797,8407099,1,1,ok
2900,2900,8410000,E,0,8407100,2,1,ok
2900,2900,8415800,E,5800,8412900,2,1,ok
2901,2901,8415802,E,1,8412901,0,1,ok
2901,2901,8421602,E,5801,8418701,0,1,ok
2902,2902,8421604,E,0,8418702,1,1,ok
2902,2902,8427408,E,5804,8424506,1,1,ok
2903,2903,8427410,E,1,8424507,2,1,ok
2903,2903,8433214,E,5805,8430311,2,1,ok
2904,2904,8433216,E,0,8430312,0,1,ok
2904,2904,8439024,E,5808,8436120,0,1,ok
2905,2905,8439026,E,1,8436121,1,1,ok
2905,2905,8444834,E,5809,8441929,1,1,ok
2906,2906,8444836,E,0,8441930,2,1,ok
2906,2906,8450648,E,5812,8447742,2,1,ok
2907,2907,8450650,E,1,8447743,0,1,ok
2907,2907,8456462,E,5813,8453555,0,1,ok
2908,2908,8456464,E,0,8453556,1,1,ok
2908,2908,8462280,E,5816,8459372,1,1,ok
2909,2909,8462282,E,1,8459373,2,1,ok
2909,2909,8468098,E,5817,8465189,2,1,ok
2910,2910,8468100,E,0,8465190,0,1,ok
2910,2910,8473920,E,5820,8471010,0,1,ok
2911,2911,8473922,E,1,8471011,1,1,ok
2911,2911,8479742,E,5821,8476831,1,1,ok
2912,2912,8479744,E,0,8476832,2,1,ok
2912,2912,8485568,E,5824,8482656,2,1,ok
2913,2913,8485570,E,1,8482657,0,1,ok
2913,2913,8491394,E,5825,8488481,0,1,ok
2914,2914,8491396,E,0,8488482,1,1,ok
2914,2914,8497224,E,5828,8494310,1,1,ok
2915,2915,8497226,E,1,8494311,2,1,ok
2915,2915,8503054,E,5829,8500139,2,1,ok
2916,2916,8503056,E,0,8500140,0,1,ok
2916,2916,8508888,E,5832,8505972,0,1,ok
2917,2917,8508890,E,1,8505973,1,1,ok
2917,2917,8514722,E,5833,8511805,1,1,ok
2918,2918,8514724,E,0,8511806,2,1,ok
2918,2918,8520560,E,5836,8517642,2,1,ok
2919,2919,8520562,E,1,8517643,0,1,ok
2919,2919,8526398,E,5837,8523479,0,1,ok
2920,2920,8526400,E,0,8523480,1,1,ok
2920,2920,8532240,E,5840,8529320,1,1,ok
2921,2921,8532242,E,1,8529321,2,1,ok
2921,2921,8538082,E,5841,8535161,2,1,ok
2922,2922,8538084,E,0,8535162,0,1,ok
2922,2922,8543928,E,5844,8541006,0,1,ok
2923,2923,8543930,E,1,8541007,1,1,ok
2923,2923,8549774,E,5845,8546851,1,1,ok
2924,2924,8549776,E,0,8546852,2,1,ok
2924,2924,8555624,E,5848,8552700,2,1,ok
2925,2925,8555626,E,1,8552701,0,1,ok
2925,2925,8561474,E,5849,8558549,0,1,ok
2926,2926,8561476,E,0,8558550,1,1,ok
2926,2926,8567328,E,5852,8564402,1,1,ok
2927,2927,8567330,E,1,8564403,2,1,ok
2927,2927,8573182,E,5853,8570255,2,1,ok
2928,2928,8573184,E,0,8570256,0,1,ok
2928,2928,8579040,E,5856,8576112,0,1,ok
2929,2929,8579042,E,1,8576113,1,1,ok
2929,2929,8584898,E,5857,8581969,1,1,ok
2930,2930,8584900,E,0,8581970,2,1,ok
2930,2930,8590760,E,5860,8587830,2,1,ok
2931,2931,8590762,E,1,8587831,0,1,ok
2931,2931,8596622,E,5861,8593691,0,1,ok
2932,2932,8596624,E,0,8593692,1,1,ok
2932,2932,8602488,E,5864,8599556,1,1,ok
2933,2933,8602490,E,1,8599557,2,1,ok
2933,2933,8608354,E,5865,8605421,2,1,ok
2934,2934,8608356,E,0,8605422,0,1,ok
2934,2934,8614224,E,5868,8611290,0,1,ok
2935,2935,8614226,E,1,8611291,1,1,ok
2935,2935,8620094,E,5869,8617159,1,1,ok
2935,2935,205,O,,-2730,1,1,ok
2936,2936,8620096,E,0,8617160,2,1,ok
2936,2936,8625968,E,5872,8623032,2,1,ok
2937,2937,8625970,E,1,8623033,0,1,ok
2937,2937,8631842,E,5873,8628905,0,1,ok
2938,2938,8631844,E,0,8628906,1,1,ok
2938,2938,8637720,E,5876,8634782,1,1,ok
2939,2939,8637722,E,1,8634783,2,1,ok
2939,2939,8643598,E,5877,8640659,2,1,ok
2940,2940,8643600,E,0,8640660,0,1,ok
2940,2940,8649480,E,5880,8646540,0,1,ok
2941,2941,8649482,E,1,8646541,1,1,ok
2941,2941,8655362,E,5881,8652421,1,1,ok
2942,2942,8655364,E,0,8652422,2,1,ok
2942,2942,8661248,E,5884,8658306,2,1,ok
2943,2943,8661250,E,1,8658307,0,1,ok
2943,2943,8667134,E,5885,8664191,0,1,ok
2944,2944,8667136,E,0,8664192,1,1,ok
2944,2944,8673024,E,5888,8670080,1,1,ok
2945,2945,8673026,E,1,8670081,2,1,ok
2945,2945,8678914,E,5889,8675969,2,1,ok
2946,2946,8678916,E,0,8675970,0,1,ok
2946,2946,8684808,E,5892,8681862,0,1,ok
2947,2947,8684810,E,1,8681863,1,1,ok
2947,2947,8690702,E,5893,8687755,1,1,ok
2948,2948,8690704,E,0,8687756,2,1,ok
2948,2948,8696600,E,5896,8693652,2,1,ok
2949,2949,8696602,E,1,8693653,0,1,ok
2949,2949,8702498,E,5897,8699549,0,1,ok
2950,2950,8702500,E,0,8699550,1,1,ok
2950,2950,8708400,E,5900,8705450,1,1,ok
2951,2951,8708402,E,1,8705451,2,1,ok
2951,2951,8714302,E,5901,8711351,2,1,ok
2952,2952,8714304,E,0,8711352,0,1,ok
2952,2952,8720208,E,5904,8717256,0,1,ok
2953,2953,8720210,E,1,8717257,1,1,ok
2953,2953,8726114,E,5905,8723161,1,1,ok
2954,2954,8726116,E,0,8723162,2,1,ok
2954,2954,8732024,E,5908,8729070,2,1,ok
2955,2955,8732026,E,1,8729071,0,1,ok
2955,2955,8737934,E,5909,8734979,0,1,ok
2956,2956,8737936,E,0,8734980,1,1,ok
2956,2956,8743848,E,5912,8740892,1,1,ok
2957,2957,8743850,E,1,8740893,2,1,ok
2957,2957,8749762,E,5913,8746805,2,1,ok
2958,2958,8749764,E,0,8746806,0,1,ok
2958,2958,8755680,E,5916,8752722,0,1,ok
2959,2959,8755682,E,1,8752723,1,1,ok
2959,2959,8761598,E,5917,8758639,1,1,ok
2960,2960,8761600,E,0,8758640,2,1,ok
2960,2960,8767520,E,5920,8764560,2,1,ok
2961,2961,8767522,E,1,8764561,0,1,ok
2961,2961,8773442,E,5921,8770481,0,1,ok
2962,2962,8773444,E,0,8770482,1,1,ok
2962,2962,8779368,E,5924,8776406,1,1,ok
2963,2963,8779370,E,1,8776407,2,1,ok
2963,2963,8785294,E,5925,8782331,2,1,ok
2964,2964,8785296,E,0,8782332,0,1,ok
2964,2964,8791224,E,5928,8788260,0,1,ok
2965,2965,8791226,E,1,8788261,1,1,ok
2965,2965,8797154,E,5929,8794189,1,1,ok
2966,2966,8797156,E,0,8794190,2,1,ok
2966,2966,8803088,E,5932,8800122,2,1,ok
2967,2967,8803090,E,1,8800123,0,1,ok
2967,2967,8809022,E,5933,8806055,0,1,ok
2968,2968,8809024,E,0,8806056,1,1,ok
2968,2968,8814960,E,5936,8811992,1,1,ok
2969,2969,8814962,E,1,8811993,2,1,ok
2969,2969,8820898,E,5937,8817929,2,1,ok
2970,2970,8820900,E,0,8817930,0,1,ok
2970,2970,8826840,E,5940,8823870,0,1,ok
2971,2971,8826842,E,1,8823871,1,1,ok
2971,2971,8832782,E,5941,8829811,1,1,ok
2972,2972,8832784,E,0,8829812,2,1,ok
2972,2972,8838728,E,5944,8835756,2,1,ok
2973,2973,8838730,E,1,8835757,0,1,ok
2973,2973,8844674,E,5945,8841701,0,1,ok
2974,2974,8844676,E,0,8841702,1,1,ok
2974,2974,8850624,E,5948,8847650,1,1,ok
2975,2975,8850626,E,1,8847651,2,1,ok
2975,2975,8856574,E,5949,8853599,2,1,ok
2976,2976,8856576,E,0,8853600,0,1,ok
2976,2976,8862528,E,5952,8859552,0,1,ok
2977,2977,8862530,E,1,8859553,1,1,ok
2977,2977,8868482,E,5953,8865505,1,1,ok
2978,2978,8868484,E,0,8865506,2,1,ok
2978,2978,8874440,E,5956,8871462,2,1,ok
2978,2978,207,O,,-2771,2,1,ok
2979,2979,8874442,E,1,8871463,0,1,ok
2979,2979,8880398,E,5957,8877419,0,1,ok
2980,2980,8880400,E,0,8877420,1,1,ok
2980,2980,8886360,E,5960,8883380,1,1,ok
2981,2981,8886362,E,1,8883381,2,1,ok
2981,2981,8892322,E,5961,8889341,2,1,ok
2982,2982,8892324,E,0,8889342,0,1,ok
2982,2982,8898288,E,5964,8895306,0,1,ok
2983,2983,8898290,E,1,8895307,1,1,ok
2983,2983,8904254,E,5965,8901271,1,1,ok
2984,2984,8904256,E,0,8901272,2,1,ok
2984,2984,8910224,E,5968,8907240,2,1,ok
2985,2985,8910226,E,1,8907241,0,1,ok
2985,2985,8916194,E,5969,8913209,0,1,ok
2986,2986,8916196,E,0,8913210,1,1,ok
2986,2986,8922168,E,5972,8919182,1,1,ok
2987,2987,8922170,E,1,8919183,2,1,ok
2987,2987,8928142,E,5973,8925155,2,1,ok
2988,2988,8928144,E,0,8925156,0,1,ok
2988,2988,8934120,E,5976,8931132,0,1,ok
2989,2989,8934122,E,1,8931133,1,1,ok
2989,2989,8940098,E,5977,8937109,1,1,ok
2990,2990,8940100,E,0,8937110,2,1,ok
2990,2990,8946080,E,5980,8943090,2,1,ok
2991,2991,8946082,E,1,8943091,0,1,ok
2991,2991,8952062,E,5981,8949071,0,1,ok
2992,2992,8952064,E,0,8949072,1,1,ok
2992,2992,8958048,E,5984,8955056,1,1,ok
2993,2993,8958050,E,1,8955057,2,1,ok
2993,2993,8964034,E,5985,8961041,2,1,ok
2994,2994,8964036,E,0,8961042,0,1,ok
2994,2994,8970024,E,5988,8967030,0,1,ok
2995,2995,8970026,E,1,8967031,1,1,ok
2995,2995,8976014,E,5989,8973019,1,1,ok
2996,2996,8976016,E,0,8973020,2,1,ok
2996,2996,8982008,E,5992,8979012,2,1,ok
2997,2997,8982010,E,1,8979013,0,1,ok
2997,2997,8988002,E,5993,8985005,0,1,ok
2998,2998,8988004,E,0,8985006,1,1,ok
2998,2998,8994000,E,5996,8991002,1,1,ok
2999,2999,8994002,E,1,8991003,2,1,ok
2999,2999,8999998,E,5997,8996999,2,1,ok
3000,3000,9000000,E,0,8997000,0,1,ok
3000,3000,9006000,E,6000,9003000,0,1,ok
3001,3001,9006002,E,1,9003001,1,1,ok
3001,3001,9012002,E,6001,9009001,1,1,ok
3002,3002,9012004,E,0,9009002,2,1,ok
3002,3002,9018008,E,6004,9015006,2,1,ok
3003,3003,9018010,E,1,9015007,0,1,ok
3003,3003,9024014,E,6005,9021011,0,1,ok
3004,3004,9024016,E,0,9021012,1,1,ok
3004,3004,9030024,E,6008,9027020,1,1,ok
3005,3005,9030026,E,1,9027021,2,1,ok
3005,3005,9036034,E,6009,9033029,2,1,ok
3006,3006,9036036,E,0,9033030,0,1,ok
3006,3006,9042048,E,6012,9039042,0,1,ok
3007,3007,9042050,E,1,9039043,1,1,ok
3007,3007,9048062,E,6013,9045055,1,1,ok
3008,3008,9048064,E,0,9045056,2,1,ok
3008,3008,9054080,E,6016,9051072,2,1,ok
3009,3009,9054082,E,1,9051073,0,1,ok
3009,3009,9060098,E,6017,9057089,0,1,ok
3010,3010,9060100,E,0,9057090,1,1,ok
3010,3010,9066120,E,6020,9063110,1,1,ok
3011,3011,9066122,E,1,9063111,2,1,ok
3011,3011,9072142,E,6021,9069131,2,1,ok
3012,3012,9072144,E,0,9069132,0,1,ok
3012,3012,9078168,E,6024,9075156,0,1,ok
3013,3013,9078170,E,1,9075157,1,1,ok
3013,3013,9084194,E,6025,9081181,1,1,ok
3014,3014,9084196,E,0,9081182,2,1,ok
3014,3014,9090224,E,6028,9087210,2,1,ok
3015,3015,9090226,E,1,9087211,0,1,ok
3015,3015,9096254,E,6029,9093239,0,1,ok
3016,3016,9096256,E,0,9093240,1,1,ok
3016,3016,9102288,E,6032,9099272,1,1,ok
3017,3017,9102290,E,1,9099273,2,1,ok
3017,3017,9108322,E,6033,9105305,2,1,ok
3018,3018,9108324,E,0,9105306,0,1,ok
3018,3018,9114360,E,6036,9111342,0,1,ok
3019,3019,9114362,E,1,9111343,1,1,ok
3019,3019,9120398,E,6037,9117379,1,1,ok
3020,3020,9120400,E,0,9117380,2,1,ok
3020,3020,9126440,E,6040,9123420,2,1,ok
3021,3021,9126442,E,1,9123421,0,1,ok
3021,3021,9132482,E,6041,9129461,0,1,ok
3021,3021,209,O,,-2812,0,1,ok
3022,3022,9132484,E,0,9129462,1,1,ok
3022,3022,9138528,E,6044,9135506,1,1,ok
3023,3023,9138530,E,1,9135507,2,1,ok
3023,3023,9144574,E,6045,9141551,2,1,ok
3024,3024,9144576,E,0,9141552,0,1,ok
3024,3024,9150624,E,6048,9147600,0,1,ok
3025,3025,9150626,E,1,9147601,1,1,ok
3025,3025,9156674,E,6049,9153649,1,1,ok
3026,3026,9156676,E,0,9153650,2,1,ok
3026,3026,9162728,E,6052,9159702,2,1,ok
3027,3027,9162730,E,1,9159703,0,1,ok
3027,3027,9168782,E,6053,9165755,0,1,ok
3028,3028,9168784,E,0,9165756,1,1,ok
3028,3028,9174840,E,6056,9171812,1,1,ok
3029,3029,9174842,E,1,9171813,2,1,ok
3029,3029,9180898,E,6057,9177869,2,1,ok
3030,3030,9180900,E,0,9177870,0,1,ok
3030,3030,9186960,E,6060,9183930,0,1,ok
3031,3031,9186962,E,1,9183931,1,1,ok
3031,3031,9193022,E,6061,9189991,1,1,ok
3032,3032,9193024,E,0,9189992,2,1,ok
3032,3032,9199088,E,6064,9196056,2,1,ok
3033,3033,9199090,E,1,9196057,0,1,ok
3033,3033,9205154,E,6065,9202121,0,1,ok
3034,3034,9205156,E,0,9202122,1,1,ok
3034,3034,9211224,E,6068,9208190,1,1,ok
3035,3035,9211226,E,1,9208191,2,1,ok
3035,3035,9217294,E,6069,9214259,2,1,ok
3036,3036,9217296,E,0,9214260,0,1,ok
3036,3036,9223368,E,6072,9220332,0,1,ok
3037,3037,9223370,E,1,9220333,1,1,ok
3037,3037,9229442,E,6073,9226405,1,1,ok
3038,3038,9229444,E,0,9226406,2,1,ok
3038,3038,9235520,E,6076,9232482,2,1,ok
3039,3039,9235522,E,1,9232483,0,1,ok
3039,3039,9241598,E,6077,9238559,0,1,ok
3040,3040,9241600,E,0,9238560,1,1,ok
3040,3040,9247680,E,6080,9244640,1,1,ok
3041,3041,9247682,E,1,9244641,2,1,ok
3041,3041,9253762,E,6081,9250721,2,1,ok
3042,3042,9253764,E,0,9250722,0,1,ok
3042,3042,9259848,E,6084,9256806,0,1,ok
3043,3043,9259850,E,1,9256807,1,1,ok
3043,3043,9265934,E,6085,9262891,1,1,ok
3044,3044,9265936,E,0,9262892,2,1,ok
3044,3044,9272024,E,6088,9268980,2,1,ok
3045,3045,9272026,E,1,9268981,0,1,ok
3045,3045,9278114,E,6089,9275069,0,1,ok
3046,3046,9278116,E,0,9275070,1,1,ok
3046,3046,9284208,E,6092,9281162,1,1,ok
3047,3047,9284210,E,1,9281163,2,1,ok
3047,3047,9290302,E,6093,9287255,2,1,ok
3048,3048,9290304,E,0,9287256,0,1,ok
3048,3048,9296400,E,6096,9293352,0,1,ok
3049,3049,9296402,E,1,9293353,1,1,ok
3049,3049,9302498,E,6097,9299449,1,1,ok
3050,3050,9302500,E,0,9299450,2,1,ok
3050,3050,9308600,E,6100,9305550,2,1,ok
3051,3051,9308602,E,1,9305551,0,1,ok
3051,3051,9314702,E,6101,9311651,0,1,ok
3052,3052,9314704,E,0,9311652,1,1,ok
3052,3052,9320808,E,6104,9317756,1,1,ok
3053,3053,9320810,E,1,9317757,2,1,ok
3053,3053,9326914,E,6105,9323861,2,1,ok
3054,3054,9326916,E,0,9323862,0,1,ok
3054,3054,9333024,E,6108,9329970,0,1,ok
3055,3055,9333026,E,1,9329971,1,1,ok
3055,3055,9339134,E,6109,9336079,1,1,ok
3056,3056,9339136,E,0,9336080,2,1,ok
3056,3056,9345248,E,6112,9342192,2,1,ok
3057,3057,9345250,E,1,9342193,0,1,ok
3057,3057,9351362,E,6113,9348305,0,1,ok
3058,3058,9351364,E,0,9348306,1,1,ok
3058,3058,9357480,E,6116,9354422,1,1,ok
3059,3059,9357482,E,1,9354423,2,1,ok
3059,3059,9363598,E,6117,9360539,2,1,ok
3060,3060,9363600,E,0,9360540,0,1,ok
3060,3060,9369720,E,6120,9366660,0,1,ok
3061,3061,9369722,E,1,9366661,1,1,ok
3061,3061,9375842,E,6121,9372781,1,1,ok
3062,3062,9375844,E,0,9372782,2,1,ok
3062,3062,9381968,E,6124,9378906,2,1,ok
3063,3063,9381970,E,1,9378907,0,1,ok
3063,3063,9388094,E,6125,9385031,0,1,ok
3064,3064,9388096,E,0,9385032,1,1,ok
3064,3064,9394224,E,6128,9391160,1,1,ok
3064,3064,211,O,,-2853,1,1,ok
3065,3065,9394226,E,1,9391161,2,1,ok
3065,3065,9400354,E,6129,9397289,2,1,ok
3066,3066,9400356,E,0,9397290,0,1,ok
3066,3066,9406488,E,6132,9403422,0,1,ok
3067,3067,9406490,E,1,9403423,1,1,ok
3067,3067,9412622,E,6133,9409555,1,1,ok
3068,3068,9412624,E,0,9409556,2,1,ok
3068,3068,9418760,E,6136,9415692,2,1,ok
3069,3069,9418762,E,1,9415693,0,1,ok
3069,3069,9424898,E,6137,9421829,0,1,ok
3070,3070,9424900,E,0,9421830,1,1,ok
3070,3070,9431040,E,6140,9427970,1,1,ok
3071,3071,9431042,E,1,9427971,2,1,ok
3071,3071,9437182,E,6141,9434111,2,1,ok
3072,3072,9437184,E,0,9434112,0,1,ok
3072,3072,9443328,E,6144,9440256,0,1,ok
3073,3073,9443330,E,1,9440257,1,1,ok
3073,3073,9449474,E,6145,9446401,1,1,ok
3074,3074,9449476,E,0,9446402,2,1,ok
3074,3074,9455624,E,6148,9452550,2,1,ok
3075,3075,9455626,E,1,9452551,0,1,ok
3075,3075,9461774,E,6149,9458699,0,1,ok
3076,3076,9461776,E,0,9458700,1,1,ok
3076,3076,9467928,E,6152,9464852,1,1,ok
3077,3077,9467930,E,1,9464853,2,1,ok
3077,3077,9474082,E,6153,9471005,2,1,ok
3078,3078,9474084,E,0,9471006,0,1,ok
3078,3078,9480240,E,6156,9477162,0,1,ok
3079,3079,9480242,E,1,9477163,1,1,ok
3079,3079,9486398,E,6157,9483319,1,1,ok
3080,3080,9486400,E,0,9483320,2,1,ok
3080,3080,9492560,E,6160,9489480,2,1,ok
3081,3081,9492562,E,1,9489481,0,1,ok
3081,3081,9498722,E,6161,9495641,0,1,ok
3082,3082,9498724,E,0,9495642,1,1,ok
3082,3082,9504888,E,6164,9501806,1,1,ok
3083,3083,9504890,E,1,9501807,2,1,ok
3083,3083,9511054,E,6165,9507971,2,1,ok
3084,3084,9511056,E,0,9507972,0,1,ok
3084,3084,9517224,E,6168,9514140,0,1,ok
3085,3085,9517226,E,1,9514141,1,1,ok
3085,3085,9523394,E,6169,9520309,1,1,ok
3086,3086,9523396,E,0,9520310,2,1,ok
3086,3086,9529568,E,6172,9526482,2,1,ok
3087,3087,9529570,E,1,9526483,0,1,ok
3087,3087,9535742,E,6173,9532655,0,1,ok
3088,3088,9535744,E,0,9532656,1,1,ok
3088,3088,9541920,E,6176,9538832,1,1,ok
3089,3089,9541922,E,1,9538833,2,1,ok
3089,3089,9548098,E,6177,9545009,2,1,ok
3090,3090,9548100,E,0,9545010,0,1,ok
3090,3090,9554280,E,6180,9551190,0,1,ok
3091,3091,9554282,E,1,9551191,1,1,ok
3091,3091,9560462,E,6181,9557371,1,1,ok
3092,3092,9560464,E,0,9557372,2,1,ok
3092,3092,9566648,E,6184,9563556,2,1,ok
3093,3093,9566650,E,1,9563557,0,1,ok
3093,3093,9572834,E,6185,9569741,0,1,ok
3094,3094,9572836,E,0,9569742,1,1,ok
3094,3094,9579024,E,6188,9575930,1,1,ok
3095,3095,9579026,E,1,9575931,2,1,ok
3095,3095,9585214,E,6189,9582119,2,1,ok
3096,3096,9585216,E,0,9582120,0,1,ok
3096,3096,9591408,E,6192,9588312,0,1,ok
3097,3097,9591410,E,1,9588313,1,1,ok
3097,3097,9597602,E,6193,9594505,1,1,ok
3098,3098,9597604,E,0,9594506,2,1,ok
3098,3098,9603800,E,6196,9600702,2,1,ok
3099,3099,9603802,E,1,9600703,0,1,ok
3099,3099,9609998,E,6197,9606899,0,1,ok
3100,3100,9610000,E,0,9606900,1,1,ok
3100,3100,9616200,E,6200,9613100,1,1,ok
3101,3101,9616202,E,1,9613101,2,1,ok
3101,3101,9622402,E,6201,9619301,2,1,ok
3102,3102,9622404,E,0,9619302,0,1,ok
3102,3102,9628608,E,6204,9625506,0,1,ok
3103,3103,9628610,E,1,9625507,1,1,ok
3103,3103,9634814,E,6205,9631711,1,1,ok
3104,3104,9634816,E,0,9631712,2,1,ok
3104,3104,9641024,E,6208,9637920,2,1,ok
3105,3105,9641026,E,1,9637921,0,1,ok
3105,3105,9647234,E,6209,9644129,0,1,ok
3106,3106,9647236,E,0,9644130,1,1,ok
3106,3106,9653448,E,6212,9650342,1,1,ok
3107,3107,9653450,E,1,9650343,2,1,ok
3107,3107,9659662,E,6213,9656555,2,1,ok
3108,3108,9659664,E,0,9656556,0,1,ok
3108,3108,9665880,E,6216,9662772,0,1,ok
3108,3108,213,O,,-2895,0,1,ok
3109,3109,9665882,E,1,9662773,1,1,ok
3109,3109,9672098,E,6217,9668989,1,1,ok
3110,3110,9672100,E,0,9668990,2,1,ok
3110,3110,9678320,E,6220,9675210,2,1,ok
3111,3111,9678322,E,1,9675211,0,1,ok
3111,3111,9684542,E,6221,9681431,0,1,ok
3112,3112,9684544,E,0,9681432,1,1,ok
3112,3112,9690768,E,6224,9687656,1,1,ok
3113,3113,9690770,E,1,9687657,2,1,ok
3113,3113,9696994,E,6225,9693881,2,1,ok
3114,3114,9696996,E,0,9693882,0,1,ok
3114,3114,9703224,E,6228,9700110,0,1,ok
3115,3115,9703226,E,1,9700111,1,1,ok
3115,3115,9709454,E,6229,9706339,1,1,ok
3116,3116,9709456,E,0,9706340,2,1,ok
3116,3116,9715688,E,6232,9712572,2,1,ok
3117,3117,9715690,E,1,9712573,0,1,ok
3117,3117,9721922,E,6233,9718805,0,1,ok
3118,3118,9721924,E,0,9718806,1,1,ok
3118,3118,9728160,E,6236,9725042,1,1,ok
3119,3119,9728162,E,1,9725043,2,1,ok
3119,3119,9734398,E,6237,9731279,2,1,ok
3120,3120,9734400,E,0,9731280,0,1,ok
3120,3120,9740640,E,6240,9737520,0,1,ok
3121,3121,9740642,E,1,9737521,1,1,ok
3121,3121,9746882,E,6241,9743761,1,1,ok
3122,3122,9746884,E,0,9743762,2,1,ok
3122,3122,9753128,E,6244,9750006,2,1,ok
3123,3123,9753130,E,1,9750007,0,1,ok
3123,3123,9759374,E,6245,9756251,0,1,ok
3124,3124,9759376,E,0,9756252,1,1,ok
3124,3124,9765624,E,6248,9762500,1,1,ok
3125,3125,9765626,E,1,9762501,2,1,ok
3125,3125,9771874,E,6249,9768749,2,1,ok
3126,3126,9771876,E,0,9768750,0,1,ok
3126,3126,9778128,E,6252,9775002,0,1,ok
3127,3127,9778130,E,1,9775003,1,1,ok
3127,3127,9784382,E,6253,9781255,1,1,ok
3128,3128,9784384,E,0,9781256,2,1,ok
3128,3128,9790640,E,6256,9787512,2,1,ok
3129,3129,9790642,E,1,9787513,0,1,ok
3129,3129,9796898,E,6257,9793769,0,1,ok
3130,3130,9796900,E,0,9793770,1,1,ok
3130,3130,9803160,E,6260,9800030,1,1,ok
3131,3131,9803162,E,1,9800031,2,1,ok
3131,3131,9809422,E,6261,9806291,2,1,ok
3132,3132,9809424,E,0,9806292,0,1,ok
3132,3132,9815688,E,6264,9812556,0,1,ok
3133,3133,9815690,E,1,9812557,1,1,ok
3133,3133,9821954,E,6265,9818821,1,1,ok
3134,3134,9821956,E,0,9818822,2,1,ok
3134,3134,9828224,E,6268,9825090,2,1,ok
3135,3135,9828226,E,1,9825091,0,1,ok
3135,3135,9834494,E,6269,9831359,0,1,ok
3136,3136,9834496,E,0,9831360,1,1,ok
3136,3136,9840768,E,6272,9837632,1,1,ok
3137,3137,9840770,E,1,9837633,2,1,ok
3137,3137,9847042,E,6273,9843905,2,1,ok
3138,3138,9847044,E,0,9843906,0,1,ok
3138,3138,9853320,E,6276,9850182,0,1,ok
3139,3139,9853322,E,1,9850183,1,1,ok
3139,3139,9859598,E,6277,9856459,1,1,ok
3140,3140,9859600,E,0,9856460,2,1,ok
3140,3140,9865880,E,6280,9862740,2,1,ok
3141,3141,9865882,E,1,9862741,0,1,ok
3141,3141,9872162,E,6281,9869021,0,1,ok
3142,3142,9872164,E,0,9869022,1,1,ok
3142,3142,9878448,E,6284,9875306,1,1,ok
3143,3143,9878450,E,1,9875307,2,1,ok
3143,3143,9884734,E,6285,9881591,2,1,ok
3144,3144,9884736,E,0,9881592,0,1,ok
3144,3144,9891024,E,6288,9887880,0,1,ok
3145,3145,9891026,E,1,9887881,1,1,ok
3145,3145,9897314,E,6289,9894169,1,1,ok
3146,3146,9897316,E,0,9894170,2,1,ok
3146,3146,9903608,E,6292,9900462,2,1,ok
3147,3147,9903610,E,1,9900463,0,1,ok
3147,3147,9909902,E,6293,9906755,0,1,ok
3148,3148,9909904,E,0,9906756,1,1,ok
3148,3148,9916200,E,6296,9913052,1,1,ok
3149,3149,9916202,E,1,9913053,2,1,ok
3149,3149,9922498,E,6297,9919349,2,1,ok
3150,3150,9922500,E,0,9919350,0,1,ok
3150,3150,9928800,E,6300,9925650,0,1,ok
3151,3151,9928802,E,1,9925651,1,1,ok
3151,3151,9935102,E,6301,9931951,1,1,ok
3152,3152,9935104,E,0,9931952,2,1,ok
3152,3152,9941408,E,6304,9938256,2,1,ok
3152,3152,215,O,,-2937,2,1,ok
3153,3153,9941410,E,1,9938257,0,1,ok
3153,3153,9947714,E,6305,9944561,0,1,ok
3154,3154,9947716,E,0,9944562,1,1,ok
3154,3154,9954024,E,6308,9950870,1,1,ok
3155,3155,9954026,E,1,9950871,2,1,ok
3155,3155,9960334,E,6309,9957179,2,1,ok
3156,3156,9960336,E,0,9957180,0,1,ok
3156,3156,9966648,E,6312,9963492,0,1,ok
3157,3157,9966650,E,1,9963493,1,1,ok
3157,3157,9972962,E,6313,9969805,1,1,ok
3158,3158,9972964,E,0,9969806,2,1,ok
3158,3158,9979280,E,6316,9976122,2,1,ok
3159,3159,9979282,E,1,9976123,0,1,ok
3159,3159,9985598,E,6317,9982439,0,1,ok
3160,3160,9985600,E,0,9982440,1,1,ok
3160,3160,9991920,E,6320,9988760,1,1,ok
3161,3161,9991922,E,1,9988761,2,1,ok
3161,3161,9998242,E,6321,9995081,2,1,ok
3162,3162,9998244,E,0,9995082,0,1,ok
3162,3162,10004568,E,6324,10001406,0,1,ok
3163,3163,10004570,E,1,10001407,1,1,ok
3163,3163,10010894,E,6325,10007731,1,1,ok
3164,3164,10010896,E,0,10007732,2,1,ok
3164,3164,10017224,E,6328,10014060,2,1,ok
3165,3165,10017226,E,1,10014061,0,1,ok
3165,3165,10023554,E,6329,10020389,0,1,ok
3166,3166,10023556,E,0,10020390,1,1,ok
3166,3166,10029888,E,6332,10026722,1,1,ok
3167,3167,10029890,E,1,10026723,2,1,ok
3167,3167,10036222,E,6333,10033055,2,1,ok
3168,3168,10036224,E,0,10033056,0,1,ok
3168,3168,10042560,E,6336,10039392,0,1,ok
3169,3169,10042562,E,1,10039393,1,1,ok
3169,3169,10048898,E,6337,10045729,1,1,ok
3170,3170,10048900,E,0,10045730,2,1,ok
3170,3170,10055240,E,6340,10052070,2,1,ok
3171,3171,10055242,E,1,10052071,0,1,ok
3171,3171,10061582,E,6341,10058411,0,1,ok
3172,3172,10061584,E,0,10058412,1,1,ok
3172,3172,10067928,E,6344,10064756,1,1,ok
3173,3173,10067930,E,1,10064757,2,1,ok
3173,3173,10074274,E,6345,10071101,2,1,ok
3174,3174,10074276,E,0,10071102,0,1,ok
3174,3174,10080624,E,6348,10077450,0,1,ok
3175,3175,10080626,E,1,10077451,1,1,ok
3175,3175,10086974,E,6349,10083799,1,1,ok
3176,3176,10086976,E,0,10083800,2,1,ok
3176,3176,10093328,E,6352,10090152,2,1,ok
3177,3177,10093330,E,1,10090153,0,1,ok
3177,3177,10099682,E,6353,10096505,0,1,ok
3178,3178,10099684,E,0,10096506,1,1,ok
3178,3178,10106040,E,6356,10102862,1,1,ok
3179,3179,10106042,E,1,10102863,2,1,ok
3179,3179,10112398,E,6357,10109219,2,1,ok
3180,3180,10112400,E,0,10109220,0,1,ok
3180,3180,10118760,E,6360,10115580,0,1,ok
3181,3181,10118762,E,1,10115581,1,1,ok
3181,3181,10125122,E,6361,10121941,1,1,ok
3182,3182,10125124,E,0,10121942,2,1,ok
3182,3182,10131488,E,6364,10128306,2,1,ok
3183,3183,10131490,E,1,10128307,0,1,ok
3183,3183,10137854,E,6365,10134671,0,1,ok
3184,3184,10137856,E,0,10134672,1,1,ok
3184,3184,10144224,E,6368,10141040,1,1,ok
3185,3185,10144226,E,1,10141041,2,1,ok
3185,3185,10150594,E,6369,10147409,2,1,ok
3186,3186,10150596,E,0,10147410,0,1,ok
3186,3186,10156968,E,6372,10153782,0,1,ok
3187,3187,10156970,E,1,10153783,1,1,ok
3187,3187,10163342,E,6373,10160155,1,1,ok
3188,3188,10163344,E,0,10160156,2,1,ok
3188,3188,10169720,E,6376,10166532,2,1,ok
3189,3189,10169722,E,1,10166533,0,1,ok
3189,3189,10176098,E,6377,10172909,0,1,ok
3190,3190,10176100,E,0,10172910,1,1,ok
3190,3190,10182480,E,6380,10179290,1,1,ok
3191,3191,10182482,E,1,10179291,2,1,ok
3191,3191,10188862,E,6381,10185671,2,1,ok
3192,3192,10188864,E,0,10185672,0,1,ok
3192,3192,10195248,E,6384,10192056,0,1,ok
3193,3193,10195250,E,1,10192057,1,1,ok
3193,3193,10201634,E,6385,10198441,1,1,ok
3194,3194,10201636,E,0,10198442,2,1,ok
3194,3194,10208024,E,6388,10204830,2,1,ok
3195,3195,10208026,E,1,10204831,0,1,ok
3195,3195,10214414,E,6389,10211219,0,1,ok
3196,3196,10214416,E,0,10211220,1,1,ok
3196,3196,10220808,E,6392,10217612,1,1,ok
3196,3196,217,O,,-2979,1,1,ok
3197,3197,10220810,E,1,10217613,2,1,ok
3197,3197,10227202,E,6393,10224005,2,1,ok
3198,3198,10227204,E,0,10224006,0,1,ok
3198,3198,10233600,E,6396,10230402,0,1,ok
3199,3199,10233602,E,1,10230403,1,1,ok
3199,3199,10239998,E,6397,10236799,1,1,ok
3200,3200,10240000,E,0,10236800,2,1,ok
3200,3200,10246400,E,6400,10243200,2,1,ok
3201,3201,10246402,E,1,10243201,0,1,ok
3201,3201,10252802,E,6401,10249601,0,1,ok
3202,3202,10252804,E,0,10249602,1,1,ok
3202,3202,10259208,E,6404,10256006,1,1,ok
3203,3203,10259210,E,1,10256007,2,1,ok
3203,3203,10265614,E,6405,10262411,2,1,ok
3204,3204,10265616,E,0,10262412,0,1,ok
3204,3204,10272024,E,6408,10268820,0,1,ok
3205,3205,10272026,E,1,10268821,1,1,ok
3205,3205,10278434,E,6409,10275229,1,1,ok
3206,3206,10278436,E,0,10275230,2,1,ok
3206,3206,10284848,E,6412,10281642,2,1,ok
3207,3207,10284850,E,1,10281643,0,1,ok
3207,3207,10291262,E,6413,10288055,0,1,ok
3208,3208,10291264,E,0,10288056,1,1,ok
3208,3208,10297680,E,6416,10294472,1,1,ok
3209,3209,10297682,E,1,10294473,2,1,ok
3209,3209,10304098,E,6417,10300889,2,1,ok
3210,3210,10304100,E,0,10300890,0,1,ok
3210,3210,10310520,E,6420,10307310,0,1,ok
3211,3211,10310522,E,1,10307311,1,1,ok
3211,3211,10316942,E,6421,10313731,1,1,ok
3212,3212,10316944,E,0,10313732,2,1,ok
3212,3212,10323368,E,6424,10320156,2,1,ok
3213,3213,10323370,E,1,10320157,0,1,ok
3213,3213,10329794,E,6425,10326581,0,1,ok
3214,3214,10329796,E,0,10326582,1,1,ok
3214,3214,10336224,E,6428,10333010,1,1,ok
3215,3215,10336226,E,1,10333011,2,1,ok
3215,3215,10342654,E,6429,10339439,2,1,ok
3216,3216,10342656,E,0,10339440,0,1,ok
3216,3216,10349088,E,6432,10345872,0,1,ok
3217,3217,10349090,E,1,10345873,1,1,ok
3217,3217,10355522,E,6433,10352305,1,1,ok
3218,3218,10355524,E,0,10352306,2,1,ok
3218,3218,10361960,E,6436,10358742,2,1,ok
3219,3219,10361962,E,1,10358743,0,1,ok
3219,3219,10368398,E,6437,10365179,0,1,ok
3220,3220,10368400,E,0,10365180,1,1,ok
3220,3220,10374840,E,6440,10371620,1,1,ok
3221,3221,10374842,E,1,10371621,2,1,ok
3221,3221,10381282,E,6441,10378061,2,1,ok
3222,3222,10381284,E,0,10378062,0,1,ok
3222,3222,10387728,E,6444,10384506,0,1,ok
3223,3223,10387730,E,1,10384507,1,1,ok
3223,3223,10394174,E,6445,10390951,1,1,ok
3224,3224,10394176,E,0,10390952,2,1,ok
3224,3224,10400624,E,6448,10397400,2,1,ok
3225,3225,10400626,E,1,10397401,0,1,ok
3225,3225,10407074,E,6449,10403849,0,1,ok
3226,3226,10407076,E,0,10403850,1,1,ok
3226,3226,10413528,E,6452,10410302,1,1,ok
3227,3227,10413530,E,1,10410303,2,1,ok
3227,3227,10419982,E,6453,10416755,2,1,ok
3228,3228,10419984,E,0,10416756,0,1,ok
3228,3228,10426440,E,6456,10423212,0,1,ok
3229,3229,10426442,E,1,10423213,1,1,ok
3229,3229,10432898,E,6457,10429669,1,1,ok
3230,3230,10432900,E,0,10429670,2,1,ok
3230,3230,10439360,E,6460,10436130,2,1,ok
3231,3231,10439362,E,1,10436131,0,1,ok
3231,3231,10445822,E,6461,10442591,0,1,ok
3232,3232,10445824,E,0,10442592,1,1,ok
3232,3232,10452288,E,6464,10449056,1,1,ok
3233,3233,10452290,E,1,10449057,2,1,ok
3233,3233,10458754,E,6465,10455521,2,1,ok
3234,3234,10458756,E,0,10455522,0,1,ok
3234,3234,10465224,E,6468,10461990,0,1,ok
3235,3235,10465226,E,1,10461991,1,1,ok
3235,3235,10471694,E,6469,10468459,1,1,ok
3236,3236,10471696,E,0,10468460,2,1,ok
3236,3236,10478168,E,6472,10474932,2,1,ok
3237,3237,10478170,E,1,10474933,0,1,ok
3237,3237,10484642,E,6473,10481405,0,1,ok
3238,3238,10484644,E,0,10481406,1,1,ok
3238,3238,10491120,E,6476,10487882,1,1,ok
3239,3239,10491122,E,1,10487883,2,1,ok
3239,3239,10497598,E,6477,10494359,2,1,ok
3240,3240,10497600,E,0,10494360,0,1,ok
3240,3240,10504080,E,6480,10500840,0,1,ok
3240,3240,219,O,,-3021,0,1,ok
3241,3241,10504082,E,1,10500841,1,1,ok
3241,3241,10510562,E,6481,10507321,1,1,ok
3242,3242,10510564,E,0,10507322,2,1,ok
3242,3242,10517048,E,6484,10513806,2,1,ok
3243,3243,10517050,E,1,10513807,0,1,ok
3243,3243,10523534,E,6485,10520291,0,1,ok
3244,3244,10523536,E,0,10520292,1,1,ok
3244,3244,10530024,E,6488,10526780,1,1,ok
3245,3245,10530026,E,1,10526781,2,1,ok
3245,3245,10536514,E,6489,10533269,2,1,ok
3246,3246,10536516,E,0,10533270,0,1,ok
3246,3246,10543008,E,6492,10539762,0,1,ok
3247,3247,10543010,E,1,10539763,1,1,ok
3247,3247,10549502,E,6493,10546255,1,1,ok
3248,3248,10549504,E,0,10546256,2,1,ok
3248,3248,10556000,E,6496,10552752,2,1,ok
3249,3249,10556002,E,1,10552753,0,1,ok
3249,3249,10562498,E,6497,10559249,0,1,ok
3250,3250,10562500,E,0,10559250,1,1,ok
3250,3250,10569000,E,6500,10565750,1,1,ok
3251,3251,10569002,E,1,10565751,2,1,ok
3251,3251,10575502,E,6501,10572251,2,1,ok
3252,3252,10575504,E,0,10572252,0,1,ok
3252,3252,10582008,E,6504,10578756,0,1,ok
3253,3253,10582010,E,1,10578757,1,1,ok
3253,3253,10588514,E,6505,10585261,1,1,ok
3254,3254,10588516,E,0,10585262,2,1,ok
3254,3254,10595024,E,6508,10591770,2,1,ok
3255,3255,10595026,E,1,10591771,0,1,ok
3255,3255,10601534,E,6509,10598279,0,1,ok
3256,3256,10601536,E,0,10598280,1,1,ok
3256,3256,10608048,E,6512,10604792,1,1,ok
3257,3257,10608050,E,1,10604793,2,1,ok
3257,3257,10614562,E,6513,10611305,2,1,ok
3258,3258,10614564,E,0,10611306,0,1,ok
3258,3258,10621080,E,6516,10617822,0,1,ok
3259,3259,10621082,E,1,10617823,1,1,ok
3259,3259,10627598,E,6517,10624339,1,1,ok
3260,3260,10627600,E,0,10624340,2,1,ok
3260,3260,10634120,E,6520,10630860,2,1,ok
3261,3261,10634122,E,1,10630861,0,1,ok
3261,3261,10640642,E,6521,10637381,0,1,ok
3262,3262,10640644,E,0,10637382,1,1,ok
3262,3262,10647168,E,6524,10643906,1,1,ok
3263,3263,10647170,E,1,10643907,2,1,ok
3263,3263,10653694,E,6525,10650431,2,1,ok
3264,3264,10653696,E,0,10650432,0,1,ok
3264,3264,10660224,E,6528,10656960,0,1,ok
3265,3265,10660226,E,1,10656961,1,1,ok
3265,3265,10666754,E,6529,10663489,1,1,ok
3266,3266,10666756,E,0,10663490,2,1,ok
3266,3266,10673288,E,6532,10670022,2,1,ok
3267,3267,10673290,E,1,10670023,0,1,ok
3267,3267,10679822,E,6533,10676555,0,1,ok
3268,3268,10679824,E,0,10676556,1,1,ok
3268,3268,10686360,E,6536,10683092,1,1,ok
3269,3269,10686362,E,1,10683093,2,1,ok
3269,3269,10692898,E,6537,10689629,2,1,ok
3270,3270,10692900,E,0,10689630,0,1,ok
3270,3270,10699440,E,6540,10696170,0,1,ok
3271,3271,10699442,E,1,10696171,1,1,ok
3271,3271,10705982,E,6541,10702711,1,1,ok
3272,3272,10705984,E,0,10702712,2,1,ok
3272,3272,10712528,E,6544,10709256,2,1,ok
3273,3273,10712530,E,1,10709257,0,1,ok
3273,3273,10719074,E,6545,10715801,0,1,ok
3274,3274,10719076,E,0,10715802,1,1,ok
3274,3274,10725624,E,6548,10722350,1,1,ok
3275,3275,10725626,E,1,10722351,2,1,ok
3275,3275,10732174,E,6549,10728899,2,1,ok
3276,3276,10732176,E,0,10728900,0,1,ok
3276,3276,10738728,E,6552,10735452,0,1,ok
3277,3277,10738730,E,1,10735453,1,1,ok
3277,3277,10745282,E,6553,10742005,1,1,ok
3278,3278,10745284,E,0,10742006,2,1,ok
3278,3278,10751840,E,6556,10748562,2,1,ok
3279,3279,10751842,E,1,10748563,0,1,ok
3279,3279,10758398,E,6557,10755119,0,1,ok
3280,3280,10758400,E,0,10755120,1,1,ok
3280,3280,10764960,E,6560,10761680,1,1,ok
3281,3281,10764962,E,1,10761681,2,1,ok
3281,3281,10771522,E,6561,10768241,2,1,ok
3282,3282,10771524,E,0,10768242,0,1,ok
3282,3282,10778088,E,6564,10774806,0,1,ok
3283,3283,10778090,E,1,10774807,1,1,ok
3283,3283,10784654,E,6565,10781371,1,1,ok
3284,3284,10784656,E,0,10781372,2,1,ok
3284,3284,10791224,E,6568,10787940,2,1,ok
3285,3285,10791226,E,1,10787941,0,1,ok
3285,3285,10797794,E,6569,10794509,0,1,ok
3285,3285,221,O,,-3064,0,1,ok
3286,3286,10797796,E,0,10794510,1,1,ok
3286,3286,10804368,E,6572,10801082,1,1,ok
3287,3287,10804370,E,1,10801083,2,1,ok
3287,3287,10810942,E,6573,10807655,2,1,ok
3288,3288,10810944,E,0,10807656,0,1,ok
3288,3288,10817520,E,6576,10814232,0,1,ok
3289,3289,10817522,E,1,10814233,1,1,ok
3289,3289,10824098,E,6577,10820809,1,1,ok
3290,3290,10824100,E,0,10820810,2,1,ok
3290,3290,10830680,E,6580,10827390,2,1,ok
3291,3291,10830682,E,1,10827391,0,1,ok
3291,3291,10837262,E,6581,10833971,0,1,ok
3292,3292,10837264,E,0,10833972,1,1,ok
3292,3292,10843848,E,6584,10840556,1,1,ok
3293,3293,10843850,E,1,10840557,2,1,ok
3293,3293,10850434,E,6585,10847141,2,1,ok
3294,3294,10850436,E,0,10847142,0,1,ok
3294,3294,10857024,E,6588,10853730,0,1,ok
3295,3295,10857026,E,1,10853731,1,1,ok
3295,3295,10863614,E,6589,10860319,1,1,ok
3296,3296,10863616,E,0,10860320,2,1,ok
3296,3296,10870208,E,6592,10866912,2,1,ok
3297,3297,10870210,E,1,10866913,0,1,ok
3297,3297,10876802,E,6593,10873505,0,1,ok
3298,3298,10876804,E,0,10873506,1,1,ok
3298,3298,10883400,E,6596,10880102,1,1,ok
3299,3299,10883402,E,1,10880103,2,1,ok
3299,3299,10889998,E,6597,10886699,2,1,ok
3300,3300,10890000,E,0,10886700,0,1,ok
3300,3300,10896600,E,6600,10893300,0,1,ok
3301,3301,10896602,E,1,10893301,1,1,ok
3301,3301,10903202,E,6601,10899901,1,1,ok
3302,3302,10903204,E,0,10899902,2,1,ok
3302,3302,10909808,E,6604,10906506,2,1,ok
3303,3303,10909810,E,1,10906507,0,1,ok
3303,3303,10916414,E,6605,10913111,0,1,ok
3304,3304,10916416,E,0,10913112,1,1,ok
3304,3304,10923024,E,6608,10919720,1,1,ok
3305,3305,10923026,E,1,10919721,2,1,ok
3305,3305,10929634,E,6609,10926329,2,1,ok
3306,3306,10929636,E,0,10926330,0,1,ok
3306,3306,10936248,E,6612,10932942,0,1,ok
3307,3307,10936250,E,1,10932943,1,1,ok
3307,3307,10942862,E,6613,10939555,1,1,ok
3308,3308,10942864,E,0,10939556,2,1,ok
3308,3308,10949480,E,6616,10946172,2,1,ok
3309,3309,10949482,E,1,10946173,0,1,ok
3309,3309,10956098,E,6617,10952789,0,1,ok
3310,3310,10956100,E,0,10952790,1,1,ok
3310,3310,10962720,E,6620,10959410,1,1,ok
3311,3311,10962722,E,1,10959411,2,1,ok
3311,3311,10969342,E,6621,10966031,2,1,ok
3312,3312,10969344,E,0,10966032,0,1,ok
3312,3312,10975968,E,6624,10972656,0,1,ok
3313,3313,10975970,E,1,10972657,1,1,ok
3313,3313,10982594,E,6625,10979281,1,1,ok
3314,3314,10982596,E,0,10979282,2,1,ok
3314,3314,10989224,E,6628,10985910,2,1,ok
3315,3315,10989226,E,1,10985911,0,1,ok
3315,3315,10995854,E,6629,10992539,0,1,ok
3316,3316,10995856,E,0,10992540,1,1,ok
3316,3316,11002488,E,6632,10999172,1,1,ok
3317,3317,11002490,E,1,10999173,2,1,ok
3317,3317,11009122,E,6633,11005805,2,1,ok
3318,3318,11009124,E,0,11005806,0,1,ok
3318,3318,11015760,E,6636,11012442,0,1,ok
3319,3319,11015762,E,1,11012443,1,1,ok
3319,3319,11022398,E,6637,11019079,1,1,ok
3320,3320,11022400,E,0,11019080,2,1,ok
3320,3320,11029040,E,6640,11025720,2,1,ok
3321,3321,11029042,E,1,11025721,0,1,ok
3321,3321,11035682,E,6641,11032361,0,1,ok
3322,3322,11035684,E,0,11032362,1,1,ok
3322,3322,11042328,E,6644,11039006,1,1,ok
3323,3323,11042330,E,1,11039007,2,1,ok
3323,3323,11048974,E,6645,11045651,2,1,ok
3324,3324,11048976,E,0,11045652,0,1,ok
3324,3324,11055624,E,6648,11052300,0,1,ok
3325,3325,11055626,E,1,11052301,1,1,ok
3325,3325,11062274,E,6649,11058949,1,1,ok
3326,3326,11062276,E,0,11058950,2,1,ok
3326,3326,11068928,E,6652,11065602,2,1,ok
3327,3327,11068930,E,1,11065603,0,1,ok
3327,3327,11075582,E,6653,11072255,0,1,ok
3328,3328,11075584,E,0,11072256,1,1,ok
3328,3328,11082240,E,6656,11078912,1,1,ok
3329,3329,11082242,E,1,11078913,2,1,ok
3329,3329,11088898,E,6657,11085569,2,1,ok
3330,3330,11088900,E,0,11085570,0,1,ok
3330,3330,11095560,E,6660,11092230,0,1,ok
3330,3330,223,O,,-3107,0,1,ok
3331,3331,11095562,E,1,11092231,1,1,ok
3331,3331,11102222,E,6661,11098891,1,1,ok
3332,3332,11102224,E,0,11098892,2,1,ok
3332,3332,11108888,E,6664,11105556,2,1,ok
3333,3333,11108890,E,1,11105557,0,1,ok
3333,3333,11115554,E,6665,11112221,0,1,ok
3334,3334,11115556,E,0,11112222,1,1,ok
3334,3334,11122224,E,6668,11118890,1,1,ok
3335,3335,11122226,E,1,11118891,2,1,ok
3335,3335,11128894,E,6669,11125559,2,1,ok
3336,3336,11128896,E,0,11125560,0,1,ok
3336,3336,11135568,E,6672,11132232,0,1,ok
3337,3337,11135570,E,1,11132233,1,1,ok
3337,3337,11142242,E,6673,11138905,1,1,ok
3338,3338,11142244,E,0,11138906,2,1,ok
3338,3338,11148920,E,6676,11145582,2,1,ok
3339,3339,11148922,E,1,11145583,0,1,ok
3339,3339,11155598,E,6677,11152259,0,1,ok
3340,3340,11155600,E,0,11152260,1,1,ok
3340,3340,11162280,E,6680,11158940,1,1,ok
3341,3341,11162282,E,1,11158941,2,1,ok
3341,3341,11168962,E,6681,11165621,2,1,ok
3342,3342,11168964,E,0,11165622,0,1,ok
3342,3342,11175648,E,6684,11172306,0,1,ok
3343,3343,11175650,E,1,11172307,1,1,ok
3343,3343,11182334,E,6685,11178991,1,1,ok
3344,3344,11182336,E,0,11178992,2,1,ok
3344,3344,11189024,E,6688,11185680,2,1,ok
3345,3345,11189026,E,1,11185681,0,1,ok
3345,3345,11195714,E,6689,11192369,0,1,ok
3346,3346,11195716,E,0,11192370,1,1,ok
3346,3346,11202408,E,6692,11199062,1,1,ok
3347,3347,11202410,E,1,11199063,2,1,ok
3347,3347,11209102,E,6693,11205755,2,1,ok
3348,3348,11209104,E,0,11205756,0,1,ok
3348,3348,11215800,E,6696,11212452,0,1,ok
3349,3349,11215802,E,1,11212453,1,1,ok
3349,3349,11222498,E,6697,11219149,1,1,ok
3350,3350,11222500,E,0,11219150,2,1,ok
3350,3350,11229200,E,6700,11225850,2,1,ok
3351,3351,11229202,E,1,11225851,0,1,ok
3351,3351,11235902,E,6701,11232551,0,1,ok
3352,3352,11235904,E,0,11232552,1,1,ok
3352,3352,11242608,E,6704,11239256,1,1,ok
3353,3353,11242610,E,1,11239257,2,1,ok
3353,3353,11249314,E,6705,11245961,2,1,ok
3354,3354,11249316,E,0,11245962,0,1,ok
3354,3354,11256024,E,6708,11252670,0,1,ok
3355,3355,11256026,E,1,11252671,1,1,ok
3355,3355,11262734,E,6709,11259379,1,1,ok
3356,3356,11262736,E,0,11259380,2,1,ok
3356,3356,11269448,E,6712,11266092,2,1,ok
3357,3357,11269450,E,1,11266093,0,1,ok
3357,3357,11276162,E,6713,11272805,0,1,ok
3358,3358,11276164,E,0,11272806,1,1,ok
3358,3358,11282880,E,6716,11279522,1,1,ok
3359,3359,11282882,E,1,11279523,2,1,ok
3359,3359,11289598,E,6717,11286239,2,1,ok
3360,3360,11289600,E,0,11286240,0,1,ok
3360,3360,11296320,E,6720,11292960,0,1,ok
3361,3361,11296322,E,1,11292961,1,1,ok
3361,3361,11303042,E,6721,11299681,1,1,ok
3362,3362,11303044,E,0,11299682,2,1,ok
3362,3362,11309768,E,6724,11306406,2,1,ok
3363,3363,11309770,E,1,11306407,0,1,ok
3363,3363,11316494,E,6725,11313131,0,1,ok
3364,3364,11316496,E,0,11313132,1,1,ok
3364,3364,11323224,E,6728,11319860,1,1,ok
3365,3365,11323226,E,1,11319861,2,1,ok
3365,3365,11329954,E,6729,11326589,2,1,ok
3366,3366,11329956,E,0,11326590,0,1,ok
3366,3366,11336688,E,6732,11333322,0,1,ok
3367,3367,11336690,E,1,11333323,1,1,ok
3367,3367,11343422,E,6733,11340055,1,1,ok
3368,3368,11343424,E,0,11340056,2,1,ok
3368,3368,11350160,E,6736,11346792,2,1,ok
3369,3369,11350162,E,1,11346793,0,1,ok
3369,3369,11356898,E,6737,11353529,0,1,ok
3370,3370,11356900,E,0,11353530,1,1,ok
3370,3370,11363640,E,6740,11360270,1,1,ok
3371,3371,11363642,E,1,11360271,2,1,ok
3371,3371,11370382,E,6741,11367011,2,1,ok
3372,3372,11370384,E,0,11367012,0,1,ok
3372,3372,11377128,E,6744,11373756,0,1,ok
3373,3373,11377130,E,1,11373757,1,1,ok
3373,3373,11383874,E,6745,11380501,1,1,ok
3374,3374,11383876,E,0,11380502,2,1,ok
3374,3374,11390624,E,6748,11387250,2,1,ok
3375,3375,11390626,E,1,11387251,0,1,ok
3375,3375,11397374,E,6749,11393999,0,1,ok
3375,3375,225,O,,-3150,0,1,ok
3376,3376,11397376,E,0,11394000,1,1,ok
3376,3376,11404128,E,6752,11400752,1,1,ok
3377,3377,11404130,E,1,11400753,2,1,ok
3377,3377,11410882,E,6753,11407505,2,1,ok
3378,3378,11410884,E,0,11407506,0,1,ok
3378,3378,11417640,E,6756,11414262,0,1,ok
3379,3379,11417642,E,1,11414263,1,1,ok
3379,3379,11424398,E,6757,11421019,1,1,ok
3380,3380,11424400,E,0,11421020,2,1,ok
3380,3380,11431160,E,6760,11427780,2,1,ok
3381,3381,11431162,E,1,11427781,0,1,ok
3381,3381,11437922,E,6761,11434541,0,1,ok
3382,3382,11437924,E,0,11434542,1,1,ok
3382,3382,11444688,E,6764,11441306,1,1,ok
3383,3383,11444690,E,1,11441307,2,1,ok
3383,3383,11451454,E,6765,11448071,2,1,ok
3384,3384,11451456,E,0,11448072,0,1,ok
3384,3384,11458224,E,6768,11454840,0,1,ok
3385,3385,11458226,E,1,11454841,1,1,ok
3385,3385,11464994,E,6769,11461609,1,1,ok
3386,3386,11464996,E,0,11461610,2,1,ok
3386,3386,11471768,E,6772,11468382,2,1,ok
3387,3387,11471770,E,1,11468383,0,1,ok
3387,3387,11478542,E,6773,11475155,0,1,ok
3388,3388,11478544,E,0,11475156,1,1,ok
3388,3388,11485320,E,6776,11481932,1,1,ok
3389,3389,11485322,E,1,11481933,2,1,ok
3389,3389,11492098,E,6777,11488709,2,1,ok
3390,3390,11492100,E,0,11488710,0,1,ok
3390,3390,11498880,E,6780,11495490,0,1,ok
3391,3391,11498882,E,1,11495491,1,1,ok
3391,3391,11505662,E,6781,11502271,1,1,ok
3392,3392,11505664,E,0,11502272,2,1,ok
3392,3392,11512448,E,6784,11509056,2,1,ok
3393,3393,11512450,E,1,11509057,0,1,ok
3393,3393,11519234,E,6785,11515841,0,1,ok
3394,3394,11519236,E,0,11515842,1,1,ok
3394,3394,11526024,E,6788,11522630,1,1,ok
3395,3395,11526026,E,1,11522631,2,1,ok
3395,3395,11532814,E,6789,11529419,2,1,ok
3396,3396,11532816,E,0,11529420,0,1,ok
3396,3396,11539608,E,6792,11536212,0,1,ok
3397,3397,11539610,E,1,11536213,1,1,ok
3397,3397,11546402,E,6793,11543005,1,1,ok
3398,3398,11546404,E,0,11543006,2,1,ok
3398,3398,11553200,E,6796,11549802,2,1,ok
3399,3399,11553202,E,1,11549803,0,1,ok
3399,3399,11559998,E,6797,11556599,0,1,ok
3400,3400,11560000,E,0,11556600,1,1,ok
3400,3400,11566800,E,6800,11563400,1,1,ok
3401,3401,11566802,E,1,11563401,2,1,ok
3401,3401,11573602,E,6801,11570201,2,1,ok
3402,3402,11573604,E,0,11570202,0,1,ok
3402,3402,11580408,E,6804,11577006,0,1,ok
3403,3403,11580410,E,1,11577007,1,1,ok
3403,3403,11587214,E,6805,11583811,1,1,ok
3404,3404,11587216,E,0,11583812,2,1,ok
3404,3404,11594024,E,6808,11590620,2,1,ok
3405,3405,11594026,E,1,11590621,0,1,ok
3405,3405,11600834,E,6809,11597429,0,1,ok
3406,3406,11600836,E,0,11597430,1,1,ok
3406,3406,11607648,E,6812,11604242,1,1,ok
3407,3407,11607650,E,1,11604243,2,1,ok
3407,3407,11614462,E,6813,11611055,2,1,ok
3408,3408,11614464,E,0,11611056,0,1,ok
3408,3408,11621280,E,6816,11617872,0,1,ok
3409,3409,11621282,E,1,11617873,1,1,ok
3409,3409,11628098,E,6817,11624689,1,1,ok
3410,3410,11628100,E,0,11624690,2,1,ok
3410,3410,11634920,E,6820,11631510,2,1,ok
3411,3411,11634922,E,1,11631511,0,1,ok
3411,3411,11641742,E,6821,11638331,0,1,ok
3412,3412,11641744,E,0,11638332,1,1,ok
3412,3412,11648568,E,6824,11645156,1,1,ok
3413,3413,11648570,E,1,11645157,2,1,ok
3413,3413,11655394,E,6825,11651981,2,1,ok
3414,3414,11655396,E,0,11651982,0,1,ok
3414,3414,11662224,E,6828,11658810,0,1,ok
3415,3415,11662226,E,1,11658811,1,1,ok
3415,3415,11669054,E,6829,11665639,1,1,ok
3416,3416,11669056,E,0,11665640,2,1,ok
3416,3416,11675888,E,6832,11672472,2,1,ok
3417,3417,11675890,E,1,11672473,0,1,ok
3417,3417,11682722,E,6833,11679305,0,1,ok
3418,3418,11682724,E,0,11679306,1,1,ok
3418,3418,11689560,E,6836,11686142,1,1,ok
3419,3419,11689562,E,1,11686143,2,1,ok
3419,3419,11696398,E,6837,11692979,2,1,ok
3420,3420,11696400,E,0,11692980,0,1,ok
3420,3420,11703240,E,6840,11699820,0,1,ok
3420,3420,227,O,,-3193,0,1,ok
3421,3421,11703242,E,1,11699821,1,1,ok
3421,3421,11710082,E,6841,11706661,1,1,ok
3422,3422,11710084,E,0,11706662,2,1,ok
3422,3422,11716928,E,6844,11713506,2,1,ok
3423,3423,11716930,E,1,11713507,0,1,ok
3423,3423,11723774,E,6845,11720351,0,1,ok
3424,3424,11723776,E,0,11720352,1,1,ok
3424,3424,11730624,E,6848,11727200,1,1,ok
3425,3425,11730626,E,1,11727201,2,1,ok
3425,3425,11737474,E,6849,11734049,2,1,ok
3426,3426,11737476,E,0,11734050,0,1,ok
3426,3426,11744328,E,6852,11740902,0,1,ok
3427,3427,11744330,E,1,11740903,1,1,ok
3427,3427,11751182,E,6853,11747755,1,1,ok
3428,3428,11751184,E,0,11747756,2,1,ok
3428,3428,11758040,E,6856,11754612,2,1,ok
3429,3429,11758042,E,1,11754613,0,1,ok
3429,3429,11764898,E,6857,11761469,0,1,ok
3430,3430,11764900,E,0,11761470,1,1,ok
3430,3430,11771760,E,6860,11768330,1,1,ok
3431,3431,11771762,E,1,11768331,2,1,ok
3431,3431,11778622,E,6861,11775191,2,1,ok
3432,3432,11778624,E,0,11775192,0,1,ok
3432,3432,11785488,E,6864,11782056,0,1,ok
3433,3433,11785490,E,1,11782057,1,1,ok
3433,3433,11792354,E,6865,11788921,1,1,ok
3434,3434,11792356,E,0,11788922,2,1,ok
3434,3434,11799224,E,6868,11795790,2,1,ok
3435,3435,11799226,E,1,11795791,0,1,ok
3435,3435,11806094,E,6869,11802659,0,1,ok
3436,3436,11806096,E,0,11802660,1,1,ok
3436,3436,11812968,E,6872,11809532,1,1,ok
3437,3437,11812970,E,1,11809533,2,1,ok
3437,3437,11819842,E,6873,11816405,2,1,ok
3438,3438,11819844,E,0,11816406,0,1,ok
3438,3438,11826720,E,6876,11823282,0,1,ok
3439,3439,11826722,E,1,11823283,1,1,ok
3439,3439,11833598,E,6877,11830159,1,1,ok
3440,3440,11833600,E,0,11830160,2,1,ok
3440,3440,11840480,E,6880,11837040,2,1,ok
3441,3441,11840482,E,1,11837041,0,1,ok
3441,3441,11847362,E,6881,11843921,0,1,ok
3442,3442,11847364,E,0,11843922,1,1,ok
3442,3442,11854248,E,6884,11850806,1,1,ok
3443,3443,11854250,E,1,11850807,2,1,ok
3443,3443,11861134,E,6885,11857691,2,1,ok
3444,3444,11861136,E,0,11857692,0,1,ok
3444,3444,11868024,E,6888,11864580,0,1,ok
3445,3445,11868026,E,1,11864581,1,1,ok
3445,3445,11874914,E,6889,11871469,1,1,ok
3446,3446,11874916,E,0,11871470,2,1,ok
3446,3446,11881808,E,6892,11878362,2,1,ok
3447,3447,11881810,E,1,11878363,0,1,ok
3447,3447,11888702,E,6893,11885255,0,1,ok
3448,3448,11888704,E,0,11885256,1,1,ok
3448,3448,11895600,E,6896,11892152,1,1,ok
3449,3449,11895602,E,1,11892153,2,1,ok
3449,3449,11902498,E,6897,11899049,2,1,ok
3450,3450,11902500,E,0,11899050,0,1,ok
3450,3450,11909400,E,6900,11905950,0,1,ok
3451,3451,11909402,E,1,11905951,1,1,ok
3451,3451,11916302,E,6901,11912851,1,1,ok
3452,3452,11916304,E,0,11912852,2,1,ok
3452,3452,11923208,E,6904,11919756,2,1,ok
3453,3453,11923210,E,1,11919757,0,1,ok
3453,3453,11930114,E,6905,11926661,0,1,ok
3454,3454,11930116,E,0,11926662,1,1,ok
3454,3454,11937024,E,6908,11933570,1,1,ok
3455,3455,11937026,E,1,11933571,2,1,ok
3455,3455,11943934,E,6909,11940479,2,1,ok
3456,3456,11943936,E,0,11940480,0,1,ok
3456,3456,11950848,E,6912,11947392,0,1,ok
3457,3457,11950850,E,1,11947393,1,1,ok
3457,3457,11957762,E,6913,11954305,1,1,ok
3458,3458,11957764,E,0,11954306,2,1,ok
3458,3458,11964680,E,6916,11961222,2,1,ok
3459,3459,11964682,E,1,11961223,0,1,ok
3459,3459,11971598,E,6917,11968139,0,1,ok
3460,3460,11971600,E,0,11968140,1,1,ok
3460,3460,11978520,E,6920,11975060,1,1,ok
3461,3461,11978522,E,1,11975061,2,1,ok
3461,3461,11985442,E,6921,11981981,2,1,ok
3462,3462,11985444,E,0,11981982,0,1,ok
3462,3462,11992368,E,6924,11988906,0,1,ok
3463,3463,11992370,E,1,11988907,1,1,ok
3463,3463,11999294,E,6925,11995831,1,1,ok
3464,3464,11999296,E,0,11995832,2,1,ok
3464,3464,12006224,E,6928,12002760,2,1,ok
3465,3465,12006226,E,1,12002761,0,1,ok
3465,3465,12013154,E,6929,12009689,0,1,ok
3465,3465,229,O,,-3236,0,1,ok
3466,3466,12013156,E,0,12009690,1,1,ok
3466,3466,12020088,E,6932,12016622,1,1,ok
3467,3467,12020090,E,1,12016623,2,1,ok
3467,3467,12027022,E,6933,12023555,2,1,ok
3468,3468,12027024,E,0,12023556,0,1,ok
3468,3468,12033960,E,6936,12030492,0,1,ok
3469,3469,12033962,E,1,12030493,1,1,ok
3469,3469,12040898,E,6937,12037429,1,1,ok
3470,3470,12040900,E,0,12037430,2,1,ok
3470,3470,12047840,E,6940,12044370,2,1,ok
3471,3471,12047842,E,1,12044371,0,1,ok
3471,3471,12054782,E,6941,12051311,0,1,ok
3472,3472,12054784,E,0,12051312,1,1,ok
3472,3472,12061728,E,6944,12058256,1,1,ok
3473,3473,12061730,E,1,12058257,2,1,ok
3473,3473,12068674,E,6945,12065201,2,1,ok
3474,3474,12068676,E,0,12065202,0,1,ok
3474,3474,12075624,E,6948,12072150,0,1,ok
3475,3475,12075626,E,1,12072151,1,1,ok
3475,3475,12082574,E,6949,12079099,1,1,ok
3476,3476,12082576,E,0,12079100,2,1,ok
3476,3476,12089528,E,6952,12086052,2,1,ok
3477,3477,12089530,E,1,12086053,0,1,ok
3477,3477,12096482,E,6953,12093005,0,1,ok
3478,3478,12096484,E,0,12093006,1,1,ok
3478,3478,12103440,E,6956,12099962,1,1,ok
3479,3479,12103442,E,1,12099963,2,1,ok
3479,3479,12110398,E,6957,12106919,2,1,ok
3480,3480,12110400,E,0,12106920,0,1,ok
3480,3480,12117360,E,6960,12113880,0,1,ok
3481,3481,12117362,E,1,12113881,1,1,ok
3481,3481,12124322,E,6961,12120841,1,1,ok
3482,3482,12124324,E,0,12120842,2,1,ok
3482,3482,12131288,E,6964,12127806,2,1,ok
3483,3483,12131290,E,1,12127807,0,1,ok
3483,3483,12138254,E,6965,12134771,0,1,ok
3484,3484,12138256,E,0,12134772,1,1,ok
3484,3484,12145224,E,6968,12141740,1,1,ok
3485,3485,12145226,E,1,12141741,2,1,ok
3485,3485,12152194,E,6969,12148709,2,1,ok
3486,3486,12152196,E,0,12148710,0,1,ok
3486,3486,12159168,E,6972,12155682,0,1,ok
3487,3487,12159170,E,1,12155683,1,1,ok
3487,3487,12166142,E,6973,12162655,1,1,ok
3488,3488,12166144,E,0,12162656,2,1,ok
3488,3488,12173120,E,6976,12169632,2,1,ok
3489,3489,12173122,E,1,12169633,0,1,ok
3489,3489,12180098,E,6977,12176609,0,1,ok
3490,3490,12180100,E,0,12176610,1,1,ok
3490,3490,12187080,E,6980,12183590,1,1,ok
3491,3491,12187082,E,1,12183591,2,1,ok
3491,3491,12194062,E,6981,12190571,2,1,ok
3492,3492,12194064,E,0,12190572,0,1,ok
3492,3492,12201048,E,6984,12197556,0,1,ok
3493,3493,12201050,E,1,12197557,1,1,ok
3493,3493,12208034,E,6985,12204541,1,1,ok
3494,3494,12208036,E,0,12204542,2,1,ok
3494,3494,12215024,E,6988,12211530,2,1,ok
3495,3495,12215026,E,1,12211531,0,1,ok
3495,3495,12222014,E,6989,12218519,0,1,ok
3496,3496,12222016,E,0,12218520,1,1,ok
3496,3496,12229008,E,6992,12225512,1,1,ok
3497,3497,12229010,E,1,12225513,2,1,ok
3497,3497,12236002,E,6993,12232505,2,1,ok
3498,3498,12236004,E,0,12232506,0,1,ok
3498,3498,12243000,E,6996,12239502,0,1,ok
3499,3499,12243002,E,1,12239503,1,1,ok
3499,3499,12249998,E,6997,12246499,1,1,ok
3500,3500,12250000,E,0,12246500,2,1,ok
3500,3500,12257000,E,7000,12253500,2,1,ok
3501,3501,12257002,E,1,12253501,0,1,ok
3501,3501,12264002,E,7001,12260501,0,1,ok
3502,3502,12264004,E,0,12260502,1,1,ok
3502,3502,12271008,E,7004,12267506,1,1,ok
3503,3503,12271010,E,1,12267507,2,1,ok
3503,3503,12278014,E,7005,12274511,2,1,ok
3504,3504,12278016,E,0,12274512,0,1,ok
3504,3504,12285024,E,7008,12281520,0,1,ok
3505,3505,12285026,E,1,12281521,1,1,ok
3505,3505,12292034,E,7009,12288529,1,1,ok
3506,3506,12292036,E,0,12288530,2,1,ok
3506,3506,12299048,E,7012,12295542,2,1,ok
3507,3507,12299050,E,1,12295543,0,1,ok
3507,3507,12306062,E,7013,12302555,0,1,ok
3508,3508,12306064,E,0,12302556,1,1,ok
3508,3508,12313080,E,7016,12309572,1,1,ok
3509,3509,12313082,E,1,12309573,2,1,ok
3509,3509,12320098,E,7017,12316589,2,1,ok
3510,3510,12320100,E,0,12316590,0,1,ok
3510,3510,12327120,E,7020,12323610,0,1,ok
3510,3510,231,O,,-3279,0,1,ok
3511,3511,12327122,E,1,12323611,1,1,ok
3511,3511,12334142,E,7021,12330631,1,1,ok
3512,3512,12334144,E,0,12330632,2,1,ok
3512,3512,12341168,E,7024,12337656,2,1,ok
3513,3513,12341170,E,1,12337657,0,1,ok
3513,3513,12348194,E,7025,12344681,0,1,ok
3514,3514,12348196,E,0,12344682,1,1,ok
3514,3514,12355224,E,7028,12351710,1,1,ok
3515,3515,12355226,E,1,12351711,2,1,ok
3515,3515,12362254,E,7029,12358739,2,1,ok
3516,3516,12362256,E,0,12358740,0,1,ok
3516,3516,12369288,E,7032,12365772,0,1,ok
3517,3517,12369290,E,1,12365773,1,1,ok
3517,3517,12376322,E,7033,12372805,1,1,ok
3518,3518,12376324,E,0,12372806,2,1,ok
3518,3518,12383360,E,7036,12379842,2,1,ok
3519,3519,12383362,E,1,12379843,0,1,ok
3519,3519,12390398,E,7037,12386879,0,1,ok
3520,3520,12390400,E,0,12386880,1,1,ok
3520,3520,12397440,E,7040,12393920,1,1,ok
3521,3521,12397442,E,1,12393921,2,1,ok
3521,3521,12404482,E,7041,12400961,2,1,ok
3522,3522,12404484,E,0,12400962,0,1,ok
3522,3522,12411528,E,7044,12408006,0,1,ok
3523,3523,12411530,E,1,12408007,1,1,ok
3523,3523,12418574,E,7045,12415051,1,1,ok
3524,3524,12418576,E,0,12415052,2,1,ok
3524,3524,12425624,E,7048,12422100,2,1,ok
3525,3525,12425626,E,1,12422101,0,1,ok
3525,3525,12432674,E,7049,12429149,0,1,ok
3526,3526,12432676,E,0,12429150,1,1,ok
3526,3526,12439728,E,7052,12436202,1,1,ok
3527,3527,12439730,E,1,12436203,2,1,ok
3527,3527,12446782,E,7053,12443255,2,1,ok
3528,3528,12446784,E,0,12443256,0,1,ok
3528,3528,12453840,E,7056,12450312,0,1,ok
3529,3529,12453842,E,1,12450313,1,1,ok
3529,3529,12460898,E,7057,12457369,1,1,ok
3530,3530,12460900,E,0,12457370,2,1,ok
3530,3530,12467960,E,7060,12464430,2,1,ok
3531,3531,12467962,E,1,12464431,0,1,ok
3531,3531,12475022,E,7061,12471491,0,1,ok
3532,3532,12475024,E,0,12471492,1,1,ok
3532,3532,12482088,E,7064,12478556,1,1,ok
3533,3533,12482090,E,1,12478557,2,1,ok
3533,3533,12489154,E,7065,12485621,2,1,ok
3534,3534,12489156,E,0,12485622,0,1,ok
3534,3534,12496224,E,7068,12492690,0,1,ok
3535,3535,12496226,E,1,12492691,1,1,ok
3535,3535,12503294,E,7069,12499759,1,1,ok
3536,3536,12503296,E,0,12499760,2,1,ok
3536,3536,12510368,E,7072,12506832,2,1,ok
3537,3537,12510370,E,1,12506833,0,1,ok
3537,3537,12517442,E,7073,12513905,0,1,ok
3538,3538,12517444,E,0,12513906,1,1,ok
3538,3538,12524520,E,7076,12520982,1,1,ok
3539,3539,12524522,E,1,12520983,2,1,ok
3539,3539,12531598,E,7077,12528059,2,1,ok
3540,3540,12531600,E,0,12528060,0,1,ok
3540,3540,12538680,E,7080,12535140,0,1,ok
3541,3541,12538682,E,1,12535141,1,1,ok
3541,3541,12545762,E,7081,12542221,1,1,ok
3542,3542,12545764,E,0,12542222,2,1,ok
3542,3542,12552848,E,7084,12549306,2,1,ok
3543,3543,12552850,E,1,12549307,0,1,ok
3543,3543,12559934,E,7085,12556391,0,1,ok
3544,3544,12559936,E,0,12556392,1,1,ok
3544,3544,12567024,E,7088,12563480,1,1,ok
3545,3545,12567026,E,1,12563481,2,1,ok
3545,3545,12574114,E,7089,12570569,2,1,ok
3546,3546,12574116,E,0,12570570,0,1,ok
3546,3546,12581208,E,7092,12577662,0,1,ok
3547,3547,12581210,E,1,12577663,1,1,ok
3547,3547,12588302,E,7093,12584755,1,1,ok
3548,3548,12588304,E,0,12584756,2,1,ok
3548,3548,12595400,E,7096,12591852,2,1,ok
3549,3549,12595402,E,1,12591853,0,1,ok
3549,3549,12602498,E,7097,12598949,0,1,ok
3550,3550,12602500,E,0,12598950,1,1,ok
3550,3550,12609600,E,7100,12606050,1,1,ok
3551,3551,12609602,E,1,12606051,2,1,ok
3551,3551,12616702,E,7101,12613151,2,1,ok
3552,3552,12616704,E,0,12613152,0,1,ok
3552,3552,12623808,E,7104,12620256,0,1,ok
3553,3553,12623810,E,1,12620257,1,1,ok
3553,3553,12630914,E,7105,12627361,1,1,ok
3554,3554,12630916,E,0,12627362,2,1,ok
3554,3554,12638024,E,7108,12634470,2,1,ok
3555,3555,12638026,E,1,12634471,0,1,ok
3555,3555,12645134,E,7109,12641579,0,1,ok
3556,3556,12645136,E,0,12641580,1,1,ok
3556,3556,12652248,E,7112,12648692,1,1,ok
3556,3556,233,O,,-3323,1,1,ok
3557,3557,12652250,E,1,12648693,2,1,ok
3557,3557,12659362,E,7113,12655805,2,1,ok
3558,3558,12659364,E,0,12655806,0,1,ok
3558,3558,12666480,E,7116,12662922,0,1,ok
3559,3559,12666482,E,1,12662923,1,1,ok
3559,3559,12673598,E,7117,12670039,1,1,ok
3560,3560,12673600,E,0,12670040,2,1,ok
3560,3560,12680720,E,7120,12677160,2,1,ok
3561,3561,12680722,E,1,12677161,0,1,ok
3561,3561,12687842,E,7121,12684281,0,1,ok
3562,3562,12687844,E,0,12684282,1,1,ok
3562,3562,12694968,E,7124,12691406,1,1,ok
3563,3563,12694970,E,1,12691407,2,1,ok
3563,3563,12702094,E,7125,12698531,2,1,ok
3564,3564,12702096,E,0,12698532,0,1,ok
3564,3564,12709224,E,7128,12705660,0,1,ok
3565,3565,12709226,E,1,12705661,1,1,ok
3565,3565,12716354,E,7129,12712789,1,1,ok
3566,3566,12716356,E,0,12712790,2,1,ok
3566,3566,12723488,E,7132,12719922,2,1,ok
3567,3567,12723490,E,1,12719923,0,1,ok
3567,3567,12730622,E,7133,12727055,0,1,ok
3568,3568,12730624,E,0,12727056,1,1,ok
3568,3568,12737760,E,7136,12734192,1,1,ok
3569,3569,12737762,E,1,12734193,2,1,ok
3569,3569,12744898,E,7137,12741329,2,1,ok
3570,3570,12744900,E,0,12741330,0,1,ok
3570,3570,12752040,E,7140,12748470,0,1,ok
3571,3571,12752042,E,1,12748471,1,1,ok
3571,3571,12759182,E,7141,12755611,1,1,ok
3572,3572,12759184,E,0,12755612,2,1,ok
3572,3572,12766328,E,7144,12762756,2,1,ok
3573,3573,12766330,E,1,12762757,0,1,ok
3573,3573,12773474,E,7145,12769901,0,1,ok
3574,3574,12773476,E,0,12769902,1,1,ok
3574,3574,12780624,E,7148,12777050,1,1,ok
3575,3575,12780626,E,1,12777051,2,1,ok
3575,3575,12787774,E,7149,12784199,2,1,ok
3576,3576,12787776,E,0,12784200,0,1,ok
3576,3576,12794928,E,7152,12791352,0,1,ok
3577,3577,12794930,E,1,12791353,1,1,ok
3577,3577,12802082,E,7153,12798505,1,1,ok
3578,3578,12802084,E,0,12798506,2,1,ok
3578,3578,12809240,E,7156,12805662,2,1,ok
3579,3579,12809242,E,1,12805663,0,1,ok
3579,3579,12816398,E,7157,12812819,0,1,ok
3580,3580,12816400,E,0,12812820,1,1,ok
3580,3580,12823560,E,7160,12819980,1,1,ok
3581,3581,12823562,E,1,12819981,2,1,ok
3581,3581,12830722,E,7161,12827141,2,1,ok
3582,3582,12830724,E,0,12827142,0,1,ok
3582,3582,12837888,E,7164,12834306,0,1,ok
3583,3583,12837890,E,1,12834307,1,1,ok
3583,3583,12845054,E,7165,12841471,1,1,ok
3584,3584,12845056,E,0,12841472,2,1,ok
3584,3584,12852224,E,7168,12848640,2,1,ok
3585,3585,12852226,E,1,12848641,0,1,ok
3585,3585,12859394,E,7169,12855809,0,1,ok
3586,3586,12859396,E,0,12855810,1,1,ok
3586,3586,12866568,E,7172,12862982,1,1,ok
3587,3587,12866570,E,1,12862983,2,1,ok
3587,3587,12873742,E,7173,12870155,2,1,ok
3588,3588,12873744,E,0,12870156,0,1,ok
3588,3588,12880920,E,7176,12877332,0,1,ok
3589,3589,12880922,E,1,12877333,1,1,ok
3589,3589,12888098,E,7177,12884509,1,1,ok
3590,3590,12888100,E,0,12884510,2,1,ok
3590,3590,12895280,E,7180,12891690,2,1,ok
3591,3591,12895282,E,1,12891691,0,1,ok
3591,3591,12902462,E,7181,12898871,0,1,ok
3592,3592,12902464,E,0,12898872,1,1,ok
3592,3592,12909648,E,7184,12906056,1,1,ok
3593,3593,12909650,E,1,12906057,2,1,ok
3593,3593,12916834,E,7185,12913241,2,1,ok
3594,3594,12916836,E,0,12913242,0,1,ok
3594,3594,12924024,E,7188,12920430,0,1,ok
3595,3595,12924026,E,1,12920431,1,1,ok
3595,3595,12931214,E,7189,12927619,1,1,ok
3596,3596,12931216,E,0,12927620,2,1,ok
3596,3596,12938408,E,7192,12934812,2,1,ok
3597,3597,12938410,E,1,12934813,0,1,ok
3597,3597,12945602,E,7193,12942005,0,1,ok
3598,3598,12945604,E,0,12942006,1,1,ok
3598,3598,12952800,E,7196,12949202,1,1,ok
3599,3599,12952802,E,1,12949203,2,1,ok
3599,3599,12959998,E,7197,12956399,2,1,ok
3600,3600,12960000,E,0,12956400,0,1,ok
3600,3600,12967200,E,7200,12963600,0,1,ok
3601,3601,12967202,E,1,12963601,1,1,ok
3601,3601,12974402,E,7201,12970801,1,1,ok
3602,3602,12974404,E,0,12970802,2,1,ok
3602,3602,12981608,E,7204,12978006,2,1,ok
3602,3602,235,O,,-3367,2,1,ok
3603,3603,12981610,E,1,12978007,0,1,ok
3603,3603,12988814,E,7205,12985211,0,1,ok
3604,3604,12988816,E,0,12985212,1,1,ok
3604,3604,12996024,E,7208,12992420,1,1,ok
3605,3605,12996026,E,1,12992421,2,1,ok
3605,3605,13003234,E,7209,12999629,2,1,ok
3606,3606,13003236,E,0,12999630,0,1,ok
3606,3606,13010448,E,7212,13006842,0,1,ok
3607,3607,13010450,E,1,13006843,1,1,ok
3607,3607,13017662,E,7213,13014055,1,1,ok
3608,3608,13017664,E,0,13014056,2,1,ok
3608,3608,13024880,E,7216,13021272,2,1,ok
3609,3609,13024882,E,1,13021273,0,1,ok
3609,3609,13032098,E,7217,13028489,0,1,ok
3610,3610,13032100,E,0,13028490,1,1,ok
3610,3610,13039320,E,7220,13035710,1,1,ok
3611,3611,13039322,E,1,13035711,2,1,ok
3611,3611,13046542,E,7221,13042931,2,1,ok
3612,3612,13046544,E,0,13042932,0,1,ok
3612,3612,13053768,E,7224,13050156,0,1,ok
3613,3613,13053770,E,1,13050157,1,1,ok
3613,3613,13060994,E,7225,13057381,1,1,ok
3614,3614,13060996,E,0,13057382,2,1,ok
3614,3614,13068224,E,7228,13064610,2,1,ok
3615,3615,13068226,E,1,13064611,0,1,ok
3615,3615,13075454,E,7229,13071839,0,1,ok
3616,3616,13075456,E,0,13071840,1,1,ok
3616,3616,13082688,E,7232,13079072,1,1,ok
3617,3617,13082690,E,1,13079073,2,1,ok
3617,3617,13089922,E,7233,13086305,2,1,ok
3618,3618,13089924,E,0,13086306,0,1,ok
3618,3618,13097160,E,7236,13093542,0,1,ok
3619,3619,13097162,E,1,13093543,1,1,ok
3619,3619,13104398,E,7237,13100779,1,1,ok
3620,3620,13104400,E,0,13100780,2,1,ok
3620,3620,13111640,E,7240,13108020,2,1,ok
3621,3621,13111642,E,1,13108021,0,1,ok
3621,3621,13118882,E,7241,13115261,0,1,ok
3622,3622,13118884,E,0,13115262,1,1,ok
3622,3622,13126128,E,7244,13122506,1,1,ok
3623,3623,13126130,E,1,13122507,2,1,ok
3623,3623,13133374,E,7245,13129751,2,1,ok
3624,3624,13133376,E,0,13129752,0,1,ok
3624,3624,13140624,E,7248,13137000,0,1,ok
3625,3625,13140626,E,1,13137001,1,1,ok
3625,3625,13147874,E,7249,13144249,1,1,ok
3626,3626,13147876,E,0,13144250,2,1,ok
3626,3626,13155128,E,7252,13151502,2,1,ok
3627,3627,13155130,E,1,13151503,0,1,ok
3627,3627,13162382,E,7253,13158755,0,1,ok
3628,3628,13162384,E,0,13158756,1,1,ok
3628,3628,13169640,E,7256,13166012,1,1,ok
3629,3629,13169642,E,1,13166013,2,1,ok
3629,3629,13176898,E,7257,13173269,2,1,ok
3630,3630,13176900,E,0,13173270,0,1,ok
3630,3630,13184160,E,7260,13180530,0,1,ok
3631,3631,13184162,E,1,13180531,1,1,ok
3631,3631,13191422,E,7261,13187791,1,1,ok
3632,3632,13191424,E,0,13187792,2,1,ok
3632,3632,13198688,E,7264,13195056,2,1,ok
3633,3633,13198690,E,1,13195057,0,1,ok
3633,3633,13205954,E,7265,13202321,0,1,ok
3634,3634,13205956,E,0,13202322,1,1,ok
3634,3634,13213224,E,7268,13209590,1,1,ok
3635,3635,13213226,E,1,13209591,2,1,ok
3635,3635,13220494,E,7269,13216859,2,1,ok
3636,3636,13220496,E,0,13216860,0,1,ok
3636,3636,13227768,E,7272,13224132,0,1,ok
3637,3637,13227770,E,1,13224133,1,1,ok
3637,3637,13235042,E,7273,13231405,1,1,ok
3638,3638,13235044,E,0,13231406,2,1,ok
3638,3638,13242320,E,7276,13238682,2,1,ok
3639,3639,13242322,E,1,13238683,0,1,ok
3639,3639,13249598,E,7277,13245959,0,1,ok
3640,3640,13249600,E,0,13245960,1,1,ok
3640,3640,13256880,E,7280,13253240,1,1,ok
3641,3641,13256882,E,1,13253241,2,1,ok
3641,3641,13264162,E,7281,13260521,2,1,ok
3642,3642,13264164,E,0,13260522,0,1,ok
3642,3642,13271448,E,7284,13267806,0,1,ok
3643,3643,13271450,E,1,13267807,1,1,ok
3643,3643,13278734,E,7285,13275091,1,1,ok
3644,3644,13278736,E,0,13275092,2,1,ok
3644,3644,13286024,E,7288,13282380,2,1,ok
3645,3645,13286026,E,1,13282381,0,1,ok
3645,3645,13293314,E,7289,13289669,0,1,ok
3646,3646,13293316,E,0,13289670,1,1,ok
3646,3646,13300608,E,7292,13296962,1,1,ok
3647,3647,13300610,E,1,13296963,2,1,ok
3647,3647,13307902,E,7293,13304255,2,1,ok
3648,3648,13307904,E,0,13304256,0,1,ok
3648,3648,13315200,E,7296,13311552,0,1,ok
3648,3648,237,O,,-3411,0,1,ok
3649,3649,13315202,E,1,13311553,1,1,ok
3649,3649,13322498,E,7297,13318849,1,1,ok
3650,3650,13322500,E,0,13318850,2,1,ok
3650,3650,13329800,E,7300,13326150,2,1,ok
3651,3651,13329802,E,1,13326151,0,1,ok
3651,3651,13337102,E,7301,13333451,0,1,ok
3652,3652,13337104,E,0,13333452,1,1,ok
3652,3652,13344408,E,7304,13340756,1,1,ok
3653,3653,13344410,E,1,13340757,2,1,ok
3653,3653,13351714,E,7305,13348061,2,1,ok
3654,3654,13351716,E,0,13348062,0,1,ok
3654,3654,13359024,E,7308,13355370,0,1,ok
3655,3655,13359026,E,1,13355371,1,1,ok
3655,3655,13366334,E,7309,13362679,1,1,ok
3656,3656,13366336,E,0,13362680,2,1,ok
3656,3656,13373648,E,7312,13369992,2,1,ok
3657,3657,13373650,E,1,13369993,0,1,ok
3657,3657,13380962,E,7313,13377305,0,1,ok
3658,3658,13380964,E,0,13377306,1,1,ok
3658,3658,13388280,E,7316,13384622,1,1,ok
3659,3659,13388282,E,1,13384623,2,1,ok
3659,3659,13395598,E,7317,13391939,2,1,ok
3660,3660,13395600,E,0,13391940,0,1,ok
3660,3660,13402920,E,7320,13399260,0,1,ok
3661,3661,13402922,E,1,13399261,1,1,ok
3661,3661,13410242,E,7321,13406581,1,1,ok
3662,3662,13410244,E,0,13406582,2,1,ok
3662,3662,13417568,E,7324,13413906,2,1,ok
3663,3663,13417570,E,1,13413907,0,1,ok
3663,3663,13424894,E,7325,13421231,0,1,ok
3664,3664,13424896,E,0,13421232,1,1,ok
3664,3664,13432224,E,7328,13428560,1,1,ok
3665,3665,13432226,E,1,13428561,2,1,ok
3665,3665,13439554,E,7329,13435889,2,1,ok
3666,3666,13439556,E,0,13435890,0,1,ok
3666,3666,13446888,E,7332,13443222,0,1,ok
3667,3667,13446890,E,1,13443223,1,1,ok
3667,3667,13454222,E,7333,13450555,1,1,ok
3668,3668,13454224,E,0,13450556,2,1,ok
3668,3668,13461560,E,7336,13457892,2,1,ok
3669,3669,13461562,E,1,13457893,0,1,ok
3669,3669,13468898,E,7337,13465229,0,1,ok
3670,3670,13468900,E,0,13465230,1,1,ok
3670,3670,13476240,E,7340,13472570,1,1,ok
3671,3671,13476242,E,1,13472571,2,1,ok
3671,3671,13483582,E,7341,13479911,2,1,ok
3672,3672,13483584,E,0,13479912,0,1,ok
3672,3672,13490928,E,7344,13487256,0,1,ok
3673,3673,13490930,E,1,13487257,1,1,ok
3673,3673,13498274,E,7345,13494601,1,1,ok
3674,3674,13498276,E,0,13494602,2,1,ok
3674,3674,13505624,E,7348,13501950,2,1,ok
3675,3675,13505626,E,1,13501951,0,1,ok
3675,3675,13512974,E,7349,13509299,0,1,ok
3676,3676,13512976,E,0,13509300,1,1,ok
3676,3676,13520328,E,7352,13516652,1,1,ok
3677,3677,13520330,E,1,13516653,2,1,ok
3677,3677,13527682,E,7353,13524005,2,1,ok
3678,3678,13527684,E,0,13524006,0,1,ok
3678,3678,13535040,E,7356,13531362,0,1,ok
3679,3679,13535042,E,1,13531363,1,1,ok
3679,3679,13542398,E,7357,13538719,1,1,ok
3680,3680,13542400,E,0,13538720,2,1,ok
3680,3680,13549760,E,7360,13546080,2,1,ok
3681,3681,13549762,E,1,13546081,0,1,ok
3681,3681,13557122,E,7361,13553441,0,1,ok
3682,3682,13557124,E,0,13553442,1,1,ok
3682,3682,13564488,E,7364,13560806,1,1,ok
3683,3683,13564490,E,1,13560807,2,1,ok
3683,3683,13571854,E,7365,13568171,2,1,ok
3684,3684,13571856,E,0,13568172,0,1,ok
3684,3684,13579224,E,7368,13575540,0,1,ok
3685,3685,13579226,E,1,13575541,1,1,ok
3685,3685,13586594,E,7369,13582909,1,1,ok
3686,3686,13586596,E,0,13582910,2,1,ok
3686,3686,13593968,E,7372,13590282,2,1,ok
3687,3687,13593970,E,1,13590283,0,1,ok
3687,3687,13601342,E,7373,13597655,0,1,ok
3688,3688,13601344,E,0,13597656,1,1,ok
3688,3688,13608720,E,7376,13605032,1,1,ok
3689,3689,13608722,E,1,13605033,2,1,ok
3689,3689,13616098,E,7377,13612409,2,1,ok
3690,3690,13616100,E,0,13612410,0,1,ok
3690,3690,13623480,E,7380,13619790,0,1,ok
3691,3691,13623482,E,1,13619791,1,1,ok
3691,3691,13630862,E,7381,13627171,1,1,ok
3692,3692,13630864,E,0,13627172,2,1,ok
3692,3692,13638248,E,7384,13634556,2,1,ok
3693,3693,13638250,E,1,13634557,0,1,ok
3693,3693,13645634,E,7385,13641941,0,1,ok
3694,3694,13645636,E,0,13641942,1,1,ok
3694,3694,13653024,E,7388,13649330,1,1,ok
3694,3694,239,O,,-3455,1,1,ok
3695,3695,13653026,E,1,13649331,2,1,ok
3695,3695,13660414,E,7389,13656719,2,1,ok
3696,3696,13660416,E,0,13656720,0,1,ok
3696,3696,13667808,E,7392,13664112,0,1,ok
3697,3697,13667810,E,1,13664113,1,1,ok
3697,3697,13675202,E,7393,13671505,1,1,ok
3698,3698,13675204,E,0,13671506,2,1,ok
3698,3698,13682600,E,7396,13678902,2,1,ok
3699,3699,13682602,E,1,13678903,0,1,ok
3699,3699,13689998,E,7397,13686299,0,1,ok
3700,3700,13690000,E,0,13686300,1,1,ok
3700,3700,13697400,E,7400,13693700,1,1,ok
3701,3701,13697402,E,1,13693701,2,1,ok
3701,3701,13704802,E,7401,13701101,2,1,ok
3702,3702,13704804,E,0,13701102,0,1,ok
3702,3702,13712208,E,7404,13708506,0,1,ok
3703,3703,13712210,E,1,13708507,1,1,ok
3703,3703,13719614,E,7405,13715911,1,1,ok
3704,3704,13719616,E,0,13715912,2,1,ok
3704,3704,13727024,E,7408,13723320,2,1,ok
3705,3705,13727026,E,1,13723321,0,1,ok
3705,3705,13734434,E,7409,13730729,0,1,ok
3706,3706,13734436,E,0,13730730,1,1,ok
3706,3706,13741848,E,7412,13738142,1,1,ok
3707,3707,13741850,E,1,13738143,2,1,ok
3707,3707,13749262,E,7413,13745555,2,1,ok
3708,3708,13749264,E,0,13745556,0,1,ok
3708,3708,13756680,E,7416,13752972,0,1,ok
3709,3709,13756682,E,1,13752973,1,1,ok
3709,3709,13764098,E,7417,13760389,1,1,ok
3710,3710,13764100,E,0,13760390,2,1,ok
3710,3710,13771520,E,7420,13767810,2,1,ok
3711,3711,13771522,E,1,13767811,0,1,ok
3711,3711,13778942,E,7421,13775231,0,1,ok
3712,3712,13778944,E,0,13775232,1,1,ok
3712,3712,13786368,E,7424,13782656,1,1,ok
3713,3713,13786370,E,1,13782657,2,1,ok
3713,3713,13793794,E,7425,13790081,2,1,ok
3714,3714,13793796,E,0,13790082,0,1,ok
3714,3714,13801224,E,7428,13797510,0,1,ok
3715,3715,13801226,E,1,13797511,1,1,ok
3715,3715,13808654,E,7429,13804939,1,1,ok
3716,3716,13808656,E,0,13804940,2,1,ok
3716,3716,13816088,E,7432,13812372,2,1,ok
3717,3717,13816090,E,1,13812373,0,1,ok
3717,3717,13823522,E,7433,13819805,0,1,ok
3718,3718,13823524,E,0,13819806,1,1,ok
3718,3718,13830960,E,7436,13827242,1,1,ok
3719,3719,13830962,E,1,13827243,2,1,ok
3719,3719,13838398,E,7437,13834679,2,1,ok
3720,3720,13838400,E,0,13834680,0,1,ok
3720,3720,13845840,E,7440,13842120,0,1,ok
3721,3721,13845842,E,1,13842121,1,1,ok
3721,3721,13853282,E,7441,13849561,1,1,ok
3722,3722,13853284,E,0,13849562,2,1,ok
3722,3722,13860728,E,7444,13857006,2,1,ok
3723,3723,13860730,E,1,13857007,0,1,ok
3723,3723,13868174,E,7445,13864451,0,1,ok
3724,3724,13868176,E,0,13864452,1,1,ok
3724,3724,13875624,E,7448,13871900,1,1,ok
3725,3725,13875626,E,1,13871901,2,1,ok
3725,3725,13883074,E,7449,13879349,2,1,ok
3726,3726,13883076,E,0,13879350,0,1,ok
3726,3726,13890528,E,7452,13886802,0,1,ok
3727,3727,13890530,E,1,13886803,1,1,ok
3727,3727,13897982,E,7453,13894255,1,1,ok
3728,3728,13897984,E,0,13894256,2,1,ok
3728,3728,13905440,E,7456,13901712,2,1,ok
3729,3729,13905442,E,1,13901713,0,1,ok
3729,3729,13912898,E,7457,13909169,0,1,ok
3730,3730,13912900,E,0,13909170,1,1,ok
3730,3730,13920360,E,7460,13916630,1,1,ok
3731,3731,13920362,E,1,13916631,2,1,ok
3731,3731,13927822,E,7461,13924091,2,1,ok
3732,3732,13927824,E,0,13924092,0,1,ok
3732,3732,13935288,E,7464,13931556,0,1,ok
3733,3733,13935290,E,1,13931557,1,1,ok
3733,3733,13942754,E,7465,13939021,1,1,ok
3734,3734,13942756,E,0,13939022,2,1,ok
3734,3734,13950224,E,7468,13946490,2,1,ok
3735,3735,13950226,E,1,13946491,0,1,ok
3735,3735,13957694,E,7469,13953959,0,1,ok
3736,3736,13957696,E,0,13953960,1,1,ok
3736,3736,13965168,E,7472,13961432,1,1,ok
3737,3737,13965170,E,1,13961433,2,1,ok
3737,3737,13972642,E,7473,13968905,2,1,ok
3738,3738,13972644,E,0,13968906,0,1,ok
3738,3738,13980120,E,7476,13976382,0,1,ok
3739,3739,13980122,E,1,13976383,1,1,ok
3739,3739,13987598,E,7477,13983859,1,1,ok
3740,3740,13987600,E,0,13983860,2,1,ok
3740,3740,13995080,E,7480,13991340,2,1,ok
3741,3741,13995082,E,1,13991341,0,1,ok
3741,3741,14002562,E,7481,13998821,0,1,ok
3741,3741,241,O,,-3500,0,1,ok
3742,3742,14002564,E,0,13998822,1,1,ok
3742,3742,14010048,E,7484,14006306,1,1,ok
3743,3743,14010050,E,1,14006307,2,1,ok
3743,3743,14017534,E,7485,14013791,2,1,ok
3744,3744,14017536,E,0,14013792,0,1,ok
3744,3744,14025024,E,7488,14021280,0,1,ok
3745,3745,14025026,E,1,14021281,1,1,ok
3745,3745,14032514,E,7489,14028769,1,1,ok
3746,3746,14032516,E,0,14028770,2,1,ok
3746,3746,14040008,E,7492,14036262,2,1,ok
3747,3747,14040010,E,1,14036263,0,1,ok
3747,3747,14047502,E,7493,14043755,0,1,ok
3748,3748,14047504,E,0,14043756,1,1,ok
3748,3748,14055000,E,7496,14051252,1,1,ok
3749,3749,14055002,E,1,14051253,2,1,ok
3749,3749,14062498,E,7497,14058749,2,1,ok
3750,3750,14062500,E,0,14058750,0,1,ok
3750,3750,14070000,E,7500,14066250,0,1,ok
3751,3751,14070002,E,1,14066251,1,1,ok
3751,3751,14077502,E,7501,14073751,1,1,ok
3752,3752,14077504,E,0,14073752,2,1,ok
3752,3752,14085008,E,7504,14081256,2,1,ok
3753,3753,14085010,E,1,14081257,0,1,ok
3753,3753,14092514,E,7505,14088761,0,1,ok
3754,3754,14092516,E,0,14088762,1,1,ok
3754,3754,14100024,E,7508,14096270,1,1,ok
3755,3755,14100026,E,1,14096271,2,1,ok
3755,3755,14107534,E,7509,14103779,2,1,ok
3756,3756,14107536,E,0,14103780,0,1,ok
3756,3756,14115048,E,7512,14111292,0,1,ok
3757,3757,14115050,E,1,14111293,1,1,ok
3757,3757,14122562,E,7513,14118805,1,1,ok
3758,3758,14122564,E,0,14118806,2,1,ok
3758,3758,14130080,E,7516,14126322,2,1,ok
3759,3759,14130082,E,1,14126323,0,1,ok
3759,3759,14137598,E,7517,14133839,0,1,ok
3760,3760,14137600,E,0,14133840,1,1,ok
3760,3760,14145120,E,7520,14141360,1,1,ok
3761,3761,14145122,E,1,14141361,2,1,ok
3761,3761,14152642,E,7521,14148881,2,1,ok
3762,3762,14152644,E,0,14148882,0,1,ok
3762,3762,14160168,E,7524,14156406,0,1,ok
3763,3763,14160170,E,1,14156407,1,1,ok
3763,3763,14167694,E,7525,14163931,1,1,ok
3764,3764,14167696,E,0,14163932,2,1,ok
3764,3764,14175224,E,7528,14171460,2,1,ok
3765,3765,14175226,E,1,14171461,0,1,ok
3765,3765,14182754,E,7529,14178989,0,1,ok
3766,3766,14182756,E,0,14178990,1,1,ok
3766,3766,14190288,E,7532,14186522,1,1,ok
3767,3767,14190290,E,1,14186523,2,1,ok
3767,3767,14197822,E,7533,14194055,2,1,ok
3768,3768,14197824,E,0,14194056,0,1,ok
3768,3768,14205360,E,7536,14201592,0,1,ok
3769,3769,14205362,E,1,14201593,1,1,ok
3769,3769,14212898,E,7537,14209129,1,1,ok
3770,3770,14212900,E,0,14209130,2,1,ok
3770,3770,14220440,E,7540,14216670,2,1,ok
3771,3771,14220442,E,1,14216671,0,1,ok
3771,3771,14227982,E,7541,14224211,0,1,ok
3772,3772,14227984,E,0,14224212,1,1,ok
3772,3772,14235528,E,7544,14231756,1,1,ok
3773,3773,14235530,E,1,14231757,2,1,ok
3773,3773,14243074,E,7545,14239301,2,1,ok
3774,3774,14243076,E,0,14239302,0,1,ok
3774,3774,14250624,E,7548,14246850,0,1,ok
3775,3775,14250626,E,1,14246851,1,1,ok
3775,3775,14258174,E,7549,14254399,1,1,ok
3776,3776,14258176,E,0,14254400,2,1,ok
3776,3776,14265728,E,7552,14261952,2,1,ok
3777,3777,14265730,E,1,14261953,0,1,ok
3777,3777,14273282,E,7553,14269505,0,1,ok
3778,3778,14273284,E,0,14269506,1,1,ok
3778,3778,14280840,E,7556,14277062,1,1,ok
3779,3779,14280842,E,1,14277063,2,1,ok
3779,3779,14288398,E,7557,14284619,2,1,ok
3780,3780,14288400,E,0,14284620,0,1,ok
3780,3780,14295960,E,7560,14292180,0,1,ok
3781,3781,14295962,E,1,14292181,1,1,ok
3781,3781,14303522,E,7561,14299741,1,1,ok
3782,3782,14303524,E,0,14299742,2,1,ok
3782,3782,14311088,E,7564,14307306,2,1,ok
3783,3783,14311090,E,1,14307307,0,1,ok
3783,3783,14318654,E,7565,14314871,0,1,ok
3784,3784,14318656,E,0,14314872,1,1,ok
3784,3784,14326224,E,7568,14322440,1,1,ok
3785,3785,14326226,E,1,14322441,2,1,ok
3785,3785,14333794,E,7569,14330009,2,1,ok
3786,3786,14333796,E,0,14330010,0,1,ok
3786,3786,14341368,E,7572,14337582,0,1,ok
3787,3787,14341370,E,1,14337583,1,1,ok
3787,3787,14348942,E,7573,14345155,1,1,ok
3787,3787,243,O,,-3544,1,1,ok
3788,3788,14348944,E,0,14345156,2,1,ok
3788,3788,14356520,E,7576,14352732,2,1,ok
3789,3789,14356522,E,1,14352733,0,1,ok
3789,3789,14364098,E,7577,14360309,0,1,ok
3790,3790,14364100,E,0,14360310,1,1,ok
3790,3790,14371680,E,7580,14367890,1,1,ok
3791,3791,14371682,E,1,14367891,2,1,ok
3791,3791,14379262,E,7581,14375471,2,1,ok
3792,3792,14379264,E,0,14375472,0,1,ok
3792,3792,14386848,E,7584,14383056,0,1,ok
3793,3793,14386850,E,1,14383057,1,1,ok
3793,3793,14394434,E,7585,14390641,1,1,ok
3794,3794,14394436,E,0,14390642,2,1,ok
3794,3794,14402024,E,7588,14398230,2,1,ok
3795,3795,14402026,E,1,14398231,0,1,ok
3795,3795,14409614,E,7589,14405819,0,1,ok
3796,3796,14409616,E,0,14405820,1,1,ok
3796,3796,14417208,E,7592,14413412,1,1,ok
3797,3797,14417210,E,1,14413413,2,1,ok
3797,3797,14424802,E,7593,14421005,2,1,ok
3798,3798,14424804,E,0,14421006,0,1,ok
3798,3798,14432400,E,7596,14428602,0,1,ok
3799,3799,14432402,E,1,14428603,1,1,ok
3799,3799,14439998,E,7597,14436199,1,1,ok
3800,3800,14440000,E,0,14436200,2,1,ok
3800,3800,14447600,E,7600,14443800,2,1,ok
3801,3801,14447602,E,1,14443801,0,1,ok
3801,3801,14455202,E,7601,14451401,0,1,ok
3802,3802,14455204,E,0,14451402,1,1,ok
3802,3802,14462808,E,7604,14459006,1,1,ok
3803,3803,14462810,E,1,14459007,2,1,ok
3803,3803,14470414,E,7605,14466611,2,1,ok
3804,3804,14470416,E,0,14466612,0,1,ok
3804,3804,14478024,E,7608,14474220,0,1,ok
3805,3805,14478026,E,1,14474221,1,1,ok
3805,3805,14485634,E,7609,14481829,1,1,ok
3806,3806,14485636,E,0,14481830,2,1,ok
3806,3806,14493248,E,7612,14489442,2,1,ok
3807,3807,14493250,E,1,14489443,0,1,ok
3807,3807,14500862,E,7613,14497055,0,1,ok
3808,3808,14500864,E,0,14497056,1,1,ok
3808,3808,14508480,E,7616,14504672,1,1,ok
3809,3809,14508482,E,1,14504673,2,1,ok
3809,3809,14516098,E,7617,14512289,2,1,ok
3810,3810,14516100,E,0,14512290,0,1,ok
3810,3810,14523720,E,7620,14519910,0,1,ok
3811,3811,14523722,E,1,14519911,1,1,ok
3811,3811,14531342,E,7621,14527531,1,1,ok
3812,3812,14531344,E,0,14527532,2,1,ok
3812,3812,14538968,E,7624,14535156,2,1,ok
3813,3813,14538970,E,1,14535157,0,1,ok
3813,3813,14546594,E,7625,14542781,0,1,ok
3814,3814,14546596,E,0,14542782,1,1,ok
3814,3814,14554224,E,7628,14550410,1,1,ok
3815,3815,14554226,E,1,14550411,2,1,ok
3815,3815,14561854,E,7629,14558039,2,1,ok
3816,3816,14561856,E,0,14558040,0,1,ok
3816,3816,14569488,E,7632,14565672,0,1,ok
3817,3817,14569490,E,1,14565673,1,1,ok
3817,3817,14577122,E,7633,14573305,1,1,ok
3818,3818,14577124,E,0,14573306,2,1,ok
3818,3818,14584760,E,7636,14580942,2,1,ok
3819,3819,14584762,E,1,14580943,0,1,ok
3819,3819,14592398,E,7637,14588579,0,1,ok
3820,3820,14592400,E,0,14588580,1,1,ok
3820,3820,14600040,E,7640,14596220,1,1,ok
3821,3821,14600042,E,1,14596221,2,1,ok
3821,3821,14607682,E,7641,14603861,2,1,ok
3822,3822,14607684,E,0,14603862,0,1,ok
3822,3822,14615328,E,7644,14611506,0,1,ok
3823,3823,14615330,E,1,14611507,1,1,ok
3823,3823,14622974,E,7645,14619151,1,1,ok
3824,3824,14622976,E,0,14619152,2,1,ok
3824,3824,14630624,E,7648,14626800,2,1,ok
3825,3825,14630626,E,1,14626801,0,1,ok
3825,3825,14638274,E,7649,14634449,0,1,ok
3826,3826,14638276,E,0,14634450,1,1,ok
3826,3826,14645928,E,7652,14642102,1,1,ok
3827,3827,14645930,E,1,14642103,2,1,ok
3827,3827,14653582,E,7653,14649755,2,1,ok
3828,3828,14653584,E,0,14649756,0,1,ok
3828,3828,14661240,E,7656,14657412,0,1,ok
3829,3829,14661242,E,1,14657413,1,1,ok
3829,3829,14668898,E,7657,14665069,1,1,ok
3830,3830,14668900,E,0,14665070,2,1,ok
3830,3830,14676560,E,7660,14672730,2,1,ok
3831,3831,14676562,E,1,14672731,0,1,ok
3831,3831,14684222,E,7661,14680391,0,1,ok
3832,3832,14684224,E,0,14680392,1,1,ok
3832,3832,14691888,E,7664,14688056,1,1,ok
3833,3833,14691890,E,1,14688057,2,1,ok
3833,3833,14699554,E,7665,14695721,2,1,ok
3834,3834,14699556,E,0,14695722,0,1,ok
3834,3834,14707224,E,7668,14703390,0,1,ok
3834,3834,245,O,,-3589,0,1,ok
3835,3835,14707226,E,1,14703391,1,1,ok
3835,3835,14714894,E,7669,14711059,1,1,ok
3836,3836,14714896,E,0,14711060,2,1,ok
3836,3836,14722568,E,7672,14718732,2,1,ok
3837,3837,14722570,E,1,14718733,0,1,ok
3837,3837,14730242,E,7673,14726405,0,1,ok
3838,3838,14730244,E,0,14726406,1,1,ok
3838,3838,14737920,E,7676,14734082,1,1,ok
3839,3839,14737922,E,1,14734083,2,1,ok
3839,3839,14745598,E,7677,14741759,2,1,ok
3840,3840,14745600,E,0,14741760,0,1,ok
3840,3840,14753280,E,7680,14749440,0,1,ok
3841,3841,14753282,E,1,14749441,1,1,ok
3841,3841,14760962,E,7681,14757121,1,1,ok
3842,3842,14760964,E,0,14757122,2,1,ok
3842,3842,14768648,E,7684,14764806,2,1,ok
3843,3843,14768650,E,1,14764807,0,1,ok
3843,3843,14776334,E,7685,14772491,0,1,ok
3844,3844,14776336,E,0,14772492,1,1,ok
3844,3844,14784024,E,7688,14780180,1,1,ok
3845,3845,14784026,E,1,14780181,2,1,ok
3845,3845,14791714,E,7689,14787869,2,1,ok
3846,3846,14791716,E,0,14787870,0,1,ok
3846,3846,14799408,E,7692,14795562,0,1,ok
3847,3847,14799410,E,1,14795563,1,1,ok
3847,3847,14807102,E,7693,14803255,1,1,ok
3848,3848,14807104,E,0,14803256,2,1,ok
3848,3848,14814800,E,7696,14810952,2,1,ok
3849,3849,14814802,E,1,14810953,0,1,ok
3849,3849,14822498,E,7697,14818649,0,1,ok
3850,3850,14822500,E,0,14818650,1,1,ok
3850,3850,14830200,E,7700,14826350,1,1,ok
3851,3851,14830202,E,1,14826351,2,1,ok
3851,3851,14837902,E,7701,14834051,2,1,ok
3852,3852,14837904,E,0,14834052,0,1,ok
3852,3852,14845608,E,7704,14841756,0,1,ok
3853,3853,14845610,E,1,14841757,1,1,ok
3853,3853,14853314,E,7705,14849461,1,1,ok
3854,3854,14853316,E,0,14849462,2,1,ok
3854,3854,14861024,E,7708,14857170,2,1,ok
3855,3855,14861026,E,1,14857171,0,1,ok
3855,3855,14868734,E,7709,14864879,0,1,ok
3856,3856,14868736,E,0,14864880,1,1,ok
3856,3856,14876448,E,7712,14872592,1,1,ok
3857,3857,14876450,E,1,14872593,2,1,ok
3857,3857,14884162,E,7713,14880305,2,1,ok
3858,3858,14884164,E,0,14880306,0,1,ok
3858,3858,14891880,E,7716,14888022,0,1,ok
3859,3859,14891882,E,1,14888023,1,1,ok
3859,3859,14899598,E,7717,14895739,1,1,ok
3860,3860,14899600,E,0,14895740,2,1,ok
3860,3860,14907320,E,7720,14903460,2,1,ok
3861,3861,14907322,E,1,14903461,0,1,ok
3861,3861,14915042,E,7721,14911181,0,1,ok
3862,3862,14915044,E,0,14911182,1,1,ok
3862,3862,14922768,E,7724,14918906,1,1,ok
3863,3863,14922770,E,1,14918907,2,1,ok
3863,3863,14930494,E,7725,14926631,2,1,ok
3864,3864,14930496,E,0,14926632,0,1,ok
3864,3864,14938224,E,7728,14934360,0,1,ok
3865,3865,14938226,E,1,14934361,1,1,ok
3865,3865,14945954,E,7729,14942089,1,1,ok
3866,3866,14945956,E,0,14942090,2,1,ok
3866,3866,14953688,E,7732,14949822,2,1,ok
3867,3867,14953690,E,1,14949823,0,1,ok
3867,3867,14961422,E,7733,14957555,0,1,ok
3868,3868,14961424,E,0,14957556,1,1,ok
3868,3868,14969160,E,7736,14965292,1,1,ok
3869,3869,14969162,E,1,14965293,2,1,ok
3869,3869,14976898,E,7737,14973029,2,1,ok
3870,3870,14976900,E,0,14973030,0,1,ok
3870,3870,14984640,E,7740,14980770,0,1,ok
3871,3871,14984642,E,1,14980771,1,1,ok
3871,3871,14992382,E,7741,14988511,1,1,ok
3872,3872,14992384,E,0,14988512,2,1,ok
3872,3872,15000128,E,7744,14996256,2,1,ok
3873,3873,15000130,E,1,14996257,0,1,ok
3873,3873,15007874,E,7745,15004001,0,1,ok
3874,3874,15007876,E,0,15004002,1,1,ok
3874,3874,15015624,E,7748,15011750,1,1,ok
3875,3875,15015626,E,1,15011751,2,1,ok
3875,3875,15023374,E,7749,15019499,2,1,ok
3876,3876,15023376,E,0,15019500,0,1,ok
3876,3876,15031128,E,7752,15027252,0,1,ok
3877,3877,15031130,E,1,15027253,1,1,ok
3877,3877,15038882,E,7753,15035005,1,1,ok
3878,3878,15038884,E,0,15035006,2,1,ok
3878,3878,15046640,E,7756,15042762,2,1,ok
3879,3879,15046642,E,1,15042763,0,1,ok
3879,3879,15054398,E,7757,15050519,0,1,ok
3880,3880,15054400,E,0,15050520,1,1,ok
3880,3880,15062160,E,7760,15058280,1,1,ok
3881,3881,15062162,E,1,15058281,2,1,ok
3881,3881,15069922,E,7761,15066041,2,1,ok
3881,3881,247,O,,-3634,2,1,ok
3882,3882,15069924,E,0,15066042,0,1,ok
3882,3882,15077688,E,7764,15073806,0,1,ok
3883,3883,15077690,E,1,15073807,1,1,ok
3883,3883,15085454,E,7765,15081571,1,1,ok
3884,3884,15085456,E,0,15081572,2,1,ok
3884,3884,15093224,E,7768,15089340,2,1,ok
3885,3885,15093226,E,1,15089341,0,1,ok
3885,3885,15100994,E,7769,15097109,0,1,ok
3886,3886,15100996,E,0,15097110,1,1,ok
3886,3886,15108768,E,7772,15104882,1,1,ok
3887,3887,15108770,E,1,15104883,2,1,ok
3887,3887,15116542,E,7773,15112655,2,1,ok
3888,3888,15116544,E,0,15112656,0,1,ok
3888,3888,15124320,E,7776,15120432,0,1,ok
3889,3889,15124322,E,1,15120433,1,1,ok
3889,3889,15132098,E,7777,15128209,1,1,ok
3890,3890,15132100,E,0,15128210,2,1,ok
3890,3890,15139880,E,7780,15135990,2,1,ok
3891,3891,15139882,E,1,15135991,0,1,ok
3891,3891,15147662,E,7781,15143771,0,1,ok
3892,3892,15147664,E,0,15143772,1,1,ok
3892,3892,15155448,E,7784,15151556,1,1,ok
3893,3893,15155450,E,1,15151557,2,1,ok
3893,3893,15163234,E,7785,15159341,2,1,ok
3894,3894,15163236,E,0,15159342,0,1,ok
3894,3894,15171024,E,7788,15167130,0,1,ok
3895,3895,15171026,E,1,15167131,1,1,ok
3895,3895,15178814,E,7789,15174919,1,1,ok
3896,3896,15178816,E,0,15174920,2,1,ok
3896,3896,15186608,E,7792,15182712,2,1,ok
3897,3897,15186610,E,1,15182713,0,1,ok
3897,3897,15194402,E,7793,15190505,0,1,ok
3898,3898,15194404,E,0,15190506,1,1,ok
3898,3898,15202200,E,7796,15198302,1,1,ok
3899,3899,15202202,E,1,15198303,2,1,ok
3899,3899,15209998,E,7797,15206099,2,1,ok
3900,3900,15210000,E,0,15206100,0,1,ok
3900,3900,15217800,E,7800,15213900,0,1,ok
3901,3901,15217802,E,1,15213901,1,1,ok
3901,3901,15225602,E,7801,15221701,1,1,ok
3902,3902,15225604,E,0,15221702,2,1,ok
3902,3902,15233408,E,7804,15229506,2,1,ok
3903,3903,15233410,E,1,15229507,0,1,ok
3903,3903,15241214,E,7805,15237311,0,1,ok
3904,3904,15241216,E,0,15237312,1,1,ok
3904,3904,15249024,E,7808,15245120,1,1,ok
3905,3905,15249026,E,1,15245121,2,1,ok
3905,3905,15256834,E,7809,15252929,2,1,ok
3906,3906,15256836,E,0,15252930,0,1,ok
3906,3906,15264648,E,7812,15260742,0,1,ok
3907,3907,15264650,E,1,15260743,1,1,ok
3907,3907,15272462,E,7813,15268555,1,1,ok
3908,3908,15272464,E,0,15268556,2,1,ok
3908,3908,15280280,E,7816,15276372,2,1,ok
3909,3909,15280282,E,1,15276373,0,1,ok
3909,3909,15288098,E,7817,15284189,0,1,ok
3910,3910,15288100,E,0,15284190,1,1,ok
3910,3910,15295920,E,7820,15292010,1,1,ok
3911,3911,15295922,E,1,15292011,2,1,ok
3911,3911,15303742,E,7821,15299831,2,1,ok
3912,3912,15303744,E,0,15299832,0,1,ok
3912,3912,15311568,E,7824,15307656,0,1,ok
3913,3913,15311570,E,1,15307657,1,1,ok
3913,3913,15319394,E,7825,15315481,1,1,ok
3914,3914,15319396,E,0,15315482,2,1,ok
3914,3914,15327224,E,7828,15323310,2,1,ok
3915,3915,15327226,E,1,15323311,0,1,ok
3915,3915,15335054,E,7829,15331139,0,1,ok
3916,3916,15335056,E,0,15331140,1,1,ok
3916,3916,15342888,E,7832,15338972,1,1,ok
3917,3917,15342890,E,1,15338973,2,1,ok
3917,3917,15350722,E,7833,15346805,2,1,ok
3918,3918,15350724,E,0,15346806,0,1,ok
3918,3918,15358560,E,7836,15354642,0,1,ok
3919,3919,15358562,E,1,15354643,1,1,ok
3919,3919,15366398,E,7837,15362479,1,1,ok
3920,3920,15366400,E,0,15362480,2,1,ok
3920,3920,15374240,E,7840,15370320,2,1,ok
3921,3921,15374242,E,1,15370321,0,1,ok
3921,3921,15382082,E,7841,15378161,0,1,ok
3922,3922,15382084,E,0,15378162,1,1,ok
3922,3922,15389928,E,7844,15386006,1,1,ok
3923,3923,15389930,E,1,15386007,2,1,ok
3923,3923,15397774,E,7845,15393851,2,1,ok
3924,3924,15397776,E,0,15393852,0,1,ok
3924,3924,15405624,E,7848,15401700,0,1,ok
3925,3925,15405626,E,1,15401701,1,1,ok
3925,3925,15413474,E,7849,15409549,1,1,ok
3926,3926,15413476,E,0,15409550,2,1,ok
3926,3926,15421328,E,7852,15417402,2,1,ok
3927,3927,15421330,E,1,15417403,0,1,ok
3927,3927,15429182,E,7853,15425255,0,1,ok
3928,3928,15429184,E,0,15425256,1,1,ok
3928,3928,15437040,E,7856,15433112,1,1,ok
3929,3929,15437042,E,1,15433113,2,1,ok
3929,3929,15444898,E,7857,15440969,2,1,ok
3929,3929,249,O,,-3680,2,1,ok
3930,3930,15444900,E,0,15440970,0,1,ok
3930,3930,15452760,E,7860,15448830,0,1,ok
3931,3931,15452762,E,1,15448831,1,1,ok
3931,3931,15460622,E,7861,15456691,1,1,ok
3932,3932,15460624,E,0,15456692,2,1,ok
3932,3932,15468488,E,7864,15464556,2,1,ok
3933,3933,15468490,E,1,15464557,0,1,ok
3933,3933,15476354,E,7865,15472421,0,1,ok
3934,3934,15476356,E,0,15472422,1,1,ok
3934,3934,15484224,E,7868,15480290,1,1,ok
3935,3935,15484226,E,1,15480291,2,1,ok
3935,3935,15492094,E,7869,15488159,2,1,ok
3936,3936,15492096,E,0,15488160,0,1,ok
3936,3936,15499968,E,7872,15496032,0,1,ok
3937,3937,15499970,E,1,15496033,1,1,ok
3937,3937,15507842,E,7873,15503905,1,1,ok
3938,3938,15507844,E,0,15503906,2,1,ok
3938,3938,15515720,E,7876,15511782,2,1,ok
3939,3939,15515722,E,1,15511783,0,1,ok
3939,3939,15523598,E,7877,15519659,0,1,ok
3940,3940,15523600,E,0,15519660,1,1,ok
3940,3940,15531480,E,7880,15527540,1,1,ok
3941,3941,15531482,E,1,15527541,2,1,ok
3941,3941,15539362,E,7881,15535421,2,1,ok
3942,3942,15539364,E,0,15535422,0,1,ok
3942,3942,15547248,E,7884,15543306,0,1,ok
3943,3943,15547250,E,1,15543307,1,1,ok
3943,3943,15555134,E,7885,15551191,1,1,ok
3944,3944,15555136,E,0,15551192,2,1,ok
3944,3944,15563024,E,7888,15559080,2,1,ok
3945,3945,15563026,E,1,15559081,0,1,ok
3945,3945,15570914,E,7889,15566969,0,1,ok
3946,3946,15570916,E,0,15566970,1,1,ok
3946,3946,15578808,E,7892,15574862,1,1,ok
3947,3947,15578810,E,1,15574863,2,1,ok
3947,3947,15586702,E,7893,15582755,2,1,ok
3948,3948,15586704,E,0,15582756,0,1,ok
3948,3948,15594600,E,7896,15590652,0,1,ok
3949,3949,15594602,E,1,15590653,1,1,ok
3949,3949,15602498,E,7897,15598549,1,1,ok
3950,3950,15602500,E,0,15598550,2,1,ok
3950,3950,15610400,E,7900,15606450,2,1,ok
3951,3951,15610402,E,1,15606451,0,1,ok
3951,3951,15618302,E,7901,15614351,0,1,ok
3952,3952,15618304,E,0,15614352,1,1,ok
3952,3952,15626208,E,7904,15622256,1,1,ok
3953,3953,15626210,E,1,15622257,2,1,ok
3953,3953,15634114,E,7905,15630161,2,1,ok
3954,3954,15634116,E,0,15630162,0,1,ok
3954,3954,15642024,E,7908,15638070,0,1,ok
3955,3955,15642026,E,1,15638071,1,1,ok
3955,3955,15649934,E,7909,15645979,1,1,ok
3956,3956,15649936,E,0,15645980,2,1,ok
3956,3956,15657848,E,7912,15653892,2,1,ok
3957,3957,15657850,E,1,15653893,0,1,ok
3957,3957,15665762,E,7913,15661805,0,1,ok
3958,3958,15665764,E,0,15661806,1,1,ok
3958,3958,15673680,E,7916,15669722,1,1,ok
3959,3959,15673682,E,1,15669723,2,1,ok
3959,3959,15681598,E,7917,15677639,2,1,ok
3960,3960,15681600,E,0,15677640,0,1,ok
3960,3960,15689520,E,7920,15685560,0,1,ok
3961,3961,15689522,E,1,15685561,1,1,ok
3961,3961,15697442,E,7921,15693481,1,1,ok
3962,3962,15697444,E,0,15693482,2,1,ok
3962,3962,15705368,E,7924,15701406,2,1,ok
3963,3963,15705370,E,1,15701407,0,1,ok
3963,3963,15713294,E,7925,15709331,0,1,ok
3964,3964,15713296,E,0,15709332,1,1,ok
3964,3964,15721224,E,7928,15717260,1,1,ok
3965,3965,15721226,E,1,15717261,2,1,ok
3965,3965,15729154,E,7929,15725189,2,1,ok
3966,3966,15729156,E,0,15725190,0,1,ok
3966,3966,15737088,E,7932,15733122,0,1,ok
3967,3967,15737090,E,1,15733123,1,1,ok
3967,3967,15745022,E,7933,15741055,1,1,ok
3968,3968,15745024,E,0,15741056,2,1,ok
3968,3968,15752960,E,7936,15748992,2,1,ok
3969,3969,15752962,E,1,15748993,0,1,ok
3969,3969,15760898,E,7937,15756929,0,1,ok
3970,3970,15760900,E,0,15756930,1,1,ok
3970,3970,15768840,E,7940,15764870,1,1,ok
3971,3971,15768842,E,1,15764871,2,1,ok
3971,3971,15776782,E,7941,15772811,2,1,ok
3972,3972,15776784,E,0,15772812,0,1,ok
3972,3972,15784728,E,7944,15780756,0,1,ok
3973,3973,15784730,E,1,15780757,1,1,ok
3973,3973,15792674,E,7945,15788701,1,1,ok
3974,3974,15792676,E,0,15788702,2,1,ok
3974,3974,15800624,E,7948,15796650,2,1,ok
3975,3975,15800626,E,1,15796651,0,1,ok
3975,3975,15808574,E,7949,15804599,0,1,ok
3976,3976,15808576,E,0,15804600,1,1,ok
3976,3976,15816528,E,7952,15812552,1,1,ok
3976,3976,251,O,,-3725,1,1,ok
3977,3977,15816530,E,1,15812553,2,1,ok
3977,3977,15824482,E,7953,15820505,2,1,ok
3978,3978,15824484,E,0,15820506,0,1,ok
3978,3978,15832440,E,7956,15828462,0,1,ok
3979,3979,15832442,E,1,15828463,1,1,ok
3979,3979,15840398,E,7957,15836419,1,1,ok
3980,3980,15840400,E,0,15836420,2,1,ok
3980,3980,15848360,E,7960,15844380,2,1,ok
3981,3981,15848362,E,1,15844381,0,1,ok
3981,3981,15856322,E,7961,15852341,0,1,ok
3982,3982,15856324,E,0,15852342,1,1,ok
3982,3982,15864288,E,7964,15860306,1,1,ok
3983,3983,15864290,E,1,15860307,2,1,ok
3983,3983,15872254,E,7965,15868271,2,1,ok
3984,3984,15872256,E,0,15868272,0,1,ok
3984,3984,15880224,E,7968,15876240,0,1,ok
3985,3985,15880226,E,1,15876241,1,1,ok
3985,3985,15888194,E,7969,15884209,1,1,ok
3986,3986,15888196,E,0,15884210,2,1,ok
3986,3986,15896168,E,7972,15892182,2,1,ok
3987,3987,15896170,E,1,15892183,0,1,ok
3987,3987,15904142,E,7973,15900155,0,1,ok
3988,3988,15904144,E,0,15900156,1,1,ok
3988,3988,15912120,E,7976,15908132,1,1,ok
3989,3989,15912122,E,1,15908133,2,1,ok
3989,3989,15920098,E,7977,15916109,2,1,ok
3990,3990,15920100,E,0,15916110,0,1,ok
3990,3990,15928080,E,7980,15924090,0,1,ok
3991,3991,15928082,E,1,15924091,1,1,ok
3991,3991,15936062,E,7981,15932071,1,1,ok
3992,3992,15936064,E,0,15932072,2,1,ok
3992,3992,15944048,E,7984,15940056,2,1,ok
3993,3993,15944050,E,1,15940057,0,1,ok
3993,3993,15952034,E,7985,15948041,0,1,ok
3994,3994,15952036,E,0,15948042,1,1,ok
3994,3994,15960024,E,7988,15956030,1,1,ok
3995,3995,15960026,E,1,15956031,2,1,ok
3995,3995,15968014,E,7989,15964019,2,1,ok
3996,3996,15968016,E,0,15964020,0,1,ok
3996,3996,15976008,E,7992,15972012,0,1,ok
3997,3997,15976010,E,1,15972013,1,1,ok
3997,3997,15984002,E,7993,15980005,1,1,ok
3998,3998,15984004,E,0,15980006,2,1,ok
3998,3998,15992000,E,7996,15988002,2,1,ok
3999,3999,15992002,E,1,15988003,0,1,ok
3999,3999,15999998,E,7997,15995999,0,1,ok
4000,4000,16000000,E,0,15996000,1,1,ok
4000,4000,16008000,E,8000,16004000,1,1,ok
1,1,2,E,1,1,1,1,ok
1,2,4,E,0,2,2,2,ok
1,2,8,E,4,6,2,2,ok
1,4,16,E,0,12,1,3,ok
1,4,24,E,8,20,1,3,ok
1,6,36,E,0,30,0,3,ok
1,6,48,E,12,42,0,3,ok
1,8,64,E,0,56,2,3,ok
1,8,80,E,16,72,2,3,ok
1,16,256,E,0,240,1,4,ok
1,16,288,E,32,272,1,4,ok
1,18,7,O,,-11,0,4,ok
1,18,324,E,0,306,0,4,ok
1,18,360,E,36,342,0,4,ok
1,20,400,E,0,380,2,4,ok
1,20,440,E,40,420,2,4,ok
1,22,484,E,0,462,1,4,ok
1,22,528,E,44,506,1,4,ok
1,24,576,E,0,552,0,4,ok
1,24,624,E,48,600,0,4,ok
1,36,11,O,,-25,0,4,ok
1,36,1296,E,0,1260,0,4,ok
1,36,1368,E,72,1332,0,4,ok
1,38,1444,E,0,1406,2,4,ok
1,38,1520,E,76,1482,2,4,ok
1,40,1600,E,0,1560,1,4,ok
1,40,1680,E,80,1640,1,4,ok
1,42,1764,E,0,1722,0,4,ok
1,42,1848,E,84,1806,0,4,ok
1,44,1936,E,0,1892,2,4,ok
1,44,2024,E,88,1980,2,4,ok
1,46,13,O,,-33,1,4,ok
1,46,2116,E,0,2070,1,4,ok
1,46,2208,E,92,2162,1,4,ok
1,48,2304,E,0,2256,0,4,ok
1,48,2400,E,96,2352,0,4,ok
1,64,4096,E,0,4032,1,4,ok
1,64,4224,E,128,4160,1,4,ok
1,66,4356,E,0,4290,0,4,ok
1,66,4488,E,132,4422,0,4,ok
1,68,4624,E,0,4556,2,4,ok
1,68,4760,E,136,4692,2,4,ok
1,70,17,O,,-53,1,4,ok
1,70,4900,E,0,4830,1,4,ok
1,70,5040,E,140,4970,1,4,ok
1,72,5184,E,0,5112,0,4,ok
1,72,5328,E,144,5256,0,4,ok
1,74,5476,E,0,5402,2,4,ok
1,74,5624,E,148,5550,2,4,ok
1,76,5776,E,0,5700,1,4,ok
1,76,5928,E,152,5852,1,4,ok
1,78,6084,E,0,6006,0,4,ok
1,78,6240,E,156,6162,0,4,ok
1,80,6400,E,0,6320,2,4,ok
1,80,6560,E,160,6480,2,4,ok
1,256,65536,E,0,65280,1,5,ok
1,256,66048,E,512,65792,1,5,ok
1,258,66564,E,0,66306,0,5,ok
1,258,67080,E,516,66822,0,5,ok
1,260,67600,E,0,67340,2,5,ok
1,260,68120,E,520,67860,2,5,ok
1,262,41,O,,-221,1,5,ok
1,262,68644,E,0,68382,1,5,ok
1,262,69168,E,524,68906,1,5,ok
1,264,69696,E,0,69432,0,5,ok
1,264,70224,E,528,69960,0,5,ok
1,266,70756,E,0,70490,2,5,ok
1,266,71288,E,532,71022,2,5,ok
1,268,71824,E,0,71556,1,5,ok
1,268,72360,E,536,72092,1,5,ok
1,270,72900,E,0,72630,0,5,ok
1,270,73440,E,540,73170,0,5,ok
1,272,73984,E,0,73712,2,5,ok
1,272,74528,E,544,74256,2,5,ok
1,274,75076,E,0,74802,1,5,ok
1,274,75624,E,548,75350,1,5,ok
1,276,76176,E,0,75900,0,5,ok
1,276,76728,E,552,76452,0,5,ok
1,278,77284,E,0,77006,2,5,ok
1,278,77840,E,556,77562,2,5,ok
1,280,78400,E,0,78120,1,5,ok
1,280,78960,E,560,78680,1,5,ok
1,282,79524,E,0,79242,0,5,ok
1,282,80088,E,564,79806,0,5,ok
1,284,80656,E,0,80372,2,5,ok
1,284,81224,E,568,80940,2,5,ok
1,286,81796,E,0,81510,1,5,ok
1,286,82368,E,572,82082,1,5,ok
1,288,82944,E,0,82656,0,5,ok
1,288,83520,E,576,83232,0,5,ok
1,7,50,E,1,43,1,5,ok
1,7,62,E,13,55,1,5,ok
1,324,104976,E,0,104652,0,5,ok
1,324,105624,E,648,105300,0,5,ok
1,326,106276,E,0,105950,2,5,ok
1,326,106928,E,652,106602,2,5,ok
1,328,107584,E,0,107256,1,5,ok
1,328,108240,E,656,107912,1,5,ok
1,330,108900,E,0,108570,0,5,ok
1,330,109560,E,660,109230,0,5,ok
1,332,110224,E,0,109892,2,5,ok
1,332,110888,E,664,110556,2,5,ok
1,334,111556,E,0,111222,1,5,ok
1,334,112224,E,668,111890,1,5,ok
1,336,112896,E,0,112560,0,5,ok
1,336,113568,E,672,113232,0,5,ok
1,338,114244,E,0,113906,2,5,ok
1,338,114920,E,676,114582,2,5,ok
1,340,115600,E,0,115260,1,5,ok
1,340,116280,E,680,115940,1,5,ok
1,342,116964,E,0,116622,0,5,ok
1,342,117648,E,684,117306,0,5,ok
1,344,118336,E,0,117992,2,5,ok
1,344,119024,E,688,118680,2,5,ok
1,346,119716,E,0,119370,1,5,ok
1,346,120408,E,692,120062,1,5,ok
1,348,121104,E,0,120756,0,5,ok
1,348,121800,E,696,121452,0,5,ok
1,350,122500,E,0,122150,2,5,ok
1,350,123200,E,700,122850,2,5,ok
1,352,123904,E,0,123552,1,5,ok
1,352,124608,E,704,124256,1,5,ok
1,354,125316,E,0,124962,0,5,ok
1,354,126024,E,708,125670,0,5,ok
1,356,126736,E,0,126380,2,5,ok
1,356,127448,E,712,127092,2,5,ok
1,358,128164,E,0,127806,1,5,ok
1,358,128880,E,716,128522,1,5,ok
1,360,129600,E,0,129240,0,5,ok
1,360,130320,E,720,129960,0,5,ok
1,400,160000,E,0,159600,1,5,ok
1,400,160800,E,800,160400,1,5,ok
1,402,161604,E,0,161202,0,5,ok
1,402,162408,E,804,162006,0,5,ok
1,404,163216,E,0,162812,2,5,ok
1,404,164024,E,808,163620,2,5,ok
1,406,164836,E,0,164430,1,5,ok
1,406,165648,E,812,165242,1,5,ok
1,408,166464,E,0,166056,0,5,ok
1,408,167280,E,816,166872,0,5,ok
1,410,168100,E,0,167690,2,5,ok
1,410,168920,E,820,168510,2,5,ok
1,412,169744,E,0,169332,1,5,ok
1,412,170568,E,824,170156,1,5,ok
1,414,171396,E,0,170982,0,5,ok
1,414,172224,E,828,171810,0,5,ok
1,416,173056,E,0,172640,2,5,ok
1,416,173888,E,832,173472,2,5,ok
1,418,174724,E,0,174306,1,5,ok
1,418,175560,E,836,175142,1,5,ok
1,420,176400,E,0,175980,0,5,ok
1,420,177240,E,840,176820,0,5,ok
1,422,178084,E,0,177662,2,5,ok
1,422,178928,E,844,178506,2,5,ok
1,424,179776,E,0,179352,1,5,ok
1,424,180624,E,848,180200,1,5,ok
1,426,181476,E,0,181050,0,5,ok
1,426,182328,E,852,181902,0,5,ok
1,428,183184,E,0,182756,2,5,ok
1,428,184040,E,856,183612,2,5,ok
1,430,57,O,,-373,1,5,ok
1,430,184900,E,0,184470,1,5,ok
1,430,185760,E,860,185330,1,5,ok
1,432,186624,E,0,186192,0,5,ok
1,432,187488,E,864,187056,0,5,ok
1,434,188356,E,0,187922,2,5,ok
1,434,189224,E,868,188790,2,5,ok
1,436,190096,E,0,189660,1,5,ok
1,436,190968,E,872,190532,1,5,ok
1,438,191844,E,0,191406,0,5,ok
1,438,192720,E,876,192282,0,5,ok
1,440,193600,E,0,193160,2,5,ok
1,440,194480,E,880,194040,2,5,ok
1,484,234256,E,0,233772,1,5,ok
1,484,235224,E,968,234740,1,5,ok
1,486,236196,E,0,235710,0,5,ok
1,486,237168,E,972,236682,0,5,ok
1,488,238144,E,0,237656,2,5,ok
1,488,239120,E,976,238632,2,5,ok
1,490,240100,E,0,239610,1,5,ok
1,490,241080,E,980,240590,1,5,ok
1,492,242064,E,0,241572,0,5,ok
1,492,243048,E,984,242556,0,5,ok
1,494,244036,E,0,243542,2,5,ok
1,494,245024,E,988,244530,2,5,ok
1,496,246016,E,0,245520,1,5,ok
1,496,247008,E,992,246512,1,5,ok
1,498,248004,E,0,247506,0,5,ok
1,498,249000,E,996,248502,0,5,ok
1,500,63,O,,-437,2,5,ok
1,500,250000,E,0,249500,2,5,ok
1,500,251000,E,1000,250500,2,5,ok
1,502,252004,E,0,251502,1,5,ok
1,502,253008,E,1004,252506,1,5,ok
1,504,254016,E,0,253512,0,5,ok
1,504,255024,E,1008,254520,0,5,ok
1,506,256036,E,0,255530,2,5,ok
1,506,257048,E,1012,256542,2,5,ok
1,508,258064,E,0,257556,1,5,ok
1,508,259080,E,1016,258572,1,5,ok
1,510,260100,E,0,259590,0,5,ok
1,510,261120,E,1020,260610,0,5,ok
1,512,262144,E,0,261632,2,5,ok
1,512,263168,E,1024,262656,2,5,ok
1,514,264196,E,0,263682,1,5,ok
1,514,265224,E,1028,264710,1,5,ok
1,516,266256,E,0,265740,0,5,ok
1,516,267288,E,1032,266772,0,5,ok
1,518,268324,E,0,267806,2,5,ok
1,518,269360,E,1036,268842,2,5,ok
1,520,270400,E,0,269880,1,5,ok
1,520,271440,E,1040,270920,1,5,ok
1,522,272484,E,0,271962,0,5,ok
1,522,273528,E,1044,273006,0,5,ok
1,524,65,O,,-459,2,5,ok
1,524,274576,E,0,274052,2,5,ok
1,524,275624,E,1048,275100,2,5,ok
1,526,276676,E,0,276150,1,5,ok
1,526,277728,E,1052,277202,1,5,ok
1,528,278784,E,0,278256,0,5,ok
1,528,279840,E,1056,279312,0,5,ok
1,576,331776,E,0,331200,0,5,ok
1,576,332928,E,1152,332352,0,5,ok
1,578,334084,E,0,333506,2,5,ok
1,578,335240,E,1156,334662,2,5,ok
1,580,336400,E,0,335820,1,5,ok
1,580,337560,E,1160,336980,1,5,ok
1,582,338724,E,0,338142,0,5,ok
1,582,339888,E,1164,339306,0,5,ok
1,584,341056,E,0,340472,2,5,ok
1,584,342224,E,1168,341640,2,5,ok
1,586,343396,E,0,342810,1,5,ok
1,586,344568,E,1172,343982,1,5,ok
1,588,345744,E,0,345156,0,5,ok
1,588,346920,E,1176,346332,0,5,ok
1,590,348100,E,0,347510,2,5,ok
1,590,349280,E,1180,348690,2,5,ok
1,592,350464,E,0,349872,1,5,ok
1,592,351648,E,1184,351056,1,5,ok
1,594,352836,E,0,352242,0,5,ok
1,594,354024,E,1188,353430,0,5,ok
1,596,355216,E,0,354620,2,5,ok
1,596,356408,E,1192,355812,2,5,ok
1,598,71,O,,-527,1,5,ok
1,598,357604,E,0,357006,1,5,ok
1,598,358800,E,1196,358202,1,5,ok
1,600,360000,E,0,359400,0,5,ok
1,600,361200,E,1200,360600,0,5,ok
1,602,362404,E,0,361802,2,5,ok
1,602,363608,E,1204,363006,2,5,ok
1,604,364816,E,0,364212,1,5,ok
1,604,366024,E,1208,365420,1,5,ok
1,606,367236,E,0,366630,0,5,ok
1,606,368448,E,1212,367842,0,5,ok
1,608,369664,E,0,369056,2,5,ok
1,608,370880,E,1216,370272,2,5,ok
1,610,372100,E,0,371490,1,5,ok
1,610,373320,E,1220,372710,1,5,ok
1,612,374544,E,0,373932,0,5,ok
1,612,375768,E,1224,375156,0,5,ok
1,614,376996,E,0,376382,2,5,ok
1,614,378224,E,1228,377610,2,5,ok
1,616,379456,E,0,378840,1,5,ok
1,616,380688,E,1232,380072,1,5,ok
1,618,381924,E,0,381306,0,5,ok
1,618,383160,E,1236,382542,0,5,ok
1,620,384400,E,0,383780,2,5,ok
1,620,385640,E,1240,385020,2,5,ok
1,622,386884,E,0,386262,1,5,ok
1,622,388128,E,1244,387506,1,5,ok
1,624,389376,E,0,388752,0,5,ok
1,624,390624,E,1248,390000,0,5,ok
1,11,5,O,,-6,2,5,ok
1,11,122,E,1,111,2,5,ok
1,11,142,E,21,131,2,5,ok
1,1298,119,O,,-1179,2,5,ok
1,1364,123,O,,-1241,2,5,ok
1,1638,139,O,,-1499,0,5,ok
1,1674,141,O,,-1533,0,5,ok
1,1782,147,O,,-1635,0,5,ok
1,1818,149,O,,-1669,0,5,ok
1,2004,159,O,,-1845,0,5,ok
1,13,170,E,1,157,1,5,ok
1,13,194,E,25,181,1,5,ok
1,2158,167,O,,-1991,1,5,ok
1,2354,177,O,,-2177,2,5,ok
1,2394,179,O,,-2215,0,5,ok
1,4120,257,O,,-3863,1,5,ok
1,4168,259,O,,-3909,1,5,ok
1,4216,261,O,,-3955,1,5,ok
1,4362,267,O,,-4095,0,5,ok
1,4660,279,O,,-4381,1,5,ok
1,4710,281,O,,-4429,0,5,ok
1,4760,283,O,,-4477,2,5,ok
1,17,290,E,1,273,2,5,ok
1,17,322,E,33,305,2,5,ok
1,4964,291,O,,-4673,2,5,ok
1,5222,301,O,,-4921,2,5,ok
1,5274,303,O,,-4971,0,5,ok
1,5326,305,O,,-5021,1,5,ok
1,5484,311,O,,-5173,0,5,ok
1,5590,315,O,,-5275,1,5,ok
1,6186,337,O,,-5849,0,5,ok
1,6408,345,O,,-6063,0,5,ok
1,65626,1627,O,,-63999,1,6,ok
1,65868,1631,O,,-64237,0,6,ok
1,65990,1633,O,,-64357,2,6,ok
1,66718,1645,O,,-65073,1,6,ok
1,66840,1647,O,,-65193,0,6,ok
1,66962,1649,O,,-65313,2,6,ok
1,67694,1661,O,,-66033,2,6,ok
1,67816,1663,O,,-66153,1,6,ok
1,41,1682,E,1,1641,2,6,ok
1,41,1762,E,81,1721,2,6,ok
1,68798,1679,O,,-67119,2,6,ok
1,69044,1683,O,,-67361,2,6,ok
1,70030,1699,O,,-68331,1,6,ok
1,70154,1701,O,,-68453,2,6,ok
1,70774,1711,O,,-69063,1,6,ok
1,70898,1713,O,,-69185,2,6,ok
1,71022,1715,O,,-69307,0,6,ok
1,71146,1717,O,,-69429,1,6,ok
1,72018,1731,O,,-70287,0,6,ok
1,72268,1735,O,,-70533,1,6,ok
1,73270,1751,O,,-71519,1,6,ok
1,73396,1753,O,,-71643,1,6,ok
1,75288,1783,O,,-73505,0,6,ok
1,75414,1785,O,,-73629,0,6,ok
1,76176,1797,O,,-74379,0,6,ok
1,76558,1803,O,,-74755,1,6,ok
1,77324,1815,O,,-75509,2,6,ok
1,78734,1837,O,,-76897,2,6,ok
1,78862,1839,O,,-77023,1,6,ok
1,79636,1851,O,,-77785,1,6,ok
1,79894,1855,O,,-78039,1,6,ok
1,80670,1867,O,,-78803,0,6,ok
1,80800,1869,O,,-78931,1,6,ok
1,80930,1871,O,,-79059,2,6,ok
1,81060,1873,O,,-79187,0,6,ok
1,81840,1885,O,,-79955,0,6,ok
1,81970,1887,O,,-80083,1,6,ok
1,82100,1889,O,,-80211,2,6,ok
1,83146,1905,O,,-81241,1,6,ok
1,83408,1909,O,,-81499,2,6,ok
1,50,2500,E,0,2450,2,6,ok
1,50,2600,E,100,2550,2,6,ok
1,52,2704,E,0,2652,1,6,ok
1,52,2808,E,104,2756,1,6,ok
1,54,2916,E,0,2862,0,6,ok
1,54,3024,E,108,2970,0,6,ok
1,56,3136,E,0,3080,2,6,ok
1,56,3248,E,112,3192,2,6,ok
1,58,15,O,,-43,1,6,ok
1,58,3364,E,0,3306,1,6,ok
1,58,3480,E,116,3422,1,6,ok
1,60,3600,E,0,3540,0,6,ok
1,60,3720,E,120,3660,0,6,ok
1,62,3844,E,0,3782,2,6,ok
1,62,3968,E,124,3906,2,6,ok
1,105094,2227,O,,-102867,1,6,ok
1,105236,2229,O,,-103007,2,6,ok
1,106798,2251,O,,-104547,1,6,ok
1,107938,2267,O,,-105671,1,6,ok
1,108224,2271,O,,-105953,2,6,ok
1,108940,2281,O,,-106659,1,6,ok
1,109226,2285,O,,-106941,2,6,ok
1,109370,2287,O,,-107083,2,6,ok
1,110232,2299,O,,-107933,0,6,ok
1,110376,2301,O,,-108075,0,6,ok
1,110520,2303,O,,-108217,0,6,ok
1,110664,2305,O,,-108359,0,6,ok
1,110808,2307,O,,-108501,0,6,ok
1,111818,2321,O,,-109497,2,6,ok
1,111962,2323,O,,-109639,2,6,ok
1,112976,2337,O,,-110639,2,6,ok
1,113266,2341,O,,-110925,1,6,ok
1,114284,2355,O,,-111929,2,6,ok
1,116182,2381,O,,-113801,1,6,ok
1,117208,2395,O,,-114813,1,6,ok
1,117502,2399,O,,-115103,1,6,ok
1,118384,2411,O,,-115973,1,6,ok
1,118532,2413,O,,-116119,2,6,ok
1,118826,2417,O,,-116409,2,6,ok
1,118974,2419,O,,-116555,0,6,ok
1,119860,2431,O,,-117429,1,6,ok
1,120008,2433,O,,-117575,2,6,ok
1,120156,2435,O,,-117721,0,6,ok
1,120304,2437,O,,-117867,1,6,ok
1,121194,2449,O,,-118745,0,6,ok
1,121640,2455,O,,-119185,2,6,ok
1,121788,2457,O,,-119331,0,6,ok
1,122682,2469,O,,-120213,0,6,ok
1,122980,2473,O,,-120507,1,6,ok
1,124026,2487,O,,-121539,0,6,ok
1,125976,2513,O,,-123463,0,6,ok
1,127030,2527,O,,-124503,1,6,ok
1,127332,2531,O,,-124801,0,6,ok
1,128238,2543,O,,-125695,0,6,ok
1,128390,2545,O,,-125845,2,6,ok
1,128692,2549,O,,-126143,1,6,ok
1,128844,2551,O,,-126293,0,6,ok
1,129602,2561,O,,-127041,2,6,ok
1,129754,2563,O,,-127191,1,6,ok
1,129906,2565,O,,-127341,0,6,ok
1,130058,2567,O,,-127491,2,6,ok
1,130210,2569,O,,-127641,1,6,ok
1,160144,2949,O,,-157195,1,6,ok
1,160470,2953,O,,-157517,0,6,ok
1,160796,2957,O,,-157839,2,6,ok
1,161776,2969,O,,-158807,1,6,ok
1,163906,2995,O,,-160911,1,6,ok
1,164892,3007,O,,-161885,0,6,ok
1,165056,3009,O,,-162047,2,6,ok
1,165550,3015,O,,-162535,1,6,ok
1,166540,3027,O,,-163513,1,6,ok
1,166870,3031,O,,-163839,1,6,ok
1,167200,3035,O,,-164165,1,6,ok
1,168358,3049,O,,-165309,1,6,ok
1,168524,3051,O,,-165473,2,6,ok
1,168690,3053,O,,-165637,0,6,ok
1,168856,3055,O,,-165801,1,6,ok
1,170018,3069,O,,-166949,2,6,ok
1,170184,3071,O,,-167113,0,6,ok
1,170350,3073,O,,-167277,1,6,ok
1,170516,3075,O,,-167441,2,6,ok
1,171516,3087,O,,-168429,0,6,ok
1,171682,3089,O,,-168593,1,6,ok
1,172016,3093,O,,-168923,2,6,ok
1,173352,3109,O,,-170243,0,6,ok
1,173520,3111,O,,-170409,0,6,ok
1,173854,3115,O,,-170739,1,6,ok
1,174860,3127,O,,-171733,2,6,ok
1,175028,3129,O,,-171899,2,6,ok
1,175196,3131,O,,-172065,2,6,ok
1,175364,3133,O,,-172231,2,6,ok
1,175532,3135,O,,-172397,2,6,ok
1,176540,3147,O,,-173393,2,6,ok
1,177214,3155,O,,-174059,1,6,ok
1,178226,3167,O,,-175059,2,6,ok
1,178564,3171,O,,-175393,1,6,ok
1,178902,3175,O,,-175727,0,6,ok
1,180086,3189,O,,-176897,2,6,ok
1,180256,3191,O,,-177065,1,6,ok
1,183656,3231,O,,-180425,2,6,ok
1,183826,3233,O,,-180593,1,6,ok
1,57,3250,E,1,3193,0,6,ok
1,57,3362,E,113,3305,0,6,ok
1,185022,3247,O,,-181775,0,6,ok
1,185364,3251,O,,-182113,0,6,ok
1,185706,3255,O,,-182451,0,6,ok
1,186734,3267,O,,-183467,2,6,ok
1,187248,3273,O,,-183975,0,6,ok
1,187420,3275,O,,-184145,1,6,ok
1,190174,3307,O,,-186867,1,6,ok
1,190346,3309,O,,-187037,2,6,ok
1,190864,3315,O,,-187549,1,6,ok
1,192074,3329,O,,-188745,2,6,ok
1,192248,3331,O,,-188917,2,6,ok
1,192594,3335,O,,-189259,0,6,ok
1,193634,3347,O,,-190287,2,6,ok
1,193808,3349,O,,-190459,2,6,ok
1,193982,3351,O,,-190631,2,6,ok
1,234340,3801,O,,-230539,1,6,ok
1,234710,3805,O,,-230905,2,6,ok
1,235080,3809,O,,-231271,0,6,ok
1,236748,3827,O,,-232921,0,6,ok
1,236934,3829,O,,-233105,0,6,ok
1,237120,3831,O,,-233289,0,6,ok
1,240470,3867,O,,-236603,2,6,ok
1,240656,3869,O,,-236787,2,6,ok
1,241030,3873,O,,-237157,1,6,ok
1,242338,3887,O,,-238451,1,6,ok
1,242712,3891,O,,-238821,0,6,ok
1,244210,3907,O,,-240303,1,6,ok
1,244398,3909,O,,-240489,0,6,ok
1,244586,3911,O,,-240675,2,6,ok
1,246088,3927,O,,-242161,1,6,ok
1,246276,3929,O,,-242347,0,6,ok
1,246464,3931,O,,-242533,2,6,ok
1,246652,3933,O,,-242719,1,6,ok
1,246840,3935,O,,-242905,0,6,ok
1,248536,3953,O,,-244583,1,6,ok
1,63,3970,E,1,3907,0,6,ok
1,63,4094,E,125,4031,0,6,ok
1,250236,3971,O,,-246265,0,6,ok
1,250614,3975,O,,-246639,0,6,ok
1,250992,3979,O,,-247013,0,6,ok
1,252128,3991,O,,-248137,2,6,ok
1,252318,3993,O,,-248325,0,6,ok
1,252508,3995,O,,-248513,1,6,ok
1,254026,4011,O,,-250015,1,6,ok
1,254216,4013,O,,-250203,2,6,ok
1,254406,4015,O,,-250391,0,6,ok
1,254596,4017,O,,-250579,1,6,ok
1,254786,4019,O,,-250767,2,6,ok
1,256500,4037,O,,-252463,0,6,ok
1,258408,4057,O,,-254351,0,6,ok
1,258600,4059,O,,-254541,0,6,ok
1,258982,4063,O,,-254919,1,6,ok
1,260130,4075,O,,-256055,0,6,ok
1,260322,4077,O,,-256245,0,6,ok
1,260896,4083,O,,-256813,1,6,ok
1,261088,4085,O,,-257003,1,6,ok
1,262240,4097,O,,-258143,1,6,ok
1,262432,4099,O,,-258333,1,6,ok
1,262624,4101,O,,-258523,1,6,ok
1,262816,4103,O,,-258713,1,6,ok
1,263008,4105,O,,-258903,1,6,ok
1,264740,4123,O,,-260617,2,6,ok
1,264932,4125,O,,-260807,2,6,ok
1,266282,4139,O,,-262143,2,6,ok
1,266668,4143,O,,-262525,1,6,ok
1,266862,4145,O,,-262717,0,6,ok
1,267248,4149,O,,-263099,2,6,ok
1,268408,4161,O,,-264247,1,6,ok
1,268602,4163,O,,-264439,0,6,ok
1,270540,4183,O,,-266357,0,6,ok
1,270734,4185,O,,-266549,2,6,ok
1,270928,4187,O,,-266741,1,6,ok
1,271122,4189,O,,-266933,0,6,ok
1,271316,4191,O,,-267125,2,6,ok
1,273066,4209,O,,-268857,0,6,ok
1,65,4226,E,1,4161,2,6,ok
1,65,4354,E,129,4289,2,6,ok
1,274820,4227,O,,-270593,2,6,ok
1,275210,4231,O,,-270979,2,6,ok
1,275600,4235,O,,-271365,2,6,ok
1,276772,4247,O,,-272525,1,6,ok
1,276968,4249,O,,-272719,2,6,ok
1,278926,4269,O,,-274657,1,6,ok
1,279122,4271,O,,-274851,2,6,ok
1,279318,4273,O,,-275045,0,6,ok
1,279514,4275,O,,-275239,1,6,ok
1,279710,4277,O,,-275433,2,6,ok
1,331826,4793,O,,-327033,2,6,ok
1,332034,4795,O,,-327239,0,6,ok
1,332242,4797,O,,-327445,1,6,ok
1,334322,4817,O,,-329505,2,6,ok
1,334530,4819,O,,-329711,0,6,ok
1,334738,4821,O,,-329917,1,6,ok
1,334946,4823,O,,-330123,2,6,ok
1,336406,4837,O,,-331569,1,6,ok
1,336614,4839,O,,-331775,2,6,ok
1,337032,4843,O,,-332189,0,6,ok
1,337450,4847,O,,-332603,1,6,ok
1,339122,4863,O,,-334259,2,6,ok
1,339540,4867,O,,-334673,0,6,ok
1,339750,4869,O,,-334881,0,6,ok
1,341216,4883,O,,-336333,2,6,ok
1,341426,4885,O,,-336541,2,6,ok
1,345838,4927,O,,-340911,1,6,ok
1,346260,4931,O,,-341329,0,6,ok
1,346470,4933,O,,-341537,0,6,ok
1,346892,4937,O,,-341955,2,6,ok
1,348368,4951,O,,-343417,2,6,ok
1,348580,4953,O,,-343627,1,6,ok
1,349002,4957,O,,-344045,0,6,ok
1,351116,4977,O,,-346139,2,6,ok
1,351328,4979,O,,-346349,1,6,ok
1,351540,4981,O,,-346559,0,6,ok
1,355358,5017,O,,-350341,2,6,ok
1,355570,5019,O,,-350551,1,6,ok
1,356208,5025,O,,-351183,0,6,ok
1,71,5042,E,1,4971,2,6,ok
1,71,5182,E,141,5111,2,6,ok
1,357698,5039,O,,-352659,2,6,ok
1,358124,5043,O,,-353081,2,6,ok
1,358550,5047,O,,-353503,2,6,ok
1,360256,5063,O,,-355193,1,6,ok
1,360470,5065,O,,-355405,2,6,ok
1,361110,5071,O,,-356039,0,6,ok
1,364962,5107,O,,-359855,0,6,ok
1,365606,5113,O,,-360493,2,6,ok
1,365820,5115,O,,-360705,0,6,ok
1,367538,5131,O,,-362407,2,6,ok
1,367968,5135,O,,-362833,0,6,ok
1,368398,5139,O,,-363259,1,6,ok
1,370120,5155,O,,-364965,1,6,ok
1,370766,5161,O,,-365605,2,6,ok
1,372276,5175,O,,-367101,0,6,ok
1,372492,5177,O,,-367315,0,6,ok
1,372708,5179,O,,-367529,0,6,ok
1,372924,5181,O,,-367743,0,6,ok
1,373140,5183,O,,-367957,0,6,ok
1,374652,5197,O,,-369455,0,6,ok
1,375518,5205,O,,-370313,2,6,ok
1,375734,5207,O,,-370527,2,6,ok
1,377034,5219,O,,-371815,0,6,ok
1,377684,5225,O,,-372459,2,6,ok
1,378118,5229,O,,-372889,1,6,ok
1,379638,5243,O,,-374395,0,6,ok
1,380072,5247,O,,-374825,2,6,ok
1,382030,5265,O,,-376765,1,6,ok
1,385518,5297,O,,-380221,0,6,ok
1,387266,5313,O,,-381953,2,6,ok
1,387922,5319,O,,-382603,1,6,ok
1,389674,5335,O,,-384339,1,6,ok
1,390112,5339,O,,-384773,1,6,ok
1,5,3,O,,-2,2,6,ok
1,5,26,E,1,21,2,6,ok
1,5,34,E,9,29,2,6,ok
1,122,14884,E,0,14762,2,6,ok
1,122,15128,E,244,15006,2,6,ok
1,124,15376,E,0,15252,1,6,ok
1,124,15624,E,248,15500,1,6,ok
1,126,15876,E,0,15750,0,6,ok
1,126,16128,E,252,16002,0,6,ok
1,128,16384,E,0,16256,2,6,ok
1,128,16640,E,256,16512,2,6,ok
1,130,16900,E,0,16770,1,6,ok
1,130,17160,E,260,17030,1,6,ok
1,132,17424,E,0,17292,0,6,ok
1,132,17688,E,264,17556,0,6,ok
1,134,17956,E,0,17822,2,6,ok
1,134,18224,E,268,18090,2,6,ok
1,136,18496,E,0,18360,1,6,ok
1,136,18768,E,272,18632,1,6,ok
1,138,19044,E,0,18906,0,6,ok
1,138,19320,E,276,19182,0,6,ok
1,140,27,O,,-113,2,6,ok
1,140,19600,E,0,19460,2,6,ok
1,140,19880,E,280,19740,2,6,ok
1,142,20164,E,0,20022,1,6,ok
1,142,20448,E,284,20306,1,6,ok
1,119,14162,E,1,14043,2,6,ok
1,119,14398,E,237,14279,2,6,ok
1,123,15130,E,1,15007,0,6,ok
1,123,15374,E,245,15251,0,6,ok
1,139,19322,E,1,19183,1,6,ok
1,139,19598,E,277,19459,1,6,ok
1,141,19882,E,1,19741,0,6,ok
1,141,20162,E,281,20021,0,6,ok
1,147,21610,E,1,21463,0,6,ok
1,147,21902,E,293,21755,0,6,ok
1,149,22202,E,1,22053,2,6,ok
1,149,22498,E,297,22349,2,6,ok
1,159,25282,E,1,25123,0,6,ok
1,159,25598,E,317,25439,0,6,ok
1,170,28900,E,0,28730,2,6,ok
1,170,29240,E,340,29070,2,6,ok
1,172,31,O,,-141,1,6,ok
1,172,29584,E,0,29412,1,6,ok
1,172,29928,E,344,29756,1,6,ok
1,174,30276,E,0,30102,0,6,ok
1,174,30624,E,348,30450,0,6,ok
1,176,30976,E,0,30800,2,6,ok
1,176,31328,E,352,31152,2,6,ok
1,178,31684,E,0,31506,1,6,ok
1,178,32040,E,356,31862,1,6,ok
1,180,32400,E,0,32220,0,6,ok
1,180,32760,E,360,32580,0,6,ok
1,182,33124,E,0,32942,2,6,ok
1,182,33488,E,364,33306,2,6,ok
1,184,33856,E,0,33672,1,6,ok
1,184,34224,E,368,34040,1,6,ok
1,186,34596,E,0,34410,0,6,ok
1,186,34968,E,372,34782,0,6,ok
1,188,35344,E,0,35156,2,6,ok
1,188,35720,E,376,35532,2,6,ok
1,190,36100,E,0,35910,1,6,ok
1,190,36480,E,380,36290,1,6,ok
1,192,36864,E,0,36672,0,6,ok
1,192,37248,E,384,37056,0,6,ok
1,194,37636,E,0,37442,2,6,ok
1,194,38024,E,388,37830,2,6,ok
1,167,27890,E,1,27723,2,6,ok
1,167,28222,E,333,28055,2,6,ok
1,177,31330,E,1,31153,0,6,ok
1,177,31682,E,353,31505,0,6,ok
1,179,32042,E,1,31863,2,6,ok
1,179,32398,E,357,32219,2,6,ok
1,257,66050,E,1,65793,2,6,ok
1,257,66562,E,513,66305,2,6,ok
1,259,67082,E,1,66823,1,6,ok
1,259,67598,E,517,67339,1,6,ok
1,261,68122,E,1,67861,0,6,ok
1,261,68642,E,521,68381,0,6,ok
1,267,71290,E,1,71023,0,6,ok
1,267,71822,E,533,71555,0,6,ok
1,279,77842,E,1,77563,0,6,ok
1,279,78398,E,557,78119,0,6,ok
1,281,43,O,,-238,2,6,ok
1,281,78962,E,1,78681,2,6,ok
1,281,79522,E,561,79241,2,6,ok
1,283,80090,E,1,79807,1,6,ok
1,283,80654,E,565,80371,1,6,ok
1,290,84100,E,0,83810,2,6,ok
1,290,84680,E,580,84390,2,6,ok
1,292,85264,E,0,84972,1,6,ok
1,292,85848,E,584,85556,1,6,ok
1,294,86436,E,0,86142,0,6,ok
1,294,87024,E,588,86730,0,6,ok
1,296,87616,E,0,87320,2,6,ok
1,296,88208,E,592,87912,2,6,ok
1,298,88804,E,0,88506,1,6,ok
1,298,89400,E,596,89102,1,6,ok
1,300,90000,E,0,89700,0,6,ok
1,300,90600,E,600,90300,0,6,ok
1,302,91204,E,0,90902,2,6,ok
1,302,91808,E,604,91506,2,6,ok
1,304,92416,E,0,92112,1,6,ok
1,304,93024,E,608,92720,1,6,ok
1,306,93636,E,0,93330,0,6,ok
1,306,94248,E,612,93942,0,6,ok
1,308,94864,E,0,94556,2,6,ok
1,308,95480,E,616,95172,2,6,ok
1,310,96100,E,0,95790,1,6,ok
1,310,96720,E,620,96410,1,6,ok
1,312,97344,E,0,97032,0,6,ok
1,312,97968,E,624,97656,0,6,ok
1,314,98596,E,0,98282,2,6,ok
1,314,99224,E,628,98910,2,6,ok
1,316,99856,E,0,99540,1,6,ok
1,316,100488,E,632,100172,1,6,ok
1,318,101124,E,0,100806,0,6,ok
1,318,101760,E,636,101442,0,6,ok
1,320,102400,E,0,102080,2,6,ok
1,320,103040,E,640,102720,2,6,ok
1,322,47,O,,-275,1,6,ok
1,322,103684,E,0,103362,1,6,ok
1,322,104328,E,644,104006,1,6,ok
1,291,84682,E,1,84391,0,6,ok
1,291,85262,E,581,84971,0,6,ok
1,301,45,O,,-256,1,6,ok
1,301,90602,E,1,90301,1,6,ok
1,301,91202,E,601,90901,1,6,ok
1,303,91810,E,1,91507,0,6,ok
1,303,92414,E,605,92111,0,6,ok
1,305,93026,E,1,92721,2,6,ok
1,305,93634,E,609,93329,2,6,ok
1,311,96722,E,1,96411,2,6,ok
1,311,97342,E,621,97031,2,6,ok
1,315,99226,E,1,98911,0,6,ok
1,315,99854,E,629,99539,0,6,ok
1,337,113570,E,1,113233,1,6,ok
1,337,114242,E,673,113905,1,6,ok
1,345,119026,E,1,118681,0,6,ok
1,345,119714,E,689,119369,0,6,ok
1,1710,143,O,,-1567,0,7,ok
1,1746,145,O,,-1601,0,7,ok
1,1855,151,O,,-1704,1,7,ok
1,2516,185,O,,-2331,2,7,ok
1,2598,189,O,,-2409,0,7,ok
1,2978,207,O,,-2771,2,7,ok
1,3152,215,O,,-2937,2,7,ok
1,3196,217,O,,-2979,1,7,ok
1,3240,219,O,,-3021,0,7,ok
1,15,226,E,1,211,0,7,ok
1,15,254,E,29,239,0,7,ok
1,3420,227,O,,-3193,0,7,ok
1,3602,235,O,,-3367,2,7,ok
1,3648,237,O,,-3411,0,7,ok
1,3694,239,O,,-3455,1,7,ok
1,2435,181,O,,-2254,2,7,ok
1,3330,223,O,,-3107,0,7,ok
1,3929,249,O,,-3680,2,7,ok
1,3976,251,O,,-3725,1,7,ok
1,4024,253,O,,-3771,1,7,ok
1,4072,255,O,,-3817,1,7,ok
1,5066,295,O,,-4771,2,7,ok
1,5118,297,O,,-4821,0,7,ok
1,5170,299,O,,-4871,1,7,ok
1,3,10,E,1,7,0,7,ok
1,3,14,E,5,11,0,7,ok
1,26,676,E,0,650,2,7,ok
1,26,728,E,52,702,2,7,ok
1,28,784,E,0,756,1,7,ok
1,28,840,E,56,812,1,7,ok
1,30,900,E,0,870,0,7,ok
1,30,960,E,60,930,0,7,ok
1,32,1024,E,0,992,2,7,ok
1,32,1088,E,64,1056,2,7,ok
1,34,1156,E,0,1122,1,7,ok
1,34,1224,E,68,1190,1,7,ok
1,14954,607,O,,-14347,2,7,ok
1,15028,609,O,,-14419,1,7,ok
1,15102,611,O,,-14491,0,7,ok
1,15400,619,O,,-14781,1,7,ok
1,15550,623,O,,-14927,1,7,ok
1,16610,651,O,,-15959,2,7,ok
1,16994,661,O,,-16333,2,7,ok
1,17148,665,O,,-16483,0,7,ok
1,18006,687,O,,-17319,0,7,ok
1,18164,691,O,,-17473,2,7,ok
1,19118,715,O,,-18403,2,7,ok
1,27,9,O,,-18,0,7,ok
1,27,730,E,1,703,0,7,ok
1,27,782,E,53,755,0,7,ok
1,19602,727,O,,-18875,0,7,ok
1,19764,731,O,,-19033,0,7,ok
1,20170,741,O,,-19429,1,7,ok
1,20252,743,O,,-19509,2,7,ok
1,20334,745,O,,-19589,0,7,ok
1,20416,747,O,,-19669,1,7,ok
1,14294,589,O,,-13705,2,7,ok
1,19440,723,O,,-18717,0,7,ok
1,19926,735,O,,-19191,0,7,ok
1,21658,777,O,,-20881,1,7,ok
1,21742,779,O,,-20963,1,7,ok
1,21826,781,O,,-21045,1,7,ok
1,22246,791,O,,-21455,1,7,ok
1,25352,863,O,,-24489,2,7,ok
1,25440,865,O,,-24575,0,7,ok
1,25528,867,O,,-24661,1,7,ok
1,29050,945,O,,-28105,1,7,ok
1,29142,947,O,,-28195,0,7,ok
1,29234,949,O,,-28285,2,7,ok
1,31,962,E,1,931,1,7,ok
1,31,1022,E,61,991,1,7,ok
1,29698,959,O,,-28739,1,7,ok
1,29884,963,O,,-28921,1,7,ok
1,30350,973,O,,-29377,2,7,ok
1,30444,975,O,,-29469,0,7,ok
1,30538,977,O,,-29561,1,7,ok
1,31008,987,O,,-30021,0,7,ok
1,31102,989,O,,-30113,1,7,ok
1,31196,991,O,,-30205,2,7,ok
1,31860,1005,O,,-30855,0,7,ok
1,32432,1017,O,,-31415,2,7,ok
1,32528,1019,O,,-31509,2,7,ok
1,32624,1021,O,,-31603,2,7,ok
1,32720,1023,O,,-31697,2,7,ok
1,33200,1033,O,,-32167,2,7,ok
1,33878,1047,O,,-32831,2,7,ok
1,34072,1051,O,,-33021,1,7,ok
1,35344,1077,O,,-34267,1,7,ok
1,35640,1083,O,,-34557,0,7,ok
1,36234,1095,O,,-35139,0,7,ok
1,37834,1127,O,,-36707,1,7,ok
1,27950,921,O,,-27029,2,7,ok
1,28132,925,O,,-27207,1,7,ok
1,31480,997,O,,-30483,1,7,ok
1,31670,1001,O,,-30669,2,7,ok
1,32050,1009,O,,-31041,1,7,ok
1,32336,1015,O,,-31321,2,7,ok
1,66232,1637,O,,-64595,1,7,ok
1,66354,1639,O,,-64715,0,7,ok
1,67084,1651,O,,-65433,1,7,ok
1,67206,1653,O,,-65553,0,7,ok
1,67328,1655,O,,-65673,2,7,ok
1,67450,1657,O,,-65793,1,7,ok
1,67572,1659,O,,-65913,0,7,ok
1,68184,1669,O,,-66515,0,7,ok
1,68306,1671,O,,-66635,2,7,ok
1,68552,1675,O,,-66877,2,7,ok
1,71520,1723,O,,-69797,0,7,ok
1,71644,1725,O,,-69919,1,7,ok
1,77964,1825,O,,-76139,0,7,ok
1,78092,1827,O,,-76265,2,7,ok
1,78220,1829,O,,-76391,1,7,ok
1,78348,1831,O,,-76517,0,7,ok
1,43,1850,E,1,1807,1,7,ok
1,43,1934,E,85,1891,1,7,ok
1,79120,1843,O,,-77277,1,7,ok
1,79378,1847,O,,-77531,1,7,ok
1,80152,1859,O,,-78293,1,7,ok
1,80282,1861,O,,-78421,2,7,ok
1,84590,1927,O,,-82663,2,7,ok
1,85382,1939,O,,-83443,2,7,ok
1,85514,1941,O,,-83573,2,7,ok
1,85646,1943,O,,-83703,2,7,ok
1,85778,1945,O,,-83833,2,7,ok
1,86706,1959,O,,-84747,0,7,ok
1,86972,1963,O,,-85009,2,7,ok
1,87770,1975,O,,-85795,2,7,ok
1,87904,1977,O,,-85927,1,7,ok
1,90316,2013,O,,-88303,1,7,ok
1,90450,2015,O,,-88435,0,7,ok
1,91260,2027,O,,-89233,0,7,ok
1,91530,2031,O,,-89499,0,7,ok
1,91800,2035,O,,-89765,0,7,ok
1,92478,2045,O,,-90433,0,7,ok
1,92614,2047,O,,-90567,1,7,ok
1,93838,2065,O,,-91773,1,7,ok
1,93974,2067,O,,-91907,2,7,ok
1,95204,2085,O,,-93119,2,7,ok
1,95478,2089,O,,-93389,0,7,ok
1,96302,2101,O,,-94201,2,7,ok
1,96440,2103,O,,-94337,2,7,ok
1,98788,2137,O,,-96651,1,7,ok
1,99066,2141,O,,-96925,0,7,ok
1,99204,2143,O,,-97061,0,7,ok
1,99900,2153,O,,-97747,0,7,ok
1,100178,2157,O,,-98021,2,7,ok
1,100318,2159,O,,-98159,1,7,ok
1,102416,2189,O,,-100227,2,7,ok
1,102556,2191,O,,-100365,1,7,ok
1,102978,2197,O,,-100781,0,7,ok
1,47,2210,E,1,2163,2,7,ok
1,47,2302,E,93,2255,2,7,ok
1,103964,2211,O,,-101753,2,7,ok
1,104246,2215,O,,-102031,2,7,ok
1,84722,1929,O,,-82793,2,7,ok
1,84854,1931,O,,-82923,2,7,ok
1,84986,1933,O,,-83053,2,7,ok
1,85118,1935,O,,-83183,2,7,ok
1,85250,1937,O,,-83313,2,7,ok
1,45,2026,E,1,1981,0,7,ok
1,45,2114,E,89,2069,0,7,ok
1,90720,2019,O,,-88701,0,7,ok
1,90990,2023,O,,-88967,0,7,ok
1,91936,2037,O,,-89899,1,7,ok
1,92342,2043,O,,-90299,2,7,ok
1,99482,2147,O,,-97335,2,7,ok
1,99760,2151,O,,-97609,1,7,ok
1,113702,2347,O,,-111355,2,7,ok
1,114138,2353,O,,-111785,0,7,ok
1,119122,2421,O,,-116701,1,7,ok
1,119712,2429,O,,-117283,0,7,ok
1,143,20450,E,1,20307,2,8,ok
1,143,20734,E,285,20591,2,8,ok
1,145,21026,E,1,20881,1,8,ok
1,145,21314,E,289,21169,1,8,ok
1,151,22802,E,1,22651,1,8,ok
1,151,23102,E,301,22951,1,8,ok
1,185,34226,E,1,34041,2,8,ok
1,185,34594,E,369,34409,2,8,ok
1,189,33,O,,-156,0,8,ok
1,189,35722,E,1,35533,0,8,ok
1,189,36098,E,377,35909,0,8,ok
1,207,35,O,,-172,0,8,ok
1,207,42850,E,1,42643,0,8,ok
1,207,43262,E,413,43055,0,8,ok
1,215,46226,E,1,46011,2,8,ok
1,215,46654,E,429,46439,2,8,ok
1,217,47090,E,1,46873,1,8,ok
1,217,47522,E,433,47305,1,8,ok
1,219,47962,E,1,47743,0,8,ok
1,219,48398,E,437,48179,0,8,ok
1,226,51076,E,0,50850,1,8,ok
1,226,51528,E,452,51302,1,8,ok
1,228,51984,E,0,51756,0,8,ok
1,228,52440,E,456,52212,0,8,ok
1,230,52900,E,0,52670,2,8,ok
1,230,53360,E,460,53130,2,8,ok
1,232,53824,E,0,53592,1,8,ok
1,232,54288,E,464,54056,1,8,ok
1,234,54756,E,0,54522,0,8,ok
1,234,55224,E,468,54990,0,8,ok
1,236,55696,E,0,55460,2,8,ok
1,236,56168,E,472,55932,2,8,ok
1,238,56644,E,0,56406,1,8,ok
1,238,57120,E,476,56882,1,8,ok
1,240,57600,E,0,57360,0,8,ok
1,240,58080,E,480,57840,0,8,ok
1,242,58564,E,0,58322,2,8,ok
1,242,59048,E,484,58806,2,8,ok
1,244,59536,E,0,59292,1,8,ok
1,244,60024,E,488,59780,1,8,ok
1,246,60516,E,0,60270,0,8,ok
1,246,61008,E,492,60762,0,8,ok
1,248,61504,E,0,61256,2,8,ok
1,248,62000,E,496,61752,2,8,ok
1,250,62500,E,0,62250,1,8,ok
1,250,63000,E,500,62750,1,8,ok
1,252,63504,E,0,63252,0,8,ok
1,252,64008,E,504,63756,0,8,ok
1,254,64516,E,0,64262,2,8,ok
1,254,65024,E,508,64770,2,8,ok
1,227,51530,E,1,51303,2,8,ok
1,227,51982,E,453,51755,2,8,ok
1,235,55226,E,1,54991,1,8,ok
1,235,55694,E,469,55459,1,8,ok
1,237,56170,E,1,55933,0,8,ok
1,237,56642,E,473,56405,0,8,ok
1,239,57122,E,1,56883,2,8,ok
1,239,57598,E,477,57359,2,8,ok
1,181,32762,E,1,32581,1,8,ok
1,181,33122,E,361,32941,1,8,ok
1,223,49730,E,1,49507,1,8,ok
1,223,50174,E,445,49951,1,8,ok
1,249,62002,E,1,61753,0,8,ok
1,249,62498,E,497,62249,0,8,ok
1,251,63002,E,1,62751,2,8,ok
1,251,63502,E,501,63251,2,8,ok
1,253,64010,E,1,63757,1,8,ok
1,253,64514,E,505,64261,1,8,ok
1,255,65026,E,1,64771,0,8,ok
1,255,65534,E,509,65279,0,8,ok
1,295,87026,E,1,86731,1,8,ok
1,295,87614,E,589,87319,1,8,ok
1,297,88210,E,1,87913,0,8,ok
1,297,88802,E,593,88505,0,8,ok
1,299,89402,E,1,89103,2,8,ok
1,299,89998,E,597,89699,2,8,ok
1,10,100,E,0,90,1,8,ok
1,10,120,E,20,110,1,8,ok
1,12,144,E,0,132,0,8,ok
1,12,168,E,24,156,0,8,ok
1,14,196,E,0,182,2,8,ok
1,14,224,E,28,210,2,8,ok
1,676,456976,E,0,456300,1,8,ok
1,676,458328,E,1352,457652,1,8,ok
1,678,459684,E,0,459006,0,8,ok
1,678,461040,E,1356,460362,0,8,ok
1,680,462400,E,0,461720,2,8,ok
1,680,463760,E,1360,463080,2,8,ok
1,682,465124,E,0,464442,1,8,ok
1,682,466488,E,1364,465806,1,8,ok
1,684,467856,E,0,467172,0,8,ok
1,684,469224,E,1368,468540,0,8,ok
1,686,470596,E,0,469910,2,8,ok
1,686,471968,E,1372,471282,2,8,ok
1,688,473344,E,0,472656,1,8,ok
1,688,474720,E,1376,474032,1,8,ok
1,690,476100,E,0,475410,0,8,ok
1,690,477480,E,1380,476790,0,8,ok
1,692,478864,E,0,478172,2,8,ok
1,692,480248,E,1384,479556,2,8,ok
1,694,481636,E,0,480942,1,8,ok
1,694,483024,E,1388,482330,1,8,ok
1,696,484416,E,0,483720,0,8,ok
1,696,485808,E,1392,485112,0,8,ok
1,698,487204,E,0,486506,2,8,ok
1,698,488600,E,1396,487902,2,8,ok
1,700,490000,E,0,489300,1,8,ok
1,700,491400,E,1400,490700,1,8,ok
1,702,79,O,,-623,0,8,ok
1,702,492804,E,0,492102,0,8,ok
1,702,494208,E,1404,493506,0,8,ok
1,704,495616,E,0,494912,2,8,ok
1,704,497024,E,1408,496320,2,8,ok
1,706,498436,E,0,497730,1,8,ok
1,706,499848,E,1412,499142,1,8,ok
1,708,501264,E,0,500556,0,8,ok
1,708,502680,E,1416,501972,0,8,ok
1,710,504100,E,0,503390,2,8,ok
1,710,505520,E,1420,504810,2,8,ok
1,712,506944,E,0,506232,1,8,ok
1,712,508368,E,1424,507656,1,8,ok
1,714,509796,E,0,509082,0,8,ok
1,714,511224,E,1428,510510,0,8,ok
1,716,512656,E,0,511940,2,8,ok
1,716,514088,E,1432,513372,2,8,ok
1,718,515524,E,0,514806,1,8,ok
1,718,516960,E,1436,516242,1,8,ok
1,720,518400,E,0,517680,0,8,ok
1,720,519840,E,1440,519120,0,8,ok
1,722,521284,E,0,520562,2,8,ok
1,722,522728,E,1444,522006,2,8,ok
1,724,524176,E,0,523452,1,8,ok
1,724,525624,E,1448,524900,1,8,ok
1,726,527076,E,0,526350,0,8,ok
1,726,528528,E,1452,527802,0,8,ok
1,728,529984,E,0,529256,2,8,ok
1,728,531440,E,1456,530712,2,8,ok
1,784,614656,E,0,613872,1,8,ok
1,784,616224,E,1568,615440,1,8,ok
1,786,617796,E,0,617010,0,8,ok
1,786,619368,E,1572,618582,0,8,ok
1,788,620944,E,0,620156,2,8,ok
1,788,622520,E,1576,621732,2,8,ok
1,790,624100,E,0,623310,1,8,ok
1,790,625680,E,1580,624890,1,8,ok
1,792,627264,E,0,626472,0,8,ok
1,792,628848,E,1584,628056,0,8,ok
1,794,630436,E,0,629642,2,8,ok
1,794,632024,E,1588,631230,2,8,ok
1,796,633616,E,0,632820,1,8,ok
1,796,635208,E,1592,634412,1,8,ok
1,798,636804,E,0,636006,0,8,ok
1,798,638400,E,1596,637602,0,8,ok
1,800,640000,E,0,639200,2,8,ok
1,800,641600,E,1600,640800,2,8,ok
1,802,643204,E,0,642402,1,8,ok
1,802,644808,E,1604,644006,1,8,ok
1,804,646416,E,0,645612,0,8,ok
1,804,648024,E,1608,647220,0,8,ok
1,806,649636,E,0,648830,2,8,ok
1,806,651248,E,1612,650442,2,8,ok
1,808,652864,E,0,652056,1,8,ok
1,808,654480,E,1616,653672,1,8,ok
1,810,656100,E,0,655290,0,8,ok
1,810,657720,E,1620,656910,0,8,ok
1,812,659344,E,0,658532,2,8,ok
1,812,660968,E,1624,660156,2,8,ok
1,814,662596,E,0,661782,1,8,ok
1,814,664224,E,1628,663410,1,8,ok
1,816,665856,E,0,665040,0,8,ok
1,816,667488,E,1632,666672,0,8,ok
1,818,669124,E,0,668306,2,8,ok
1,818,670760,E,1636,669942,2,8,ok
1,820,672400,E,0,671580,1,8,ok
1,820,674040,E,1640,673220,1,8,ok
1,822,675684,E,0,674862,0,8,ok
1,822,677328,E,1644,676506,0,8,ok
1,824,678976,E,0,678152,2,8,ok
1,824,680624,E,1648,679800,2,8,ok
1,826,682276,E,0,681450,1,8,ok
1,826,683928,E,1652,683102,1,8,ok
1,828,685584,E,0,684756,0,8,ok
1,828,687240,E,1656,686412,0,8,ok
1,830,688900,E,0,688070,2,8,ok
1,830,690560,E,1660,689730,2,8,ok
1,832,692224,E,0,691392,1,8,ok
1,832,693888,E,1664,693056,1,8,ok
1,834,695556,E,0,694722,0,8,ok
1,834,697224,E,1668,696390,0,8,ok
1,836,698896,E,0,698060,2,8,ok
1,836,700568,E,1672,699732,2,8,ok
1,838,702244,E,0,701406,1,8,ok
1,838,703920,E,1676,703082,1,8,ok
1,840,705600,E,0,704760,0,8,ok
1,840,707280,E,1680,706440,0,8,ok
1,900,810000,E,0,809100,0,8,ok
1,900,811800,E,1800,810900,0,8,ok
1,902,813604,E,0,812702,2,8,ok
1,902,815408,E,1804,814506,2,8,ok
1,904,817216,E,0,816312,1,8,ok
1,904,819024,E,1808,818120,1,8,ok
1,906,820836,E,0,819930,0,8,ok
1,906,822648,E,1812,821742,0,8,ok
1,908,824464,E,0,823556,2,8,ok
1,908,826280,E,1816,825372,2,8,ok
1,910,828100,E,0,827190,1,8,ok
1,910,829920,E,1820,829010,1,8,ok
1,912,831744,E,0,830832,0,8,ok
1,912,833568,E,1824,832656,0,8,ok
1,914,835396,E,0,834482,2,8,ok
1,914,837224,E,1828,836310,2,8,ok
1,916,839056,E,0,838140,1,8,ok
1,916,840888,E,1832,839972,1,8,ok
1,918,842724,E,0,841806,0,8,ok
1,918,844560,E,1836,843642,0,8,ok
1,920,846400,E,0,845480,2,8,ok
1,920,848240,E,1840,847320,2,8,ok
1,922,850084,E,0,849162,1,8,ok
1,922,851928,E,1844,851006,1,8,ok
1,924,853776,E,0,852852,0,8,ok
1,924,855624,E,1848,854700,0,8,ok
1,926,857476,E,0,856550,2,8,ok
1,926,859328,E,1852,858402,2,8,ok
1,928,861184,E,0,860256,1,8,ok
1,928,863040,E,1856,862112,1,8,ok
1,930,864900,E,0,863970,0,8,ok
1,930,866760,E,1860,865830,0,8,ok
1,932,868624,E,0,867692,2,8,ok
1,932,870488,E,1864,869556,2,8,ok
1,934,872356,E,0,871422,1,8,ok
1,934,874224,E,1868,873290,1,8,ok
1,936,876096,E,0,875160,0,8,ok
1,936,877968,E,1872,877032,0,8,ok
1,938,879844,E,0,878906,2,8,ok
1,938,881720,E,1876,880782,2,8,ok
1,940,883600,E,0,882660,1,8,ok
1,940,885480,E,1880,884540,1,8,ok
1,942,887364,E,0,886422,0,8,ok
1,942,889248,E,1884,888306,0,8,ok
1,944,891136,E,0,890192,2,8,ok
1,944,893024,E,1888,892080,2,8,ok
1,946,894916,E,0,893970,1,8,ok
1,946,896808,E,1892,895862,1,8,ok
1,948,898704,E,0,897756,0,8,ok
1,948,900600,E,1896,899652,0,8,ok
1,950,902500,E,0,901550,2,8,ok
1,950,904400,E,1900,903450,2,8,ok
1,952,906304,E,0,905352,1,8,ok
1,952,908208,E,1904,907256,1,8,ok
1,954,910116,E,0,909162,0,8,ok
1,954,912024,E,1908,911070,0,8,ok
1,956,913936,E,0,912980,2,8,ok
1,956,915848,E,1912,914892,2,8,ok
1,958,917764,E,0,916806,1,8,ok
1,958,919680,E,1916,918722,1,8,ok
1,960,921600,E,0,920640,0,8,ok
1,960,923520,E,1920,922560,0,8,ok
1,607,368450,E,1,367843,1,8,ok
1,607,369662,E,1213,369055,1,8,ok
1,609,370882,E,1,370273,0,8,ok
1,609,372098,E,1217,371489,0,8,ok
1,611,373322,E,1,372711,2,8,ok
1,611,374542,E,1221,373931,2,8,ok
1,619,383162,E,1,382543,1,8,ok
1,619,384398,E,1237,383779,1,8,ok
1,623,73,O,,-550,2,8,ok
1,623,388130,E,1,387507,2,8,ok
1,623,389374,E,1245,388751,2,8,ok
1,651,423802,E,1,423151,0,8,ok
1,651,425102,E,1301,424451,0,8,ok
1,661,436922,E,1,436261,1,8,ok
1,661,438242,E,1321,437581,1,8,ok
1,665,442226,E,1,441561,2,8,ok
1,665,443554,E,1329,442889,2,8,ok
1,687,471970,E,1,471283,0,8,ok
1,687,473342,E,1373,472655,0,8,ok
1,691,477482,E,1,476791,1,8,ok
1,691,478862,E,1381,478171,1,8,ok
1,715,511226,E,1,510511,1,8,ok
1,715,512654,E,1429,511939,1,8,ok
1,9,82,E,1,73,0,8,ok
1,9,98,E,17,89,0,8,ok
1,730,532900,E,0,532170,1,8,ok
1,730,534360,E,1460,533630,1,8,ok
1,732,535824,E,0,535092,0,8,ok
1,732,537288,E,1464,536556,0,8,ok
1,734,538756,E,0,538022,2,8,ok
1,734,540224,E,1468,539490,2,8,ok
1,736,541696,E,0,540960,1,8,ok
1,736,543168,E,1472,542432,1,8,ok
1,738,544644,E,0,543906,0,8,ok
1,738,546120,E,1476,545382,0,8,ok
1,740,547600,E,0,546860,2,8,ok
1,740,549080,E,1480,548340,2,8,ok
1,742,550564,E,0,549822,1,8,ok
1,742,552048,E,1484,551306,1,8,ok
1,744,553536,E,0,552792,0,8,ok
1,744,555024,E,1488,554280,0,8,ok
1,746,556516,E,0,555770,2,8,ok
1,746,558008,E,1492,557262,2,8,ok
1,748,559504,E,0,558756,1,8,ok
1,748,561000,E,1496,560252,1,8,ok
1,750,562500,E,0,561750,0,8,ok
1,750,564000,E,1500,563250,0,8,ok
1,752,565504,E,0,564752,2,8,ok
1,752,567008,E,1504,566256,2,8,ok
1,754,568516,E,0,567762,1,8,ok
1,754,570024,E,1508,569270,1,8,ok
1,756,83,O,,-673,0,8,ok
1,756,571536,E,0,570780,0,8,ok
1,756,573048,E,1512,572292,0,8,ok
1,758,574564,E,0,573806,2,8,ok
1,758,576080,E,1516,575322,2,8,ok
1,760,577600,E,0,576840,1,8,ok
1,760,579120,E,1520,578360,1,8,ok
1,762,580644,E,0,579882,0,8,ok
1,762,582168,E,1524,581406,0,8,ok
1,764,583696,E,0,582932,2,8,ok
1,764,585224,E,1528,584460,2,8,ok
1,766,586756,E,0,585990,1,8,ok
1,766,588288,E,1532,587522,1,8,ok
1,768,589824,E,0,589056,0,8,ok
1,768,591360,E,1536,590592,0,8,ok
1,770,592900,E,0,592130,2,8,ok
1,770,594440,E,1540,593670,2,8,ok
1,772,595984,E,0,595212,1,8,ok
1,772,597528,E,1544,596756,1,8,ok
1,774,599076,E,0,598302,0,8,ok
1,774,600624,E,1548,599850,0,8,ok
1,776,602176,E,0,601400,2,8,ok
1,776,603728,E,1552,602952,2,8,ok
1,778,605284,E,0,604506,1,8,ok
1,778,606840,E,1556,606062,1,8,ok
1,780,608400,E,0,607620,0,8,ok
1,780,609960,E,1560,609180,0,8,ok
1,782,611524,E,0,610742,2,8,ok
1,782,613088,E,1564,612306,2,8,ok
1,727,528530,E,1,527803,1,8,ok
1,727,529982,E,1453,529255,1,8,ok
1,731,534362,E,1,533631,2,8,ok
1,731,535822,E,1461,535091,2,8,ok
1,741,549082,E,1,548341,0,8,ok
1,741,550562,E,1481,549821,0,8,ok
1,743,552050,E,1,551307,2,8,ok
1,743,553534,E,1485,552791,2,8,ok
1,745,555026,E,1,554281,1,8,ok
1,745,556514,E,1489,555769,1,8,ok
1,747,558010,E,1,557263,0,8,ok
1,747,559502,E,1493,558755,0,8,ok
1,589,346922,E,1,346333,1,8,ok
1,589,348098,E,1177,347509,1,8,ok
1,723,522730,E,1,522007,0,8,ok
1,723,524174,E,1445,523451,0,8,ok
1,735,540226,E,1,539491,0,8,ok
1,735,541694,E,1469,540959,0,8,ok
1,777,603730,E,1,602953,0,8,ok
1,777,605282,E,1553,604505,0,8,ok
1,779,606842,E,1,606063,2,8,ok
1,779,608398,E,1557,607619,2,8,ok
1,781,609962,E,1,609181,1,8,ok
1,781,611522,E,1561,610741,1,8,ok
1,791,625682,E,1,624891,2,8,ok
1,791,627262,E,1581,626471,2,8,ok
1,863,744770,E,1,743907,2,8,ok
1,863,746494,E,1725,745631,2,8,ok
1,865,748226,E,1,747361,1,8,ok
1,865,749954,E,1729,749089,1,8,ok
1,867,751690,E,1,750823,0,8,ok
1,867,753422,E,1733,752555,0,8,ok
1,945,893026,E,1,892081,0,8,ok
1,945,894914,E,1889,893969,0,8,ok
1,947,896810,E,1,895863,2,8,ok
1,947,898702,E,1893,897755,2,8,ok
1,949,900602,E,1,899653,1,8,ok
1,949,902498,E,1897,901549,1,8,ok
1,962,925444,E,0,924482,2,8,ok
1,962,927368,E,1924,926406,2,8,ok
1,964,929296,E,0,928332,1,8,ok
1,964,931224,E,1928,930260,1,8,ok
1,966,933156,E,0,932190,0,8,ok
1,966,935088,E,1932,934122,0,8,ok
1,968,937024,E,0,936056,2,8,ok
1,968,938960,E,1936,937992,2,8,ok
1,970,940900,E,0,939930,1,8,ok
1,970,942840,E,1940,941870,1,8,ok
1,972,944784,E,0,943812,0,8,ok
1,972,946728,E,1944,945756,0,8,ok
1,974,948676,E,0,947702,2,8,ok
1,974,950624,E,1948,949650,2,8,ok
1,976,952576,E,0,951600,1,8,ok
1,976,954528,E,1952,953552,1,8,ok
1,978,956484,E,0,955506,0,8,ok
1,978,958440,E,1956,957462,0,8,ok
1,980,960400,E,0,959420,2,8,ok
1,980,962360,E,1960,961380,2,8,ok
1,982,964324,E,0,963342,1,8,ok
1,982,966288,E,1964,965306,1,8,ok
1,984,968256,E,0,967272,0,8,ok
1,984,970224,E,1968,969240,0,8,ok
1,986,972196,E,0,971210,2,8,ok
1,986,974168,E,1972,973182,2,8,ok
1,988,976144,E,0,975156,1,8,ok
1,988,978120,E,1976,977132,1,8,ok
1,990,980100,E,0,979110,0,8,ok
1,990,982080,E,1980,981090,0,8,ok
1,992,984064,E,0,983072,2,8,ok
1,992,986048,E,1984,985056,2,8,ok
1,994,988036,E,0,987042,1,8,ok
1,994,990024,E,1988,989030,1,8,ok
1,996,992016,E,0,991020,0,8,ok
1,996,994008,E,1992,993012,0,8,ok
1,998,996004,E,0,995006,2,8,ok
1,998,998000,E,1996,997002,2,8,ok
1,1000,1000000,E,0,999000,1,8,ok
1,959,919682,E,1,918723,2,8,ok
1,959,921598,E,1917,920639,2,8,ok
1,963,927370,E,1,926407,0,8,ok
1,963,929294,E,1925,928331,0,8,ok
1,973,946730,E,1,945757,1,8,ok
1,973,948674,E,1945,947701,1,8,ok
1,975,950626,E,1,949651,0,8,ok
1,975,952574,E,1949,951599,0,8,ok
1,977,954530,E,1,953553,2,8,ok
1,977,956482,E,1953,955505,2,8,ok
1,987,974170,E,1,973183,0,8,ok
1,987,976142,E,1973,975155,0,8,ok
1,989,978122,E,1,977133,2,8,ok
1,989,980098,E,1977,979109,2,8,ok
1,991,982082,E,1,981091,1,8,ok
1,991,984062,E,1981,983071,1,8,ok
1,921,848242,E,1,847321,0,8,ok
1,921,850082,E,1841,849161,0,8,ok
1,925,95,O,,-830,1,8,ok
1,925,855626,E,1,854701,1,8,ok
1,925,857474,E,1849,856549,1,8,ok
1,997,994010,E,1,993013,1,8,ok
1,997,996002,E,1993,995005,1,8,ok
1,1015,101,O,,-914,1,8,ok
1,1892,153,O,,-1739,2,8,ok
1,2197,169,O,,-2028,1,8,ok
1,2236,171,O,,-2065,1,8,ok
1,1929,155,O,,-1774,0,8,ok
1,2042,161,O,,-1881,2,8,ok
1,20498,749,O,,-19749,2,9,ok
1,20580,751,O,,-19829,0,9,ok
1,20662,753,O,,-19909,1,9,ok
1,21158,765,O,,-20393,2,9,ok
1,23010,809,O,,-22201,0,9,ok
1,34364,1057,O,,-33307,2,9,ok
1,34462,1059,O,,-33403,1,9,ok
1,33,1090,E,1,1057,0,9,ok
1,33,1154,E,65,1121,0,9,ok
1,35838,1087,O,,-34751,0,9,ok
1,36036,1091,O,,-34945,0,9,ok
1,35,1226,E,1,1191,2,9,ok
1,35,1294,E,69,1259,2,9,ok
1,42980,1227,O,,-41753,2,9,ok
1,43190,1231,O,,-41959,2,9,ok
1,46278,1289,O,,-44989,0,9,ok
1,46386,1291,O,,-45095,0,9,ok
1,46494,1293,O,,-45201,0,9,ok
1,46602,1295,O,,-45307,0,9,ok
1,47142,1305,O,,-45837,0,9,ok
1,47468,1311,O,,-46157,2,9,ok
1,48012,1321,O,,-46691,0,9,ok
1,48230,1325,O,,-46905,2,9,ok
1,51320,1381,O,,-49939,2,9,ok
1,51990,1393,O,,-50597,0,9,ok
1,52102,1395,O,,-50707,1,9,ok
1,52214,1397,O,,-50817,2,9,ok
1,53114,1413,O,,-51701,2,9,ok
1,53340,1417,O,,-51923,0,9,ok
1,54132,1431,O,,-52701,0,9,ok
1,54246,1433,O,,-52813,0,9,ok
1,55958,1463,O,,-54495,2,9,ok
1,56648,1475,O,,-55173,2,9,ok
1,56994,1481,O,,-55513,0,9,ok
1,57688,1493,O,,-56195,1,9,ok
1,57804,1495,O,,-56309,0,9,ok
1,57920,1497,O,,-56423,2,9,ok
1,58036,1499,O,,-56537,1,9,ok
1,58618,1509,O,,-57109,1,9,ok
1,58734,1511,O,,-57223,0,9,ok
1,58968,1515,O,,-57453,0,9,ok
1,59670,1527,O,,-58143,0,9,ok
1,59904,1531,O,,-58373,0,9,ok
1,60022,1533,O,,-58489,1,9,ok
1,60610,1543,O,,-59067,1,9,ok
1,60728,1545,O,,-59183,2,9,ok
1,60846,1547,O,,-59299,0,9,ok
1,60964,1549,O,,-59415,1,9,ok
1,61674,1561,O,,-60113,0,9,ok
1,61792,1563,O,,-60229,1,9,ok
1,62624,1577,O,,-61047,2,9,ok
1,62744,1579,O,,-61165,2,9,ok
1,62982,1583,O,,-61399,0,9,ok
1,63580,1593,O,,-61987,1,9,ok
1,63700,1595,O,,-62105,1,9,ok
1,63820,1597,O,,-62223,1,9,ok
1,63940,1599,O,,-62341,1,9,ok
1,64540,1609,O,,-62931,1,9,ok
1,64902,1615,O,,-63287,0,9,ok
1,65022,1617,O,,-63405,0,9,ok
1,51878,1391,O,,-50487,2,9,ok
1,55500,1455,O,,-54045,0,9,ok
1,55614,1457,O,,-54157,0,9,ok
1,56188,1467,O,,-54721,1,9,ok
1,56418,1471,O,,-54947,0,9,ok
1,57456,1489,O,,-55967,0,9,ok
1,57572,1491,O,,-56081,2,9,ok
1,32816,1025,O,,-31791,2,9,ok
1,32912,1027,O,,-31885,2,9,ok
1,33008,1029,O,,-31979,2,9,ok
1,33104,1031,O,,-32073,2,9,ok
1,49988,1357,O,,-48631,2,9,ok
1,62030,1567,O,,-60463,2,9,ok
1,62386,1573,O,,-60813,1,9,ok
1,63102,1585,O,,-61517,0,9,ok
1,63460,1591,O,,-61869,1,9,ok
1,64060,1601,O,,-62459,1,9,ok
1,64180,1603,O,,-62577,1,9,ok
1,64300,1605,O,,-62695,1,9,ok
1,64420,1607,O,,-62813,1,9,ok
1,65264,1621,O,,-63643,2,9,ok
1,65384,1623,O,,-63761,2,9,ok
1,87238,1967,O,,-85271,1,9,ok
1,87504,1971,O,,-85533,0,9,ok
1,88304,1983,O,,-86321,2,9,ok
1,88438,1985,O,,-86453,1,9,ok
1,88572,1987,O,,-86585,0,9,ok
1,89644,2003,O,,-87641,1,9,ok
1,89778,2005,O,,-87773,0,9,ok
1,89912,2007,O,,-87905,2,9,ok
1,100,10000,E,0,9900,1,9,ok
1,100,10200,E,200,10100,1,9,ok
1,102,10404,E,0,10302,0,9,ok
1,102,10608,E,204,10506,0,9,ok
1,104,10816,E,0,10712,2,9,ok
1,104,11024,E,208,10920,2,9,ok
1,106,11236,E,0,11130,1,9,ok
1,106,11448,E,212,11342,1,9,ok
1,108,11664,E,0,11556,0,9,ok
1,108,11880,E,216,11772,0,9,ok
1,110,23,O,,-87,2,9,ok
1,110,12100,E,0,11990,2,9,ok
1,110,12320,E,220,12210,2,9,ok
1,112,12544,E,0,12432,1,9,ok
1,112,12768,E,224,12656,1,9,ok
1,114,12996,E,0,12882,0,9,ok
1,114,13224,E,228,13110,0,9,ok
1,116,13456,E,0,13340,2,9,ok
1,116,13688,E,232,13572,2,9,ok
1,118,13924,E,0,13806,1,9,ok
1,118,14160,E,236,14042,1,9,ok
1,120,14400,E,0,14280,0,9,ok
1,120,14640,E,240,14520,0,9,ok
1,144,20736,E,0,20592,0,9,ok
1,144,21024,E,288,20880,0,9,ok
1,146,21316,E,0,21170,2,9,ok
1,146,21608,E,292,21462,2,9,ok
1,148,21904,E,0,21756,1,9,ok
1,148,22200,E,296,22052,1,9,ok
1,150,22500,E,0,22350,0,9,ok
1,150,22800,E,300,22650,0,9,ok
1,152,23104,E,0,22952,2,9,ok
1,152,23408,E,304,23256,2,9,ok
1,154,23716,E,0,23562,1,9,ok
1,154,24024,E,308,23870,1,9,ok
1,156,29,O,,-127,0,9,ok
1,156,24336,E,0,24180,0,9,ok
1,156,24648,E,312,24492,0,9,ok
1,158,24964,E,0,24806,2,9,ok
1,158,25280,E,316,25122,2,9,ok
1,160,25600,E,0,25440,1,9,ok
1,160,25920,E,320,25760,1,9,ok
1,162,26244,E,0,26082,0,9,ok
1,162,26568,E,324,26406,0,9,ok
1,164,26896,E,0,26732,2,9,ok
1,164,27224,E,328,27060,2,9,ok
1,166,27556,E,0,27390,1,9,ok
1,166,27888,E,332,27722,1,9,ok
1,168,28224,E,0,28056,0,9,ok
1,168,28560,E,336,28392,0,9,ok
1,196,38416,E,0,38220,1,9,ok
1,196,38808,E,392,38612,1,9,ok
1,198,39204,E,0,39006,0,9,ok
1,198,39600,E,396,39402,0,9,ok
1,200,40000,E,0,39800,2,9,ok
1,200,40400,E,400,40200,2,9,ok
1,202,40804,E,0,40602,1,9,ok
1,202,41208,E,404,41006,1,9,ok
1,204,41616,E,0,41412,0,9,ok
1,204,42024,E,408,41820,0,9,ok
1,206,42436,E,0,42230,2,9,ok
1,206,42848,E,412,42642,2,9,ok
1,208,43264,E,0,43056,1,9,ok
1,208,43680,E,416,43472,1,9,ok
1,210,44100,E,0,43890,0,9,ok
1,210,44520,E,420,44310,0,9,ok
1,212,44944,E,0,44732,2,9,ok
1,212,45368,E,424,45156,2,9,ok
1,214,45796,E,0,45582,1,9,ok
1,214,46224,E,428,46010,1,9,ok
1,216,46656,E,0,46440,0,9,ok
1,216,47088,E,432,46872,0,9,ok
1,218,47524,E,0,47306,2,9,ok
1,218,47960,E,436,47742,2,9,ok
1,220,48400,E,0,48180,1,9,ok
1,220,48840,E,440,48620,1,9,ok
1,222,49284,E,0,49062,0,9,ok
1,222,49728,E,444,49506,0,9,ok
1,224,50176,E,0,49952,2,9,ok
1,224,50624,E,448,50400,2,9,ok
1,457226,5935,O,,-451291,2,9,ok
1,457688,5939,O,,-451749,2,9,ok
1,458150,5943,O,,-452207,2,9,ok
1,459770,5957,O,,-453813,2,9,ok
1,460002,5959,O,,-454043,0,9,ok
1,462552,5981,O,,-456571,0,9,ok
1,462784,5983,O,,-456801,1,9,ok
1,463016,5985,O,,-457031,2,9,ok
1,463248,5987,O,,-457261,0,9,ok
1,463480,5989,O,,-457491,1,9,ok
1,463712,5991,O,,-457721,2,9,ok
1,465804,6009,O,,-459795,0,9,ok
1,466036,6011,O,,-460025,1,9,ok
1,467898,6027,O,,-461871,0,9,ok
1,468364,6031,O,,-462333,1,9,ok
1,468830,6035,O,,-462795,2,9,ok
1,470696,6051,O,,-464645,2,9,ok
1,471396,6057,O,,-465339,0,9,ok
1,471630,6059,O,,-465571,0,9,ok
1,476308,6099,O,,-470209,1,9,ok
1,476542,6101,O,,-470441,1,9,ok
1,476776,6103,O,,-470673,1,9,ok
1,477480,6109,O,,-471371,0,9,ok
1,479122,6123,O,,-472999,1,9,ok
1,479826,6129,O,,-473697,0,9,ok
1,481706,6145,O,,-475561,2,9,ok
1,481942,6147,O,,-475795,1,9,ok
1,482412,6151,O,,-476261,0,9,ok
1,485002,6173,O,,-478829,1,9,ok
1,485238,6175,O,,-479063,0,9,ok
1,485474,6177,O,,-479297,2,9,ok
1,485710,6179,O,,-479531,1,9,ok
1,487598,6195,O,,-481403,2,9,ok
1,487834,6197,O,,-481637,1,9,ok
1,488070,6199,O,,-481871,0,9,ok
1,488306,6201,O,,-482105,2,9,ok
1,488542,6203,O,,-482339,1,9,ok
1,490434,6219,O,,-484215,0,9,ok
1,490670,6221,O,,-484449,2,9,ok
1,491144,6225,O,,-484919,2,9,ok
1,491380,6227,O,,-485153,1,9,ok
1,79,6242,E,1,6163,1,9,ok
1,79,6398,E,157,6319,1,9,ok
1,493276,6243,O,,-487033,1,9,ok
1,493750,6247,O,,-487503,1,9,ok
1,495648,6263,O,,-489385,0,9,ok
1,496360,6269,O,,-490091,1,9,ok
1,496598,6271,O,,-490327,2,9,ok
1,498500,6287,O,,-492213,2,9,ok
1,502072,6317,O,,-495755,1,9,ok
1,502310,6319,O,,-495991,2,9,ok
1,504458,6337,O,,-498121,2,9,ok
1,504936,6341,O,,-498595,0,9,ok
1,505414,6345,O,,-499069,1,9,ok
1,507566,6363,O,,-501203,2,9,ok
1,508284,6369,O,,-501915,0,9,ok
1,510440,6387,O,,-504053,2,9,ok
1,510680,6389,O,,-504291,2,9,ok
1,510920,6391,O,,-504529,2,9,ok
1,511160,6393,O,,-504767,2,9,ok
1,512840,6407,O,,-506433,2,9,ok
1,513080,6409,O,,-506671,2,9,ok
1,513320,6411,O,,-506909,2,9,ok
1,513560,6413,O,,-507147,2,9,ok
1,515724,6431,O,,-509293,0,9,ok
1,516446,6437,O,,-510009,2,9,ok
1,518614,6455,O,,-512159,1,9,ok
1,519096,6459,O,,-512637,0,9,ok
1,519578,6463,O,,-513115,2,9,ok
1,521750,6481,O,,-515269,2,9,ok
1,521992,6483,O,,-515509,1,9,ok
1,527800,6531,O,,-521269,1,9,ok
1,528042,6533,O,,-521509,0,9,ok
1,530226,6551,O,,-523675,0,9,ok
1,530712,6555,O,,-524157,0,9,ok
1,531198,6559,O,,-524639,0,9,ok
1,614890,7231,O,,-607659,1,9,ok
1,615400,7235,O,,-608165,1,9,ok
1,615910,7239,O,,-608671,1,9,ok
1,616166,7241,O,,-608925,2,9,ok
1,618720,7261,O,,-611459,0,9,ok
1,618976,7263,O,,-611713,1,9,ok
1,619232,7265,O,,-611967,2,9,ok
1,621022,7279,O,,-613743,1,9,ok
1,621278,7281,O,,-613997,2,9,ok
1,621534,7283,O,,-614251,0,9,ok
1,621790,7285,O,,-614505,1,9,ok
1,622046,7287,O,,-614759,2,9,ok
1,624866,7309,O,,-617557,2,9,ok
1,625122,7311,O,,-617811,0,9,ok
1,627432,7329,O,,-620103,0,9,ok
1,627946,7333,O,,-620613,1,9,ok
1,628460,7337,O,,-621123,2,9,ok
1,630774,7355,O,,-623419,0,9,ok
1,631288,7359,O,,-623929,1,9,ok
1,631546,7361,O,,-624185,1,9,ok
1,633864,7379,O,,-626485,0,9,ok
1,638250,7413,O,,-630837,0,9,ok
1,640576,7431,O,,-633145,1,9,ok
1,640834,7433,O,,-633401,1,9,ok
1,641352,7437,O,,-633915,0,9,ok
1,643682,7455,O,,-636227,2,9,ok
1,644200,7459,O,,-636741,1,9,ok
1,644718,7463,O,,-637255,0,9,ok
1,646792,7479,O,,-639313,1,9,ok
1,647052,7481,O,,-639571,0,9,ok
1,649648,7501,O,,-642147,1,9,ok
1,649908,7503,O,,-642405,0,9,ok
1,650168,7505,O,,-642663,2,9,ok
1,650428,7507,O,,-642921,1,9,ok
1,650688,7509,O,,-643179,0,9,ok
1,650948,7511,O,,-643437,2,9,ok
1,651208,7513,O,,-643695,1,9,ok
1,653550,7531,O,,-646019,0,9,ok
1,653810,7533,O,,-646277,2,9,ok
1,654070,7535,O,,-646535,1,9,ok
1,656416,7553,O,,-648863,1,9,ok
1,656676,7555,O,,-649121,0,9,ok
1,657198,7559,O,,-649639,0,9,ok
1,657720,7563,O,,-650157,0,9,ok
1,659808,7579,O,,-652229,0,9,ok
1,660330,7583,O,,-652747,0,9,ok
1,660592,7585,O,,-653007,1,9,ok
1,662944,7603,O,,-655341,1,9,ok
1,663206,7605,O,,-655601,2,9,ok
1,663468,7607,O,,-655861,0,9,ok
1,666086,7627,O,,-658459,2,9,ok
1,666348,7629,O,,-658719,0,9,ok
1,666610,7631,O,,-658979,1,9,ok
1,666872,7633,O,,-659239,2,9,ok
1,667134,7635,O,,-659499,0,9,ok
1,667396,7637,O,,-659759,1,9,ok
1,669232,7651,O,,-661581,1,9,ok
1,670020,7657,O,,-662363,0,9,ok
1,670282,7659,O,,-662623,1,9,ok
1,672910,7679,O,,-665231,1,9,ok
1,673172,7681,O,,-665491,2,9,ok
1,673698,7685,O,,-666013,0,9,ok
1,676330,7705,O,,-668625,1,9,ok
1,677120,7711,O,,-669409,2,9,ok
1,679492,7729,O,,-671763,1,9,ok
1,679756,7731,O,,-672025,1,9,ok
1,680020,7733,O,,-672287,1,9,ok
1,680284,7735,O,,-672549,1,9,ok
1,680548,7737,O,,-672811,1,9,ok
1,682396,7751,O,,-674645,1,9,ok
1,682660,7753,O,,-674907,1,9,ok
1,682924,7755,O,,-675169,1,9,ok
1,683188,7757,O,,-675431,1,9,ok
1,683452,7759,O,,-675693,1,9,ok
1,685832,7777,O,,-678055,2,9,ok
1,686626,7783,O,,-678843,1,9,ok
1,689274,7803,O,,-681471,0,9,ok
1,689804,7807,O,,-681997,2,9,ok
1,692722,7829,O,,-684893,1,9,ok
1,692988,7831,O,,-685157,0,9,ok
1,693784,7837,O,,-685947,1,9,ok
1,695644,7851,O,,-687793,1,9,ok
1,695910,7853,O,,-688057,0,9,ok
1,696176,7855,O,,-688321,2,9,ok
1,696442,7857,O,,-688585,1,9,ok
1,696708,7859,O,,-688849,0,9,ok
1,696974,7861,O,,-689113,2,9,ok
1,699902,7883,O,,-692019,2,9,ok
1,700168,7885,O,,-692283,1,9,ok
1,700434,7887,O,,-692547,0,9,ok
1,702300,7901,O,,-694399,0,9,ok
1,702834,7905,O,,-694929,0,9,ok
1,703100,7907,O,,-695193,2,9,ok
1,703634,7911,O,,-695723,2,9,ok
1,705770,7927,O,,-697843,2,9,ok
1,706304,7931,O,,-698373,2,9,ok
1,706838,7935,O,,-698903,2,9,ok
1,707106,7937,O,,-699169,0,9,ok
1,810502,8693,O,,-801809,1,9,ok
1,810782,8695,O,,-802087,2,9,ok
1,811062,8697,O,,-802365,0,9,ok
1,811342,8699,O,,-802643,1,9,ok
1,814702,8723,O,,-805979,1,9,ok
1,814982,8725,O,,-806257,2,9,ok
1,815262,8727,O,,-806535,0,9,ok
1,817786,8745,O,,-809041,1,9,ok
1,818066,8747,O,,-809319,2,9,ok
1,818908,8753,O,,-810155,1,9,ok
1,820874,8767,O,,-812107,2,9,ok
1,821154,8769,O,,-812385,0,9,ok
1,821716,8773,O,,-812943,1,9,ok
1,822278,8777,O,,-813501,2,9,ok
1,824528,8793,O,,-815735,2,9,ok
1,825372,8799,O,,-816573,0,9,ok
1,826216,8805,O,,-817411,1,9,ok
1,828188,8819,O,,-819369,2,9,ok
1,832982,8853,O,,-824129,2,9,ok
1,833264,8855,O,,-824409,2,9,ok
1,833546,8857,O,,-824689,2,9,ok
1,835806,8873,O,,-826933,0,9,ok
1,836654,8879,O,,-827775,2,9,ok
1,839482,8899,O,,-830583,1,9,ok
1,840048,8903,O,,-831145,0,9,ok
1,843164,8925,O,,-834239,2,9,ok
1,844014,8931,O,,-835083,0,9,ok
1,844298,8933,O,,-835365,2,9,ok
1,850544,8977,O,,-841567,2,9,ok
1,850828,8979,O,,-841849,1,9,ok
1,851112,8981,O,,-842131,0,9,ok
1,851396,8983,O,,-842413,2,9,ok
1,854526,9005,O,,-845521,0,9,ok
1,855096,9009,O,,-846087,0,9,ok
1,855380,9011,O,,-846369,2,9,ok
1,857660,9027,O,,-848633,2,9,ok
1,858230,9031,O,,-849199,2,9,ok
1,858800,9035,O,,-849765,2,9,ok
1,861368,9053,O,,-852315,2,9,ok
1,862224,9059,O,,-853165,0,9,ok
1,862510,9061,O,,-853449,1,9,ok
1,868800,9105,O,,-859695,0,9,ok
1,869086,9107,O,,-859979,1,9,ok
1,869372,9109,O,,-860263,2,9,ok
1,872524,9131,O,,-863393,1,9,ok
1,872810,9133,O,,-863677,2,9,ok
1,873384,9137,O,,-864247,0,9,ok
1,873958,9141,O,,-864817,1,9,ok
1,876540,9159,O,,-867381,0,9,ok
1,877114,9163,O,,-867951,1,9,ok
1,877402,9165,O,,-868237,1,9,ok
1,879988,9183,O,,-870805,1,9,ok
1,880850,9189,O,,-871661,2,9,ok
1,881138,9191,O,,-871947,2,9,ok
1,881426,9193,O,,-872233,2,9,ok
1,883728,9209,O,,-874519,0,9,ok
1,884016,9211,O,,-874805,0,9,ok
1,884304,9213,O,,-875091,0,9,ok
1,884592,9215,O,,-875377,0,9,ok
1,884880,9217,O,,-875663,0,9,ok
1,885168,9219,O,,-875949,0,9,ok
1,885456,9221,O,,-876235,0,9,ok
1,888050,9239,O,,-878811,2,9,ok
1,888338,9241,O,,-879097,2,9,ok
1,888626,9243,O,,-879383,2,9,ok
1,891512,9263,O,,-882249,2,9,ok
1,892090,9267,O,,-882823,1,9,ok
1,892378,9269,O,,-883109,1,9,ok
1,892956,9273,O,,-883683,0,9,ok
1,895268,9289,O,,-885979,2,9,ok
1,896136,9295,O,,-886841,0,9,ok
1,896714,9299,O,,-887415,2,9,ok
1,898740,9313,O,,-889427,0,9,ok
1,899030,9315,O,,-889715,2,9,ok
1,899898,9321,O,,-890577,0,9,ok
1,900188,9323,O,,-890865,2,9,ok
1,900478,9325,O,,-891153,1,9,ok
1,902506,9339,O,,-893167,1,9,ok
1,902796,9341,O,,-893455,0,9,ok
1,903086,9343,O,,-893743,2,9,ok
1,903376,9345,O,,-894031,1,9,ok
1,903666,9347,O,,-894319,0,9,ok
1,903956,9349,O,,-894607,2,9,ok
1,906568,9367,O,,-897201,1,9,ok
1,907440,9373,O,,-898067,0,9,ok
1,907730,9375,O,,-898355,2,9,ok
1,908020,9377,O,,-898643,1,9,ok
1,910636,9395,O,,-901241,1,9,ok
1,911218,9399,O,,-901819,1,9,ok
1,911800,9403,O,,-902397,1,9,ok
1,914128,9419,O,,-904709,1,9,ok
1,914710,9423,O,,-905287,1,9,ok
1,915584,9429,O,,-906155,2,9,ok
1,917916,9445,O,,-908471,0,9,ok
1,918790,9451,O,,-909339,1,9,ok
1,919082,9453,O,,-909629,2,9,ok
1,919374,9455,O,,-909919,0,9,ok
1,921708,9471,O,,-912237,0,9,ok
1,922000,9473,O,,-912527,1,9,ok
1,922292,9475,O,,-912817,2,9,ok
1,922584,9477,O,,-913107,0,9,ok
1,922876,9479,O,,-913397,1,9,ok
1,368828,5143,O,,-363685,2,9,ok
1,369474,5149,O,,-364325,0,9,ok
1,370982,5163,O,,-365819,2,9,ok
1,371844,5171,O,,-366673,0,9,ok
1,372060,5173,O,,-366887,0,9,ok
1,373356,5185,O,,-368171,0,9,ok
1,373572,5187,O,,-368385,0,9,ok
1,373788,5189,O,,-368599,0,9,ok
1,374004,5191,O,,-368813,0,9,ok
1,374220,5193,O,,-369027,0,9,ok
1,374436,5195,O,,-369241,0,9,ok
1,383336,5277,O,,-378059,2,9,ok
1,383554,5279,O,,-378275,1,9,ok
1,383772,5281,O,,-378491,0,9,ok
1,383990,5283,O,,-378707,2,9,ok
1,384208,5285,O,,-378923,1,9,ok
1,73,5330,E,1,5257,1,9,ok
1,73,5474,E,145,5401,1,9,ok
1,388360,5323,O,,-383037,1,9,ok
1,388798,5327,O,,-383471,1,9,ok
1,389236,5331,O,,-383905,1,9,ok
1,424126,5645,O,,-418481,1,9,ok
1,424352,5647,O,,-418705,2,9,ok
1,425028,5653,O,,-419375,0,9,ok
1,437494,5763,O,,-431731,1,9,ok
1,437722,5765,O,,-431957,1,9,ok
1,437950,5767,O,,-432183,1,9,ok
1,438178,5769,O,,-432409,1,9,ok
1,442286,5805,O,,-436481,2,9,ok
1,442514,5807,O,,-436707,2,9,ok
1,442972,5811,O,,-437161,1,9,ok
1,443200,5813,O,,-437387,1,9,ok
1,472330,6065,O,,-466265,1,9,ok
1,472564,6067,O,,-466497,1,9,ok
1,472798,6069,O,,-466729,1,9,ok
1,477714,6111,O,,-471603,0,9,ok
1,478418,6117,O,,-472301,2,9,ok
1,478652,6119,O,,-472533,2,9,ok
1,511400,6395,O,,-505005,2,9,ok
1,511640,6397,O,,-505243,2,9,ok
1,511880,6399,O,,-505481,2,9,ok
1,512120,6401,O,,-505719,2,9,ok
1,512360,6403,O,,-505957,2,9,ok
1,512600,6405,O,,-506195,2,9,ok
1,82,19,O,,-63,1,9,ok
1,82,6724,E,0,6642,1,9,ok
1,82,6888,E,164,6806,1,9,ok
1,84,7056,E,0,6972,0,9,ok
1,84,7224,E,168,7140,0,9,ok
1,86,7396,E,0,7310,2,9,ok
1,86,7568,E,172,7482,2,9,ok
1,88,7744,E,0,7656,1,9,ok
1,88,7920,E,176,7832,1,9,ok
1,90,8100,E,0,8010,0,9,ok
1,90,8280,E,180,8190,0,9,ok
1,92,8464,E,0,8372,2,9,ok
1,92,8648,E,184,8556,2,9,ok
1,94,8836,E,0,8742,1,9,ok
1,94,9024,E,188,8930,1,9,ok
1,96,21,O,,-75,0,9,ok
1,96,9216,E,0,9120,0,9,ok
1,96,9408,E,192,9312,0,9,ok
1,98,9604,E,0,9506,2,9,ok
1,98,9800,E,196,9702,2,9,ok
1,533142,6575,O,,-526567,0,9,ok
1,533386,6577,O,,-526809,1,9,ok
1,533872,6581,O,,-527291,1,9,ok
1,534116,6583,O,,-527533,2,9,ok
1,536064,6599,O,,-529465,0,9,ok
1,536308,6601,O,,-529707,1,9,ok
1,536552,6603,O,,-529949,2,9,ok
1,539480,6627,O,,-532853,2,9,ok
1,539724,6629,O,,-533095,0,9,ok
1,539968,6631,O,,-533337,1,9,ok
1,540212,6633,O,,-533579,2,9,ok
1,541924,6647,O,,-535277,1,9,ok
1,542168,6649,O,,-535519,2,9,ok
1,542658,6653,O,,-536005,0,9,ok
1,542902,6655,O,,-536247,1,9,ok
1,545106,6673,O,,-538433,0,9,ok
1,545842,6679,O,,-539163,1,9,ok
1,547804,6695,O,,-541109,1,9,ok
1,548050,6697,O,,-541353,1,9,ok
1,549032,6705,O,,-542327,2,9,ok
1,553706,6743,O,,-546963,2,9,ok
1,554692,6751,O,,-547941,1,9,ok
1,554938,6753,O,,-548185,1,9,ok
1,556912,6769,O,,-550143,1,9,ok
1,557652,6775,O,,-550877,0,9,ok
1,559876,6793,O,,-553083,1,9,ok
1,560124,6795,O,,-553329,0,9,ok
1,560618,6799,O,,-553819,2,9,ok
1,560866,6801,O,,-554065,1,9,ok
1,562598,6815,O,,-555783,2,9,ok
1,562846,6817,O,,-556029,1,9,ok
1,563094,6819,O,,-556275,0,9,ok
1,566814,6849,O,,-559965,0,9,ok
1,569050,6867,O,,-562183,1,9,ok
1,569298,6869,O,,-562429,0,9,ok
1,569796,6873,O,,-562923,0,9,ok
1,83,6890,E,1,6807,2,9,ok
1,83,7054,E,165,6971,2,9,ok
1,571538,6887,O,,-564651,2,9,ok
1,572036,6891,O,,-565145,2,9,ok
1,572534,6895,O,,-565639,2,9,ok
1,573032,6899,O,,-566133,2,9,ok
1,575276,6917,O,,-568359,2,9,ok
1,575526,6919,O,,-568607,0,9,ok
1,580774,6961,O,,-573813,1,9,ok
1,581024,6963,O,,-574061,2,9,ok
1,582026,6971,O,,-575055,2,9,ok
1,583780,6985,O,,-576795,1,9,ok
1,584282,6989,O,,-577293,2,9,ok
1,584532,6991,O,,-577541,0,9,ok
1,585034,6995,O,,-578039,1,9,ok
1,587294,7013,O,,-580281,2,9,ok
1,587796,7017,O,,-580779,0,9,ok
1,588048,7019,O,,-581029,0,9,ok
1,591066,7043,O,,-584023,0,9,ok
1,591318,7045,O,,-584273,0,9,ok
1,593082,7059,O,,-586023,0,9,ok
1,593334,7061,O,,-586273,0,9,ok
1,593586,7063,O,,-586523,0,9,ok
1,593838,7065,O,,-586773,0,9,ok
1,594090,7067,O,,-587023,0,9,ok
1,594342,7069,O,,-587273,0,9,ok
1,596614,7087,O,,-589527,1,9,ok
1,596866,7089,O,,-589777,1,9,ok
1,597372,7093,O,,-590279,0,9,ok
1,599394,7109,O,,-592285,0,9,ok
1,599900,7113,O,,-592787,2,9,ok
1,600406,7117,O,,-593289,1,9,ok
1,602432,7133,O,,-595299,2,9,ok
1,603192,7139,O,,-596053,0,9,ok
1,603446,7141,O,,-596305,2,9,ok
1,606236,7163,O,,-599073,2,9,ok
1,606490,7165,O,,-599325,1,9,ok
1,606744,7167,O,,-599577,0,9,ok
1,609032,7185,O,,-601847,2,9,ok
1,609286,7187,O,,-602099,1,9,ok
1,609540,7189,O,,-602351,0,9,ok
1,611576,7205,O,,-604371,2,9,ok
1,612086,7209,O,,-604877,2,9,ok
1,612340,7211,O,,-605129,1,9,ok
1,612850,7215,O,,-605635,1,9,ok
1,528770,6539,O,,-522231,2,9,ok
1,529012,6541,O,,-522471,1,9,ok
1,529498,6545,O,,-522953,1,9,ok
1,529740,6547,O,,-523193,0,9,ok
1,534846,6589,O,,-528257,0,9,ok
1,535090,6591,O,,-528499,1,9,ok
1,535820,6597,O,,-529223,2,9,ok
1,549278,6707,O,,-542571,2,9,ok
1,549524,6709,O,,-542815,2,9,ok
1,553214,6739,O,,-546475,2,9,ok
1,553460,6741,O,,-546719,2,9,ok
1,555678,6759,O,,-548919,0,9,ok
1,556418,6765,O,,-549653,2,9,ok
1,558146,6779,O,,-551367,2,9,ok
1,558640,6783,O,,-551857,1,9,ok
1,559382,6789,O,,-552593,2,9,ok
1,347524,4943,O,,-342581,1,9,ok
1,347946,4947,O,,-342999,0,9,ok
1,522958,6491,O,,-516467,1,9,ok
1,523200,6493,O,,-516707,0,9,ok
1,523442,6495,O,,-516947,2,9,ok
1,540946,6639,O,,-534307,1,9,ok
1,541190,6641,O,,-534549,2,9,ok
1,604206,7147,O,,-597059,0,9,ok
1,604460,7149,O,,-597311,2,9,ok
1,604714,7151,O,,-597563,1,9,ok
1,606998,7169,O,,-599829,2,9,ok
1,607252,7171,O,,-600081,1,9,ok
1,607506,7173,O,,-600333,0,9,ok
1,610558,7197,O,,-603361,1,9,ok
1,610812,7199,O,,-603613,0,9,ok
1,611322,7203,O,,-604119,0,9,ok
1,625892,7317,O,,-618575,2,9,ok
1,626148,7319,O,,-618829,0,9,ok
1,626662,7323,O,,-619339,1,9,ok
1,746212,8227,O,,-737985,1,9,ok
1,746484,8229,O,,-738255,0,9,ok
1,748662,8245,O,,-740417,0,9,ok
1,748934,8247,O,,-740687,2,9,ok
1,749752,8253,O,,-741499,1,9,ok
1,752206,8271,O,,-743935,1,9,ok
1,752752,8275,O,,-744477,1,9,ok
1,753298,8279,O,,-745019,1,9,ok
1,893534,9277,O,,-884257,2,9,ok
1,894112,9281,O,,-884831,1,9,ok
1,894690,9285,O,,-885405,0,9,ok
1,897004,9301,O,,-887703,1,9,ok
1,897582,9305,O,,-888277,0,9,ok
1,897872,9307,O,,-888565,2,9,ok
1,900768,9327,O,,-891441,0,9,ok
1,925506,9497,O,,-916009,0,9,ok
1,926384,9503,O,,-916881,2,9,ok
1,926676,9505,O,,-917171,0,9,ok
1,929310,9523,O,,-919787,0,9,ok
1,929602,9525,O,,-920077,1,9,ok
1,930188,9529,O,,-920659,2,9,ok
1,930774,9533,O,,-921241,0,9,ok
1,933704,9553,O,,-924151,2,9,ok
1,933998,9555,O,,-924443,2,9,ok
1,934584,9559,O,,-925025,0,9,ok
1,934878,9561,O,,-925317,0,9,ok
1,938106,9583,O,,-928523,0,9,ok
1,938400,9585,O,,-928815,0,9,ok
1,938694,9587,O,,-929107,0,9,ok
1,945458,9633,O,,-935825,2,9,ok
1,945752,9635,O,,-936117,2,9,ok
1,946636,9641,O,,-936995,1,9,ok
1,948698,9655,O,,-939043,2,9,ok
1,949288,9659,O,,-939629,1,9,ok
1,949878,9663,O,,-940215,0,9,ok
1,950468,9667,O,,-940801,2,9,ok
1,952828,9683,O,,-943145,1,9,ok
1,953124,9685,O,,-943439,0,9,ok
1,953714,9689,O,,-944025,2,9,ok
1,956964,9711,O,,-947253,0,9,ok
1,957260,9713,O,,-947547,2,9,ok
1,957556,9715,O,,-947841,1,9,ok
1,960514,9735,O,,-950779,1,9,ok
1,960810,9737,O,,-951073,0,9,ok
1,961106,9739,O,,-951367,2,9,ok
1,961402,9741,O,,-951661,1,9,ok
1,961698,9743,O,,-951955,0,9,ok
1,961994,9745,O,,-952249,2,9,ok
1,965254,9767,O,,-955487,1,9,ok
1,965550,9769,O,,-955781,0,9,ok
1,968814,9791,O,,-959023,0,9,ok
1,969408,9795,O,,-959613,0,9,ok
1,970002,9799,O,,-960203,0,9,ok
1,972378,9815,O,,-962563,0,9,ok
1,973270,9821,O,,-963449,1,9,ok
1,974162,9827,O,,-964335,2,9,ok
1,976542,9843,O,,-966699,0,9,ok
1,976840,9845,O,,-966995,1,9,ok
1,977138,9847,O,,-967291,2,9,ok
1,980116,9867,O,,-970249,1,9,ok
1,980414,9869,O,,-970545,2,9,ok
1,980712,9871,O,,-970841,0,9,ok
1,981010,9873,O,,-971137,1,9,ok
1,981308,9875,O,,-971433,2,9,ok
1,981606,9877,O,,-971729,0,9,ok
1,984888,9899,O,,-974989,0,9,ok
1,985186,9901,O,,-975285,1,9,ok
1,988472,9923,O,,-978549,2,9,ok
1,989070,9927,O,,-979143,0,9,ok
1,989368,9929,O,,-979439,1,9,ok
1,989966,9933,O,,-980033,2,9,ok
1,992060,9947,O,,-982113,2,9,ok
1,992958,9953,O,,-983005,0,9,ok
1,993556,9957,O,,-983599,1,9,ok
1,993856,9959,O,,-983897,1,9,ok
1,996252,9975,O,,-986277,0,9,ok
1,997750,9985,O,,-987765,1,9,ok
1,921124,9467,O,,-911657,1,9,ok
1,921416,9469,O,,-911947,2,9,ok
1,927554,9511,O,,-918043,2,9,ok
1,927846,9513,O,,-918333,0,9,ok
1,928432,9517,O,,-918915,1,9,ok
1,928724,9519,O,,-919205,2,9,ok
1,946930,9643,O,,-937287,1,9,ok
1,947520,9647,O,,-937873,0,9,ok
1,947814,9649,O,,-938165,0,9,ok
1,948404,9653,O,,-938751,2,9,ok
1,951058,9671,O,,-941387,1,9,ok
1,951648,9675,O,,-941973,0,9,ok
1,952238,9679,O,,-942559,2,9,ok
1,954600,9695,O,,-944905,0,9,ok
1,954896,9697,O,,-945199,2,9,ok
1,955486,9701,O,,-945785,1,9,ok
1,955782,9703,O,,-946079,0,9,ok
1,975054,9833,O,,-965221,0,9,ok
1,975352,9835,O,,-965517,1,9,ok
1,978626,9857,O,,-968769,2,9,ok
1,978924,9859,O,,-969065,0,9,ok
1,979222,9861,O,,-969361,1,9,ok
1,979520,9863,O,,-969657,2,9,ok
1,979818,9865,O,,-969953,0,9,ok
1,983396,9889,O,,-973507,2,9,ok
1,983694,9891,O,,-973803,0,9,ok
1,95,9026,E,1,8931,2,9,ok
1,95,9214,E,189,9119,2,9,ok
1,855950,9015,O,,-846935,2,9,ok
1,856520,9019,O,,-847501,2,9,ok
1,857090,9023,O,,-848067,2,9,ok
1,994754,9965,O,,-984789,2,9,ok
1,995054,9967,O,,-985087,2,9,ok
1,995952,9973,O,,-985979,0,9,ok
1,101,10202,E,1,10101,2,9,ok
1,101,10402,E,201,10301,2,9,ok
1,153,23410,E,1,23257,0,9,ok
1,153,23714,E,305,23561,0,9,ok
1,169,28562,E,1,28393,1,9,ok
1,169,28898,E,337,28729,1,9,ok
1,171,29242,E,1,29071,0,9,ok
1,171,29582,E,341,29411,0,9,ok
1,155,24026,E,1,23871,2,9,ok
1,155,24334,E,309,24179,2,9,ok
1,161,25922,E,1,25761,2,9,ok
1,161,26242,E,321,26081,2,9,ok
1,749,561002,E,1,560253,2,10,ok
1,749,562498,E,1497,561749,2,10,ok
1,751,564002,E,1,563251,1,10,ok
1,751,565502,E,1501,564751,1,10,ok
1,753,567010,E,1,566257,0,10,ok
1,753,568514,E,1505,567761,0,10,ok
1,765,585226,E,1,584461,0,10,ok
1,765,586754,E,1529,585989,0,10,ok
1,809,654482,E,1,653673,2,10,ok
1,809,656098,E,1617,655289,2,10,ok
1,1106,107,O,,-999,2,10,ok
1,1397,125,O,,-1272,2,10,ok
1,1431,127,O,,-1304,0,10,ok
1,1499,131,O,,-1368,2,10,ok
1,1533,133,O,,-1400,0,10,ok
1,1603,137,O,,-1466,1,10,ok
1,1967,157,O,,-1810,2,10,ok
1,10156,469,O,,-9687,1,10,ok
1,10946,493,O,,-10453,2,10,ok
1,11348,505,O,,-10843,2,10,ok
1,23,530,E,1,507,2,10,ok
1,23,574,E,45,551,2,10,ok
1,12236,531,O,,-11705,2,10,ok
1,13004,553,O,,-12451,2,10,ok
1,13074,555,O,,-12519,0,10,ok
1,13216,559,O,,-12657,1,10,ok
1,13572,569,O,,-13003,0,10,ok
1,13644,571,O,,-13073,0,10,ok
1,13932,579,O,,-13353,0,10,ok
1,14004,581,O,,-13423,0,10,ok
1,14076,583,O,,-13493,0,10,ok
1,14440,593,O,,-13847,1,10,ok
1,14586,597,O,,-13989,0,10,ok
1,20910,759,O,,-20151,0,10,ok
1,21408,771,O,,-20637,0,10,ok
1,21910,783,O,,-21127,1,10,ok
1,21994,785,O,,-21209,1,10,ok
1,22078,787,O,,-21291,1,10,ok
1,22162,789,O,,-21373,1,10,ok
1,22500,797,O,,-21703,0,10,ok
1,22754,803,O,,-21951,2,10,ok
1,23266,815,O,,-22451,1,10,ok
1,23352,817,O,,-22535,0,10,ok
1,23782,827,O,,-22955,1,10,ok
1,23868,829,O,,-23039,0,10,ok
1,29,842,E,1,813,2,10,ok
1,29,898,E,57,869,2,10,ok
1,24476,843,O,,-23633,2,10,ok
1,25000,855,O,,-24145,1,10,ok
1,25088,857,O,,-24231,2,10,ok
1,25176,859,O,,-24317,0,10,ok
1,25264,861,O,,-24403,1,10,ok
1,25794,873,O,,-24921,0,10,ok
1,25882,875,O,,-25007,1,10,ok
1,26506,889,O,,-25617,1,10,ok
1,27768,917,O,,-26851,0,10,ok
1,28224,927,O,,-27297,0,10,ok
1,28406,931,O,,-27475,2,10,ok
1,28498,933,O,,-27565,1,10,ok
1,38440,1139,O,,-37301,1,10,ok
1,38642,1143,O,,-37499,2,10,ok
1,38744,1145,O,,-37599,2,10,ok
1,40174,1173,O,,-39001,1,10,ok
1,40276,1175,O,,-39101,1,10,ok
1,40998,1189,O,,-39809,0,10,ok
1,41102,1191,O,,-39911,2,10,ok
1,41206,1193,O,,-40013,1,10,ok
1,42560,1219,O,,-41341,2,10,ok
1,42770,1223,O,,-41547,2,10,ok
1,43506,1237,O,,-42269,0,10,ok
1,43612,1239,O,,-42373,1,10,ok
1,44992,1265,O,,-43727,1,10,ok
1,45098,1267,O,,-43831,2,10,ok
1,45312,1271,O,,-44041,0,10,ok
1,45848,1281,O,,-44567,2,10,ok
1,46170,1287,O,,-44883,0,10,ok
1,46710,1297,O,,-45413,0,10,ok
1,46818,1299,O,,-45519,0,10,ok
1,46926,1301,O,,-45625,0,10,ok
1,47034,1303,O,,-45731,0,10,ok
1,47794,1317,O,,-46477,1,10,ok
1,48558,1331,O,,-47227,0,10,ok
1,48668,1333,O,,-47335,2,10,ok
1,49326,1345,O,,-47981,0,10,ok
1,49436,1347,O,,-48089,2,10,ok
1,50320,1363,O,,-48957,1,10,ok
1,50542,1367,O,,-49175,1,10,ok
1,6296,341,O,,-5955,2,10,ok
1,6352,343,O,,-6009,1,10,ok
1,6463,347,O,,-6116,1,10,ok
1,7261,375,O,,-6886,1,10,ok
1,7731,391,O,,-7340,0,10,ok
1,8699,423,O,,-8276,2,10,ok
1,5805,323,O,,-5482,0,10,ok
1,19,362,E,1,343,1,10,ok
1,19,398,E,37,379,1,10,ok
1,6802,359,O,,-6443,1,10,ok
1,7088,369,O,,-6719,2,10,ok
1,7436,381,O,,-7055,2,10,ok
1,7554,385,O,,-7169,0,10,ok
1,7790,393,O,,-7397,2,10,ok
1,7850,395,O,,-7455,2,10,ok
1,7910,397,O,,-7513,2,10,ok
1,8150,405,O,,-7745,2,10,ok
1,8210,407,O,,-7803,2,10,ok
1,8576,419,O,,-8157,2,10,ok
1,8638,421,O,,-8217,1,10,ok
1,9010,433,O,,-8577,1,10,ok
1,21,442,E,1,421,0,10,ok
1,21,482,E,41,461,0,10,ok
1,9324,443,O,,-8881,0,10,ok
1,6575,351,O,,-6224,2,10,ok
1,6916,363,O,,-6553,1,10,ok
1,7030,367,O,,-6663,1,10,ok
1,7203,373,O,,-6830,0,10,ok
1,8271,409,O,,-7862,0,10,ok
1,9641,453,O,,-9188,2,10,ok
1,9769,457,O,,-9312,1,10,ok
1,9833,459,O,,-9374,2,10,ok
1,9072,435,O,,-8637,0,10,ok
1,9198,439,O,,-8759,0,10,ok
1,10352,475,O,,-9877,2,10,ok
1,23438,819,O,,-22619,2,10,ok
1,23524,821,O,,-22703,1,10,ok
1,23610,823,O,,-22787,0,10,ok
1,23696,825,O,,-22871,2,10,ok
1,28590,935,O,,-27655,0,10,ok
1,29512,955,O,,-28557,1,10,ok
1,24128,835,O,,-23293,2,10,ok
1,24302,839,O,,-23463,2,10,ok
1,26060,879,O,,-25181,2,10,ok
1,26238,883,O,,-25355,0,10,ok
1,561360,6805,O,,-554555,0,11,ok
1,561608,6807,O,,-554801,2,11,ok
1,567062,6851,O,,-560211,2,11,ok
1,567310,6853,O,,-560457,1,11,ok
1,568056,6859,O,,-561197,0,11,ok
1,568304,6861,O,,-561443,2,11,ok
1,585536,6999,O,,-578537,2,11,ok
1,586038,7003,O,,-579035,0,11,ok
1,586540,7007,O,,-579533,1,11,ok
1,654852,7541,O,,-647311,0,11,ok
1,655112,7543,O,,-647569,2,11,ok
1,655634,7547,O,,-648087,2,11,ok
1,655894,7549,O,,-648345,1,11,ok
1,107,11450,E,1,11343,2,11,ok
1,107,11662,E,213,11555,2,11,ok
1,125,25,O,,-100,2,11,ok
1,125,15626,E,1,15501,2,11,ok
1,125,15874,E,249,15749,2,11,ok
1,127,16130,E,1,16003,1,11,ok
1,127,16382,E,253,16255,1,11,ok
1,131,17162,E,1,17031,2,11,ok
1,131,17422,E,261,17291,2,11,ok
1,133,17690,E,1,17557,1,11,ok
1,133,17954,E,265,17821,1,11,ok
1,137,18770,E,1,18633,2,11,ok
1,137,19042,E,273,18905,2,11,ok
1,157,24650,E,1,24493,1,11,ok
1,157,24962,E,313,24805,1,11,ok
1,469,219962,E,1,219493,1,11,ok
1,469,220898,E,937,220429,1,11,ok
1,493,243050,E,1,242557,1,11,ok
1,493,244034,E,985,243541,1,11,ok
1,505,255026,E,1,254521,1,11,ok
1,505,256034,E,1009,255529,1,11,ok
1,530,280900,E,0,280370,2,11,ok
1,530,281960,E,1060,281430,2,11,ok
1,532,283024,E,0,282492,1,11,ok
1,532,284088,E,1064,283556,1,11,ok
1,534,285156,E,0,284622,0,11,ok
1,534,286224,E,1068,285690,0,11,ok
1,536,287296,E,0,286760,2,11,ok
1,536,288368,E,1072,287832,2,11,ok
1,538,289444,E,0,288906,1,11,ok
1,538,290520,E,1076,289982,1,11,ok
1,540,291600,E,0,291060,0,11,ok
1,540,292680,E,1080,292140,0,11,ok
1,542,293764,E,0,293222,2,11,ok
1,542,294848,E,1084,294306,2,11,ok
1,544,295936,E,0,295392,1,11,ok
1,544,297024,E,1088,296480,1,11,ok
1,546,298116,E,0,297570,0,11,ok
1,546,299208,E,1092,298662,0,11,ok
1,548,67,O,,-481,2,11,ok
1,548,300304,E,0,299756,2,11,ok
1,548,301400,E,1096,300852,2,11,ok
1,550,302500,E,0,301950,1,11,ok
1,550,303600,E,1100,303050,1,11,ok
1,552,304704,E,0,304152,0,11,ok
1,552,305808,E,1104,305256,0,11,ok
1,554,306916,E,0,306362,2,11,ok
1,554,308024,E,1108,307470,2,11,ok
1,556,309136,E,0,308580,1,11,ok
1,556,310248,E,1112,309692,1,11,ok
1,558,311364,E,0,310806,0,11,ok
1,558,312480,E,1116,311922,0,11,ok
1,560,313600,E,0,313040,2,11,ok
1,560,314720,E,1120,314160,2,11,ok
1,562,315844,E,0,315282,1,11,ok
1,562,316968,E,1124,316406,1,11,ok
1,564,318096,E,0,317532,0,11,ok
1,564,319224,E,1128,318660,0,11,ok
1,566,320356,E,0,319790,2,11,ok
1,566,321488,E,1132,320922,2,11,ok
1,568,322624,E,0,322056,1,11,ok
1,568,323760,E,1136,323192,1,11,ok
1,570,324900,E,0,324330,0,11,ok
1,570,326040,E,1140,325470,0,11,ok
1,572,327184,E,0,326612,2,11,ok
1,572,328328,E,1144,327756,2,11,ok
1,574,329476,E,0,328902,1,11,ok
1,574,330624,E,1148,330050,1,11,ok
1,531,281962,E,1,281431,0,11,ok
1,531,283022,E,1061,282491,0,11,ok
1,553,305810,E,1,305257,1,11,ok
1,553,306914,E,1105,306361,1,11,ok
1,555,308026,E,1,307471,0,11,ok
1,555,309134,E,1109,308579,0,11,ok
1,559,312482,E,1,311923,1,11,ok
1,559,313598,E,1117,313039,1,11,ok
1,569,323762,E,1,323193,2,11,ok
1,569,324898,E,1137,324329,2,11,ok
1,571,326042,E,1,325471,1,11,ok
1,571,327182,E,1141,326611,1,11,ok
1,579,335242,E,1,334663,0,11,ok
1,579,336398,E,1157,335819,0,11,ok
1,581,337562,E,1,336981,2,11,ok
1,581,338722,E,1161,338141,2,11,ok
1,583,339890,E,1,339307,1,11,ok
1,583,341054,E,1165,340471,1,11,ok
1,593,351650,E,1,351057,2,11,ok
1,593,352834,E,1185,352241,2,11,ok
1,597,356410,E,1,355813,0,11,ok
1,597,357602,E,1193,357005,0,11,ok
1,759,576082,E,1,575323,0,11,ok
1,759,577598,E,1517,576839,0,11,ok
1,771,594442,E,1,593671,0,11,ok
1,771,595982,E,1541,595211,0,11,ok
1,783,85,O,,-698,0,11,ok
1,783,613090,E,1,612307,0,11,ok
1,783,614654,E,1565,613871,0,11,ok
1,785,616226,E,1,615441,2,11,ok
1,785,617794,E,1569,617009,2,11,ok
1,787,619370,E,1,618583,1,11,ok
1,787,620942,E,1573,620155,1,11,ok
1,789,622522,E,1,621733,0,11,ok
1,789,624098,E,1577,623309,0,11,ok
1,797,635210,E,1,634413,2,11,ok
1,797,636802,E,1593,636005,2,11,ok
1,803,644810,E,1,644007,2,11,ok
1,803,646414,E,1605,645611,2,11,ok
1,815,664226,E,1,663411,2,11,ok
1,815,665854,E,1629,665039,2,11,ok
1,817,667490,E,1,666673,1,11,ok
1,817,669122,E,1633,668305,1,11,ok
1,827,683930,E,1,683103,2,11,ok
1,827,685582,E,1653,684755,2,11,ok
1,829,687242,E,1,686413,1,11,ok
1,829,688898,E,1657,688069,1,11,ok
1,842,708964,E,0,708122,2,11,ok
1,842,710648,E,1684,709806,2,11,ok
1,844,712336,E,0,711492,1,11,ok
1,844,714024,E,1688,713180,1,11,ok
1,846,715716,E,0,714870,0,11,ok
1,846,717408,E,1692,716562,0,11,ok
1,848,719104,E,0,718256,2,11,ok
1,848,720800,E,1696,719952,2,11,ok
1,850,722500,E,0,721650,1,11,ok
1,850,724200,E,1700,723350,1,11,ok
1,852,725904,E,0,725052,0,11,ok
1,852,727608,E,1704,726756,0,11,ok
1,854,729316,E,0,728462,2,11,ok
1,854,731024,E,1708,730170,2,11,ok
1,856,732736,E,0,731880,1,11,ok
1,856,734448,E,1712,733592,1,11,ok
1,858,736164,E,0,735306,0,11,ok
1,858,737880,E,1716,737022,0,11,ok
1,860,739600,E,0,738740,2,11,ok
1,860,741320,E,1720,740460,2,11,ok
1,862,743044,E,0,742182,1,11,ok
1,862,744768,E,1724,743906,1,11,ok
1,864,746496,E,0,745632,0,11,ok
1,864,748224,E,1728,747360,0,11,ok
1,866,749956,E,0,749090,2,11,ok
1,866,751688,E,1732,750822,2,11,ok
1,868,91,O,,-777,1,11,ok
1,868,753424,E,0,752556,1,11,ok
1,868,755160,E,1736,754292,1,11,ok
1,870,756900,E,0,756030,0,11,ok
1,870,758640,E,1740,757770,0,11,ok
1,872,760384,E,0,759512,2,11,ok
1,872,762128,E,1744,761256,2,11,ok
1,874,763876,E,0,763002,1,11,ok
1,874,765624,E,1748,764750,1,11,ok
1,876,767376,E,0,766500,0,11,ok
1,876,769128,E,1752,768252,0,11,ok
1,878,770884,E,0,770006,2,11,ok
1,878,772640,E,1756,771762,2,11,ok
1,880,774400,E,0,773520,1,11,ok
1,880,776160,E,1760,775280,1,11,ok
1,882,777924,E,0,777042,0,11,ok
1,882,779688,E,1764,778806,0,11,ok
1,884,781456,E,0,780572,2,11,ok
1,884,783224,E,1768,782340,2,11,ok
1,886,784996,E,0,784110,1,11,ok
1,886,786768,E,1772,785882,1,11,ok
1,888,788544,E,0,787656,0,11,ok
1,888,790320,E,1776,789432,0,11,ok
1,890,792100,E,0,791210,2,11,ok
1,890,793880,E,1780,792990,2,11,ok
1,892,795664,E,0,794772,1,11,ok
1,892,797448,E,1784,796556,1,11,ok
1,894,799236,E,0,798342,0,11,ok
1,894,801024,E,1788,800130,0,11,ok
1,896,93,O,,-803,2,11,ok
1,896,802816,E,0,801920,2,11,ok
1,896,804608,E,1792,803712,2,11,ok
1,898,806404,E,0,805506,1,11,ok
1,898,808200,E,1796,807302,1,11,ok
1,843,710650,E,1,709807,0,11,ok
1,843,712334,E,1685,711491,0,11,ok
1,855,731026,E,1,730171,0,11,ok
1,855,732734,E,1709,731879,0,11,ok
1,857,734450,E,1,733593,2,11,ok
1,857,736162,E,1713,735305,2,11,ok
1,859,737882,E,1,737023,1,11,ok
1,859,739598,E,1717,738739,1,11,ok
1,861,741322,E,1,740461,0,11,ok
1,861,743042,E,1721,742181,0,11,ok
1,873,762130,E,1,761257,0,11,ok
1,873,763874,E,1745,763001,0,11,ok
1,875,765626,E,1,764751,2,11,ok
1,875,767374,E,1749,766499,2,11,ok
1,889,790322,E,1,789433,1,11,ok
1,889,792098,E,1777,791209,1,11,ok
1,917,840890,E,1,839973,2,11,ok
1,917,842722,E,1833,841805,2,11,ok
1,927,859330,E,1,858403,0,11,ok
1,927,861182,E,1853,860255,0,11,ok
1,931,866762,E,1,865831,1,11,ok
1,931,868622,E,1861,867691,1,11,ok
1,933,870490,E,1,869557,0,11,ok
1,933,872354,E,1865,871421,0,11,ok
1,1265,117,O,,-1148,2,11,ok
1,1331,121,O,,-1210,2,11,ok
1,341,116282,E,1,115941,2,11,ok
1,341,116962,E,681,116621,2,11,ok
1,343,49,O,,-294,1,11,ok
1,343,117650,E,1,117307,1,11,ok
1,343,118334,E,685,117991,1,11,ok
1,347,120410,E,1,120063,2,11,ok
1,347,121102,E,693,120755,2,11,ok
1,375,140626,E,1,140251,0,11,ok
1,375,141374,E,749,140999,0,11,ok
1,391,152882,E,1,152491,1,11,ok
1,391,153662,E,781,153271,1,11,ok
1,423,178930,E,1,178507,0,11,ok
1,423,179774,E,845,179351,0,11,ok
1,323,104330,E,1,104007,2,11,ok
1,323,104974,E,645,104651,2,11,ok
1,362,131044,E,0,130682,2,11,ok
1,362,131768,E,724,131406,2,11,ok
1,364,51,O,,-313,1,11,ok
1,364,132496,E,0,132132,1,11,ok
1,364,133224,E,728,132860,1,11,ok
1,366,133956,E,0,133590,0,11,ok
1,366,134688,E,732,134322,0,11,ok
1,368,135424,E,0,135056,2,11,ok
1,368,136160,E,736,135792,2,11,ok
1,370,136900,E,0,136530,1,11,ok
1,370,137640,E,740,137270,1,11,ok
1,372,138384,E,0,138012,0,11,ok
1,372,139128,E,744,138756,0,11,ok
1,374,139876,E,0,139502,2,11,ok
1,374,140624,E,748,140250,2,11,ok
1,376,141376,E,0,141000,1,11,ok
1,376,142128,E,752,141752,1,11,ok
1,378,142884,E,0,142506,0,11,ok
1,378,143640,E,756,143262,0,11,ok
1,380,144400,E,0,144020,2,11,ok
1,380,145160,E,760,144780,2,11,ok
1,382,145924,E,0,145542,1,11,ok
1,382,146688,E,764,146306,1,11,ok
1,384,147456,E,0,147072,0,11,ok
1,384,148224,E,768,147840,0,11,ok
1,386,148996,E,0,148610,2,11,ok
1,386,149768,E,772,149382,2,11,ok
1,388,150544,E,0,150156,1,11,ok
1,388,151320,E,776,150932,1,11,ok
1,390,152100,E,0,151710,0,11,ok
1,390,152880,E,780,152490,0,11,ok
1,392,153664,E,0,153272,2,11,ok
1,392,154448,E,784,154056,2,11,ok
1,394,155236,E,0,154842,1,11,ok
1,394,156024,E,788,155630,1,11,ok
1,396,156816,E,0,156420,0,11,ok
1,396,157608,E,792,157212,0,11,ok
1,398,158404,E,0,158006,2,11,ok
1,398,159200,E,796,158802,2,11,ok
1,359,128882,E,1,128523,2,11,ok
1,359,129598,E,717,129239,2,11,ok
1,369,136162,E,1,135793,0,11,ok
1,369,136898,E,737,136529,0,11,ok
1,381,145162,E,1,144781,0,11,ok
1,381,145922,E,761,145541,0,11,ok
1,385,53,O,,-332,1,11,ok
1,385,148226,E,1,147841,1,11,ok
1,385,148994,E,769,148609,1,11,ok
1,393,154450,E,1,154057,0,11,ok
1,393,155234,E,785,154841,0,11,ok
1,395,156026,E,1,155631,2,11,ok
1,395,156814,E,789,156419,2,11,ok
1,397,157610,E,1,157213,1,11,ok
1,397,158402,E,793,158005,1,11,ok
1,405,164026,E,1,163621,0,11,ok
1,405,164834,E,809,164429,0,11,ok
1,407,55,O,,-352,2,11,ok
1,407,165650,E,1,165243,2,11,ok
1,407,166462,E,813,166055,2,11,ok
1,419,175562,E,1,175143,2,11,ok
1,419,176398,E,837,175979,2,11,ok
1,421,177242,E,1,176821,1,11,ok
1,421,178082,E,841,177661,1,11,ok
1,433,187490,E,1,187057,1,11,ok
1,433,188354,E,865,187921,1,11,ok
1,442,195364,E,0,194922,1,11,ok
1,442,196248,E,884,195806,1,11,ok
1,444,197136,E,0,196692,0,11,ok
1,444,198024,E,888,197580,0,11,ok
1,446,198916,E,0,198470,2,11,ok
1,446,199808,E,892,199362,2,11,ok
1,448,200704,E,0,200256,1,11,ok
1,448,201600,E,896,201152,1,11,ok
1,450,202500,E,0,202050,0,11,ok
1,450,203400,E,900,202950,0,11,ok
1,452,204304,E,0,203852,2,11,ok
1,452,205208,E,904,204756,2,11,ok
1,454,206116,E,0,205662,1,11,ok
1,454,207024,E,908,206570,1,11,ok
1,456,207936,E,0,207480,0,11,ok
1,456,208848,E,912,208392,0,11,ok
1,458,209764,E,0,209306,2,11,ok
1,458,210680,E,916,210222,2,11,ok
1,460,211600,E,0,211140,1,11,ok
1,460,212520,E,920,212060,1,11,ok
1,462,213444,E,0,212982,0,11,ok
1,462,214368,E,924,213906,0,11,ok
1,464,215296,E,0,214832,2,11,ok
1,464,216224,E,928,215760,2,11,ok
1,466,217156,E,0,216690,1,11,ok
1,466,218088,E,932,217622,1,11,ok
1,468,219024,E,0,218556,0,11,ok
1,468,219960,E,936,219492,0,11,ok
1,470,220900,E,0,220430,2,11,ok
1,470,221840,E,940,221370,2,11,ok
1,472,222784,E,0,222312,1,11,ok
1,472,223728,E,944,223256,1,11,ok
1,474,224676,E,0,224202,0,11,ok
1,474,225624,E,948,225150,0,11,ok
1,476,61,O,,-415,2,11,ok
1,476,226576,E,0,226100,2,11,ok
1,476,227528,E,952,227052,2,11,ok
1,478,228484,E,0,228006,1,11,ok
1,478,229440,E,956,228962,1,11,ok
1,480,230400,E,0,229920,0,11,ok
1,480,231360,E,960,230880,0,11,ok
1,482,232324,E,0,231842,2,11,ok
1,482,233288,E,964,232806,2,11,ok
1,443,196250,E,1,195807,2,11,ok
1,443,197134,E,885,196691,2,11,ok
1,351,123202,E,1,122851,0,11,ok
1,351,123902,E,701,123551,0,11,ok
1,363,131770,E,1,131407,0,11,ok
1,363,132494,E,725,132131,0,11,ok
1,367,134690,E,1,134323,1,11,ok
1,367,135422,E,733,135055,1,11,ok
1,373,139130,E,1,138757,1,11,ok
1,373,139874,E,745,139501,1,11,ok
1,409,167282,E,1,166873,1,11,ok
1,409,168098,E,817,167689,1,11,ok
1,453,59,O,,-394,0,11,ok
1,453,205210,E,1,204757,0,11,ok
1,453,206114,E,905,205661,0,11,ok
1,457,208850,E,1,208393,1,11,ok
1,457,209762,E,913,209305,1,11,ok
1,459,210682,E,1,210223,0,11,ok
1,459,211598,E,917,211139,0,11,ok
1,435,189226,E,1,188791,0,11,ok
1,435,190094,E,869,189659,0,11,ok
1,439,192722,E,1,192283,1,11,ok
1,439,193598,E,877,193159,1,11,ok
1,475,225626,E,1,225151,1,11,ok
1,475,226574,E,949,226099,1,11,ok
1,819,670762,E,1,669943,0,11,ok
1,819,672398,E,1637,671579,0,11,ok
1,821,674042,E,1,673221,2,11,ok
1,821,675682,E,1641,674861,2,11,ok
1,823,677330,E,1,676507,1,11,ok
1,823,678974,E,1645,678151,1,11,ok
1,825,680626,E,1,679801,0,11,ok
1,825,682274,E,1649,681449,0,11,ok
1,935,874226,E,1,873291,2,11,ok
1,935,876094,E,1869,875159,2,11,ok
1,955,97,O,,-858,1,11,ok
1,955,912026,E,1,911071,1,11,ok
1,955,913934,E,1909,912979,1,11,ok
1,835,697226,E,1,696391,1,11,ok
1,835,698894,E,1669,698059,1,11,ok
1,839,89,O,,-750,2,11,ok
1,839,703922,E,1,703083,2,11,ok
1,839,705598,E,1677,704759,2,11,ok
1,879,772642,E,1,771763,0,11,ok
1,879,774398,E,1757,773519,0,11,ok
1,883,779690,E,1,778807,1,11,ok
1,883,781454,E,1765,780571,1,11,ok
1,6859,361,O,,-6498,1,12,ok
1,25,626,E,1,601,1,12,ok
1,25,674,E,49,649,1,12,ok
1,15700,627,O,,-15073,1,12,ok
1,15850,631,O,,-15219,1,12,ok
1,16152,639,O,,-15513,0,12,ok
1,16228,641,O,,-15587,1,12,ok
1,16304,643,O,,-15661,2,12,ok
1,16380,645,O,,-15735,0,12,ok
1,17226,667,O,,-16559,0,12,ok
1,17928,685,O,,-17243,0,12,ok
1,18798,707,O,,-18091,0,12,ok
1,18878,709,O,,-18169,2,12,ok
1,18958,711,O,,-18247,1,12,ok
1,19038,713,O,,-18325,0,12,ok
1,24650,847,O,,-23803,2,12,ok
1,24912,853,O,,-24059,0,12,ok
1,220062,3645,O,,-216417,0,12,ok
1,220424,3649,O,,-216775,2,12,ok
1,220606,3651,O,,-216955,1,12,ok
1,243086,3895,O,,-239191,2,12,ok
1,243648,3901,O,,-239747,0,12,ok
1,243836,3903,O,,-239933,2,12,ok
1,255738,4029,O,,-251709,0,12,ok
1,255928,4031,O,,-251897,1,12,ok
1,281478,4295,O,,-277183,0,12,ok
1,281674,4297,O,,-277377,1,12,ok
1,283052,4311,O,,-278741,2,12,ok
1,283446,4315,O,,-279131,0,12,ok
1,283840,4319,O,,-279521,1,12,ok
1,285222,4333,O,,-280889,0,12,ok
1,285814,4339,O,,-281475,1,12,ok
1,286012,4341,O,,-281671,1,12,ok
1,289776,4379,O,,-285397,0,12,ok
1,289974,4381,O,,-285593,0,12,ok
1,291962,4401,O,,-287561,2,12,ok
1,292360,4405,O,,-287955,1,12,ok
1,293954,4421,O,,-289533,2,12,ok
1,294154,4423,O,,-289731,1,12,ok
1,296952,4451,O,,-292501,0,12,ok
1,298354,4465,O,,-293889,1,12,ok
1,298554,4467,O,,-294087,0,12,ok
1,299156,4473,O,,-294683,2,12,ok
1,67,4490,E,1,4423,1,12,ok
1,67,4622,E,133,4555,1,12,ok
1,300562,4487,O,,-296075,1,12,ok
1,300964,4491,O,,-296473,1,12,ok
1,301366,4495,O,,-296871,1,12,ok
1,302976,4511,O,,-298465,0,12,ok
1,303178,4513,O,,-298665,1,12,ok
1,307420,4555,O,,-302865,1,12,ok
1,307622,4557,O,,-303065,2,12,ok
1,309244,4573,O,,-304671,1,12,ok
1,309650,4577,O,,-305073,2,12,ok
1,310056,4581,O,,-305475,0,12,ok
1,311478,4595,O,,-306883,0,12,ok
1,311682,4597,O,,-307085,0,12,ok
1,312088,4601,O,,-307487,1,12,ok
1,312292,4603,O,,-307689,1,12,ok
1,313718,4617,O,,-309101,2,12,ok
1,313922,4619,O,,-309303,2,12,ok
1,314126,4621,O,,-309505,2,12,ok
1,314330,4623,O,,-309707,2,12,ok
1,314534,4625,O,,-309909,2,12,ok
1,316576,4645,O,,-311931,1,12,ok
1,316780,4647,O,,-312133,1,12,ok
1,318418,4663,O,,-313755,1,12,ok
1,318828,4667,O,,-314161,0,12,ok
1,320674,4685,O,,-315989,1,12,ok
1,321290,4691,O,,-316599,2,12,ok
1,322730,4705,O,,-318025,2,12,ok
1,324996,4727,O,,-320269,0,12,ok
1,325202,4729,O,,-320473,2,12,ok
1,325408,4731,O,,-320677,1,12,ok
1,326028,4737,O,,-321291,0,12,ok
1,327474,4751,O,,-322723,0,12,ok
1,327888,4755,O,,-323133,0,12,ok
1,328302,4759,O,,-323543,0,12,ok
1,329544,4771,O,,-324773,0,12,ok
1,330166,4777,O,,-325389,1,12,ok
1,282068,4301,O,,-277767,2,12,ok
1,282264,4303,O,,-277961,0,12,ok
1,282658,4307,O,,-278351,1,12,ok
1,306004,4541,O,,-301463,1,12,ok
1,306206,4543,O,,-301663,2,12,ok
1,306408,4545,O,,-301863,0,12,ok
1,306610,4547,O,,-302063,1,12,ok
1,308230,4563,O,,-303667,1,12,ok
1,308838,4569,O,,-304269,0,12,ok
1,313106,4611,O,,-308495,2,12,ok
1,313310,4613,O,,-308697,2,12,ok
1,313514,4615,O,,-308899,2,12,ok
1,324790,4725,O,,-320065,1,12,ok
1,326234,4739,O,,-321495,2,12,ok
1,326854,4745,O,,-322109,1,12,ok
1,335572,4829,O,,-330743,1,12,ok
1,335780,4831,O,,-330949,2,12,ok
1,337658,4849,O,,-332809,2,12,ok
1,338076,4853,O,,-333223,0,12,ok
1,338494,4857,O,,-333637,1,12,ok
1,338704,4859,O,,-333845,1,12,ok
1,340168,4873,O,,-335295,1,12,ok
1,340378,4875,O,,-335503,1,12,ok
1,341006,4881,O,,-336125,2,12,ok
1,356846,5031,O,,-351815,2,12,ok
1,357272,5035,O,,-352237,2,12,ok
1,576274,6925,O,,-569349,1,12,ok
1,576524,6927,O,,-569597,2,12,ok
1,576774,6929,O,,-569845,0,12,ok
1,595604,7079,O,,-588525,2,12,ok
1,595856,7081,O,,-588775,2,12,ok
1,85,7226,E,1,7141,1,12,ok
1,85,7394,E,169,7309,1,12,ok
1,613360,7219,O,,-606141,1,12,ok
1,613870,7223,O,,-606647,1,12,ok
1,614380,7227,O,,-607153,1,12,ok
1,616676,7245,O,,-609431,2,12,ok
1,616932,7247,O,,-609685,0,12,ok
1,617442,7251,O,,-610191,0,12,ok
1,617698,7253,O,,-610445,1,12,ok
1,620766,7277,O,,-613489,0,12,ok
1,623584,7299,O,,-616285,1,12,ok
1,623840,7301,O,,-616539,2,12,ok
1,624096,7303,O,,-616793,0,12,ok
1,645236,7467,O,,-637769,2,12,ok
1,645496,7469,O,,-638027,1,12,ok
1,646014,7473,O,,-638541,0,12,ok
1,646274,7475,O,,-638799,2,12,ok
1,664776,7617,O,,-657159,0,12,ok
1,665038,7619,O,,-657419,1,12,ok
1,665300,7621,O,,-657679,2,12,ok
1,665562,7623,O,,-657939,0,12,ok
1,665824,7625,O,,-658199,1,12,ok
1,668708,7647,O,,-661061,2,12,ok
1,668970,7649,O,,-661321,0,12,ok
1,684510,7767,O,,-676743,0,12,ok
1,684774,7769,O,,-677005,0,12,ok
1,685568,7775,O,,-677793,2,12,ok
1,687420,7789,O,,-679631,0,12,ok
1,687950,7793,O,,-680157,2,12,ok
1,688744,7799,O,,-680945,1,12,ok
1,709512,7955,O,,-701557,0,12,ok
1,709780,7957,O,,-701823,1,12,ok
1,710048,7959,O,,-702089,2,12,ok
1,712458,7977,O,,-704481,0,12,ok
1,712726,7979,O,,-704747,1,12,ok
1,712994,7981,O,,-705013,2,12,ok
1,713262,7983,O,,-705279,0,12,ok
1,713530,7985,O,,-705545,1,12,ok
1,713798,7987,O,,-705811,2,12,ok
1,715944,8003,O,,-707941,0,12,ok
1,716212,8005,O,,-708207,1,12,ok
1,717018,8011,O,,-709007,0,12,ok
1,717286,8013,O,,-709273,1,12,ok
1,719436,8029,O,,-711407,0,12,ok
1,719704,8031,O,,-711673,1,12,ok
1,720242,8035,O,,-712207,2,12,ok
1,720780,8039,O,,-712741,0,12,ok
1,722664,8053,O,,-714611,0,12,ok
1,723202,8057,O,,-715145,1,12,ok
1,723472,8059,O,,-715413,1,12,ok
1,724010,8063,O,,-715947,2,12,ok
1,726166,8079,O,,-718087,1,12,ok
1,726436,8081,O,,-718355,1,12,ok
1,726706,8083,O,,-718623,1,12,ok
1,732918,8129,O,,-724789,0,12,ok
1,733730,8135,O,,-725595,2,12,ok
1,734000,8137,O,,-725863,2,12,ok
1,736166,8153,O,,-728013,2,12,ok
1,736708,8157,O,,-728551,1,12,ok
1,737250,8161,O,,-729089,0,12,ok
1,737792,8165,O,,-729627,2,12,ok
1,739690,8179,O,,-731511,1,12,ok
1,739962,8181,O,,-731781,0,12,ok
1,740776,8187,O,,-732589,1,12,ok
1,743220,8205,O,,-735015,0,12,ok
1,743492,8207,O,,-735285,2,12,ok
1,743764,8209,O,,-735555,1,12,ok
1,744036,8211,O,,-735825,0,12,ok
1,744308,8213,O,,-736095,2,12,ok
1,746756,8231,O,,-738525,2,12,ok
1,747028,8233,O,,-738795,1,12,ok
1,747300,8235,O,,-739065,0,12,ok
1,747572,8237,O,,-739335,2,12,ok
1,750024,8255,O,,-741769,0,12,ok
1,750842,8261,O,,-742581,2,12,ok
1,751388,8265,O,,-743123,2,12,ok
1,751660,8267,O,,-743393,1,12,ok
1,91,8282,E,1,8191,1,12,ok
1,91,8462,E,181,8371,1,12,ok
1,753844,8283,O,,-745561,1,12,ok
1,754390,8287,O,,-746103,1,12,ok
1,754936,8291,O,,-746645,1,12,ok
1,757122,8307,O,,-748815,0,12,ok
1,757396,8309,O,,-749087,1,12,ok
1,758216,8315,O,,-749901,2,12,ok
1,758490,8317,O,,-750173,0,12,ok
1,760406,8331,O,,-752075,2,12,ok
1,760680,8333,O,,-752347,0,12,ok
1,760954,8335,O,,-752619,1,12,ok
1,763968,8357,O,,-755611,0,12,ok
1,765066,8365,O,,-756701,0,12,ok
1,765340,8367,O,,-756973,1,12,ok
1,765614,8369,O,,-757245,2,12,ok
1,767536,8383,O,,-759153,1,12,ok
1,768086,8387,O,,-759699,2,12,ok
1,768360,8389,O,,-759971,0,12,ok
1,768910,8393,O,,-760517,1,12,ok
1,771110,8409,O,,-762701,2,12,ok
1,771660,8413,O,,-763247,0,12,ok
1,772486,8419,O,,-764067,1,12,ok
1,774964,8437,O,,-766527,1,12,ok
1,775240,8439,O,,-766801,1,12,ok
1,775516,8441,O,,-767075,1,12,ok
1,777998,8459,O,,-769539,2,12,ok
1,778274,8461,O,,-769813,2,12,ok
1,778550,8463,O,,-770087,2,12,ok
1,778826,8465,O,,-770361,2,12,ok
1,779102,8467,O,,-770635,2,12,ok
1,779378,8469,O,,-770909,2,12,ok
1,779654,8471,O,,-771183,2,12,ok
1,781864,8487,O,,-773377,1,12,ok
1,782140,8489,O,,-773651,1,12,ok
1,782416,8491,O,,-773925,1,12,ok
1,785182,8511,O,,-776671,1,12,ok
1,785736,8515,O,,-777221,0,12,ok
1,786290,8519,O,,-777771,2,12,ok
1,789060,8539,O,,-780521,0,12,ok
1,789338,8541,O,,-780797,2,12,ok
1,789892,8545,O,,-781347,1,12,ok
1,790170,8547,O,,-781623,0,12,ok
1,792112,8561,O,,-783551,1,12,ok
1,793222,8569,O,,-784653,1,12,ok
1,793500,8571,O,,-784929,0,12,ok
1,793778,8573,O,,-785205,2,12,ok
1,797392,8599,O,,-788793,1,12,ok
1,799340,8613,O,,-790727,2,12,ok
1,799618,8615,O,,-791003,1,12,ok
1,800454,8621,O,,-791833,0,12,ok
1,800732,8623,O,,-792109,2,12,ok
1,93,8650,E,1,8557,0,12,ok
1,93,8834,E,185,8741,0,12,ok
1,802962,8639,O,,-794323,0,12,ok
1,803520,8643,O,,-794877,0,12,ok
1,804078,8647,O,,-795431,0,12,ok
1,806590,8665,O,,-797925,1,12,ok
1,807148,8669,O,,-798479,1,12,ok
1,807986,8675,O,,-799311,2,12,ok
1,711118,7967,O,,-703151,1,12,ok
1,711386,7969,O,,-703417,2,12,ok
1,711654,7971,O,,-703683,0,12,ok
1,711922,7973,O,,-703949,1,12,ok
1,712190,7975,O,,-704215,2,12,ok
1,731296,8117,O,,-723179,1,12,ok
1,731566,8119,O,,-723447,1,12,ok
1,731836,8121,O,,-723715,1,12,ok
1,732648,8127,O,,-724521,0,12,ok
1,734812,8143,O,,-726669,1,12,ok
1,735354,8147,O,,-727207,0,12,ok
1,735624,8149,O,,-727475,0,12,ok
1,738334,8169,O,,-730165,1,12,ok
1,739148,8175,O,,-730973,2,12,ok
1,741590,8193,O,,-733397,2,12,ok
1,741862,8195,O,,-733667,1,12,ok
1,742134,8197,O,,-733937,0,12,ok
1,762872,8349,O,,-754523,2,12,ok
1,763146,8351,O,,-754795,0,12,ok
1,763420,8353,O,,-755067,1,12,ok
1,763694,8355,O,,-755339,2,12,ok
1,766438,8375,O,,-758063,1,12,ok
1,766712,8377,O,,-758335,2,12,ok
1,767262,8381,O,,-758881,0,12,ok
1,790724,8551,O,,-782173,2,12,ok
1,791002,8553,O,,-782449,1,12,ok
1,791834,8559,O,,-783275,2,12,ok
1,840898,8909,O,,-831989,1,12,ok
1,841464,8913,O,,-832551,0,12,ok
1,842314,8919,O,,-833395,1,12,ok
1,859370,9039,O,,-850331,2,12,ok
1,859656,9041,O,,-850615,0,12,ok
1,860226,9045,O,,-851181,0,12,ok
1,861082,9051,O,,-852031,1,12,ok
1,870518,9117,O,,-861401,2,12,ok
1,870804,9119,O,,-861685,0,12,ok
1,871664,9125,O,,-862539,2,12,ok
1,871950,9127,O,,-862823,0,12,ok
1,117,13690,E,1,13573,0,12,ok
1,117,13922,E,233,13805,0,12,ok
1,121,14642,E,1,14521,1,12,ok
1,121,14882,E,241,14761,1,12,ok
1,116328,2383,O,,-113945,0,12,ok
1,116474,2385,O,,-114089,2,12,ok
1,116768,2389,O,,-114379,2,12,ok
1,116914,2391,O,,-114523,1,12,ok
1,49,2402,E,1,2353,1,12,ok
1,49,2498,E,97,2449,1,12,ok
1,117796,2403,O,,-115393,1,12,ok
1,118090,2407,O,,-115683,1,12,ok
1,121046,2447,O,,-118599,2,12,ok
1,140686,2705,O,,-137981,1,12,ok
1,140842,2707,O,,-138135,1,12,ok
1,140998,2709,O,,-138289,1,12,ok
1,141154,2711,O,,-138443,1,12,ok
1,141310,2713,O,,-138597,1,12,ok
1,153030,2861,O,,-150169,0,12,ok
1,153190,2863,O,,-150327,1,12,ok
1,179240,3179,O,,-176061,2,12,ok
1,179578,3183,O,,-176395,1,12,ok
1,179748,3185,O,,-176563,0,12,ok
1,104528,2219,O,,-102309,2,12,ok
1,104670,2221,O,,-102449,0,12,ok
1,131276,2583,O,,-128693,2,12,ok
1,131428,2585,O,,-128843,1,12,ok
1,131734,2589,O,,-129145,1,12,ok
1,51,2602,E,1,2551,0,12,ok
1,51,2702,E,101,2651,0,12,ok
1,132498,2599,O,,-129899,0,12,ok
1,132804,2603,O,,-130201,0,12,ok
1,133110,2607,O,,-130503,0,12,ok
1,134030,2619,O,,-131411,2,12,ok
1,134644,2627,O,,-132017,1,12,ok
1,135568,2639,O,,-132929,1,12,ok
1,135722,2641,O,,-133081,2,12,ok
1,135876,2643,O,,-133233,0,12,ok
1,137112,2659,O,,-134453,0,12,ok
1,137422,2663,O,,-134759,1,12,ok
1,137576,2665,O,,-134911,2,12,ok
1,138662,2679,O,,-135983,2,12,ok
1,139128,2685,O,,-136443,0,12,ok
1,139906,2695,O,,-137211,1,12,ok
1,140062,2697,O,,-137365,1,12,ok
1,140218,2699,O,,-137519,1,12,ok
1,140374,2701,O,,-137673,1,12,ok
1,140530,2703,O,,-137827,1,12,ok
1,141466,2715,O,,-138751,1,12,ok
1,141936,2721,O,,-139215,0,12,ok
1,142092,2723,O,,-139369,0,12,ok
1,143032,2735,O,,-140297,1,12,ok
1,143346,2739,O,,-140607,0,12,ok
1,144604,2755,O,,-141849,1,12,ok
1,144762,2757,O,,-142005,0,12,ok
1,146024,2773,O,,-143251,2,12,ok
1,146182,2775,O,,-143407,1,12,ok
1,146340,2777,O,,-143563,0,12,ok
1,146498,2779,O,,-143719,2,12,ok
1,146656,2781,O,,-143875,1,12,ok
1,147606,2793,O,,-144813,0,12,ok
1,147924,2797,O,,-145127,0,12,ok
1,148082,2799,O,,-145283,2,12,ok
1,149036,2811,O,,-146225,2,12,ok
1,149354,2815,O,,-146539,2,12,ok
1,149672,2819,O,,-146853,2,12,ok
1,150948,2835,O,,-148113,0,12,ok
1,151108,2837,O,,-148271,1,12,ok
1,151268,2839,O,,-148429,2,12,ok
1,152228,2851,O,,-149377,2,12,ok
1,152388,2853,O,,-149535,0,12,ok
1,152548,2855,O,,-149693,1,12,ok
1,153672,2869,O,,-150803,0,12,ok
1,154154,2875,O,,-151279,2,12,ok
1,155282,2889,O,,-152393,2,12,ok
1,155604,2893,O,,-152711,0,12,ok
1,155766,2895,O,,-152871,0,12,ok
1,158518,2929,O,,-155589,1,12,ok
1,158680,2931,O,,-155749,1,12,ok
1,159168,2937,O,,-156231,0,12,ok
1,136494,2651,O,,-133843,0,12,ok
1,136648,2653,O,,-133995,1,12,ok
1,145392,2765,O,,-142627,0,12,ok
1,145550,2767,O,,-142783,2,12,ok
1,145708,2769,O,,-142939,1,12,ok
1,145866,2771,O,,-143095,0,12,ok
1,53,2810,E,1,2757,2,12,ok
1,53,2914,E,105,2861,2,12,ok
1,148400,2803,O,,-145597,2,12,ok
1,148718,2807,O,,-145911,2,12,ok
1,154476,2879,O,,-151597,0,12,ok
1,154798,2883,O,,-151915,1,12,ok
1,155120,2887,O,,-152233,2,12,ok
1,156250,2901,O,,-153349,1,12,ok
1,156412,2903,O,,-153509,1,12,ok
1,164070,2997,O,,-161073,0,12,ok
1,164234,2999,O,,-161235,2,12,ok
1,164398,3001,O,,-161397,1,12,ok
1,55,3026,E,1,2971,1,12,ok
1,55,3134,E,109,3079,1,12,ok
1,165880,3019,O,,-162861,1,12,ok
1,166210,3023,O,,-163187,1,12,ok
1,175700,3137,O,,-172563,2,12,ok
1,175868,3139,O,,-172729,2,12,ok
1,176036,3141,O,,-172895,2,12,ok
1,176204,3143,O,,-173061,2,12,ok
1,176372,3145,O,,-173227,2,12,ok
1,177382,3157,O,,-174225,1,12,ok
1,177720,3161,O,,-174559,0,12,ok
1,177888,3163,O,,-174725,0,12,ok
1,187592,3277,O,,-184315,2,12,ok
1,196244,3377,O,,-192867,2,12,ok
1,197640,3393,O,,-194247,0,12,ok
1,197990,3397,O,,-194593,2,12,ok
1,199040,3409,O,,-195631,2,12,ok
1,199390,3413,O,,-195977,1,12,ok
1,200794,3429,O,,-197365,1,12,ok
1,203082,3455,O,,-199627,0,12,ok
1,203258,3457,O,,-199801,2,12,ok
1,204494,3471,O,,-201023,2,12,ok
1,204848,3475,O,,-201373,2,12,ok
1,205202,3479,O,,-201723,2,12,ok
1,206264,3491,O,,-202773,2,12,ok
1,206796,3497,O,,-203299,0,12,ok
1,206974,3499,O,,-203475,1,12,ok
1,209998,3533,O,,-206465,1,12,ok
1,210176,3535,O,,-206641,2,12,ok
1,210354,3537,O,,-206817,0,12,ok
1,211962,3555,O,,-208407,0,12,ok
1,212320,3559,O,,-208761,1,12,ok
1,213574,3573,O,,-210001,1,12,ok
1,214112,3579,O,,-210533,2,12,ok
1,214292,3581,O,,-210711,2,12,ok
1,215370,3593,O,,-211777,0,12,ok
1,215550,3595,O,,-211955,0,12,ok
1,215730,3597,O,,-212133,0,12,ok
1,215910,3599,O,,-212311,0,12,ok
1,216090,3601,O,,-212489,0,12,ok
1,217712,3619,O,,-214093,2,12,ok
1,217892,3621,O,,-214271,2,12,ok
1,219338,3637,O,,-215701,2,12,ok
1,219700,3641,O,,-216059,1,12,ok
1,220968,3655,O,,-217313,0,12,ok
1,221150,3657,O,,-217493,2,12,ok
1,221694,3663,O,,-218031,0,12,ok
1,222966,3677,O,,-219289,0,12,ok
1,223148,3679,O,,-219469,2,12,ok
1,223330,3681,O,,-219649,1,12,ok
1,223512,3683,O,,-219829,0,12,ok
1,223694,3685,O,,-220009,2,12,ok
1,224788,3697,O,,-221091,1,12,ok
1,224970,3699,O,,-221271,0,12,ok
1,225518,3705,O,,-221813,2,12,ok
1,61,3722,E,1,3661,1,12,ok
1,61,3842,E,121,3781,1,12,ok
1,226798,3719,O,,-223079,1,12,ok
1,227164,3723,O,,-223441,1,12,ok
1,228996,3743,O,,-225253,0,12,ok
1,229180,3745,O,,-225435,1,12,ok
1,229364,3747,O,,-225617,2,12,ok
1,230466,3759,O,,-226707,0,12,ok
1,230650,3761,O,,-226889,1,12,ok
1,230834,3763,O,,-227071,2,12,ok
1,231018,3765,O,,-227253,0,12,ok
1,231202,3767,O,,-227435,1,12,ok
1,232862,3785,O,,-229077,2,12,ok
1,233046,3787,O,,-229259,0,12,ok
1,196418,3379,O,,-193039,2,12,ok
1,196592,3381,O,,-193211,2,12,ok
1,197116,3387,O,,-193729,1,12,ok
1,123278,2477,O,,-120801,2,12,ok
1,123428,2479,O,,-120949,2,12,ok
1,123876,2485,O,,-121391,0,12,ok
1,131886,2591,O,,-129295,0,12,ok
1,132192,2595,O,,-129597,0,12,ok
1,134798,2629,O,,-132169,2,12,ok
1,134952,2631,O,,-132321,0,12,ok
1,135106,2633,O,,-132473,1,12,ok
1,135260,2635,O,,-132625,2,12,ok
1,135414,2637,O,,-132777,0,12,ok
1,139284,2687,O,,-136597,0,12,ok
1,139750,2693,O,,-137057,1,12,ok
1,167696,3041,O,,-164655,2,12,ok
1,167862,3043,O,,-164819,0,12,ok
1,59,3482,E,1,3423,2,12,ok
1,59,3598,E,117,3539,2,12,ok
1,205556,3483,O,,-202073,2,12,ok
1,205910,3487,O,,-202423,2,12,ok
1,210890,3543,O,,-207347,2,12,ok
1,211068,3545,O,,-207523,0,12,ok
1,211426,3549,O,,-207877,1,12,ok
1,189312,3297,O,,-186015,0,12,ok
1,189484,3299,O,,-186185,1,12,ok
1,189656,3301,O,,-186355,2,12,ok
1,193114,3341,O,,-189773,1,12,ok
1,226066,3711,O,,-222355,1,12,ok
1,226432,3715,O,,-222717,1,12,ok
1,670808,7663,O,,-663145,2,12,ok
1,671070,7665,O,,-663405,0,12,ok
1,671596,7669,O,,-663927,1,12,ok
1,671858,7671,O,,-664187,2,12,ok
1,672384,7675,O,,-664709,0,12,ok
1,674224,7689,O,,-666535,1,12,ok
1,675014,7695,O,,-667319,2,12,ok
1,675540,7699,O,,-667841,0,12,ok
1,677384,7713,O,,-669671,2,12,ok
1,678174,7719,O,,-670455,0,12,ok
1,678438,7721,O,,-670717,0,12,ok
1,680812,7739,O,,-673073,1,12,ok
1,681076,7741,O,,-673335,1,12,ok
1,681340,7743,O,,-673597,1,12,ok
1,681604,7745,O,,-673859,1,12,ok
1,681868,7747,O,,-674121,1,12,ok
1,682132,7749,O,,-674383,1,12,ok
1,874244,9143,O,,-865101,2,12,ok
1,874818,9147,O,,-865671,0,12,ok
1,875392,9151,O,,-866241,1,12,ok
1,875966,9155,O,,-866811,2,12,ok
1,97,9410,E,1,9313,1,12,ok
1,97,9602,E,193,9505,1,12,ok
1,912382,9407,O,,-902975,1,12,ok
1,912964,9411,O,,-903553,1,12,ok
1,913546,9415,O,,-904131,1,12,ok
1,697240,7863,O,,-689377,1,12,ok
1,697506,7865,O,,-689641,0,12,ok
1,697772,7867,O,,-689905,2,12,ok
1,698038,7869,O,,-690169,1,12,ok
1,698304,7871,O,,-690433,0,12,ok
1,698570,7873,O,,-690697,2,12,ok
1,698836,7875,O,,-690961,1,12,ok
1,89,7922,E,1,7833,2,12,ok
1,89,8098,E,177,8009,2,12,ok
1,704168,7915,O,,-696253,2,12,ok
1,704702,7919,O,,-696783,2,12,ok
1,705236,7923,O,,-697313,2,12,ok
1,773036,8423,O,,-764613,2,12,ok
1,773312,8425,O,,-764887,2,12,ok
1,773862,8429,O,,-765433,0,12,ok
1,774138,8431,O,,-765707,0,12,ok
1,779930,8473,O,,-771457,2,12,ok
1,780206,8475,O,,-771731,2,12,ok
1,780482,8477,O,,-772005,2,12,ok
1,780758,8479,O,,-772279,2,12,ok
3,3,10,E,1,7,0,1,ok
3,3,14,E,5,11,0,1,ok
3,10,100,E,0,90,1,2,ok
3,10,120,E,20,110,1,2,ok
3,12,144,E,0,132,0,2,ok
3,12,168,E,24,156,0,2,ok
3,14,196,E,0,182,2,2,ok
3,14,224,E,28,210,2,2,ok
3,100,10000,E,0,9900,1,3,ok
3,100,10200,E,200,10100,1,3,ok
3,102,10404,E,0,10302,0,3,ok
3,102,10608,E,204,10506,0,3,ok
3,104,10816,E,0,10712,2,3,ok
3,104,11024,E,208,10920,2,3,ok
3,106,11236,E,0,11130,1,3,ok
3,106,11448,E,212,11342,1,3,ok
3,108,11664,E,0,11556,0,3,ok
3,108,11880,E,216,11772,0,3,ok
3,110,23,O,,-87,2,3,ok
3,110,12100,E,0,11990,2,3,ok
3,110,12320,E,220,12210,2,3,ok
3,112,12544,E,0,12432,1,3,ok
3,112,12768,E,224,12656,1,3,ok
3,114,12996,E,0,12882,0,3,ok
3,114,13224,E,228,13110,0,3,ok
3,116,13456,E,0,13340,2,3,ok
3,116,13688,E,232,13572,2,3,ok
3,118,13924,E,0,13806,1,3,ok
3,118,14160,E,236,14042,1,3,ok
3,120,14400,E,0,14280,0,3,ok
3,120,14640,E,240,14520,0,3,ok
3,144,20736,E,0,20592,0,3,ok
3,144,21024,E,288,20880,0,3,ok
3,146,21316,E,0,21170,2,3,ok
3,146,21608,E,292,21462,2,3,ok
3,148,21904,E,0,21756,1,3,ok
3,148,22200,E,296,22052,1,3,ok
3,150,22500,E,0,22350,0,3,ok
3,150,22800,E,300,22650,0,3,ok
3,152,23104,E,0,22952,2,3,ok
3,152,23408,E,304,23256,2,3,ok
3,154,23716,E,0,23562,1,3,ok
3,154,24024,E,308,23870,1,3,ok
3,156,29,O,,-127,0,3,ok
3,156,24336,E,0,24180,0,3,ok
3,156,24648,E,312,24492,0,3,ok
3,158,24964,E,0,24806,2,3,ok
3,158,25280,E,316,25122,2,3,ok
3,160,25600,E,0,25440,1,3,ok
3,160,25920,E,320,25760,1,3,ok
3,162,26244,E,0,26082,0,3,ok
3,162,26568,E,324,26406,0,3,ok
3,164,26896,E,0,26732,2,3,ok
3,164,27224,E,328,27060,2,3,ok
3,166,27556,E,0,27390,1,3,ok
3,166,27888,E,332,27722,1,3,ok
3,168,28224,E,0,28056,0,3,ok
3,168,28560,E,336,28392,0,3,ok
3,196,38416,E,0,38220,1,3,ok
3,196,38808,E,392,38612,1,3,ok
3,198,39204,E,0,39006,0,3,ok
3,198,39600,E,396,39402,0,3,ok
3,200,40000,E,0,39800,2,3,ok
3,200,40400,E,400,40200,2,3,ok
3,202,40804,E,0,40602,1,3,ok
3,202,41208,E,404,41006,1,3,ok
3,204,41616,E,0,41412,0,3,ok
3,204,42024,E,408,41820,0,3,ok
3,206,42436,E,0,42230,2,3,ok
3,206,42848,E,412,42642,2,3,ok
3,208,43264,E,0,43056,1,3,ok
3,208,43680,E,416,43472,1,3,ok
3,210,44100,E,0,43890,0,3,ok
3,210,44520,E,420,44310,0,3,ok
3,212,44944,E,0,44732,2,3,ok
3,212,45368,E,424,45156,2,3,ok
3,214,45796,E,0,45582,1,3,ok
3,214,46224,E,428,46010,1,3,ok
3,216,46656,E,0,46440,0,3,ok
3,216,47088,E,432,46872,0,3,ok
3,218,47524,E,0,47306,2,3,ok
3,218,47960,E,436,47742,2,3,ok
3,220,48400,E,0,48180,1,3,ok
3,220,48840,E,440,48620,1,3,ok
3,222,49284,E,0,49062,0,3,ok
3,222,49728,E,444,49506,0,3,ok
3,224,50176,E,0,49952,2,3,ok
3,224,50624,E,448,50400,2,3,ok
3,10156,469,O,,-9687,1,4,ok
3,10946,493,O,,-10453,2,4,ok
3,11348,505,O,,-10843,2,4,ok
3,23,530,E,1,507,2,4,ok
3,23,574,E,45,551,2,4,ok
3,12236,531,O,,-11705,2,4,ok
3,13004,553,O,,-12451,2,4,ok
3,13074,555,O,,-12519,0,4,ok
3,13216,559,O,,-12657,1,4,ok
3,13572,569,O,,-13003,0,4,ok
3,13644,571,O,,-13073,0,4,ok
3,13932,579,O,,-13353,0,4,ok
3,14004,581,O,,-13423,0,4,ok
3,14076,583,O,,-13493,0,4,ok
3,14440,593,O,,-13847,1,4,ok
3,14586,597,O,,-13989,0,4,ok
3,20910,759,O,,-20151,0,4,ok
3,21408,771,O,,-20637,0,4,ok
3,21910,783,O,,-21127,1,4,ok
3,21994,785,O,,-21209,1,4,ok
3,22078,787,O,,-21291,1,4,ok
3,22162,789,O,,-21373,1,4,ok
3,22500,797,O,,-21703,0,4,ok
3,22754,803,O,,-21951,2,4,ok
3,23266,815,O,,-22451,1,4,ok
3,23352,817,O,,-22535,0,4,ok
3,23782,827,O,,-22955,1,4,ok
3,23868,829,O,,-23039,0,4,ok
3,29,842,E,1,813,2,4,ok
3,29,898,E,57,869,2,4,ok
3,24476,843,O,,-23633,2,4,ok
3,25000,855,O,,-24145,1,4,ok
3,25088,857,O,,-24231,2,4,ok
3,25176,859,O,,-24317,0,4,ok
3,25264,861,O,,-24403,1,4,ok
3,25794,873,O,,-24921,0,4,ok
3,25882,875,O,,-25007,1,4,ok
3,26506,889,O,,-25617,1,4,ok
3,27768,917,O,,-26851,0,4,ok
3,28224,927,O,,-27297,0,4,ok
3,28406,931,O,,-27475,2,4,ok
3,28498,933,O,,-27565,1,4,ok
3,38440,1139,O,,-37301,1,4,ok
3,38642,1143,O,,-37499,2,4,ok
3,38744,1145,O,,-37599,2,4,ok
3,40174,1173,O,,-39001,1,4,ok
3,40276,1175,O,,-39101,1,4,ok
3,40998,1189,O,,-39809,0,4,ok
3,41102,1191,O,,-39911,2,4,ok
3,41206,1193,O,,-40013,1,4,ok
3,42560,1219,O,,-41341,2,4,ok
3,42770,1223,O,,-41547,2,4,ok
3,43506,1237,O,,-42269,0,4,ok
3,43612,1239,O,,-42373,1,4,ok
3,44992,1265,O,,-43727,1,4,ok
3,45098,1267,O,,-43831,2,4,ok
3,45312,1271,O,,-44041,0,4,ok
3,45848,1281,O,,-44567,2,4,ok
3,46170,1287,O,,-44883,0,4,ok
3,46710,1297,O,,-45413,0,4,ok
3,46818,1299,O,,-45519,0,4,ok
3,46926,1301,O,,-45625,0,4,ok
3,47034,1303,O,,-45731,0,4,ok
3,47794,1317,O,,-46477,1,4,ok
3,48558,1331,O,,-47227,0,4,ok
3,48668,1333,O,,-47335,2,4,ok
3,49326,1345,O,,-47981,0,4,ok
3,49436,1347,O,,-48089,2,4,ok
3,50320,1363,O,,-48957,1,4,ok
3,50542,1367,O,,-49175,1,4,ok
3,469,219962,E,1,219493,1,5,ok
3,469,220898,E,937,220429,1,5,ok
3,493,243050,E,1,242557,1,5,ok
3,493,244034,E,985,243541,1,5,ok
3,505,255026,E,1,254521,1,5,ok
3,505,256034,E,1009,255529,1,5,ok
3,530,280900,E,0,280370,2,5,ok
3,530,281960,E,1060,281430,2,5,ok
3,532,283024,E,0,282492,1,5,ok
3,532,284088,E,1064,283556,1,5,ok
3,534,285156,E,0,284622,0,5,ok
3,534,286224,E,1068,285690,0,5,ok
3,536,287296,E,0,286760,2,5,ok
3,536,288368,E,1072,287832,2,5,ok
3,538,289444,E,0,288906,1,5,ok
3,538,290520,E,1076,289982,1,5,ok
3,540,291600,E,0,291060,0,5,ok
3,540,292680,E,1080,292140,0,5,ok
3,542,293764,E,0,293222,2,5,ok
3,542,294848,E,1084,294306,2,5,ok
3,544,295936,E,0,295392,1,5,ok
3,544,297024,E,1088,296480,1,5,ok
3,546,298116,E,0,297570,0,5,ok
3,546,299208,E,1092,298662,0,5,ok
3,548,67,O,,-481,2,5,ok
3,548,300304,E,0,299756,2,5,ok
3,548,301400,E,1096,300852,2,5,ok
3,550,302500,E,0,301950,1,5,ok
3,550,303600,E,1100,303050,1,5,ok
3,552,304704,E,0,304152,0,5,ok
3,552,305808,E,1104,305256,0,5,ok
3,554,306916,E,0,306362,2,5,ok
3,554,308024,E,1108,307470,2,5,ok
3,556,309136,E,0,308580,1,5,ok
3,556,310248,E,1112,309692,1,5,ok
3,558,311364,E,0,310806,0,5,ok
3,558,312480,E,1116,311922,0,5,ok
3,560,313600,E,0,313040,2,5,ok
3,560,314720,E,1120,314160,2,5,ok
3,562,315844,E,0,315282,1,5,ok
3,562,316968,E,1124,316406,1,5,ok
3,564,318096,E,0,317532,0,5,ok
3,564,319224,E,1128,318660,0,5,ok
3,566,320356,E,0,319790,2,5,ok
3,566,321488,E,1132,320922,2,5,ok
3,568,322624,E,0,322056,1,5,ok
3,568,323760,E,1136,323192,1,5,ok
3,570,324900,E,0,324330,0,5,ok
3,570,326040,E,1140,325470,0,5,ok
3,572,327184,E,0,326612,2,5,ok
3,572,328328,E,1144,327756,2,5,ok
3,574,329476,E,0,328902,1,5,ok
3,574,330624,E,1148,330050,1,5,ok
3,531,281962,E,1,281431,0,5,ok
3,531,283022,E,1061,282491,0,5,ok
3,553,305810,E,1,305257,1,5,ok
3,553,306914,E,1105,306361,1,5,ok
3,555,308026,E,1,307471,0,5,ok
3,555,309134,E,1109,308579,0,5,ok
3,559,312482,E,1,311923,1,5,ok
3,559,313598,E,1117,313039,1,5,ok
3,569,323762,E,1,323193,2,5,ok
3,569,324898,E,1137,324329,2,5,ok
3,571,326042,E,1,325471,1,5,ok
3,571,327182,E,1141,326611,1,5,ok
3,579,335242,E,1,334663,0,5,ok
3,579,336398,E,1157,335819,0,5,ok
3,581,337562,E,1,336981,2,5,ok
3,581,338722,E,1161,338141,2,5,ok
3,583,339890,E,1,339307,1,5,ok
3,583,341054,E,1165,340471,1,5,ok
3,593,351650,E,1,351057,2,5,ok
3,593,352834,E,1185,352241,2,5,ok
3,597,356410,E,1,355813,0,5,ok
3,597,357602,E,1193,357005,0,5,ok
3,759,576082,E,1,575323,0,5,ok
3,759,577598,E,1517,576839,0,5,ok
3,771,594442,E,1,593671,0,5,ok
3,771,595982,E,1541,595211,0,5,ok
3,783,85,O,,-698,0,5,ok
3,783,613090,E,1,612307,0,5,ok
3,783,614654,E,1565,613871,0,5,ok
3,785,616226,E,1,615441,2,5,ok
3,785,617794,E,1569,617009,2,5,ok
3,787,619370,E,1,618583,1,5,ok
3,787,620942,E,1573,620155,1,5,ok
3,789,622522,E,1,621733,0,5,ok
3,789,624098,E,1577,623309,0,5,ok
3,797,635210,E,1,634413,2,5,ok
3,797,636802,E,1593,636005,2,5,ok
3,803,644810,E,1,644007,2,5,ok
3,803,646414,E,1605,645611,2,5,ok
3,815,664226,E,1,663411,2,5,ok
3,815,665854,E,1629,665039,2,5,ok
3,817,667490,E,1,666673,1,5,ok
3,817,669122,E,1633,668305,1,5,ok
3,827,683930,E,1,683103,2,5,ok
3,827,685582,E,1653,684755,2,5,ok
3,829,687242,E,1,686413,1,5,ok
3,829,688898,E,1657,688069,1,5,ok
3,842,708964,E,0,708122,2,5,ok
3,842,710648,E,1684,709806,2,5,ok
3,844,712336,E,0,711492,1,5,ok
3,844,714024,E,1688,713180,1,5,ok
3,846,715716,E,0,714870,0,5,ok
3,846,717408,E,1692,716562,0,5,ok
3,848,719104,E,0,718256,2,5,ok
3,848,720800,E,1696,719952,2,5,ok
3,850,722500,E,0,721650,1,5,ok
3,850,724200,E,1700,723350,1,5,ok
3,852,725904,E,0,725052,0,5,ok
3,852,727608,E,1704,726756,0,5,ok
3,854,729316,E,0,728462,2,5,ok
3,854,731024,E,1708,730170,2,5,ok
3,856,732736,E,0,731880,1,5,ok
3,856,734448,E,1712,733592,1,5,ok
3,858,736164,E,0,735306,0,5,ok
3,858,737880,E,1716,737022,0,5,ok
3,860,739600,E,0,738740,2,5,ok
3,860,741320,E,1720,740460,2,5,ok
3,862,743044,E,0,742182,1,5,ok
3,862,744768,E,1724,743906,1,5,ok
3,864,746496,E,0,745632,0,5,ok
3,864,748224,E,1728,747360,0,5,ok
3,866,749956,E,0,749090,2,5,ok
3,866,751688,E,1732,750822,2,5,ok
3,868,91,O,,-777,1,5,ok
3,868,753424,E,0,752556,1,5,ok
3,868,755160,E,1736,754292,1,5,ok
3,870,756900,E,0,756030,0,5,ok
3,870,758640,E,1740,757770,0,5,ok
3,872,760384,E,0,759512,2,5,ok
3,872,762128,E,1744,761256,2,5,ok
3,874,763876,E,0,763002,1,5,ok
3,874,765624,E,1748,764750,1,5,ok
3,876,767376,E,0,766500,0,5,ok
3,876,769128,E,1752,768252,0,5,ok
3,878,770884,E,0,770006,2,5,ok
3,878,772640,E,1756,771762,2,5,ok
3,880,774400,E,0,773520,1,5,ok
3,880,776160,E,1760,775280,1,5,ok
3,882,777924,E,0,777042,0,5,ok
3,882,779688,E,1764,778806,0,5,ok
3,884,781456,E,0,780572,2,5,ok
3,884,783224,E,1768,782340,2,5,ok
3,886,784996,E,0,784110,1,5,ok
3,886,786768,E,1772,785882,1,5,ok
3,888,788544,E,0,787656,0,5,ok
3,888,790320,E,1776,789432,0,5,ok
3,890,792100,E,0,791210,2,5,ok
3,890,793880,E,1780,792990,2,5,ok
3,892,795664,E,0,794772,1,5,ok
3,892,797448,E,1784,796556,1,5,ok
3,894,799236,E,0,798342,0,5,ok
3,894,801024,E,1788,800130,0,5,ok
3,896,93,O,,-803,2,5,ok
3,896,802816,E,0,801920,2,5,ok
3,896,804608,E,1792,803712,2,5,ok
3,898,806404,E,0,805506,1,5,ok
3,898,808200,E,1796,807302,1,5,ok
3,843,710650,E,1,709807,0,5,ok
3,843,712334,E,1685,711491,0,5,ok
3,855,731026,E,1,730171,0,5,ok
3,855,732734,E,1709,731879,0,5,ok
3,857,734450,E,1,733593,2,5,ok
3,857,736162,E,1713,735305,2,5,ok
3,859,737882,E,1,737023,1,5,ok
3,859,739598,E,1717,738739,1,5,ok
3,861,741322,E,1,740461,0,5,ok
3,861,743042,E,1721,742181,0,5,ok
3,873,762130,E,1,761257,0,5,ok
3,873,763874,E,1745,763001,0,5,ok
3,875,765626,E,1,764751,2,5,ok
3,875,767374,E,1749,766499,2,5,ok
3,889,790322,E,1,789433,1,5,ok
3,889,792098,E,1777,791209,1,5,ok
3,917,840890,E,1,839973,2,5,ok
3,917,842722,E,1833,841805,2,5,ok
3,927,859330,E,1,858403,0,5,ok
3,927,861182,E,1853,860255,0,5,ok
3,931,866762,E,1,865831,1,5,ok
3,931,868622,E,1861,867691,1,5,ok
3,933,870490,E,1,869557,0,5,ok
3,933,872354,E,1865,871421,0,5,ok
3,1265,117,O,,-1148,2,5,ok
3,1331,121,O,,-1210,2,5,ok
3,220062,3645,O,,-216417,0,6,ok
3,220424,3649,O,,-216775,2,6,ok
3,220606,3651,O,,-216955,1,6,ok
3,243086,3895,O,,-239191,2,6,ok
3,243648,3901,O,,-239747,0,6,ok
3,243836,3903,O,,-239933,2,6,ok
3,255738,4029,O,,-251709,0,6,ok
3,255928,4031,O,,-251897,1,6,ok
3,281478,4295,O,,-277183,0,6,ok
3,281674,4297,O,,-277377,1,6,ok
3,283052,4311,O,,-278741,2,6,ok
3,283446,4315,O,,-279131,0,6,ok
3,283840,4319,O,,-279521,1,6,ok
3,285222,4333,O,,-280889,0,6,ok
3,285814,4339,O,,-281475,1,6,ok
3,286012,4341,O,,-281671,1,6,ok
3,289776,4379,O,,-285397,0,6,ok
3,289974,4381,O,,-285593,0,6,ok
3,291962,4401,O,,-287561,2,6,ok
3,292360,4405,O,,-287955,1,6,ok
3,293954,4421,O,,-289533,2,6,ok
3,294154,4423,O,,-289731,1,6,ok
3,296952,4451,O,,-292501,0,6,ok
3,298354,4465,O,,-293889,1,6,ok
3,298554,4467,O,,-294087,0,6,ok
3,299156,4473,O,,-294683,2,6,ok
3,67,4490,E,1,4423,1,6,ok
3,67,4622,E,133,4555,1,6,ok
3,300562,4487,O,,-296075,1,6,ok
3,300964,4491,O,,-296473,1,6,ok
3,301366,4495,O,,-296871,1,6,ok
3,302976,4511,O,,-298465,0,6,ok
3,303178,4513,O,,-298665,1,6,ok
3,307420,4555,O,,-302865,1,6,ok
3,307622,4557,O,,-303065,2,6,ok
3,309244,4573,O,,-304671,1,6,ok
3,309650,4577,O,,-305073,2,6,ok
3,310056,4581,O,,-305475,0,6,ok
3,311478,4595,O,,-306883,0,6,ok
3,311682,4597,O,,-307085,0,6,ok
3,312088,4601,O,,-307487,1,6,ok
3,312292,4603,O,,-307689,1,6,ok
3,313718,4617,O,,-309101,2,6,ok
3,313922,4619,O,,-309303,2,6,ok
3,314126,4621,O,,-309505,2,6,ok
3,314330,4623,O,,-309707,2,6,ok
3,314534,4625,O,,-309909,2,6,ok
3,316576,4645,O,,-311931,1,6,ok
3,316780,4647,O,,-312133,1,6,ok
3,318418,4663,O,,-313755,1,6,ok
3,318828,4667,O,,-314161,0,6,ok
3,320674,4685,O,,-315989,1,6,ok
3,321290,4691,O,,-316599,2,6,ok
3,322730,4705,O,,-318025,2,6,ok
3,324996,4727,O,,-320269,0,6,ok
3,325202,4729,O,,-320473,2,6,ok
3,325408,4731,O,,-320677,1,6,ok
3,326028,4737,O,,-321291,0,6,ok
3,327474,4751,O,,-322723,0,6,ok
3,327888,4755,O,,-323133,0,6,ok
3,328302,4759,O,,-323543,0,6,ok
3,329544,4771,O,,-324773,0,6,ok
3,330166,4777,O,,-325389,1,6,ok
3,282068,4301,O,,-277767,2,6,ok
3,282264,4303,O,,-277961,0,6,ok
3,282658,4307,O,,-278351,1,6,ok
3,306004,4541,O,,-301463,1,6,ok
3,306206,4543,O,,-301663,2,6,ok
3,306408,4545,O,,-301863,0,6,ok
3,306610,4547,O,,-302063,1,6,ok
3,308230,4563,O,,-303667,1,6,ok
3,308838,4569,O,,-304269,0,6,ok
3,313106,4611,O,,-308495,2,6,ok
3,313310,4613,O,,-308697,2,6,ok
3,313514,4615,O,,-308899,2,6,ok
3,324790,4725,O,,-320065,1,6,ok
3,326234,4739,O,,-321495,2,6,ok
3,326854,4745,O,,-322109,1,6,ok
3,335572,4829,O,,-330743,1,6,ok
3,335780,4831,O,,-330949,2,6,ok
3,337658,4849,O,,-332809,2,6,ok
3,338076,4853,O,,-333223,0,6,ok
3,338494,4857,O,,-333637,1,6,ok
3,338704,4859,O,,-333845,1,6,ok
3,340168,4873,O,,-335295,1,6,ok
3,340378,4875,O,,-335503,1,6,ok
3,341006,4881,O,,-336125,2,6,ok
3,356846,5031,O,,-351815,2,6,ok
3,357272,5035,O,,-352237,2,6,ok
3,576274,6925,O,,-569349,1,6,ok
3,576524,6927,O,,-569597,2,6,ok
3,576774,6929,O,,-569845,0,6,ok
3,595604,7079,O,,-588525,2,6,ok
3,595856,7081,O,,-588775,2,6,ok
3,85,7226,E,1,7141,1,6,ok
3,85,7394,E,169,7309,1,6,ok
3,613360,7219,O,,-606141,1,6,ok
3,613870,7223,O,,-606647,1,6,ok
3,614380,7227,O,,-607153,1,6,ok
3,616676,7245,O,,-609431,2,6,ok
3,616932,7247,O,,-609685,0,6,ok
3,617442,7251,O,,-610191,0,6,ok
3,617698,7253,O,,-610445,1,6,ok
3,620766,7277,O,,-613489,0,6,ok
3,623584,7299,O,,-616285,1,6,ok
3,623840,7301,O,,-616539,2,6,ok
3,624096,7303,O,,-616793,0,6,ok
3,645236,7467,O,,-637769,2,6,ok
3,645496,7469,O,,-638027,1,6,ok
3,646014,7473,O,,-638541,0,6,ok
3,646274,7475,O,,-638799,2,6,ok
3,664776,7617,O,,-657159,0,6,ok
3,665038,7619,O,,-657419,1,6,ok
3,665300,7621,O,,-657679,2,6,ok
3,665562,7623,O,,-657939,0,6,ok
3,665824,7625,O,,-658199,1,6,ok
3,668708,7647,O,,-661061,2,6,ok
3,668970,7649,O,,-661321,0,6,ok
3,684510,7767,O,,-676743,0,6,ok
3,684774,7769,O,,-677005,0,6,ok
3,685568,7775,O,,-677793,2,6,ok
3,687420,7789,O,,-679631,0,6,ok
3,687950,7793,O,,-680157,2,6,ok
3,688744,7799,O,,-680945,1,6,ok
3,709512,7955,O,,-701557,0,6,ok
3,709780,7957,O,,-701823,1,6,ok
3,710048,7959,O,,-702089,2,6,ok
3,712458,7977,O,,-704481,0,6,ok
3,712726,7979,O,,-704747,1,6,ok
3,712994,7981,O,,-705013,2,6,ok
3,713262,7983,O,,-705279,0,6,ok
3,713530,7985,O,,-705545,1,6,ok
3,713798,7987,O,,-705811,2,6,ok
3,715944,8003,O,,-707941,0,6,ok
3,716212,8005,O,,-708207,1,6,ok
3,717018,8011,O,,-709007,0,6,ok
3,717286,8013,O,,-709273,1,6,ok
3,719436,8029,O,,-711407,0,6,ok
3,719704,8031,O,,-711673,1,6,ok
3,720242,8035,O,,-712207,2,6,ok
3,720780,8039,O,,-712741,0,6,ok
3,722664,8053,O,,-714611,0,6,ok
3,723202,8057,O,,-715145,1,6,ok
3,723472,8059,O,,-715413,1,6,ok
3,724010,8063,O,,-715947,2,6,ok
3,726166,8079,O,,-718087,1,6,ok
3,726436,8081,O,,-718355,1,6,ok
3,726706,8083,O,,-718623,1,6,ok
3,732918,8129,O,,-724789,0,6,ok
3,733730,8135,O,,-725595,2,6,ok
3,734000,8137,O,,-725863,2,6,ok
3,736166,8153,O,,-728013,2,6,ok
3,736708,8157,O,,-728551,1,6,ok
3,737250,8161,O,,-729089,0,6,ok
3,737792,8165,O,,-729627,2,6,ok
3,739690,8179,O,,-731511,1,6,ok
3,739962,8181,O,,-731781,0,6,ok
3,740776,8187,O,,-732589,1,6,ok
3,743220,8205,O,,-735015,0,6,ok
3,743492,8207,O,,-735285,2,6,ok
3,743764,8209,O,,-735555,1,6,ok
3,744036,8211,O,,-735825,0,6,ok
3,744308,8213,O,,-736095,2,6,ok
3,746756,8231,O,,-738525,2,6,ok
3,747028,8233,O,,-738795,1,6,ok
3,747300,8235,O,,-739065,0,6,ok
3,747572,8237,O,,-739335,2,6,ok
3,750024,8255,O,,-741769,0,6,ok
3,750842,8261,O,,-742581,2,6,ok
3,751388,8265,O,,-743123,2,6,ok
3,751660,8267,O,,-743393,1,6,ok
3,91,8282,E,1,8191,1,6,ok
3,91,8462,E,181,8371,1,6,ok
3,753844,8283,O,,-745561,1,6,ok
3,754390,8287,O,,-746103,1,6,ok
3,754936,8291,O,,-746645,1,6,ok
3,757122,8307,O,,-748815,0,6,ok
3,757396,8309,O,,-749087,1,6,ok
3,758216,8315,O,,-749901,2,6,ok
3,758490,8317,O,,-750173,0,6,ok
3,760406,8331,O,,-752075,2,6,ok
3,760680,8333,O,,-752347,0,6,ok
3,760954,8335,O,,-752619,1,6,ok
3,763968,8357,O,,-755611,0,6,ok
3,765066,8365,O,,-756701,0,6,ok
3,765340,8367,O,,-756973,1,6,ok
3,765614,8369,O,,-757245,2,6,ok
3,767536,8383,O,,-759153,1,6,ok
3,768086,8387,O,,-759699,2,6,ok
3,768360,8389,O,,-759971,0,6,ok
3,768910,8393,O,,-760517,1,6,ok
3,771110,8409,O,,-762701,2,6,ok
3,771660,8413,O,,-763247,0,6,ok
3,772486,8419,O,,-764067,1,6,ok
3,774964,8437,O,,-766527,1,6,ok
3,775240,8439,O,,-766801,1,6,ok
3,775516,8441,O,,-767075,1,6,ok
3,777998,8459,O,,-769539,2,6,ok
3,778274,8461,O,,-769813,2,6,ok
3,778550,8463,O,,-770087,2,6,ok
3,778826,8465,O,,-770361,2,6,ok
3,779102,8467,O,,-770635,2,6,ok
3,779378,8469,O,,-770909,2,6,ok
3,779654,8471,O,,-771183,2,6,ok
3,781864,8487,O,,-773377,1,6,ok
3,782140,8489,O,,-773651,1,6,ok
3,782416,8491,O,,-773925,1,6,ok
3,785182,8511,O,,-776671,1,6,ok
3,785736,8515,O,,-777221,0,6,ok
3,786290,8519,O,,-777771,2,6,ok
3,789060,8539,O,,-780521,0,6,ok
3,789338,8541,O,,-780797,2,6,ok
3,789892,8545,O,,-781347,1,6,ok
3,790170,8547,O,,-781623,0,6,ok
3,792112,8561,O,,-783551,1,6,ok
3,793222,8569,O,,-784653,1,6,ok
3,793500,8571,O,,-784929,0,6,ok
3,793778,8573,O,,-785205,2,6,ok
3,797392,8599,O,,-788793,1,6,ok
3,799340,8613,O,,-790727,2,6,ok
3,799618,8615,O,,-791003,1,6,ok
3,800454,8621,O,,-791833,0,6,ok
3,800732,8623,O,,-792109,2,6,ok
3,93,8650,E,1,8557,0,6,ok
3,93,8834,E,185,8741,0,6,ok
3,802962,8639,O,,-794323,0,6,ok
3,803520,8643,O,,-794877,0,6,ok
3,804078,8647,O,,-795431,0,6,ok
3,806590,8665,O,,-797925,1,6,ok
3,807148,8669,O,,-798479,1,6,ok
3,807986,8675,O,,-799311,2,6,ok
3,711118,7967,O,,-703151,1,6,ok
3,711386,7969,O,,-703417,2,6,ok
3,711654,7971,O,,-703683,0,6,ok
3,711922,7973,O,,-703949,1,6,ok
3,712190,7975,O,,-704215,2,6,ok
3,731296,8117,O,,-723179,1,6,ok
3,731566,8119,O,,-723447,1,6,ok
3,731836,8121,O,,-723715,1,6,ok
3,732648,8127,O,,-724521,0,6,ok
3,734812,8143,O,,-726669,1,6,ok
3,735354,8147,O,,-727207,0,6,ok
3,735624,8149,O,,-727475,0,6,ok
3,738334,8169,O,,-730165,1,6,ok
3,739148,8175,O,,-730973,2,6,ok
3,741590,8193,O,,-733397,2,6,ok
3,741862,8195,O,,-733667,1,6,ok
3,742134,8197,O,,-733937,0,6,ok
3,762872,8349,O,,-754523,2,6,ok
3,763146,8351,O,,-754795,0,6,ok
3,763420,8353,O,,-755067,1,6,ok
3,763694,8355,O,,-755339,2,6,ok
3,766438,8375,O,,-758063,1,6,ok
3,766712,8377,O,,-758335,2,6,ok
3,767262,8381,O,,-758881,0,6,ok
3,790724,8551,O,,-782173,2,6,ok
3,791002,8553,O,,-782449,1,6,ok
3,791834,8559,O,,-783275,2,6,ok
3,840898,8909,O,,-831989,1,6,ok
3,841464,8913,O,,-832551,0,6,ok
3,842314,8919,O,,-833395,1,6,ok
3,859370,9039,O,,-850331,2,6,ok
3,859656,9041,O,,-850615,0,6,ok
3,860226,9045,O,,-851181,0,6,ok
3,861082,9051,O,,-852031,1,6,ok
3,870518,9117,O,,-861401,2,6,ok
3,870804,9119,O,,-861685,0,6,ok
3,871664,9125,O,,-862539,2,6,ok
3,871950,9127,O,,-862823,0,6,ok
3,117,13690,E,1,13573,0,6,ok
3,117,13922,E,233,13805,0,6,ok
3,121,14642,E,1,14521,1,6,ok
3,121,14882,E,241,14761,1,6,ok
3,4510,273,O,,-4237,1,7,ok
3,4560,275,O,,-4285,0,7,ok
3,4610,277,O,,-4333,2,7,ok
3,7320,377,O,,-6943,0,7,ok
3,7378,379,O,,-6999,1,7,ok
3,8332,411,O,,-7921,1,7,ok
3,8454,415,O,,-8039,0,7,ok
3,8393,413,O,,-7980,2,7,ok
3,8515,417,O,,-8098,1,7,ok
3,13716,573,O,,-13143,0,7,ok
3,13788,575,O,,-13213,0,7,ok
3,13860,577,O,,-13283,0,7,ok
3,14660,599,O,,-14061,2,7,ok
3,273,74530,E,1,74257,0,8,ok
3,273,75074,E,545,74801,0,8,ok
3,275,75626,E,1,75351,2,8,ok
3,275,76174,E,549,75899,2,8,ok
3,277,76730,E,1,76453,1,8,ok
3,277,77282,E,553,77005,1,8,ok
3,377,142130,E,1,141753,2,8,ok
3,377,142882,E,753,142505,2,8,ok
3,379,143642,E,1,143263,1,8,ok
3,379,144398,E,757,144019,1,8,ok
3,411,168922,E,1,168511,0,8,ok
3,411,169742,E,821,169331,0,8,ok
3,415,172226,E,1,171811,1,8,ok
3,415,173054,E,829,172639,1,8,ok
3,413,170570,E,1,170157,2,8,ok
3,413,171394,E,825,170981,2,8,ok
3,417,173890,E,1,173473,0,8,ok
3,417,174722,E,833,174305,0,8,ok
3,573,69,O,,-504,0,8,ok
3,573,328330,E,1,327757,0,8,ok
3,573,329474,E,1145,328901,0,8,ok
3,575,330626,E,1,330051,2,8,ok
3,575,331774,E,1149,331199,2,8,ok
3,577,332930,E,1,332353,1,8,ok
3,577,334082,E,1153,333505,1,8,ok
3,599,358802,E,1,358203,2,8,ok
3,599,359998,E,1197,359399,2,8,ok
3,74782,1775,O,,-73007,1,9,ok
3,74908,1777,O,,-73131,1,9,ok
3,75668,1789,O,,-73879,2,9,ok
3,75922,1793,O,,-74129,1,9,ok
3,77068,1811,O,,-75257,1,9,ok
3,77196,1813,O,,-75383,0,9,ok
3,142562,2729,O,,-139833,2,9,ok
3,142876,2733,O,,-140143,1,9,ok
3,143660,2743,O,,-140917,2,9,ok
3,143818,2745,O,,-141073,1,9,ok
3,144132,2749,O,,-141383,0,9,ok
3,172350,3097,O,,-169253,0,9,ok
3,172684,3101,O,,-169583,1,9,ok
3,173018,3105,O,,-169913,2,9,ok
3,171016,3081,O,,-167935,1,9,ok
3,171182,3083,O,,-168099,2,9,ok
3,174022,3117,O,,-170905,1,9,ok
3,174692,3125,O,,-171567,2,9,ok
3,69,4762,E,1,4693,0,9,ok
3,69,4898,E,137,4829,0,9,ok
3,328716,4763,O,,-323953,0,9,ok
3,329130,4767,O,,-324363,0,9,ok
3,330788,4783,O,,-326005,2,9,ok
3,330996,4785,O,,-326211,0,9,ok
3,331618,4791,O,,-326827,1,9,ok
3,358976,5051,O,,-353925,2,9,ok
3,359616,5057,O,,-354559,0,9,ok
3,4862,287,O,,-4575,2,10,ok
3,287,82370,E,1,82083,2,11,ok
3,287,82942,E,573,82655,2,11,ok
3,82492,1895,O,,-80597,1,12,ok
3,82884,1901,O,,-80983,0,12,ok
5,5,3,O,,-2,2,1,ok
5,5,26,E,1,21,2,1,ok
5,5,34,E,9,29,2,1,ok
5,3,10,E,1,7,0,2,ok
5,3,14,E,5,11,0,2,ok
5,26,676,E,0,650,2,2,ok
5,26,728,E,52,702,2,2,ok
5,28,784,E,0,756,1,2,ok
5,28,840,E,56,812,1,2,ok
5,30,900,E,0,870,0,2,ok
5,30,960,E,60,930,0,2,ok
5,32,1024,E,0,992,2,2,ok
5,32,1088,E,64,1056,2,2,ok
5,34,1156,E,0,1122,1,2,ok
5,34,1224,E,68,1190,1,2,ok
5,10,100,E,0,90,1,3,ok
5,10,120,E,20,110,1,3,ok
5,12,144,E,0,132,0,3,ok
5,12,168,E,24,156,0,3,ok
5,14,196,E,0,182,2,3,ok
5,14,224,E,28,210,2,3,ok
5,676,456976,E,0,456300,1,3,ok
5,676,458328,E,1352,457652,1,3,ok
5,678,459684,E,0,459006,0,3,ok
5,678,461040,E,1356,460362,0,3,ok
5,680,462400,E,0,461720,2,3,ok
5,680,463760,E,1360,463080,2,3,ok
5,682,465124,E,0,464442,1,3,ok
5,682,466488,E,1364,465806,1,3,ok
5,684,467856,E,0,467172,0,3,ok
5,684,469224,E,1368,468540,0,3,ok
5,686,470596,E,0,469910,2,3,ok
5,686,471968,E,1372,471282,2,3,ok
5,688,473344,E,0,472656,1,3,ok
5,688,474720,E,1376,474032,1,3,ok
5,690,476100,E,0,475410,0,3,ok
5,690,477480,E,1380,476790,0,3,ok
5,692,478864,E,0,478172,2,3,ok
5,692,480248,E,1384,479556,2,3,ok
5,694,481636,E,0,480942,1,3,ok
5,694,483024,E,1388,482330,1,3,ok
5,696,484416,E,0,483720,0,3,ok
5,696,485808,E,1392,485112,0,3,ok
5,698,487204,E,0,486506,2,3,ok
5,698,488600,E,1396,487902,2,3,ok
5,700,490000,E,0,489300,1,3,ok
5,700,491400,E,1400,490700,1,3,ok
5,702,79,O,,-623,0,3,ok
5,702,492804,E,0,492102,0,3,ok
5,702,494208,E,1404,493506,0,3,ok
5,704,495616,E,0,494912,2,3,ok
5,704,497024,E,1408,496320,2,3,ok
5,706,498436,E,0,497730,1,3,ok
5,706,499848,E,1412,499142,1,3,ok
5,708,501264,E,0,500556,0,3,ok
5,708,502680,E,1416,501972,0,3,ok
5,710,504100,E,0,503390,2,3,ok
5,710,505520,E,1420,504810,2,3,ok
5,712,506944,E,0,506232,1,3,ok
5,712,508368,E,1424,507656,1,3,ok
5,714,509796,E,0,509082,0,3,ok
5,714,511224,E,1428,510510,0,3,ok
5,716,512656,E,0,511940,2,3,ok
5,716,514088,E,1432,513372,2,3,ok
5,718,515524,E,0,514806,1,3,ok
5,718,516960,E,1436,516242,1,3,ok
5,720,518400,E,0,517680,0,3,ok
5,720,519840,E,1440,519120,0,3,ok
5,722,521284,E,0,520562,2,3,ok
5,722,522728,E,1444,522006,2,3,ok
5,724,524176,E,0,523452,1,3,ok
5,724,525624,E,1448,524900,1,3,ok
5,726,527076,E,0,526350,0,3,ok
5,726,528528,E,1452,527802,0,3,ok
5,728,529984,E,0,529256,2,3,ok
5,728,531440,E,1456,530712,2,3,ok
5,784,614656,E,0,613872,1,3,ok
5,784,616224,E,1568,615440,1,3,ok
5,786,617796,E,0,617010,0,3,ok
5,786,619368,E,1572,618582,0,3,ok
5,788,620944,E,0,620156,2,3,ok
5,788,622520,E,1576,621732,2,3,ok
5,790,624100,E,0,623310,1,3,ok
5,790,625680,E,1580,624890,1,3,ok
5,792,627264,E,0,626472,0,3,ok
5,792,628848,E,1584,628056,0,3,ok
5,794,630436,E,0,629642,2,3,ok
5,794,632024,E,1588,631230,2,3,ok
5,796,633616,E,0,632820,1,3,ok
5,796,635208,E,1592,634412,1,3,ok
5,798,636804,E,0,636006,0,3,ok
5,798,638400,E,1596,637602,0,3,ok
5,800,640000,E,0,639200,2,3,ok
5,800,641600,E,1600,640800,2,3,ok
5,802,643204,E,0,642402,1,3,ok
5,802,644808,E,1604,644006,1,3,ok
5,804,646416,E,0,645612,0,3,ok
5,804,648024,E,1608,647220,0,3,ok
5,806,649636,E,0,648830,2,3,ok
5,806,651248,E,1612,650442,2,3,ok
5,808,652864,E,0,652056,1,3,ok
5,808,654480,E,1616,653672,1,3,ok
5,810,656100,E,0,655290,0,3,ok
5,810,657720,E,1620,656910,0,3,ok
5,812,659344,E,0,658532,2,3,ok
5,812,660968,E,1624,660156,2,3,ok
5,814,662596,E,0,661782,1,3,ok
5,814,664224,E,1628,663410,1,3,ok
5,816,665856,E,0,665040,0,3,ok
5,816,667488,E,1632,666672,0,3,ok
5,818,669124,E,0,668306,2,3,ok
5,818,670760,E,1636,669942,2,3,ok
5,820,672400,E,0,671580,1,3,ok
5,820,674040,E,1640,673220,1,3,ok
5,822,675684,E,0,674862,0,3,ok
5,822,677328,E,1644,676506,0,3,ok
5,824,678976,E,0,678152,2,3,ok
5,824,680624,E,1648,679800,2,3,ok
5,826,682276,E,0,681450,1,3,ok
5,826,683928,E,1652,683102,1,3,ok
5,828,685584,E,0,684756,0,3,ok
5,828,687240,E,1656,686412,0,3,ok
5,830,688900,E,0,688070,2,3,ok
5,830,690560,E,1660,689730,2,3,ok
5,832,692224,E,0,691392,1,3,ok
5,832,693888,E,1664,693056,1,3,ok
5,834,695556,E,0,694722,0,3,ok
5,834,697224,E,1668,696390,0,3,ok
5,836,698896,E,0,698060,2,3,ok
5,836,700568,E,1672,699732,2,3,ok
5,838,702244,E,0,701406,1,3,ok
5,838,703920,E,1676,703082,1,3,ok
5,840,705600,E,0,704760,0,3,ok
5,840,707280,E,1680,706440,0,3,ok
5,900,810000,E,0,809100,0,3,ok
5,900,811800,E,1800,810900,0,3,ok
5,902,813604,E,0,812702,2,3,ok
5,902,815408,E,1804,814506,2,3,ok
5,904,817216,E,0,816312,1,3,ok
5,904,819024,E,1808,818120,1,3,ok
5,906,820836,E,0,819930,0,3,ok
5,906,822648,E,1812,821742,0,3,ok
5,908,824464,E,0,823556,2,3,ok
5,908,826280,E,1816,825372,2,3,ok
5,910,828100,E,0,827190,1,3,ok
5,910,829920,E,1820,829010,1,3,ok
5,912,831744,E,0,830832,0,3,ok
5,912,833568,E,1824,832656,0,3,ok
5,914,835396,E,0,834482,2,3,ok
5,914,837224,E,1828,836310,2,3,ok
5,916,839056,E,0,838140,1,3,ok
5,916,840888,E,1832,839972,1,3,ok
5,918,842724,E,0,841806,0,3,ok
5,918,844560,E,1836,843642,0,3,ok
5,920,846400,E,0,845480,2,3,ok
5,920,848240,E,1840,847320,2,3,ok
5,922,850084,E,0,849162,1,3,ok
5,922,851928,E,1844,851006,1,3,ok
5,924,853776,E,0,852852,0,3,ok
5,924,855624,E,1848,854700,0,3,ok
5,926,857476,E,0,856550,2,3,ok
5,926,859328,E,1852,858402,2,3,ok
5,928,861184,E,0,860256,1,3,ok
5,928,863040,E,1856,862112,1,3,ok
5,930,864900,E,0,863970,0,3,ok
5,930,866760,E,1860,865830,0,3,ok
5,932,868624,E,0,867692,2,3,ok
5,932,870488,E,1864,869556,2,3,ok
5,934,872356,E,0,871422,1,3,ok
5,934,874224,E,1868,873290,1,3,ok
5,936,876096,E,0,875160,0,3,ok
5,936,877968,E,1872,877032,0,3,ok
5,938,879844,E,0,878906,2,3,ok
5,938,881720,E,1876,880782,2,3,ok
5,940,883600,E,0,882660,1,3,ok
5,940,885480,E,1880,884540,1,3,ok
5,942,887364,E,0,886422,0,3,ok
5,942,889248,E,1884,888306,0,3,ok
5,944,891136,E,0,890192,2,3,ok
5,944,893024,E,1888,892080,2,3,ok
5,946,894916,E,0,893970,1,3,ok
5,946,896808,E,1892,895862,1,3,ok
5,948,898704,E,0,897756,0,3,ok
5,948,900600,E,1896,899652,0,3,ok
5,950,902500,E,0,901550,2,3,ok
5,950,904400,E,1900,903450,2,3,ok
5,952,906304,E,0,905352,1,3,ok
5,952,908208,E,1904,907256,1,3,ok
5,954,910116,E,0,909162,0,3,ok
5,954,912024,E,1908,911070,0,3,ok
5,956,913936,E,0,912980,2,3,ok
5,956,915848,E,1912,914892,2,3,ok
5,958,917764,E,0,916806,1,3,ok
5,958,919680,E,1916,918722,1,3,ok
5,960,921600,E,0,920640,0,3,ok
5,960,923520,E,1920,922560,0,3,ok
5,100,10000,E,0,9900,1,4,ok
5,100,10200,E,200,10100,1,4,ok
5,102,10404,E,0,10302,0,4,ok
5,102,10608,E,204,10506,0,4,ok
5,104,10816,E,0,10712,2,4,ok
5,104,11024,E,208,10920,2,4,ok
5,106,11236,E,0,11130,1,4,ok
5,106,11448,E,212,11342,1,4,ok
5,108,11664,E,0,11556,0,4,ok
5,108,11880,E,216,11772,0,4,ok
5,110,23,O,,-87,2,4,ok
5,110,12100,E,0,11990,2,4,ok
5,110,12320,E,220,12210,2,4,ok
5,112,12544,E,0,12432,1,4,ok
5,112,12768,E,224,12656,1,4,ok
5,114,12996,E,0,12882,0,4,ok
5,114,13224,E,228,13110,0,4,ok
5,116,13456,E,0,13340,2,4,ok
5,116,13688,E,232,13572,2,4,ok
5,118,13924,E,0,13806,1,4,ok
5,118,14160,E,236,14042,1,4,ok
5,120,14400,E,0,14280,0,4,ok
5,120,14640,E,240,14520,0,4,ok
5,144,20736,E,0,20592,0,4,ok
5,144,21024,E,288,20880,0,4,ok
5,146,21316,E,0,21170,2,4,ok
5,146,21608,E,292,21462,2,4,ok
5,148,21904,E,0,21756,1,4,ok
5,148,22200,E,296,22052,1,4,ok
5,150,22500,E,0,22350,0,4,ok
5,150,22800,E,300,22650,0,4,ok
5,152,23104,E,0,22952,2,4,ok
5,152,23408,E,304,23256,2,4,ok
5,154,23716,E,0,23562,1,4,ok
5,154,24024,E,308,23870,1,4,ok
5,156,29,O,,-127,0,4,ok
5,156,24336,E,0,24180,0,4,ok
5,156,24648,E,312,24492,0,4,ok
5,158,24964,E,0,24806,2,4,ok
5,158,25280,E,316,25122,2,4,ok
5,160,25600,E,0,25440,1,4,ok
5,160,25920,E,320,25760,1,4,ok
5,162,26244,E,0,26082,0,4,ok
5,162,26568,E,324,26406,0,4,ok
5,164,26896,E,0,26732,2,4,ok
5,164,27224,E,328,27060,2,4,ok
5,166,27556,E,0,27390,1,4,ok
5,166,27888,E,332,27722,1,4,ok
5,168,28224,E,0,28056,0,4,ok
5,168,28560,E,336,28392,0,4,ok
5,196,38416,E,0,38220,1,4,ok
5,196,38808,E,392,38612,1,4,ok
5,198,39204,E,0,39006,0,4,ok
5,198,39600,E,396,39402,0,4,ok
5,200,40000,E,0,39800,2,4,ok
5,200,40400,E,400,40200,2,4,ok
5,202,40804,E,0,40602,1,4,ok
5,202,41208,E,404,41006,1,4,ok
5,204,41616,E,0,41412,0,4,ok
5,204,42024,E,408,41820,0,4,ok
5,206,42436,E,0,42230,2,4,ok
5,206,42848,E,412,42642,2,4,ok
5,208,43264,E,0,43056,1,4,ok
5,208,43680,E,416,43472,1,4,ok
5,210,44100,E,0,43890,0,4,ok
5,210,44520,E,420,44310,0,4,ok
5,212,44944,E,0,44732,2,4,ok
5,212,45368,E,424,45156,2,4,ok
5,214,45796,E,0,45582,1,4,ok
5,214,46224,E,428,46010,1,4,ok
5,216,46656,E,0,46440,0,4,ok
5,216,47088,E,432,46872,0,4,ok
5,218,47524,E,0,47306,2,4,ok
5,218,47960,E,436,47742,2,4,ok
5,220,48400,E,0,48180,1,4,ok
5,220,48840,E,440,48620,1,4,ok
5,222,49284,E,0,49062,0,4,ok
5,222,49728,E,444,49506,0,4,ok
5,224,50176,E,0,49952,2,4,ok
5,224,50624,E,448,50400,2,4,ok
5,457226,5935,O,,-451291,2,4,ok
5,457688,5939,O,,-451749,2,4,ok
5,458150,5943,O,,-452207,2,4,ok
5,459770,5957,O,,-453813,2,4,ok
5,460002,5959,O,,-454043,0,4,ok
5,462552,5981,O,,-456571,0,4,ok
5,462784,5983,O,,-456801,1,4,ok
5,463016,5985,O,,-457031,2,4,ok
5,463248,5987,O,,-457261,0,4,ok
5,463480,5989,O,,-457491,1,4,ok
5,463712,5991,O,,-457721,2,4,ok
5,465804,6009,O,,-459795,0,4,ok
5,466036,6011,O,,-460025,1,4,ok
5,467898,6027,O,,-461871,0,4,ok
5,468364,6031,O,,-462333,1,4,ok
5,468830,6035,O,,-462795,2,4,ok
5,470696,6051,O,,-464645,2,4,ok
5,471396,6057,O,,-465339,0,4,ok
5,471630,6059,O,,-465571,0,4,ok
5,476308,6099,O,,-470209,1,4,ok
5,476542,6101,O,,-470441,1,4,ok
5,476776,6103,O,,-470673,1,4,ok
5,477480,6109,O,,-471371,0,4,ok
5,479122,6123,O,,-472999,1,4,ok
5,479826,6129,O,,-473697,0,4,ok
5,481706,6145,O,,-475561,2,4,ok
5,481942,6147,O,,-475795,1,4,ok
5,482412,6151,O,,-476261,0,4,ok
5,485002,6173,O,,-478829,1,4,ok
5,485238,6175,O,,-479063,0,4,ok
5,485474,6177,O,,-479297,2,4,ok
5,485710,6179,O,,-479531,1,4,ok
5,487598,6195,O,,-481403,2,4,ok
5,487834,6197,O,,-481637,1,4,ok
5,488070,6199,O,,-481871,0,4,ok
5,488306,6201,O,,-482105,2,4,ok
5,488542,6203,O,,-482339,1,4,ok
5,490434,6219,O,,-484215,0,4,ok
5,490670,6221,O,,-484449,2,4,ok
5,491144,6225,O,,-484919,2,4,ok
5,491380,6227,O,,-485153,1,4,ok
5,79,6242,E,1,6163,1,4,ok
5,79,6398,E,157,6319,1,4,ok
5,493276,6243,O,,-487033,1,4,ok
5,493750,6247,O,,-487503,1,4,ok
5,495648,6263,O,,-489385,0,4,ok
5,496360,6269,O,,-490091,1,4,ok
5,496598,6271,O,,-490327,2,4,ok
5,498500,6287,O,,-492213,2,4,ok
5,502072,6317,O,,-495755,1,4,ok
5,502310,6319,O,,-495991,2,4,ok
5,504458,6337,O,,-498121,2,4,ok
5,504936,6341,O,,-498595,0,4,ok
5,505414,6345,O,,-499069,1,4,ok
5,507566,6363,O,,-501203,2,4,ok
5,508284,6369,O,,-501915,0,4,ok
5,510440,6387,O,,-504053,2,4,ok
5,510680,6389,O,,-504291,2,4,ok
5,510920,6391,O,,-504529,2,4,ok
5,511160,6393,O,,-504767,2,4,ok
5,512840,6407,O,,-506433,2,4,ok
5,513080,6409,O,,-506671,2,4,ok
5,513320,6411,O,,-506909,2,4,ok
5,513560,6413,O,,-507147,2,4,ok
5,515724,6431,O,,-509293,0,4,ok
5,516446,6437,O,,-510009,2,4,ok
5,518614,6455,O,,-512159,1,4,ok
5,519096,6459,O,,-512637,0,4,ok
5,519578,6463,O,,-513115,2,4,ok
5,521750,6481,O,,-515269,2,4,ok
5,521992,6483,O,,-515509,1,4,ok
5,527800,6531,O,,-521269,1,4,ok
5,528042,6533,O,,-521509,0,4,ok
5,530226,6551,O,,-523675,0,4,ok
5,530712,6555,O,,-524157,0,4,ok
5,531198,6559,O,,-524639,0,4,ok
5,614890,7231,O,,-607659,1,4,ok
5,615400,7235,O,,-608165,1,4,ok
5,615910,7239,O,,-608671,1,4,ok
5,616166,7241,O,,-608925,2,4,ok
5,618720,7261,O,,-611459,0,4,ok
5,618976,7263,O,,-611713,1,4,ok
5,619232,7265,O,,-611967,2,4,ok
5,621022,7279,O,,-613743,1,4,ok
5,621278,7281,O,,-613997,2,4,ok
5,621534,7283,O,,-614251,0,4,ok
5,621790,7285,O,,-614505,1,4,ok
5,622046,7287,O,,-614759,2,4,ok
5,624866,7309,O,,-617557,2,4,ok
5,625122,7311,O,,-617811,0,4,ok
5,627432,7329,O,,-620103,0,4,ok
5,627946,7333,O,,-620613,1,4,ok
5,628460,7337,O,,-621123,2,4,ok
5,630774,7355,O,,-623419,0,4,ok
5,631288,7359,O,,-623929,1,4,ok
5,631546,7361,O,,-624185,1,4,ok
5,633864,7379,O,,-626485,0,4,ok
5,638250,7413,O,,-630837,0,4,ok
5,640576,7431,O,,-633145,1,4,ok
5,640834,7433,O,,-633401,1,4,ok
5,641352,7437,O,,-633915,0,4,ok
5,643682,7455,O,,-636227,2,4,ok
5,644200,7459,O,,-636741,1,4,ok
5,644718,7463,O,,-637255,0,4,ok
5,646792,7479,O,,-639313,1,4,ok
5,647052,7481,O,,-639571,0,4,ok
5,649648,7501,O,,-642147,1,4,ok
5,649908,7503,O,,-642405,0,4,ok
5,650168,7505,O,,-642663,2,4,ok
5,650428,7507,O,,-642921,1,4,ok
5,650688,7509,O,,-643179,0,4,ok
5,650948,7511,O,,-643437,2,4,ok
5,651208,7513,O,,-643695,1,4,ok
5,653550,7531,O,,-646019,0,4,ok
5,653810,7533,O,,-646277,2,4,ok
5,654070,7535,O,,-646535,1,4,ok
5,656416,7553,O,,-648863,1,4,ok
5,656676,7555,O,,-649121,0,4,ok
5,657198,7559,O,,-649639,0,4,ok
5,657720,7563,O,,-650157,0,4,ok
5,659808,7579,O,,-652229,0,4,ok
5,660330,7583,O,,-652747,0,4,ok
5,660592,7585,O,,-653007,1,4,ok
5,662944,7603,O,,-655341,1,4,ok
5,663206,7605,O,,-655601,2,4,ok
5,663468,7607,O,,-655861,0,4,ok
5,666086,7627,O,,-658459,2,4,ok
5,666348,7629,O,,-658719,0,4,ok
5,666610,7631,O,,-658979,1,4,ok
5,666872,7633,O,,-659239,2,4,ok
5,667134,7635,O,,-659499,0,4,ok
5,667396,7637,O,,-659759,1,4,ok
5,669232,7651,O,,-661581,1,4,ok
5,670020,7657,O,,-662363,0,4,ok
5,670282,7659,O,,-662623,1,4,ok
5,672910,7679,O,,-665231,1,4,ok
5,673172,7681,O,,-665491,2,4,ok
5,673698,7685,O,,-666013,0,4,ok
5,676330,7705,O,,-668625,1,4,ok
5,677120,7711,O,,-669409,2,4,ok
5,679492,7729,O,,-671763,1,4,ok
5,679756,7731,O,,-672025,1,4,ok
5,680020,7733,O,,-672287,1,4,ok
5,680284,7735,O,,-672549,1,4,ok
5,680548,7737,O,,-672811,1,4,ok
5,682396,7751,O,,-674645,1,4,ok
5,682660,7753,O,,-674907,1,4,ok
5,682924,7755,O,,-675169,1,4,ok
5,683188,7757,O,,-675431,1,4,ok
5,683452,7759,O,,-675693,1,4,ok
5,685832,7777,O,,-678055,2,4,ok
5,686626,7783,O,,-678843,1,4,ok
5,689274,7803,O,,-681471,0,4,ok
5,689804,7807,O,,-681997,2,4,ok
5,692722,7829,O,,-684893,1,4,ok
5,692988,7831,O,,-685157,0,4,ok
5,693784,7837,O,,-685947,1,4,ok
5,695644,7851,O,,-687793,1,4,ok
5,695910,7853,O,,-688057,0,4,ok
5,696176,7855,O,,-688321,2,4,ok
5,696442,7857,O,,-688585,1,4,ok
5,696708,7859,O,,-688849,0,4,ok
5,696974,7861,O,,-689113,2,4,ok
5,699902,7883,O,,-692019,2,4,ok
5,700168,7885,O,,-692283,1,4,ok
5,700434,7887,O,,-692547,0,4,ok
5,702300,7901,O,,-694399,0,4,ok
5,702834,7905,O,,-694929,0,4,ok
5,703100,7907,O,,-695193,2,4,ok
5,703634,7911,O,,-695723,2,4,ok
5,705770,7927,O,,-697843,2,4,ok
5,706304,7931,O,,-698373,2,4,ok
5,706838,7935,O,,-698903,2,4,ok
5,707106,7937,O,,-699169,0,4,ok
5,810502,8693,O,,-801809,1,4,ok
5,810782,8695,O,,-802087,2,4,ok
5,811062,8697,O,,-802365,0,4,ok
5,811342,8699,O,,-802643,1,4,ok
5,814702,8723,O,,-805979,1,4,ok
5,814982,8725,O,,-806257,2,4,ok
5,815262,8727,O,,-806535,0,4,ok
5,817786,8745,O,,-809041,1,4,ok
5,818066,8747,O,,-809319,2,4,ok
5,818908,8753,O,,-810155,1,4,ok
5,820874,8767,O,,-812107,2,4,ok
5,821154,8769,O,,-812385,0,4,ok
5,821716,8773,O,,-812943,1,4,ok
5,822278,8777,O,,-813501,2,4,ok
5,824528,8793,O,,-815735,2,4,ok
5,825372,8799,O,,-816573,0,4,ok
5,826216,8805,O,,-817411,1,4,ok
5,828188,8819,O,,-819369,2,4,ok
5,832982,8853,O,,-824129,2,4,ok
5,833264,8855,O,,-824409,2,4,ok
5,833546,8857,O,,-824689,2,4,ok
5,835806,8873,O,,-826933,0,4,ok
5,836654,8879,O,,-827775,2,4,ok
5,839482,8899,O,,-830583,1,4,ok
5,840048,8903,O,,-831145,0,4,ok
5,843164,8925,O,,-834239,2,4,ok
5,844014,8931,O,,-835083,0,4,ok
5,844298,8933,O,,-835365,2,4,ok
5,850544,8977,O,,-841567,2,4,ok
5,850828,8979,O,,-841849,1,4,ok
5,851112,8981,O,,-842131,0,4,ok
5,851396,8983,O,,-842413,2,4,ok
5,854526,9005,O,,-845521,0,4,ok
5,855096,9009,O,,-846087,0,4,ok
5,855380,9011,O,,-846369,2,4,ok
5,857660,9027,O,,-848633,2,4,ok
5,858230,9031,O,,-849199,2,4,ok
5,858800,9035,O,,-849765,2,4,ok
5,861368,9053,O,,-852315,2,4,ok
5,862224,9059,O,,-853165,0,4,ok
5,862510,9061,O,,-853449,1,4,ok
5,868800,9105,O,,-859695,0,4,ok
5,869086,9107,O,,-859979,1,4,ok
5,869372,9109,O,,-860263,2,4,ok
5,872524,9131,O,,-863393,1,4,ok
5,872810,9133,O,,-863677,2,4,ok
5,873384,9137,O,,-864247,0,4,ok
5,873958,9141,O,,-864817,1,4,ok
5,876540,9159,O,,-867381,0,4,ok
5,877114,9163,O,,-867951,1,4,ok
5,877402,9165,O,,-868237,1,4,ok
5,879988,9183,O,,-870805,1,4,ok
5,880850,9189,O,,-871661,2,4,ok
5,881138,9191,O,,-871947,2,4,ok
5,881426,9193,O,,-872233,2,4,ok
5,883728,9209,O,,-874519,0,4,ok
5,884016,9211,O,,-874805,0,4,ok
5,884304,9213,O,,-875091,0,4,ok
5,884592,9215,O,,-875377,0,4,ok
5,884880,9217,O,,-875663,0,4,ok
5,885168,9219,O,,-875949,0,4,ok
5,885456,9221,O,,-876235,0,4,ok
5,888050,9239,O,,-878811,2,4,ok
5,888338,9241,O,,-879097,2,4,ok
5,888626,9243,O,,-879383,2,4,ok
5,891512,9263,O,,-882249,2,4,ok
5,892090,9267,O,,-882823,1,4,ok
5,892378,9269,O,,-883109,1,4,ok
5,892956,9273,O,,-883683,0,4,ok
5,895268,9289,O,,-885979,2,4,ok
5,896136,9295,O,,-886841,0,4,ok
5,896714,9299,O,,-887415,2,4,ok
5,898740,9313,O,,-889427,0,4,ok
5,899030,9315,O,,-889715,2,4,ok
5,899898,9321,O,,-890577,0,4,ok
5,900188,9323,O,,-890865,2,4,ok
5,900478,9325,O,,-891153,1,4,ok
5,902506,9339,O,,-893167,1,4,ok
5,902796,9341,O,,-893455,0,4,ok
5,903086,9343,O,,-893743,2,4,ok
5,903376,9345,O,,-894031,1,4,ok
5,903666,9347,O,,-894319,0,4,ok
5,903956,9349,O,,-894607,2,4,ok
5,906568,9367,O,,-897201,1,4,ok
5,907440,9373,O,,-898067,0,4,ok
5,907730,9375,O,,-898355,2,4,ok
5,908020,9377,O,,-898643,1,4,ok
5,910636,9395,O,,-901241,1,4,ok
5,911218,9399,O,,-901819,1,4,ok
5,911800,9403,O,,-902397,1,4,ok
5,914128,9419,O,,-904709,1,4,ok
5,914710,9423,O,,-905287,1,4,ok
5,915584,9429,O,,-906155,2,4,ok
5,917916,9445,O,,-908471,0,4,ok
5,918790,9451,O,,-909339,1,4,ok
5,919082,9453,O,,-909629,2,4,ok
5,919374,9455,O,,-909919,0,4,ok
5,921708,9471,O,,-912237,0,4,ok
5,922000,9473,O,,-912527,1,4,ok
5,922292,9475,O,,-912817,2,4,ok
5,922584,9477,O,,-913107,0,4,ok
5,922876,9479,O,,-913397,1,4,ok
5,10156,469,O,,-9687,1,5,ok
5,10946,493,O,,-10453,2,5,ok
5,11348,505,O,,-10843,2,5,ok
5,23,530,E,1,507,2,5,ok
5,23,574,E,45,551,2,5,ok
5,12236,531,O,,-11705,2,5,ok
5,13004,553,O,,-12451,2,5,ok
5,13074,555,O,,-12519,0,5,ok
5,13216,559,O,,-12657,1,5,ok
5,13572,569,O,,-13003,0,5,ok
5,13644,571,O,,-13073,0,5,ok
5,13932,579,O,,-13353,0,5,ok
5,14004,581,O,,-13423,0,5,ok
5,14076,583,O,,-13493,0,5,ok
5,14440,593,O,,-13847,1,5,ok
5,14586,597,O,,-13989,0,5,ok
5,20910,759,O,,-20151,0,5,ok
5,21408,771,O,,-20637,0,5,ok
5,21910,783,O,,-21127,1,5,ok
5,21994,785,O,,-21209,1,5,ok
5,22078,787,O,,-21291,1,5,ok
5,22162,789,O,,-21373,1,5,ok
5,22500,797,O,,-21703,0,5,ok
5,22754,803,O,,-21951,2,5,ok
5,23266,815,O,,-22451,1,5,ok
5,23352,817,O,,-22535,0,5,ok
5,23782,827,O,,-22955,1,5,ok
5,23868,829,O,,-23039,0,5,ok
5,29,842,E,1,813,2,5,ok
5,29,898,E,57,869,2,5,ok
5,24476,843,O,,-23633,2,5,ok
5,25000,855,O,,-24145,1,5,ok
5,25088,857,O,,-24231,2,5,ok
5,25176,859,O,,-24317,0,5,ok
5,25264,861,O,,-24403,1,5,ok
5,25794,873,O,,-24921,0,5,ok
5,25882,875,O,,-25007,1,5,ok
5,26506,889,O,,-25617,1,5,ok
5,27768,917,O,,-26851,0,5,ok
5,28224,927,O,,-27297,0,5,ok
5,28406,931,O,,-27475,2,5,ok
5,28498,933,O,,-27565,1,5,ok
5,38440,1139,O,,-37301,1,5,ok
5,38642,1143,O,,-37499,2,5,ok
5,38744,1145,O,,-37599,2,5,ok
5,40174,1173,O,,-39001,1,5,ok
5,40276,1175,O,,-39101,1,5,ok
5,40998,1189,O,,-39809,0,5,ok
5,41102,1191,O,,-39911,2,5,ok
5,41206,1193,O,,-40013,1,5,ok
5,42560,1219,O,,-41341,2,5,ok
5,42770,1223,O,,-41547,2,5,ok
5,43506,1237,O,,-42269,0,5,ok
5,43612,1239,O,,-42373,1,5,ok
5,44992,1265,O,,-43727,1,5,ok
5,45098,1267,O,,-43831,2,5,ok
5,45312,1271,O,,-44041,0,5,ok
5,45848,1281,O,,-44567,2,5,ok
5,46170,1287,O,,-44883,0,5,ok
5,46710,1297,O,,-45413,0,5,ok
5,46818,1299,O,,-45519,0,5,ok
5,46926,1301,O,,-45625,0,5,ok
5,47034,1303,O,,-45731,0,5,ok
5,47794,1317,O,,-46477,1,5,ok
5,48558,1331,O,,-47227,0,5,ok
5,48668,1333,O,,-47335,2,5,ok
5,49326,1345,O,,-47981,0,5,ok
5,49436,1347,O,,-48089,2,5,ok
5,50320,1363,O,,-48957,1,5,ok
5,50542,1367,O,,-49175,1,5,ok
5,6296,341,O,,-5955,2,5,ok
5,6352,343,O,,-6009,1,5,ok
5,6463,347,O,,-6116,1,5,ok
5,7261,375,O,,-6886,1,5,ok
5,7731,391,O,,-7340,0,5,ok
5,8699,423,O,,-8276,2,5,ok
5,469,219962,E,1,219493,1,6,ok
5,469,220898,E,937,220429,1,6,ok
5,493,243050,E,1,242557,1,6,ok
5,493,244034,E,985,243541,1,6,ok
5,505,255026,E,1,254521,1,6,ok
5,505,256034,E,1009,255529,1,6,ok
5,530,280900,E,0,280370,2,6,ok
5,530,281960,E,1060,281430,2,6,ok
5,532,283024,E,0,282492,1,6,ok
5,532,284088,E,1064,283556,1,6,ok
5,534,285156,E,0,284622,0,6,ok
5,534,286224,E,1068,285690,0,6,ok
5,536,287296,E,0,286760,2,6,ok
5,536,288368,E,1072,287832,2,6,ok
5,538,289444,E,0,288906,1,6,ok
5,538,290520,E,1076,289982,1,6,ok
5,540,291600,E,0,291060,0,6,ok
5,540,292680,E,1080,292140,0,6,ok
5,542,293764,E,0,293222,2,6,ok
5,542,294848,E,1084,294306,2,6,ok
5,544,295936,E,0,295392,1,6,ok
5,544,297024,E,1088,296480,1,6,ok
5,546,298116,E,0,297570,0,6,ok
5,546,299208,E,1092,298662,0,6,ok
5,548,67,O,,-481,2,6,ok
5,548,300304,E,0,299756,2,6,ok
5,548,301400,E,1096,300852,2,6,ok
5,550,302500,E,0,301950,1,6,ok
5,550,303600,E,1100,303050,1,6,ok
5,552,304704,E,0,304152,0,6,ok
5,552,305808,E,1104,305256,0,6,ok
5,554,306916,E,0,306362,2,6,ok
5,554,308024,E,1108,307470,2,6,ok
5,556,309136,E,0,308580,1,6,ok
5,556,310248,E,1112,309692,1,6,ok
5,558,311364,E,0,310806,0,6,ok
5,558,312480,E,1116,311922,0,6,ok
5,560,313600,E,0,313040,2,6,ok
5,560,314720,E,1120,314160,2,6,ok
5,562,315844,E,0,315282,1,6,ok
5,562,316968,E,1124,316406,1,6,ok
5,564,318096,E,0,317532,0,6,ok
5,564,319224,E,1128,318660,0,6,ok
5,566,320356,E,0,319790,2,6,ok
5,566,321488,E,1132,320922,2,6,ok
5,568,322624,E,0,322056,1,6,ok
5,568,323760,E,1136,323192,1,6,ok
5,570,324900,E,0,324330,0,6,ok
5,570,326040,E,1140,325470,0,6,ok
5,572,327184,E,0,326612,2,6,ok
5,572,328328,E,1144,327756,2,6,ok
5,574,329476,E,0,328902,1,6,ok
5,574,330624,E,1148,330050,1,6,ok
5,531,281962,E,1,281431,0,6,ok
5,531,283022,E,1061,282491,0,6,ok
5,553,305810,E,1,305257,1,6,ok
5,553,306914,E,1105,306361,1,6,ok
5,555,308026,E,1,307471,0,6,ok
5,555,309134,E,1109,308579,0,6,ok
5,559,312482,E,1,311923,1,6,ok
5,559,313598,E,1117,313039,1,6,ok
5,569,323762,E,1,323193,2,6,ok
5,569,324898,E,1137,324329,2,6,ok
5,571,326042,E,1,325471,1,6,ok
5,571,327182,E,1141,326611,1,6,ok
5,579,335242,E,1,334663,0,6,ok
5,579,336398,E,1157,335819,0,6,ok
5,581,337562,E,1,336981,2,6,ok
5,581,338722,E,1161,338141,2,6,ok
5,583,339890,E,1,339307,1,6,ok
5,583,341054,E,1165,340471,1,6,ok
5,593,351650,E,1,351057,2,6,ok
5,593,352834,E,1185,352241,2,6,ok
5,597,356410,E,1,355813,0,6,ok
5,597,357602,E,1193,357005,0,6,ok
5,759,576082,E,1,575323,0,6,ok
5,759,577598,E,1517,576839,0,6,ok
5,771,594442,E,1,593671,0,6,ok
5,771,595982,E,1541,595211,0,6,ok
5,783,85,O,,-698,0,6,ok
5,783,613090,E,1,612307,0,6,ok
5,783,614654,E,1565,613871,0,6,ok
5,785,616226,E,1,615441,2,6,ok
5,785,617794,E,1569,617009,2,6,ok
5,787,619370,E,1,618583,1,6,ok
5,787,620942,E,1573,620155,1,6,ok
5,789,622522,E,1,621733,0,6,ok
5,789,624098,E,1577,623309,0,6,ok
5,797,635210,E,1,634413,2,6,ok
5,797,636802,E,1593,636005,2,6,ok
5,803,644810,E,1,644007,2,6,ok
5,803,646414,E,1605,645611,2,6,ok
5,815,664226,E,1,663411,2,6,ok
5,815,665854,E,1629,665039,2,6,ok
5,817,667490,E,1,666673,1,6,ok
5,817,669122,E,1633,668305,1,6,ok
5,827,683930,E,1,683103,2,6,ok
5,827,685582,E,1653,684755,2,6,ok
5,829,687242,E,1,686413,1,6,ok
5,829,688898,E,1657,688069,1,6,ok
5,842,708964,E,0,708122,2,6,ok
5,842,710648,E,1684,709806,2,6,ok
5,844,712336,E,0,711492,1,6,ok
5,844,714024,E,1688,713180,1,6,ok
5,846,715716,E,0,714870,0,6,ok
5,846,717408,E,1692,716562,0,6,ok
5,848,719104,E,0,718256,2,6,ok
5,848,720800,E,1696,719952,2,6,ok
5,850,722500,E,0,721650,1,6,ok
5,850,724200,E,1700,723350,1,6,ok
5,852,725904,E,0,725052,0,6,ok
5,852,727608,E,1704,726756,0,6,ok
5,854,729316,E,0,728462,2,6,ok
5,854,731024,E,1708,730170,2,6,ok
5,856,732736,E,0,731880,1,6,ok
5,856,734448,E,1712,733592,1,6,ok
5,858,736164,E,0,735306,0,6,ok
5,858,737880,E,1716,737022,0,6,ok
5,860,739600,E,0,738740,2,6,ok
5,860,741320,E,1720,740460,2,6,ok
5,862,743044,E,0,742182,1,6,ok
5,862,744768,E,1724,743906,1,6,ok
5,864,746496,E,0,745632,0,6,ok
5,864,748224,E,1728,747360,0,6,ok
5,866,749956,E,0,749090,2,6,ok
5,866,751688,E,1732,750822,2,6,ok
5,868,91,O,,-777,1,6,ok
5,868,753424,E,0,752556,1,6,ok
5,868,755160,E,1736,754292,1,6,ok
5,870,756900,E,0,756030,0,6,ok
5,870,758640,E,1740,757770,0,6,ok
5,872,760384,E,0,759512,2,6,ok
5,872,762128,E,1744,761256,2,6,ok
5,874,763876,E,0,763002,1,6,ok
5,874,765624,E,1748,764750,1,6,ok
5,876,767376,E,0,766500,0,6,ok
5,876,769128,E,1752,768252,0,6,ok
5,878,770884,E,0,770006,2,6,ok
5,878,772640,E,1756,771762,2,6,ok
5,880,774400,E,0,773520,1,6,ok
5,880,776160,E,1760,775280,1,6,ok
5,882,777924,E,0,777042,0,6,ok
5,882,779688,E,1764,778806,0,6,ok
5,884,781456,E,0,780572,2,6,ok
5,884,783224,E,1768,782340,2,6,ok
5,886,784996,E,0,784110,1,6,ok
5,886,786768,E,1772,785882,1,6,ok
5,888,788544,E,0,787656,0,6,ok
5,888,790320,E,1776,789432,0,6,ok
5,890,792100,E,0,791210,2,6,ok
5,890,793880,E,1780,792990,2,6,ok
5,892,795664,E,0,794772,1,6,ok
5,892,797448,E,1784,796556,1,6,ok
5,894,799236,E,0,798342,0,6,ok
5,894,801024,E,1788,800130,0,6,ok
5,896,93,O,,-803,2,6,ok
5,896,802816,E,0,801920,2,6,ok
5,896,804608,E,1792,803712,2,6,ok
5,898,806404,E,0,805506,1,6,ok
5,898,808200,E,1796,807302,1,6,ok
5,843,710650,E,1,709807,0,6,ok
5,843,712334,E,1685,711491,0,6,ok
5,855,731026,E,1,730171,0,6,ok
5,855,732734,E,1709,731879,0,6,ok
5,857,734450,E,1,733593,2,6,ok
5,857,736162,E,1713,735305,2,6,ok
5,859,737882,E,1,737023,1,6,ok
5,859,739598,E,1717,738739,1,6,ok
5,861,741322,E,1,740461,0,6,ok
5,861,743042,E,1721,742181,0,6,ok
5,873,762130,E,1,761257,0,6,ok
5,873,763874,E,1745,763001,0,6,ok
5,875,765626,E,1,764751,2,6,ok
5,875,767374,E,1749,766499,2,6,ok
5,889,790322,E,1,789433,1,6,ok
5,889,792098,E,1777,791209,1,6,ok
5,917,840890,E,1,839973,2,6,ok
5,917,842722,E,1833,841805,2,6,ok
5,927,859330,E,1,858403,0,6,ok
5,927,861182,E,1853,860255,0,6,ok
5,931,866762,E,1,865831,1,6,ok
5,931,868622,E,1861,867691,1,6,ok
5,933,870490,E,1,869557,0,6,ok
5,933,872354,E,1865,871421,0,6,ok
5,1265,117,O,,-1148,2,6,ok
5,1331,121,O,,-1210,2,6,ok
5,341,116282,E,1,115941,2,6,ok
5,341,116962,E,681,116621,2,6,ok
5,343,49,O,,-294,1,6,ok
5,343,117650,E,1,117307,1,6,ok
5,343,118334,E,685,117991,1,6,ok
5,347,120410,E,1,120063,2,6,ok
5,347,121102,E,693,120755,2,6,ok
5,375,140626,E,1,140251,0,6,ok
5,375,141374,E,749,140999,0,6,ok
5,391,152882,E,1,152491,1,6,ok
5,391,153662,E,781,153271,1,6,ok
5,423,178930,E,1,178507,0,6,ok
5,423,179774,E,845,179351,0,6,ok
5,220062,3645,O,,-216417,0,7,ok
5,220424,3649,O,,-216775,2,7,ok
5,220606,3651,O,,-216955,1,7,ok
5,243086,3895,O,,-239191,2,7,ok
5,243648,3901,O,,-239747,0,7,ok
5,243836,3903,O,,-239933,2,7,ok
5,255738,4029,O,,-251709,0,7,ok
5,255928,4031,O,,-251897,1,7,ok
5,281478,4295,O,,-277183,0,7,ok
5,281674,4297,O,,-277377,1,7,ok
5,283052,4311,O,,-278741,2,7,ok
5,283446,4315,O,,-279131,0,7,ok
5,283840,4319,O,,-279521,1,7,ok
5,285222,4333,O,,-280889,0,7,ok
5,285814,4339,O,,-281475,1,7,ok
5,286012,4341,O,,-281671,1,7,ok
5,289776,4379,O,,-285397,0,7,ok
5,289974,4381,O,,-285593,0,7,ok
5,291962,4401,O,,-287561,2,7,ok
5,292360,4405,O,,-287955,1,7,ok
5,293954,4421,O,,-289533,2,7,ok
5,294154,4423,O,,-289731,1,7,ok
5,296952,4451,O,,-292501,0,7,ok
5,298354,4465,O,,-293889,1,7,ok
5,298554,4467,O,,-294087,0,7,ok
5,299156,4473,O,,-294683,2,7,ok
5,67,4490,E,1,4423,1,7,ok
5,67,4622,E,133,4555,1,7,ok
5,300562,4487,O,,-296075,1,7,ok
5,300964,4491,O,,-296473,1,7,ok
5,301366,4495,O,,-296871,1,7,ok
5,302976,4511,O,,-298465,0,7,ok
5,303178,4513,O,,-298665,1,7,ok
5,307420,4555,O,,-302865,1,7,ok
5,307622,4557,O,,-303065,2,7,ok
5,309244,4573,O,,-304671,1,7,ok
5,309650,4577,O,,-305073,2,7,ok
5,310056,4581,O,,-305475,0,7,ok
5,311478,4595,O,,-306883,0,7,ok
5,311682,4597,O,,-307085,0,7,ok
5,312088,4601,O,,-307487,1,7,ok
5,312292,4603,O,,-307689,1,7,ok
5,313718,4617,O,,-309101,2,7,ok
5,313922,4619,O,,-309303,2,7,ok
5,314126,4621,O,,-309505,2,7,ok
5,314330,4623,O,,-309707,2,7,ok
5,314534,4625,O,,-309909,2,7,ok
5,316576,4645,O,,-311931,1,7,ok
5,316780,4647,O,,-312133,1,7,ok
5,318418,4663,O,,-313755,1,7,ok
5,318828,4667,O,,-314161,0,7,ok
5,320674,4685,O,,-315989,1,7,ok
5,321290,4691,O,,-316599,2,7,ok
5,322730,4705,O,,-318025,2,7,ok
5,324996,4727,O,,-320269,0,7,ok
5,325202,4729,O,,-320473,2,7,ok
5,325408,4731,O,,-320677,1,7,ok
5,326028,4737,O,,-321291,0,7,ok
5,327474,4751,O,,-322723,0,7,ok
5,327888,4755,O,,-323133,0,7,ok
5,328302,4759,O,,-323543,0,7,ok
5,329544,4771,O,,-324773,0,7,ok
5,330166,4777,O,,-325389,1,7,ok
5,282068,4301,O,,-277767,2,7,ok
5,282264,4303,O,,-277961,0,7,ok
5,282658,4307,O,,-278351,1,7,ok
5,306004,4541,O,,-301463,1,7,ok
5,306206,4543,O,,-301663,2,7,ok
5,306408,4545,O,,-301863,0,7,ok
5,306610,4547,O,,-302063,1,7,ok
5,308230,4563,O,,-303667,1,7,ok
5,308838,4569,O,,-304269,0,7,ok
5,313106,4611,O,,-308495,2,7,ok
5,313310,4613,O,,-308697,2,7,ok
5,313514,4615,O,,-308899,2,7,ok
5,324790,4725,O,,-320065,1,7,ok
5,326234,4739,O,,-321495,2,7,ok
5,326854,4745,O,,-322109,1,7,ok
5,335572,4829,O,,-330743,1,7,ok
5,335780,4831,O,,-330949,2,7,ok
5,337658,4849,O,,-332809,2,7,ok
5,338076,4853,O,,-333223,0,7,ok
5,338494,4857,O,,-333637,1,7,ok
5,338704,4859,O,,-333845,1,7,ok
5,340168,4873,O,,-335295,1,7,ok
5,340378,4875,O,,-335503,1,7,ok
5,341006,4881,O,,-336125,2,7,ok
5,356846,5031,O,,-351815,2,7,ok
5,357272,5035,O,,-352237,2,7,ok
5,576274,6925,O,,-569349,1,7,ok
5,576524,6927,O,,-569597,2,7,ok
5,576774,6929,O,,-569845,0,7,ok
5,595604,7079,O,,-588525,2,7,ok
5,595856,7081,O,,-588775,2,7,ok
5,85,7226,E,1,7141,1,7,ok
5,85,7394,E,169,7309,1,7,ok
5,613360,7219,O,,-606141,1,7,ok
5,613870,7223,O,,-606647,1,7,ok
5,614380,7227,O,,-607153,1,7,ok
5,616676,7245,O,,-609431,2,7,ok
5,616932,7247,O,,-609685,0,7,ok
5,617442,7251,O,,-610191,0,7,ok
5,617698,7253,O,,-610445,1,7,ok
5,620766,7277,O,,-613489,0,7,ok
5,623584,7299,O,,-616285,1,7,ok
5,623840,7301,O,,-616539,2,7,ok
5,624096,7303,O,,-616793,0,7,ok
5,645236,7467,O,,-637769,2,7,ok
5,645496,7469,O,,-638027,1,7,ok
5,646014,7473,O,,-638541,0,7,ok
5,646274,7475,O,,-638799,2,7,ok
5,664776,7617,O,,-657159,0,7,ok
5,665038,7619,O,,-657419,1,7,ok
5,665300,7621,O,,-657679,2,7,ok
5,665562,7623,O,,-657939,0,7,ok
5,665824,7625,O,,-658199,1,7,ok
5,668708,7647,O,,-661061,2,7,ok
5,668970,7649,O,,-661321,0,7,ok
5,684510,7767,O,,-676743,0,7,ok
5,684774,7769,O,,-677005,0,7,ok
5,685568,7775,O,,-677793,2,7,ok
5,687420,7789,O,,-679631,0,7,ok
5,687950,7793,O,,-680157,2,7,ok
5,688744,7799,O,,-680945,1,7,ok
5,709512,7955,O,,-701557,0,7,ok
5,709780,7957,O,,-701823,1,7,ok
5,710048,7959,O,,-702089,2,7,ok
5,712458,7977,O,,-704481,0,7,ok
5,712726,7979,O,,-704747,1,7,ok
5,712994,7981,O,,-705013,2,7,ok
5,713262,7983,O,,-705279,0,7,ok
5,713530,7985,O,,-705545,1,7,ok
5,713798,7987,O,,-705811,2,7,ok
5,715944,8003,O,,-707941,0,7,ok
5,716212,8005,O,,-708207,1,7,ok
5,717018,8011,O,,-709007,0,7,ok
5,717286,8013,O,,-709273,1,7,ok
5,719436,8029,O,,-711407,0,7,ok
5,719704,8031,O,,-711673,1,7,ok
5,720242,8035,O,,-712207,2,7,ok
5,720780,8039,O,,-712741,0,7,ok
5,722664,8053,O,,-714611,0,7,ok
5,723202,8057,O,,-715145,1,7,ok
5,723472,8059,O,,-715413,1,7,ok
5,724010,8063,O,,-715947,2,7,ok
5,726166,8079,O,,-718087,1,7,ok
5,726436,8081,O,,-718355,1,7,ok
5,726706,8083,O,,-718623,1,7,ok
5,732918,8129,O,,-724789,0,7,ok
5,733730,8135,O,,-725595,2,7,ok
5,734000,8137,O,,-725863,2,7,ok
5,736166,8153,O,,-728013,2,7,ok
5,736708,8157,O,,-728551,1,7,ok
5,737250,8161,O,,-729089,0,7,ok
5,737792,8165,O,,-729627,2,7,ok
5,739690,8179,O,,-731511,1,7,ok
5,739962,8181,O,,-731781,0,7,ok
5,740776,8187,O,,-732589,1,7,ok
5,743220,8205,O,,-735015,0,7,ok
5,743492,8207,O,,-735285,2,7,ok
5,743764,8209,O,,-735555,1,7,ok
5,744036,8211,O,,-735825,0,7,ok
5,744308,8213,O,,-736095,2,7,ok
5,746756,8231,O,,-738525,2,7,ok
5,747028,8233,O,,-738795,1,7,ok
5,747300,8235,O,,-739065,0,7,ok
5,747572,8237,O,,-739335,2,7,ok
5,750024,8255,O,,-741769,0,7,ok
5,750842,8261,O,,-742581,2,7,ok
5,751388,8265,O,,-743123,2,7,ok
5,751660,8267,O,,-743393,1,7,ok
5,91,8282,E,1,8191,1,7,ok
5,91,8462,E,181,8371,1,7,ok
5,753844,8283,O,,-745561,1,7,ok
5,754390,8287,O,,-746103,1,7,ok
5,754936,8291,O,,-746645,1,7,ok
5,757122,8307,O,,-748815,0,7,ok
5,757396,8309,O,,-749087,1,7,ok
5,758216,8315,O,,-749901,2,7,ok
5,758490,8317,O,,-750173,0,7,ok
5,760406,8331,O,,-752075,2,7,ok
5,760680,8333,O,,-752347,0,7,ok
5,760954,8335,O,,-752619,1,7,ok
5,763968,8357,O,,-755611,0,7,ok
5,765066,8365,O,,-756701,0,7,ok
5,765340,8367,O,,-756973,1,7,ok
5,765614,8369,O,,-757245,2,7,ok
5,767536,8383,O,,-759153,1,7,ok
5,768086,8387,O,,-759699,2,7,ok
5,768360,8389,O,,-759971,0,7,ok
5,768910,8393,O,,-760517,1,7,ok
5,771110,8409,O,,-762701,2,7,ok
5,771660,8413,O,,-763247,0,7,ok
5,772486,8419,O,,-764067,1,7,ok
5,774964,8437,O,,-766527,1,7,ok
5,775240,8439,O,,-766801,1,7,ok
5,775516,8441,O,,-767075,1,7,ok
5,777998,8459,O,,-769539,2,7,ok
5,778274,8461,O,,-769813,2,7,ok
5,778550,8463,O,,-770087,2,7,ok
5,778826,8465,O,,-770361,2,7,ok
5,779102,8467,O,,-770635,2,7,ok
5,779378,8469,O,,-770909,2,7,ok
5,779654,8471,O,,-771183,2,7,ok
5,781864,8487,O,,-773377,1,7,ok
5,782140,8489,O,,-773651,1,7,ok
5,782416,8491,O,,-773925,1,7,ok
5,785182,8511,O,,-776671,1,7,ok
5,785736,8515,O,,-777221,0,7,ok
5,786290,8519,O,,-777771,2,7,ok
5,789060,8539,O,,-780521,0,7,ok
5,789338,8541,O,,-780797,2,7,ok
5,789892,8545,O,,-781347,1,7,ok
5,790170,8547,O,,-781623,0,7,ok
5,792112,8561,O,,-783551,1,7,ok
5,793222,8569,O,,-784653,1,7,ok
5,793500,8571,O,,-784929,0,7,ok
5,793778,8573,O,,-785205,2,7,ok
5,797392,8599,O,,-788793,1,7,ok
5,799340,8613,O,,-790727,2,7,ok
5,799618,8615,O,,-791003,1,7,ok
5,800454,8621,O,,-791833,0,7,ok
5,800732,8623,O,,-792109,2,7,ok
5,93,8650,E,1,8557,0,7,ok
5,93,8834,E,185,8741,0,7,ok
5,802962,8639,O,,-794323,0,7,ok
5,803520,8643,O,,-794877,0,7,ok
5,804078,8647,O,,-795431,0,7,ok
5,806590,8665,O,,-797925,1,7,ok
5,807148,8669,O,,-798479,1,7,ok
5,807986,8675,O,,-799311,2,7,ok
5,711118,7967,O,,-703151,1,7,ok
5,711386,7969,O,,-703417,2,7,ok
5,711654,7971,O,,-703683,0,7,ok
5,711922,7973,O,,-703949,1,7,ok
5,712190,7975,O,,-704215,2,7,ok
5,731296,8117,O,,-723179,1,7,ok
5,731566,8119,O,,-723447,1,7,ok
5,731836,8121,O,,-723715,1,7,ok
5,732648,8127,O,,-724521,0,7,ok
5,734812,8143,O,,-726669,1,7,ok
5,735354,8147,O,,-727207,0,7,ok
5,735624,8149,O,,-727475,0,7,ok
5,738334,8169,O,,-730165,1,7,ok
5,739148,8175,O,,-730973,2,7,ok
5,741590,8193,O,,-733397,2,7,ok
5,741862,8195,O,,-733667,1,7,ok
5,742134,8197,O,,-733937,0,7,ok
5,762872,8349,O,,-754523,2,7,ok
5,763146,8351,O,,-754795,0,7,ok
5,763420,8353,O,,-755067,1,7,ok
5,763694,8355,O,,-755339,2,7,ok
5,766438,8375,O,,-758063,1,7,ok
5,766712,8377,O,,-758335,2,7,ok
5,767262,8381,O,,-758881,0,7,ok
5,790724,8551,O,,-782173,2,7,ok
5,791002,8553,O,,-782449,1,7,ok
5,791834,8559,O,,-783275,2,7,ok
5,840898,8909,O,,-831989,1,7,ok
5,841464,8913,O,,-832551,0,7,ok
5,842314,8919,O,,-833395,1,7,ok
5,859370,9039,O,,-850331,2,7,ok
5,859656,9041,O,,-850615,0,7,ok
5,860226,9045,O,,-851181,0,7,ok
5,861082,9051,O,,-852031,1,7,ok
5,870518,9117,O,,-861401,2,7,ok
5,870804,9119,O,,-861685,0,7,ok
5,871664,9125,O,,-862539,2,7,ok
5,871950,9127,O,,-862823,0,7,ok
5,117,13690,E,1,13573,0,7,ok
5,117,13922,E,233,13805,0,7,ok
5,121,14642,E,1,14521,1,7,ok
5,121,14882,E,241,14761,1,7,ok
5,116328,2383,O,,-113945,0,7,ok
5,116474,2385,O,,-114089,2,7,ok
5,116768,2389,O,,-114379,2,7,ok
5,116914,2391,O,,-114523,1,7,ok
5,49,2402,E,1,2353,1,7,ok
5,49,2498,E,97,2449,1,7,ok
5,117796,2403,O,,-115393,1,7,ok
5,118090,2407,O,,-115683,1,7,ok
5,121046,2447,O,,-118599,2,7,ok
5,140686,2705,O,,-137981,1,7,ok
5,140842,2707,O,,-138135,1,7,ok
5,140998,2709,O,,-138289,1,7,ok
5,141154,2711,O,,-138443,1,7,ok
5,141310,2713,O,,-138597,1,7,ok
5,153030,2861,O,,-150169,0,7,ok
5,153190,2863,O,,-150327,1,7,ok
5,179240,3179,O,,-176061,2,7,ok
5,179578,3183,O,,-176395,1,7,ok
5,179748,3185,O,,-176563,0,7,ok
5,4510,273,O,,-4237,1,8,ok
5,4560,275,O,,-4285,0,8,ok
5,4610,277,O,,-4333,2,8,ok
5,7320,377,O,,-6943,0,8,ok
5,7378,379,O,,-6999,1,8,ok
5,8332,411,O,,-7921,1,8,ok
5,8454,415,O,,-8039,0,8,ok
5,8393,413,O,,-7980,2,8,ok
5,8515,417,O,,-8098,1,8,ok
5,13716,573,O,,-13143,0,8,ok
5,13788,575,O,,-13213,0,8,ok
5,13860,577,O,,-13283,0,8,ok
5,14660,599,O,,-14061,2,8,ok
5,273,74530,E,1,74257,0,9,ok
5,273,75074,E,545,74801,0,9,ok
5,275,75626,E,1,75351,2,9,ok
5,275,76174,E,549,75899,2,9,ok
5,277,76730,E,1,76453,1,9,ok
5,277,77282,E,553,77005,1,9,ok
5,377,142130,E,1,141753,2,9,ok
5,377,142882,E,753,142505,2,9,ok
5,379,143642,E,1,143263,1,9,ok
5,379,144398,E,757,144019,1,9,ok
5,411,168922,E,1,168511,0,9,ok
5,411,169742,E,821,169331,0,9,ok
5,415,172226,E,1,171811,1,9,ok
5,415,173054,E,829,172639,1,9,ok
5,413,170570,E,1,170157,2,9,ok
5,413,171394,E,825,170981,2,9,ok
5,417,173890,E,1,173473,0,9,ok
5,417,174722,E,833,174305,0,9,ok
5,573,69,O,,-504,0,9,ok
5,573,328330,E,1,327757,0,9,ok
5,573,329474,E,1145,328901,0,9,ok
5,575,330626,E,1,330051,2,9,ok
5,575,331774,E,1149,331199,2,9,ok
5,577,332930,E,1,332353,1,9,ok
5,577,334082,E,1153,333505,1,9,ok
5,599,358802,E,1,358203,2,9,ok
5,599,359998,E,1197,359399,2,9,ok
5,74782,1775,O,,-73007,1,10,ok
5,74908,1777,O,,-73131,1,10,ok
5,75668,1789,O,,-73879,2,10,ok
5,75922,1793,O,,-74129,1,10,ok
5,77068,1811,O,,-75257,1,10,ok
5,77196,1813,O,,-75383,0,10,ok
5,142562,2729,O,,-139833,2,10,ok
5,142876,2733,O,,-140143,1,10,ok
5,143660,2743,O,,-140917,2,10,ok
5,143818,2745,O,,-141073,1,10,ok
5,144132,2749,O,,-141383,0,10,ok
5,172350,3097,O,,-169253,0,10,ok
5,172684,3101,O,,-169583,1,10,ok
5,173018,3105,O,,-169913,2,10,ok
5,171016,3081,O,,-167935,1,10,ok
5,171182,3083,O,,-168099,2,10,ok
5,174022,3117,O,,-170905,1,10,ok
5,174692,3125,O,,-171567,2,10,ok
5,69,4762,E,1,4693,0,10,ok
5,69,4898,E,137,4829,0,10,ok
5,328716,4763,O,,-323953,0,10,ok
5,329130,4767,O,,-324363,0,10,ok
5,330788,4783,O,,-326005,2,10,ok
5,330996,4785,O,,-326211,0,10,ok
5,331618,4791,O,,-326827,1,10,ok
5,358976,5051,O,,-353925,2,10,ok
5,359616,5057,O,,-354559,0,10,ok
5,4862,287,O,,-4575,2,11,ok
5,287,82370,E,1,82083,2,12,ok
5,287,82942,E,573,82655,2,12,ok
7,7,50,E,1,43,1,1,ok
7,7,62,E,13,55,1,1,ok
7,50,2500,E,0,2450,2,2,ok
7,50,2600,E,100,2550,2,2,ok
7,52,2704,E,0,2652,1,2,ok
7,52,2808,E,104,2756,1,2,ok
7,54,2916,E,0,2862,0,2,ok
7,54,3024,E,108,2970,0,2,ok
7,56,3136,E,0,3080,2,2,ok
7,56,3248,E,112,3192,2,2,ok
7,58,15,O,,-43,1,2,ok
7,58,3364,E,0,3306,1,2,ok
7,58,3480,E,116,3422,1,2,ok
7,60,3600,E,0,3540,0,2,ok
7,60,3720,E,120,3660,0,2,ok
7,62,3844,E,0,3782,2,2,ok
7,62,3968,E,124,3906,2,2,ok
7,2516,185,O,,-2331,2,3,ok
7,2598,189,O,,-2409,0,3,ok
7,2978,207,O,,-2771,2,3,ok
7,3152,215,O,,-2937,2,3,ok
7,3196,217,O,,-2979,1,3,ok
7,3240,219,O,,-3021,0,3,ok
7,15,226,E,1,211,0,3,ok
7,15,254,E,29,239,0,3,ok
7,3420,227,O,,-3193,0,3,ok
7,3602,235,O,,-3367,2,3,ok
7,3648,237,O,,-3411,0,3,ok
7,3694,239,O,,-3455,1,3,ok
7,185,34226,E,1,34041,2,4,ok
7,185,34594,E,369,34409,2,4,ok
7,189,33,O,,-156,0,4,ok
7,189,35722,E,1,35533,0,4,ok
7,189,36098,E,377,35909,0,4,ok
7,207,35,O,,-172,0,4,ok
7,207,42850,E,1,42643,0,4,ok
7,207,43262,E,413,43055,0,4,ok
7,215,46226,E,1,46011,2,4,ok
7,215,46654,E,429,46439,2,4,ok
7,217,47090,E,1,46873,1,4,ok
7,217,47522,E,433,47305,1,4,ok
7,219,47962,E,1,47743,0,4,ok
7,219,48398,E,437,48179,0,4,ok
7,226,51076,E,0,50850,1,4,ok
7,226,51528,E,452,51302,1,4,ok
7,228,51984,E,0,51756,0,4,ok
7,228,52440,E,456,52212,0,4,ok
7,230,52900,E,0,52670,2,4,ok
7,230,53360,E,460,53130,2,4,ok
7,232,53824,E,0,53592,1,4,ok
7,232,54288,E,464,54056,1,4,ok
7,234,54756,E,0,54522,0,4,ok
7,234,55224,E,468,54990,0,4,ok
7,236,55696,E,0,55460,2,4,ok
7,236,56168,E,472,55932,2,4,ok
7,238,56644,E,0,56406,1,4,ok
7,238,57120,E,476,56882,1,4,ok
7,240,57600,E,0,57360,0,4,ok
7,240,58080,E,480,57840,0,4,ok
7,242,58564,E,0,58322,2,4,ok
7,242,59048,E,484,58806,2,4,ok
7,244,59536,E,0,59292,1,4,ok
7,244,60024,E,488,59780,1,4,ok
7,246,60516,E,0,60270,0,4,ok
7,246,61008,E,492,60762,0,4,ok
7,248,61504,E,0,61256,2,4,ok
7,248,62000,E,496,61752,2,4,ok
7,250,62500,E,0,62250,1,4,ok
7,250,63000,E,500,62750,1,4,ok
7,252,63504,E,0,63252,0,4,ok
7,252,64008,E,504,63756,0,4,ok
7,254,64516,E,0,64262,2,4,ok
7,254,65024,E,508,64770,2,4,ok
7,227,51530,E,1,51303,2,4,ok
7,227,51982,E,453,51755,2,4,ok
7,235,55226,E,1,54991,1,4,ok
7,235,55694,E,469,55459,1,4,ok
7,237,56170,E,1,55933,0,4,ok
7,237,56642,E,473,56405,0,4,ok
7,239,57122,E,1,56883,2,4,ok
7,239,57598,E,477,57359,2,4,ok
7,34364,1057,O,,-33307,2,5,ok
7,34462,1059,O,,-33403,1,5,ok
7,33,1090,E,1,1057,0,5,ok
7,33,1154,E,65,1121,0,5,ok
7,35838,1087,O,,-34751,0,5,ok
7,36036,1091,O,,-34945,0,5,ok
7,35,1226,E,1,1191,2,5,ok
7,35,1294,E,69,1259,2,5,ok
7,42980,1227,O,,-41753,2,5,ok
7,43190,1231,O,,-41959,2,5,ok
7,46278,1289,O,,-44989,0,5,ok
7,46386,1291,O,,-45095,0,5,ok
7,46494,1293,O,,-45201,0,5,ok
7,46602,1295,O,,-45307,0,5,ok
7,47142,1305,O,,-45837,0,5,ok
7,47468,1311,O,,-46157,2,5,ok
7,48012,1321,O,,-46691,0,5,ok
7,48230,1325,O,,-46905,2,5,ok
7,51320,1381,O,,-49939,2,5,ok
7,51990,1393,O,,-50597,0,5,ok
7,52102,1395,O,,-50707,1,5,ok
7,52214,1397,O,,-50817,2,5,ok
7,53114,1413,O,,-51701,2,5,ok
7,53340,1417,O,,-51923,0,5,ok
7,54132,1431,O,,-52701,0,5,ok
7,54246,1433,O,,-52813,0,5,ok
7,55958,1463,O,,-54495,2,5,ok
7,56648,1475,O,,-55173,2,5,ok
7,56994,1481,O,,-55513,0,5,ok
7,57688,1493,O,,-56195,1,5,ok
7,57804,1495,O,,-56309,0,5,ok
7,57920,1497,O,,-56423,2,5,ok
7,58036,1499,O,,-56537,1,5,ok
7,58618,1509,O,,-57109,1,5,ok
7,58734,1511,O,,-57223,0,5,ok
7,58968,1515,O,,-57453,0,5,ok
7,59670,1527,O,,-58143,0,5,ok
7,59904,1531,O,,-58373,0,5,ok
7,60022,1533,O,,-58489,1,5,ok
7,60610,1543,O,,-59067,1,5,ok
7,60728,1545,O,,-59183,2,5,ok
7,60846,1547,O,,-59299,0,5,ok
7,60964,1549,O,,-59415,1,5,ok
7,61674,1561,O,,-60113,0,5,ok
7,61792,1563,O,,-60229,1,5,ok
7,62624,1577,O,,-61047,2,5,ok
7,62744,1579,O,,-61165,2,5,ok
7,62982,1583,O,,-61399,0,5,ok
7,63580,1593,O,,-61987,1,5,ok
7,63700,1595,O,,-62105,1,5,ok
7,63820,1597,O,,-62223,1,5,ok
7,63940,1599,O,,-62341,1,5,ok
7,64540,1609,O,,-62931,1,5,ok
7,64902,1615,O,,-63287,0,5,ok
7,65022,1617,O,,-63405,0,5,ok
7,51878,1391,O,,-50487,2,5,ok
7,55500,1455,O,,-54045,0,5,ok
7,55614,1457,O,,-54157,0,5,ok
7,56188,1467,O,,-54721,1,5,ok
7,56418,1471,O,,-54947,0,5,ok
7,57456,1489,O,,-55967,0,5,ok
7,57572,1491,O,,-56081,2,5,ok
7,1106,107,O,,-999,2,6,ok
7,1397,125,O,,-1272,2,6,ok
7,1431,127,O,,-1304,0,6,ok
7,1499,131,O,,-1368,2,6,ok
7,1533,133,O,,-1400,0,6,ok
7,107,11450,E,1,11343,2,7,ok
7,107,11662,E,213,11555,2,7,ok
7,125,25,O,,-100,2,7,ok
7,125,15626,E,1,15501,2,7,ok
7,125,15874,E,249,15749,2,7,ok
7,127,16130,E,1,16003,1,7,ok
7,127,16382,E,253,16255,1,7,ok
7,131,17162,E,1,17031,2,7,ok
7,131,17422,E,261,17291,2,7,ok
7,133,17690,E,1,17557,1,7,ok
7,133,17954,E,265,17821,1,7,ok
7,25,626,E,1,601,1,8,ok
7,25,674,E,49,649,1,8,ok
7,15700,627,O,,-15073,1,8,ok
7,15850,631,O,,-15219,1,8,ok
7,16152,639,O,,-15513,0,8,ok
7,16228,641,O,,-15587,1,8,ok
7,16304,643,O,,-15661,2,8,ok
7,16380,645,O,,-15735,0,8,ok
7,17226,667,O,,-16559,0,8,ok
7,17928,685,O,,-17243,0,8,ok
7,626,391876,E,0,391250,2,9,ok
7,626,393128,E,1252,392502,2,9,ok
7,628,394384,E,0,393756,1,9,ok
7,628,395640,E,1256,395012,1,9,ok
7,630,396900,E,0,396270,0,9,ok
7,630,398160,E,1260,397530,0,9,ok
7,632,399424,E,0,398792,2,9,ok
7,632,400688,E,1264,400056,2,9,ok
7,634,401956,E,0,401322,1,9,ok
7,634,403224,E,1268,402590,1,9,ok
7,636,404496,E,0,403860,0,9,ok
7,636,405768,E,1272,405132,0,9,ok
7,638,407044,E,0,406406,2,9,ok
7,638,408320,E,1276,407682,2,9,ok
7,640,409600,E,0,408960,1,9,ok
7,640,410880,E,1280,410240,1,9,ok
7,642,412164,E,0,411522,0,9,ok
7,642,413448,E,1284,412806,0,9,ok
7,644,414736,E,0,414092,2,9,ok
7,644,416024,E,1288,415380,2,9,ok
7,646,417316,E,0,416670,1,9,ok
7,646,418608,E,1292,417962,1,9,ok
7,648,419904,E,0,419256,0,9,ok
7,648,421200,E,1296,420552,0,9,ok
7,650,422500,E,0,421850,2,9,ok
7,650,423800,E,1300,423150,2,9,ok
7,652,425104,E,0,424452,1,9,ok
7,652,426408,E,1304,425756,1,9,ok
7,654,427716,E,0,427062,0,9,ok
7,654,429024,E,1308,428370,0,9,ok
7,656,430336,E,0,429680,2,9,ok
7,656,431648,E,1312,430992,2,9,ok
7,658,432964,E,0,432306,1,9,ok
7,658,434280,E,1316,433622,1,9,ok
7,660,435600,E,0,434940,0,9,ok
7,660,436920,E,1320,436260,0,9,ok
7,662,438244,E,0,437582,2,9,ok
7,662,439568,E,1324,438906,2,9,ok
7,664,440896,E,0,440232,1,9,ok
7,664,442224,E,1328,441560,1,9,ok
7,666,443556,E,0,442890,0,9,ok
7,666,444888,E,1332,444222,0,9,ok
7,668,446224,E,0,445556,2,9,ok
7,668,447560,E,1336,446892,2,9,ok
7,670,448900,E,0,448230,1,9,ok
7,670,450240,E,1340,449570,1,9,ok
7,672,451584,E,0,450912,0,9,ok
7,672,452928,E,1344,452256,0,9,ok
7,674,454276,E,0,453602,2,9,ok
7,674,455624,E,1348,454950,2,9,ok
7,627,393130,E,1,392503,0,9,ok
7,627,394382,E,1253,393755,0,9,ok
7,631,398162,E,1,397531,1,9,ok
7,631,399422,E,1261,398791,1,9,ok
7,639,408322,E,1,407683,0,9,ok
7,639,409598,E,1277,408959,0,9,ok
7,641,410882,E,1,410241,2,9,ok
7,641,412162,E,1281,411521,2,9,ok
7,643,413450,E,1,412807,1,9,ok
7,643,414734,E,1285,414091,1,9,ok
7,645,416026,E,1,415381,0,9,ok
7,645,417314,E,1289,416669,0,9,ok
7,667,444890,E,1,444223,1,9,ok
7,667,446222,E,1333,445555,1,9,ok
7,685,469226,E,1,468541,1,9,ok
7,685,470594,E,1369,469909,1,9,ok
7,392306,5359,O,,-386947,2,10,ok
7,392526,5361,O,,-387165,0,10,ok
7,394504,5379,O,,-389125,1,10,ok
7,394724,5381,O,,-389343,2,10,ok
7,394944,5383,O,,-389561,0,10,ok
7,397148,5403,O,,-391745,2,10,ok
7,397368,5405,O,,-391963,0,10,ok
7,398030,5411,O,,-392619,2,10,ok
7,399576,5425,O,,-394151,0,10,ok
7,400018,5429,O,,-394589,1,10,ok
7,400460,5433,O,,-395027,2,10,ok
7,402230,5449,O,,-396781,2,10,ok
7,402452,5451,O,,-397001,2,10,ok
7,403116,5457,O,,-397659,0,10,ok
7,407112,5493,O,,-401619,0,10,ok
7,407334,5495,O,,-401839,0,10,ok
7,408002,5501,O,,-402501,2,10,ok
7,408224,5503,O,,-402721,2,10,ok
7,410006,5519,O,,-404487,2,10,ok
7,410452,5523,O,,-404929,1,10,ok
7,412460,5541,O,,-406919,2,10,ok
7,413130,5547,O,,-407583,0,10,ok
7,415366,5567,O,,-409799,1,10,ok
7,415590,5569,O,,-410021,0,10,ok
7,415814,5571,O,,-410243,2,10,ok
7,418280,5593,O,,-412687,2,10,ok
7,418504,5595,O,,-412909,1,10,ok
7,420076,5609,O,,-414467,1,10,ok
7,420300,5611,O,,-414689,0,10,ok
7,420750,5615,O,,-415135,0,10,ok
7,421200,5619,O,,-415581,0,10,ok
7,422550,5631,O,,-416919,0,10,ok
7,423000,5635,O,,-417365,0,10,ok
7,423450,5639,O,,-417811,0,10,ok
7,423676,5641,O,,-418035,1,10,ok
7,425254,5655,O,,-419599,1,10,ok
7,425480,5657,O,,-419823,2,10,ok
7,426382,5665,O,,-420717,1,10,ok
7,427738,5677,O,,-422061,1,10,ok
7,427964,5679,O,,-422285,2,10,ok
7,428190,5681,O,,-422509,0,10,ok
7,428416,5683,O,,-422733,1,10,ok
7,428642,5685,O,,-422957,2,10,ok
7,430680,5703,O,,-424977,0,10,ok
7,430906,5705,O,,-425201,1,10,ok
7,431360,5709,O,,-425651,2,10,ok
7,431586,5711,O,,-425875,0,10,ok
7,433174,5725,O,,-427449,1,10,ok
7,433628,5729,O,,-427899,2,10,ok
7,433856,5731,O,,-428125,2,10,ok
7,435674,5747,O,,-429927,2,10,ok
7,436356,5753,O,,-430603,0,10,ok
7,436584,5755,O,,-430829,0,10,ok
7,438406,5771,O,,-432635,1,10,ok
7,438634,5773,O,,-432861,1,10,ok
7,438862,5775,O,,-433087,1,10,ok
7,439090,5777,O,,-433313,1,10,ok
7,439318,5779,O,,-433539,1,10,ok
7,439546,5781,O,,-433765,1,10,ok
7,441372,5797,O,,-435575,0,10,ok
7,441600,5799,O,,-435801,0,10,ok
7,443658,5817,O,,-437841,0,10,ok
7,444344,5823,O,,-438521,2,10,ok
7,444802,5827,O,,-438975,1,10,ok
7,446406,5841,O,,-440565,0,10,ok
7,446636,5843,O,,-440793,2,10,ok
7,447094,5847,O,,-441247,1,10,ok
7,447324,5849,O,,-441475,0,10,ok
7,449160,5865,O,,-443295,0,10,ok
7,449390,5867,O,,-443523,2,10,ok
7,449620,5869,O,,-443751,1,10,ok
7,449850,5871,O,,-443979,0,10,ok
7,450080,5873,O,,-444207,2,10,ok
7,451690,5887,O,,-445803,1,10,ok
7,451920,5889,O,,-446031,0,10,ok
7,454686,5913,O,,-448773,0,10,ok
7,454916,5915,O,,-449001,2,10,ok
7,455378,5919,O,,-449459,2,10,ok
7,393844,5373,O,,-388471,1,10,ok
7,394064,5375,O,,-388689,2,10,ok
7,394284,5377,O,,-388907,0,10,ok
7,398692,5417,O,,-393275,1,10,ok
7,399134,5421,O,,-393713,2,10,ok
7,408892,5509,O,,-403383,1,10,ok
7,409560,5515,O,,-404045,0,10,ok
7,410898,5527,O,,-405371,0,10,ok
7,411344,5531,O,,-405813,2,10,ok
7,411790,5535,O,,-406255,1,10,ok
7,413800,5553,O,,-408247,1,10,ok
7,414024,5555,O,,-408469,0,10,ok
7,414248,5557,O,,-408691,2,10,ok
7,416038,5573,O,,-410465,1,10,ok
7,416262,5575,O,,-410687,0,10,ok
7,416486,5577,O,,-410909,2,10,ok
7,416710,5579,O,,-411131,1,10,ok
7,416934,5581,O,,-411353,0,10,ok
7,417158,5583,O,,-411575,2,10,ok
7,445260,5831,O,,-439429,0,10,ok
7,445490,5833,O,,-439657,2,10,ok
7,445948,5837,O,,-440111,1,10,ok
7,469296,6039,O,,-463257,0,10,ok
7,469996,6045,O,,-463951,1,10,ok
7,470462,6049,O,,-464413,2,10,ok
7,5379,307,O,,-5072,0,11,ok
7,5913,327,O,,-5586,0,11,ok
7,307,94250,E,1,93943,1,12,ok
7,307,94862,E,613,94555,1,12,ok
7,327,106930,E,1,106603,0,12,ok
7,327,107582,E,653,107255,0,12,ok
9,9,82,E,1,73,0,1,ok
9,9,98,E,17,89,0,1,ok
9,82,19,O,,-63,1,2,ok
9,82,6724,E,0,6642,1,2,ok
9,82,6888,E,164,6806,1,2,ok
9,84,7056,E,0,6972,0,2,ok
9,84,7224,E,168,7140,0,2,ok
9,86,7396,E,0,7310,2,2,ok
9,86,7568,E,172,7482,2,2,ok
9,88,7744,E,0,7656,1,2,ok
9,88,7920,E,176,7832,1,2,ok
9,90,8100,E,0,8010,0,2,ok
9,90,8280,E,180,8190,0,2,ok
9,92,8464,E,0,8372,2,2,ok
9,92,8648,E,184,8556,2,2,ok
9,94,8836,E,0,8742,1,2,ok
9,94,9024,E,188,8930,1,2,ok
9,96,21,O,,-75,0,2,ok
9,96,9216,E,0,9120,0,2,ok
9,96,9408,E,192,9312,0,2,ok
9,98,9604,E,0,9506,2,2,ok
9,98,9800,E,196,9702,2,2,ok
9,19,362,E,1,343,1,3,ok
9,19,398,E,37,379,1,3,ok
9,6802,359,O,,-6443,1,3,ok
9,7088,369,O,,-6719,2,3,ok
9,7436,381,O,,-7055,2,3,ok
9,7554,385,O,,-7169,0,3,ok
9,7790,393,O,,-7397,2,3,ok
9,7850,395,O,,-7455,2,3,ok
9,7910,397,O,,-7513,2,3,ok
9,8150,405,O,,-7745,2,3,ok
9,8210,407,O,,-7803,2,3,ok
9,8576,419,O,,-8157,2,3,ok
9,8638,421,O,,-8217,1,3,ok
9,9010,433,O,,-8577,1,3,ok
9,21,442,E,1,421,0,3,ok
9,21,482,E,41,461,0,3,ok
9,9324,443,O,,-8881,0,3,ok
9,362,131044,E,0,130682,2,4,ok
9,362,131768,E,724,131406,2,4,ok
9,364,51,O,,-313,1,4,ok
9,364,132496,E,0,132132,1,4,ok
9,364,133224,E,728,132860,1,4,ok
9,366,133956,E,0,133590,0,4,ok
9,366,134688,E,732,134322,0,4,ok
9,368,135424,E,0,135056,2,4,ok
9,368,136160,E,736,135792,2,4,ok
9,370,136900,E,0,136530,1,4,ok
9,370,137640,E,740,137270,1,4,ok
9,372,138384,E,0,138012,0,4,ok
9,372,139128,E,744,138756,0,4,ok
9,374,139876,E,0,139502,2,4,ok
9,374,140624,E,748,140250,2,4,ok
9,376,141376,E,0,141000,1,4,ok
9,376,142128,E,752,141752,1,4,ok
9,378,142884,E,0,142506,0,4,ok
9,378,143640,E,756,143262,0,4,ok
9,380,144400,E,0,144020,2,4,ok
9,380,145160,E,760,144780,2,4,ok
9,382,145924,E,0,145542,1,4,ok
9,382,146688,E,764,146306,1,4,ok
9,384,147456,E,0,147072,0,4,ok
9,384,148224,E,768,147840,0,4,ok
9,386,148996,E,0,148610,2,4,ok
9,386,149768,E,772,149382,2,4,ok
9,388,150544,E,0,150156,1,4,ok
9,388,151320,E,776,150932,1,4,ok
9,390,152100,E,0,151710,0,4,ok
9,390,152880,E,780,152490,0,4,ok
9,392,153664,E,0,153272,2,4,ok
9,392,154448,E,784,154056,2,4,ok
9,394,155236,E,0,154842,1,4,ok
9,394,156024,E,788,155630,1,4,ok
9,396,156816,E,0,156420,0,4,ok
9,396,157608,E,792,157212,0,4,ok
9,398,158404,E,0,158006,2,4,ok
9,398,159200,E,796,158802,2,4,ok
9,359,128882,E,1,128523,2,4,ok
9,359,129598,E,717,129239,2,4,ok
9,369,136162,E,1,135793,0,4,ok
9,369,136898,E,737,136529,0,4,ok
9,381,145162,E,1,144781,0,4,ok
9,381,145922,E,761,145541,0,4,ok
9,385,53,O,,-332,1,4,ok
9,385,148226,E,1,147841,1,4,ok
9,385,148994,E,769,148609,1,4,ok
9,393,154450,E,1,154057,0,4,ok
9,393,155234,E,785,154841,0,4,ok
9,395,156026,E,1,155631,2,4,ok
9,395,156814,E,789,156419,2,4,ok
9,397,157610,E,1,157213,1,4,ok
9,397,158402,E,793,158005,1,4,ok
9,405,164026,E,1,163621,0,4,ok
9,405,164834,E,809,164429,0,4,ok
9,407,55,O,,-352,2,4,ok
9,407,165650,E,1,165243,2,4,ok
9,407,166462,E,813,166055,2,4,ok
9,419,175562,E,1,175143,2,4,ok
9,419,176398,E,837,175979,2,4,ok
9,421,177242,E,1,176821,1,4,ok
9,421,178082,E,841,177661,1,4,ok
9,433,187490,E,1,187057,1,4,ok
9,433,188354,E,865,187921,1,4,ok
9,442,195364,E,0,194922,1,4,ok
9,442,196248,E,884,195806,1,4,ok
9,444,197136,E,0,196692,0,4,ok
9,444,198024,E,888,197580,0,4,ok
9,446,198916,E,0,198470,2,4,ok
9,446,199808,E,892,199362,2,4,ok
9,448,200704,E,0,200256,1,4,ok
9,448,201600,E,896,201152,1,4,ok
9,450,202500,E,0,202050,0,4,ok
9,450,203400,E,900,202950,0,4,ok
9,452,204304,E,0,203852,2,4,ok
9,452,205208,E,904,204756,2,4,ok
9,454,206116,E,0,205662,1,4,ok
9,454,207024,E,908,206570,1,4,ok
9,456,207936,E,0,207480,0,4,ok
9,456,208848,E,912,208392,0,4,ok
9,458,209764,E,0,209306,2,4,ok
9,458,210680,E,916,210222,2,4,ok
9,460,211600,E,0,211140,1,4,ok
9,460,212520,E,920,212060,1,4,ok
9,462,213444,E,0,212982,0,4,ok
9,462,214368,E,924,213906,0,4,ok
9,464,215296,E,0,214832,2,4,ok
9,464,216224,E,928,215760,2,4,ok
9,466,217156,E,0,216690,1,4,ok
9,466,218088,E,932,217622,1,4,ok
9,468,219024,E,0,218556,0,4,ok
9,468,219960,E,936,219492,0,4,ok
9,470,220900,E,0,220430,2,4,ok
9,470,221840,E,940,221370,2,4,ok
9,472,222784,E,0,222312,1,4,ok
9,472,223728,E,944,223256,1,4,ok
9,474,224676,E,0,224202,0,4,ok
9,474,225624,E,948,225150,0,4,ok
9,476,61,O,,-415,2,4,ok
9,476,226576,E,0,226100,2,4,ok
9,476,227528,E,952,227052,2,4,ok
9,478,228484,E,0,228006,1,4,ok
9,478,229440,E,956,228962,1,4,ok
9,480,230400,E,0,229920,0,4,ok
9,480,231360,E,960,230880,0,4,ok
9,482,232324,E,0,231842,2,4,ok
9,482,233288,E,964,232806,2,4,ok
9,443,196250,E,1,195807,2,4,ok
9,443,197134,E,885,196691,2,4,ok
9,131276,2583,O,,-128693,2,5,ok
9,131428,2585,O,,-128843,1,5,ok
9,131734,2589,O,,-129145,1,5,ok
9,51,2602,E,1,2551,0,5,ok
9,51,2702,E,101,2651,0,5,ok
9,132498,2599,O,,-129899,0,5,ok
9,132804,2603,O,,-130201,0,5,ok
9,133110,2607,O,,-130503,0,5,ok
9,134030,2619,O,,-131411,2,5,ok
9,134644,2627,O,,-132017,1,5,ok
9,135568,2639,O,,-132929,1,5,ok
9,135722,2641,O,,-133081,2,5,ok
9,135876,2643,O,,-133233,0,5,ok
9,137112,2659,O,,-134453,0,5,ok
9,137422,2663,O,,-134759,1,5,ok
9,137576,2665,O,,-134911,2,5,ok
9,138662,2679,O,,-135983,2,5,ok
9,139128,2685,O,,-136443,0,5,ok
9,139906,2695,O,,-137211,1,5,ok
9,140062,2697,O,,-137365,1,5,ok
9,140218,2699,O,,-137519,1,5,ok
9,140374,2701,O,,-137673,1,5,ok
9,140530,2703,O,,-137827,1,5,ok
9,141466,2715,O,,-138751,1,5,ok
9,141936,2721,O,,-139215,0,5,ok
9,142092,2723,O,,-139369,0,5,ok
9,143032,2735,O,,-140297,1,5,ok
9,143346,2739,O,,-140607,0,5,ok
9,144604,2755,O,,-141849,1,5,ok
9,144762,2757,O,,-142005,0,5,ok
9,146024,2773,O,,-143251,2,5,ok
9,146182,2775,O,,-143407,1,5,ok
9,146340,2777,O,,-143563,0,5,ok
9,146498,2779,O,,-143719,2,5,ok
9,146656,2781,O,,-143875,1,5,ok
9,147606,2793,O,,-144813,0,5,ok
9,147924,2797,O,,-145127,0,5,ok
9,148082,2799,O,,-145283,2,5,ok
9,149036,2811,O,,-146225,2,5,ok
9,149354,2815,O,,-146539,2,5,ok
9,149672,2819,O,,-146853,2,5,ok
9,150948,2835,O,,-148113,0,5,ok
9,151108,2837,O,,-148271,1,5,ok
9,151268,2839,O,,-148429,2,5,ok
9,152228,2851,O,,-149377,2,5,ok
9,152388,2853,O,,-149535,0,5,ok
9,152548,2855,O,,-149693,1,5,ok
9,153672,2869,O,,-150803,0,5,ok
9,154154,2875,O,,-151279,2,5,ok
9,155282,2889,O,,-152393,2,5,ok
9,155604,2893,O,,-152711,0,5,ok
9,155766,2895,O,,-152871,0,5,ok
9,158518,2929,O,,-155589,1,5,ok
9,158680,2931,O,,-155749,1,5,ok
9,159168,2937,O,,-156231,0,5,ok
9,136494,2651,O,,-133843,0,5,ok
9,136648,2653,O,,-133995,1,5,ok
9,145392,2765,O,,-142627,0,5,ok
9,145550,2767,O,,-142783,2,5,ok
9,145708,2769,O,,-142939,1,5,ok
9,145866,2771,O,,-143095,0,5,ok
9,53,2810,E,1,2757,2,5,ok
9,53,2914,E,105,2861,2,5,ok
9,148400,2803,O,,-145597,2,5,ok
9,148718,2807,O,,-145911,2,5,ok
9,154476,2879,O,,-151597,0,5,ok
9,154798,2883,O,,-151915,1,5,ok
9,155120,2887,O,,-152233,2,5,ok
9,156250,2901,O,,-153349,1,5,ok
9,156412,2903,O,,-153509,1,5,ok
9,164070,2997,O,,-161073,0,5,ok
9,164234,2999,O,,-161235,2,5,ok
9,164398,3001,O,,-161397,1,5,ok
9,55,3026,E,1,2971,1,5,ok
9,55,3134,E,109,3079,1,5,ok
9,165880,3019,O,,-162861,1,5,ok
9,166210,3023,O,,-163187,1,5,ok
9,175700,3137,O,,-172563,2,5,ok
9,175868,3139,O,,-172729,2,5,ok
9,176036,3141,O,,-172895,2,5,ok
9,176204,3143,O,,-173061,2,5,ok
9,176372,3145,O,,-173227,2,5,ok
9,177382,3157,O,,-174225,1,5,ok
9,177720,3161,O,,-174559,0,5,ok
9,177888,3163,O,,-174725,0,5,ok
9,187592,3277,O,,-184315,2,5,ok
9,196244,3377,O,,-192867,2,5,ok
9,197640,3393,O,,-194247,0,5,ok
9,197990,3397,O,,-194593,2,5,ok
9,199040,3409,O,,-195631,2,5,ok
9,199390,3413,O,,-195977,1,5,ok
9,200794,3429,O,,-197365,1,5,ok
9,203082,3455,O,,-199627,0,5,ok
9,203258,3457,O,,-199801,2,5,ok
9,204494,3471,O,,-201023,2,5,ok
9,204848,3475,O,,-201373,2,5,ok
9,205202,3479,O,,-201723,2,5,ok
9,206264,3491,O,,-202773,2,5,ok
9,206796,3497,O,,-203299,0,5,ok
9,206974,3499,O,,-203475,1,5,ok
9,209998,3533,O,,-206465,1,5,ok
9,210176,3535,O,,-206641,2,5,ok
9,210354,3537,O,,-206817,0,5,ok
9,211962,3555,O,,-208407,0,5,ok
9,212320,3559,O,,-208761,1,5,ok
9,213574,3573,O,,-210001,1,5,ok
9,214112,3579,O,,-210533,2,5,ok
9,214292,3581,O,,-210711,2,5,ok
9,215370,3593,O,,-211777,0,5,ok
9,215550,3595,O,,-211955,0,5,ok
9,215730,3597,O,,-212133,0,5,ok
9,215910,3599,O,,-212311,0,5,ok
9,216090,3601,O,,-212489,0,5,ok
9,217712,3619,O,,-214093,2,5,ok
9,217892,3621,O,,-214271,2,5,ok
9,219338,3637,O,,-215701,2,5,ok
9,219700,3641,O,,-216059,1,5,ok
9,220968,3655,O,,-217313,0,5,ok
9,221150,3657,O,,-217493,2,5,ok
9,221694,3663,O,,-218031,0,5,ok
9,222966,3677,O,,-219289,0,5,ok
9,223148,3679,O,,-219469,2,5,ok
9,223330,3681,O,,-219649,1,5,ok
9,223512,3683,O,,-219829,0,5,ok
9,223694,3685,O,,-220009,2,5,ok
9,224788,3697,O,,-221091,1,5,ok
9,224970,3699,O,,-221271,0,5,ok
9,225518,3705,O,,-221813,2,5,ok
9,61,3722,E,1,3661,1,5,ok
9,61,3842,E,121,3781,1,5,ok
9,226798,3719,O,,-223079,1,5,ok
9,227164,3723,O,,-223441,1,5,ok
9,228996,3743,O,,-225253,0,5,ok
9,229180,3745,O,,-225435,1,5,ok
9,229364,3747,O,,-225617,2,5,ok
9,230466,3759,O,,-226707,0,5,ok
9,230650,3761,O,,-226889,1,5,ok
9,230834,3763,O,,-227071,2,5,ok
9,231018,3765,O,,-227253,0,5,ok
9,231202,3767,O,,-227435,1,5,ok
9,232862,3785,O,,-229077,2,5,ok
9,233046,3787,O,,-229259,0,5,ok
9,196418,3379,O,,-193039,2,5,ok
9,196592,3381,O,,-193211,2,5,ok
9,197116,3387,O,,-193729,1,5,ok
9,2639,191,O,,-2448,2,6,ok
9,2723,195,O,,-2528,2,6,ok
9,2765,197,O,,-2568,2,6,ok
9,2892,203,O,,-2689,0,6,ok
9,2807,199,O,,-2608,2,6,ok
9,3064,211,O,,-2853,1,6,ok
9,3108,213,O,,-2895,0,6,ok
9,3834,245,O,,-3589,0,6,ok
9,3787,243,O,,-3544,1,6,ok
9,191,36482,E,1,36291,2,7,ok
9,191,36862,E,381,36671,2,7,ok
9,195,38026,E,1,37831,0,7,ok
9,195,38414,E,389,38219,0,7,ok
9,197,38810,E,1,38613,2,7,ok
9,197,39202,E,393,39005,2,7,ok
9,203,41210,E,1,41007,2,7,ok
9,203,41614,E,405,41411,2,7,ok
9,199,39602,E,1,39403,1,7,ok
9,199,39998,E,397,39799,1,7,ok
9,211,44522,E,1,44311,1,7,ok
9,211,44942,E,421,44731,1,7,ok
9,213,45370,E,1,45157,0,7,ok
9,213,45794,E,425,45581,0,7,ok
9,245,60026,E,1,59781,2,7,ok
9,245,60514,E,489,60269,2,7,ok
9,243,39,O,,-204,0,7,ok
9,243,59050,E,1,58807,0,7,ok
9,243,59534,E,485,59291,0,7,ok
9,36532,1101,O,,-35431,1,8,ok
9,36632,1103,O,,-35529,2,8,ok
9,38136,1133,O,,-37003,0,8,ok
9,38338,1137,O,,-37201,1,8,ok
9,39866,1167,O,,-38699,2,8,ok
9,39968,1169,O,,-38799,2,8,ok
9,44672,1259,O,,-43413,2,8,ok
9,44778,1261,O,,-43517,0,8,ok
9,45526,1275,O,,-44251,1,8,ok
9,60492,1541,O,,-58951,0,8,ok
9,39,1522,E,1,1483,0,8,ok
9,39,1598,E,77,1559,0,8,ok
9,59202,1519,O,,-57683,0,8,ok
9,59436,1523,O,,-57913,0,8,ok
9,1137,109,O,,-1028,0,9,ok
9,1169,111,O,,-1058,2,9,ok
9,1568,135,O,,-1433,2,9,ok
9,109,11882,E,1,11773,1,10,ok
9,109,12098,E,217,11989,1,10,ok
9,111,12322,E,1,12211,0,10,ok
9,111,12542,E,221,12431,0,10,ok
9,135,18226,E,1,18091,0,10,ok
9,135,18494,E,269,18359,0,10,ok
9,11892,521,O,,-11371,0,11,ok
9,11960,523,O,,-11437,2,11,ok
9,12098,527,O,,-11571,2,11,ok
9,12374,535,O,,-11839,2,11,ok
9,12444,537,O,,-11907,0,11,ok
9,18322,695,O,,-17627,1,11,ok
9,18480,699,O,,-17781,0,11,ok
9,521,271442,E,1,270921,2,12,ok
9,521,272482,E,1041,271961,2,12,ok
9,523,273530,E,1,273007,1,12,ok
9,523,274574,E,1045,274051,1,12,ok
9,527,277730,E,1,277203,2,12,ok
9,527,278782,E,1053,278255,2,12,ok
9,535,286226,E,1,285691,1,12,ok
9,535,287294,E,1069,286759,1,12,ok
9,537,288370,E,1,287833,0,12,ok
9,537,289442,E,1073,288905,0,12,ok
9,695,483026,E,1,482331,2,12,ok
9,695,484414,E,1389,483719,2,12,ok
9,699,488602,E,1,487903,0,12,ok
9,699,489998,E,1397,489299,0,12,ok
37,37,1370,E,1,1333,1,1,ok
37,37,1442,E,73,1405,1,1,ok
49,49,2402,E,1,2353,1,1,ok
49,49,2498,E,97,2449,1,1,ok
69,69,4762,E,1,4693,0,1,ok
69,69,4898,E,137,4829,0,1,ok
69,4862,287,O,,-4575,2,2,ok
69,287,82370,E,1,82083,2,3,ok
69,287,82942,E,573,82655,2,3,ok
69,82492,1895,O,,-80597,1,4,ok
69,82884,1901,O,,-80983,0,4,ok
77,77,5930,E,1,5853,2,1,ok
77,77,6082,E,153,6005,2,1,ok
77,6022,331,O,,-5691,1,2,ok
77,6076,333,O,,-5743,1,2,ok
77,331,109562,E,1,109231,1,3,ok
77,331,110222,E,661,109891,1,3,ok
77,333,110890,E,1,110557,0,3,ok
77,333,111554,E,665,111221,0,3,ok
77,109800,2293,O,,-107507,0,4,ok
77,109944,2295,O,,-107649,0,4,ok
77,110088,2297,O,,-107791,0,4,ok
77,110952,2309,O,,-108643,0,4,ok
77,111096,2311,O,,-108785,0,4,ok
77,111240,2313,O,,-108927,0,4,ok
77,111384,2315,O,,-109069,0,4,ok
77,2315,175,O,,-2140,2,5,ok
77,175,30626,E,1,30451,1,6,ok
77,175,30974,E,349,30799,1,6,ok
193,193,37250,E,1,37057,1,1,ok
193,193,37634,E,385,37441,1,1,ok
193,37432,1119,O,,-36313,1,2,ok
193,37532,1121,O,,-36411,2,2,ok
193,1119,1252162,E,1,1251043,0,3,ok
193,1119,1254398,E,2237,1253279,0,3,ok
193,1121,1256642,E,1,1255521,2,3,ok
193,1121,1258882,E,2241,1257761,2,3,ok
193,1252752,11621,O,,-1241131,0,4,ok
193,1253722,11627,O,,-1242095,1,4,ok
193,1254046,11629,O,,-1242417,1,4,ok
193,1257282,11649,O,,-1245633,0,4,ok
193,1257606,11651,O,,-1245955,0,4,ok
193,1257930,11653,O,,-1246277,0,4,ok
193,1258254,11655,O,,-1246599,0,4,ok
193,1258578,11657,O,,-1246921,0,4,ok
243,243,39,O,,-204,0,1,ok
243,243,59050,E,1,58807,0,1,ok
243,243,59534,E,485,59291,0,1,ok
243,39,1522,E,1,1483,0,2,ok
243,39,1598,E,77,1559,0,2,ok
243,59202,1519,O,,-57683,0,2,ok
243,59436,1523,O,,-57913,0,2,ok
243,1522,2316484,E,0,2314962,1,3,ok
243,1522,2319528,E,3044,2318006,1,3,ok
243,1524,2322576,E,0,2321052,0,3,ok
243,1524,2325624,E,3048,2324100,0,3,ok
243,1526,2328676,E,0,2327150,2,3,ok
243,1526,2331728,E,3052,2330202,2,3,ok
243,1528,2334784,E,0,2333256,1,3,ok
243,1528,2337840,E,3056,2336312,1,3,ok
243,1530,2340900,E,0,2339370,0,3,ok
243,1530,2343960,E,3060,2342430,0,3,ok
243,1532,2347024,E,0,2345492,2,3,ok
243,1532,2350088,E,3064,2348556,2,3,ok
243,1534,2353156,E,0,2351622,1,3,ok
243,1534,2356224,E,3068,2354690,1,3,ok
243,1536,2359296,E,0,2357760,0,3,ok
243,1536,2362368,E,3072,2360832,0,3,ok
243,1538,2365444,E,0,2363906,2,3,ok
243,1538,2368520,E,3076,2366982,2,3,ok
243,1540,2371600,E,0,2370060,1,3,ok
243,1540,2374680,E,3080,2373140,1,3,ok
243,1542,2377764,E,0,2376222,0,3,ok
243,1542,2380848,E,3084,2379306,0,3,ok
243,1544,2383936,E,0,2382392,2,3,ok
243,1544,2387024,E,3088,2385480,2,3,ok
243,1546,2390116,E,0,2388570,1,3,ok
243,1546,2393208,E,3092,2391662,1,3,ok
243,1548,2396304,E,0,2394756,0,3,ok
243,1548,2399400,E,3096,2397852,0,3,ok
243,1550,2402500,E,0,2400950,2,3,ok
243,1550,2405600,E,3100,2404050,2,3,ok
243,1552,2408704,E,0,2407152,1,3,ok
243,1552,2411808,E,3104,2410256,1,3,ok
243,1554,2414916,E,0,2413362,0,3,ok
243,1554,2418024,E,3108,2416470,0,3,ok
243,1556,2421136,E,0,2419580,2,3,ok
243,1556,2424248,E,3112,2422692,2,3,ok
243,1558,2427364,E,0,2425806,1,3,ok
243,1558,2430480,E,3116,2428922,1,3,ok
243,1560,2433600,E,0,2432040,0,3,ok
243,1560,2436720,E,3120,2435160,0,3,ok
243,1562,2439844,E,0,2438282,2,3,ok
243,1562,2442968,E,3124,2441406,2,3,ok
243,1564,2446096,E,0,2444532,1,3,ok
243,1564,2449224,E,3128,2447660,1,3,ok
243,1566,2452356,E,0,2450790,0,3,ok
243,1566,2455488,E,3132,2453922,0,3,ok
243,1568,135,O,,-1433,2,3,ok
243,1568,2458624,E,0,2457056,2,3,ok
243,1568,2461760,E,3136,2460192,2,3,ok
243,1570,2464900,E,0,2463330,1,3,ok
243,1570,2468040,E,3140,2466470,1,3,ok
243,1572,2471184,E,0,2469612,0,3,ok
243,1572,2474328,E,3144,2472756,0,3,ok
243,1574,2477476,E,0,2475902,2,3,ok
243,1574,2480624,E,3148,2479050,2,3,ok
243,1576,2483776,E,0,2482200,1,3,ok
243,1576,2486928,E,3152,2485352,1,3,ok
243,1578,2490084,E,0,2488506,0,3,ok
243,1578,2493240,E,3156,2491662,0,3,ok
243,1580,2496400,E,0,2494820,2,3,ok
243,1580,2499560,E,3160,2497980,2,3,ok
243,1582,2502724,E,0,2501142,1,3,ok
243,1582,2505888,E,3164,2504306,1,3,ok
243,1584,2509056,E,0,2507472,0,3,ok
243,1584,2512224,E,3168,2510640,0,3,ok
243,1586,2515396,E,0,2513810,2,3,ok
243,1586,2518568,E,3172,2516982,2,3,ok
243,1588,2521744,E,0,2520156,1,3,ok
243,1588,2524920,E,3176,2523332,1,3,ok
243,1590,2528100,E,0,2526510,0,3,ok
243,1590,2531280,E,3180,2529690,0,3,ok
243,1592,2534464,E,0,2532872,2,3,ok
243,1592,2537648,E,3184,2536056,2,3,ok
243,1594,2540836,E,0,2539242,1,3,ok
243,1594,2544024,E,3188,2542430,1,3,ok
243,1596,2547216,E,0,2545620,0,3,ok
243,1596,2550408,E,3192,2548812,0,3,ok
243,1598,2553604,E,0,2552006,2,3,ok
243,1598,2556800,E,3196,2555202,2,3,ok
243,1519,2307362,E,1,2305843,1,3,ok
243,1519,2310398,E,3037,2308879,1,3,ok
243,1523,2319530,E,1,2318007,2,3,ok
243,1523,2322574,E,3045,2321051,2,3,ok
243,2316818,17509,O,,-2299309,2,4,ok
243,2317612,17513,O,,-2300099,1,4,ok
243,2318406,17517,O,,-2300889,0,4,ok
243,2319200,17521,O,,-2301679,2,4,ok
243,2323172,17541,O,,-2305631,2,4,ok
243,2323570,17543,O,,-2306027,1,4,ok
243,2324364,17547,O,,-2306817,0,4,ok
243,2324762,17549,O,,-2307213,2,4,ok
243,2329532,17573,O,,-2311959,2,4,ok
243,2329930,17575,O,,-2312355,1,4,ok
243,2330328,17577,O,,-2312751,0,4,ok
243,2330726,17579,O,,-2313147,2,4,ok
243,2335102,17601,O,,-2317501,1,4,ok
243,2335500,17603,O,,-2317897,0,4,ok
243,2335898,17605,O,,-2318293,2,4,ok
243,2336296,17607,O,,-2318689,1,4,ok
243,2341872,17635,O,,-2324237,0,4,ok
243,2342270,17637,O,,-2324633,2,4,ok
243,2343864,17645,O,,-2326219,0,4,ok
243,2347850,17665,O,,-2330185,2,4,ok
243,2348648,17669,O,,-2330979,2,4,ok
243,2349046,17671,O,,-2331375,1,4,ok
243,2349844,17675,O,,-2332169,1,4,ok
243,2353834,17695,O,,-2336139,1,4,ok
243,2354632,17699,O,,-2336933,1,4,ok
243,2355430,17703,O,,-2337727,1,4,ok
243,2359822,17725,O,,-2342097,1,4,ok
243,2360222,17727,O,,-2342495,2,4,ok
243,2361020,17731,O,,-2343289,2,4,ok
243,2361420,17733,O,,-2343687,0,4,ok
243,2365816,17755,O,,-2348061,1,4,ok
243,2366216,17757,O,,-2348459,2,4,ok
243,2371814,17785,O,,-2354029,2,4,ok
243,2374616,17799,O,,-2356817,2,4,ok
243,2377818,17815,O,,-2360003,0,4,ok
243,2379020,17821,O,,-2361199,2,4,ok
243,2379420,17823,O,,-2361597,0,4,ok
243,2380622,17829,O,,-2362793,2,4,ok
243,2384228,17847,O,,-2366381,2,4,ok
243,2385430,17853,O,,-2367577,1,4,ok
243,2386232,17857,O,,-2368375,2,4,ok
243,2390242,17877,O,,-2372365,1,4,ok
243,2391044,17881,O,,-2373163,2,4,ok
243,2392248,17887,O,,-2374361,0,4,ok
243,2393050,17891,O,,-2375159,1,4,ok
243,2397064,17911,O,,-2379153,1,4,ok
243,2397466,17913,O,,-2379553,1,4,ok
243,2398670,17919,O,,-2380751,2,4,ok
243,2399072,17921,O,,-2381151,2,4,ok
243,2409924,17975,O,,-2391949,0,4,ok
243,2410326,17977,O,,-2392349,0,4,ok
243,2410728,17979,O,,-2392749,0,4,ok
243,2411130,17981,O,,-2393149,0,4,ok
243,2415154,18001,O,,-2397153,1,4,ok
243,2416362,18007,O,,-2398355,0,4,ok
243,2416764,18009,O,,-2398755,0,4,ok
243,2417570,18013,O,,-2399557,2,4,ok
243,2417972,18015,O,,-2399957,2,4,ok
243,2421194,18031,O,,-2403163,2,4,ok
243,2422000,18035,O,,-2403965,1,4,ok
243,2422806,18039,O,,-2404767,0,4,ok
243,2423612,18043,O,,-2405569,2,4,ok
243,2428046,18065,O,,-2409981,2,4,ok
243,2428852,18069,O,,-2410783,1,4,ok
243,2430062,18075,O,,-2411987,2,4,ok
243,2434500,18097,O,,-2416403,0,4,ok
243,2434904,18099,O,,-2416805,2,4,ok
243,2436518,18107,O,,-2418411,2,4,ok
243,2440152,18125,O,,-2422027,0,4,ok
243,2440556,18127,O,,-2422429,2,4,ok
243,2440960,18129,O,,-2422831,1,4,ok
243,2441364,18131,O,,-2423233,0,4,ok
243,2441768,18133,O,,-2423635,2,4,ok
243,2442172,18135,O,,-2424037,1,4,ok
243,2442576,18137,O,,-2424439,0,4,ok
243,2447022,18159,O,,-2428863,0,4,ok
243,2447426,18161,O,,-2429265,2,4,ok
243,2447830,18163,O,,-2429667,1,4,ok
243,2452684,18187,O,,-2434497,1,4,ok
243,2453088,18189,O,,-2434899,0,4,ok
243,2454302,18195,O,,-2436107,2,4,ok
243,135,18226,E,1,18091,0,4,ok
243,135,18494,E,269,18359,0,4,ok
243,2459160,18219,O,,-2440941,0,4,ok
243,2459970,18223,O,,-2441747,0,4,ok
243,2460780,18227,O,,-2442553,0,4,ok
243,2461590,18231,O,,-2443359,0,4,ok
243,2465236,18249,O,,-2446987,1,4,ok
243,2466452,18255,O,,-2448197,2,4,ok
243,2467668,18261,O,,-2449407,0,4,ok
243,2471318,18279,O,,-2453039,2,4,ok
243,2472534,18285,O,,-2454249,0,4,ok
243,2472940,18287,O,,-2454653,1,4,ok
243,2473346,18289,O,,-2455057,2,4,ok
243,2473752,18291,O,,-2455461,0,4,ok
243,2477810,18311,O,,-2459499,2,4,ok
243,2478216,18313,O,,-2459903,0,4,ok
243,2478622,18315,O,,-2460307,1,4,ok
243,2479028,18317,O,,-2460711,2,4,ok
243,2479434,18319,O,,-2461115,0,4,ok
243,2479840,18321,O,,-2461519,1,4,ok
243,2480246,18323,O,,-2461923,2,4,ok
243,2483902,18341,O,,-2465561,1,4,ok
243,2484308,18343,O,,-2465965,2,4,ok
243,2484714,18345,O,,-2466369,0,4,ok
243,2485934,18351,O,,-2467583,2,4,ok
243,2486340,18353,O,,-2467987,0,4,ok
243,2486746,18355,O,,-2468391,1,4,ok
243,2490812,18375,O,,-2472437,2,4,ok
243,2492032,18381,O,,-2473651,1,4,ok
243,2492846,18385,O,,-2474461,2,4,ok
243,2496914,18405,O,,-2478509,2,4,ok
243,2497728,18409,O,,-2479319,0,4,ok
243,2498950,18415,O,,-2480535,1,4,ok
243,2503022,18435,O,,-2484587,2,4,ok
243,2503836,18439,O,,-2485397,0,4,ok
243,2504244,18441,O,,-2485803,0,4,ok
243,2505466,18447,O,,-2487019,1,4,ok
243,2505874,18449,O,,-2487425,1,4,ok
243,2509134,18465,O,,-2490669,0,4,ok
243,2509542,18467,O,,-2491075,0,4,ok
243,2509950,18469,O,,-2491481,0,4,ok
243,2511580,18477,O,,-2493103,1,4,ok
243,2511988,18479,O,,-2493509,1,4,ok
243,2515660,18497,O,,-2497163,1,4,ok
243,2516068,18499,O,,-2497569,1,4,ok
243,2516476,18501,O,,-2497975,1,4,ok
243,2516884,18503,O,,-2498381,1,4,ok
243,2517292,18505,O,,-2498787,1,4,ok
243,2517700,18507,O,,-2499193,1,4,ok
243,2518108,18509,O,,-2499599,1,4,ok
243,2518516,18511,O,,-2500005,1,4,ok
243,2521782,18527,O,,-2503255,0,4,ok
243,2523416,18535,O,,-2504881,2,4,ok
243,2523824,18537,O,,-2505287,2,4,ok
243,2528318,18559,O,,-2509759,2,4,ok
243,2529136,18563,O,,-2510573,1,4,ok
243,2530362,18569,O,,-2511793,0,4,ok
243,2531180,18573,O,,-2512607,2,4,ok
243,2534860,18591,O,,-2516269,1,4,ok
243,2536088,18597,O,,-2517491,2,4,ok
243,2536906,18601,O,,-2518305,1,4,ok
243,2541408,18623,O,,-2522785,0,4,ok
243,2542636,18629,O,,-2524007,1,4,ok
243,2543046,18631,O,,-2524415,0,4,ok
243,2549190,18661,O,,-2530529,0,4,ok
243,2549600,18663,O,,-2530937,2,4,ok
243,2550010,18665,O,,-2531345,1,4,ok
243,2553700,18683,O,,-2535017,1,4,ok
243,2554110,18685,O,,-2535425,0,4,ok
243,2554520,18687,O,,-2535833,2,4,ok
243,2554930,18689,O,,-2536241,1,4,ok
243,2555340,18691,O,,-2536649,0,4,ok
243,2555750,18693,O,,-2537057,2,4,ok
243,2556160,18695,O,,-2537465,1,4,ok
243,2307694,17463,O,,-2290231,1,4,ok
243,2308090,17465,O,,-2290625,1,4,ok
243,2309280,17471,O,,-2291809,0,4,ok
243,2309676,17473,O,,-2292203,0,4,ok
243,2319994,17525,O,,-2302469,1,4,ok
243,2320392,17527,O,,-2302865,0,4,ok
243,2321186,17531,O,,-2303655,2,4,ok
243,2321980,17535,O,,-2304445,1,4,ok
243,2322378,17537,O,,-2304841,0,4,ok
243,18322,695,O,,-17627,1,5,ok
243,18480,699,O,,-17781,0,5,ok
243,18559,701,O,,-17858,1,5,ok
243,17537,675,O,,-16862,2,5,ok
243,695,483026,E,1,482331,2,6,ok
243,695,484414,E,1389,483719,2,6,ok
243,699,488602,E,1,487903,0,6,ok
243,699,489998,E,1397,489299,0,6,ok
243,701,491402,E,1,490701,2,6,ok
243,701,492802,E,1401,492101,2,6,ok
243,675,77,O,,-598,0,6,ok
243,675,455626,E,1,454951,0,6,ok
243,675,456974,E,1349,456299,0,6,ok
243,483118,6157,O,,-476961,1,7,ok
243,483824,6163,O,,-477661,2,7,ok
243,484060,6165,O,,-477895,1,7,ok
243,484296,6167,O,,-478129,0,7,ok
243,489488,6211,O,,-483277,2,7,ok
243,489724,6213,O,,-483511,1,7,ok
243,491854,6231,O,,-485623,1,7,ok
243,492328,6235,O,,-486093,1,7,ok
243,492802,6239,O,,-486563,1,7,ok
243,77,5930,E,1,5853,2,7,ok
243,77,6082,E,153,6005,2,7,ok
243,455840,5923,O,,-449917,2,7,ok
243,456302,5927,O,,-450375,2,7,ok
243,456764,5931,O,,-450833,2,7,ok
243,6022,331,O,,-5691,1,8,ok
243,6076,333,O,,-5743,1,8,ok
243,331,109562,E,1,109231,1,9,ok
243,331,110222,E,661,109891,1,9,ok
243,333,110890,E,1,110557,0,9,ok
243,333,111554,E,665,111221,0,9,ok
243,109800,2293,O,,-107507,0,10,ok
243,109944,2295,O,,-107649,0,10,ok
243,110088,2297,O,,-107791,0,10,ok
243,110952,2309,O,,-108643,0,10,ok
243,111096,2311,O,,-108785,0,10,ok
243,111240,2313,O,,-108927,0,10,ok
243,111384,2315,O,,-109069,0,10,ok
243,2293,5257850,E,1,5255557,1,11,ok
243,2293,5262434,E,4585,5260141,1,11,ok
243,2295,5267026,E,1,5264731,0,11,ok
243,2295,5271614,E,4589,5269319,0,11,ok
243,2297,5276210,E,1,5273913,2,11,ok
243,2297,5280802,E,4593,5278505,2,11,ok
243,2309,5331482,E,1,5329173,2,11,ok
243,2309,5336098,E,4617,5333789,2,11,ok
243,2311,5340722,E,1,5338411,1,11,ok
243,2311,5345342,E,4621,5343031,1,11,ok
243,2313,5349970,E,1,5347657,0,11,ok
243,2313,5354594,E,4625,5352281,0,11,ok
243,2315,175,O,,-2140,2,11,ok
243,2315,5359226,E,1,5356911,2,11,ok
243,2315,5363854,E,4629,5361539,2,11,ok
243,5260456,30247,O,,-5230209,1,12,ok
243,5260978,30249,O,,-5230729,1,12,ok
243,5261500,30251,O,,-5231249,1,12,ok
243,5262022,30253,O,,-5231769,1,12,ok
243,5278206,30315,O,,-5247891,0,12,ok
243,5278728,30317,O,,-5248411,0,12,ok
243,5279250,30319,O,,-5248931,0,12,ok
243,5331574,30519,O,,-5301055,1,12,ok
243,5332098,30521,O,,-5301577,0,12,ok
243,5332622,30523,O,,-5302099,2,12,ok
243,5333146,30525,O,,-5302621,1,12,ok
243,5333670,30527,O,,-5303143,0,12,ok
243,5334194,30529,O,,-5303665,2,12,ok
243,5334718,30531,O,,-5304187,1,12,ok
243,5341010,30555,O,,-5310455,2,12,ok
243,5341534,30557,O,,-5310977,1,12,ok
243,5343108,30563,O,,-5312545,0,12,ok
243,5343632,30565,O,,-5313067,2,12,ok
243,5345206,30571,O,,-5314635,1,12,ok
243,5350452,30591,O,,-5319861,0,12,ok
243,5352026,30597,O,,-5321429,2,12,ok
243,5353076,30601,O,,-5322475,2,12,ok
243,175,30626,E,1,30451,1,12,ok
243,175,30974,E,349,30799,1,12,ok
243,5359900,30627,O,,-5329273,1,12,ok
243,5360950,30631,O,,-5330319,1,12,ok
243,5362000,30635,O,,-5331365,1,12,ok
243,5363050,30639,O,,-5332411,1,12,ok
365,365,133226,E,1,132861,2,1,ok
365,365,133954,E,729,133589,2,1,ok
365,133416,2611,O,,-130805,0,2,ok
365,133570,2613,O,,-130957,1,2,ok
365,133876,2617,O,,-131259,1,2,ok
365,2611,6817322,E,1,6814711,1,3,ok
365,2611,6822542,E,5221,6819931,1,3,ok
365,2613,6827770,E,1,6825157,0,3,ok
365,2613,6832994,E,5225,6830381,0,3,ok
365,2617,6848690,E,1,6846073,1,3,ok
365,2617,6853922,E,5233,6851305,1,3,ok
365,6817716,35955,O,,-6781761,0,4,ok
365,6818854,35959,O,,-6782895,1,4,ok
365,6819992,35963,O,,-6784029,2,4,ok
365,6820560,35965,O,,-6784595,0,4,ok
365,6821698,35969,O,,-6785729,1,4,ok
365,6827958,35991,O,,-6791967,0,4,ok
365,6829096,35995,O,,-6793101,1,4,ok
365,6830804,36001,O,,-6794803,2,4,ok
365,6831942,36005,O,,-6795937,0,4,ok
365,6832512,36007,O,,-6796505,0,4,ok
365,6850166,36069,O,,-6814097,2,4,ok
365,6850736,36071,O,,-6814665,2,4,ok
365,6851306,36073,O,,-6815233,2,4,ok
365,6851876,36075,O,,-6815801,2,4,ok
365,6852446,36077,O,,-6816369,2,4,ok
425,425,180626,E,1,180201,2,1,ok
425,425,181474,E,849,181049,2,1,ok
425,180764,3197,O,,-177567,2,2,ok
425,180934,3199,O,,-177735,1,2,ok
425,181104,3201,O,,-177903,0,2,ok
763,763,582170,E,1,581407,1,1,ok
763,763,583694,E,1525,582931,1,1,ok
763,582276,6973,O,,-575303,0,2,ok
763,583028,6979,O,,-576049,2,2,ok
763,6973,365,O,,-6608,1,3,ok
763,365,133226,E,1,132861,2,4,ok
763,365,133954,E,729,133589,2,4,ok
763,133416,2611,O,,-130805,0,5,ok
763,133570,2613,O,,-130957,1,5,ok
763,133876,2617,O,,-131259,1,5,ok
763,2611,6817322,E,1,6814711,1,6,ok
763,2611,6822542,E,5221,6819931,1,6,ok
763,2613,6827770,E,1,6825157,0,6,ok
763,2613,6832994,E,5225,6830381,0,6,ok
763,2617,6848690,E,1,6846073,1,6,ok
763,2617,6853922,E,5233,6851305,1,6,ok
763,6817716,35955,O,,-6781761,0,7,ok
763,6818854,35959,O,,-6782895,1,7,ok
763,6819992,35963,O,,-6784029,2,7,ok
763,6820560,35965,O,,-6784595,0,7,ok
763,6821698,35969,O,,-6785729,1,7,ok
763,6827958,35991,O,,-6791967,0,7,ok
763,6829096,35995,O,,-6793101,1,7,ok
763,6830804,36001,O,,-6794803,2,7,ok
763,6831942,36005,O,,-6795937,0,7,ok
763,6832512,36007,O,,-6796505,0,7,ok
763,6850166,36069,O,,-6814097,2,7,ok
763,6850736,36071,O,,-6814665,2,7,ok
763,6851306,36073,O,,-6815233,2,7,ok
763,6851876,36075,O,,-6815801,2,7,ok
763,6852446,36077,O,,-6816369,2,7,ok
1749,1749,3059002,E,1,3057253,0,1,ok
1749,1749,3062498,E,3497,3060749,0,1,ok
1749,3059070,21073,O,,-3037997,0,2,ok
1749,3059506,21075,O,,-3038431,1,2,ok
1749,3061248,21083,O,,-3040165,0,2,ok
1749,3061684,21085,O,,-3040599,1,2,ok
1749,21075,763,O,,-20312,0,3,ok
1749,763,582170,E,1,581407,1,4,ok
1749,763,583694,E,1525,582931,1,4,ok
1749,582276,6973,O,,-575303,0,5,ok
1749,583028,6979,O,,-576049,2,5,ok
1749,6973,365,O,,-6608,1,6,ok
1749,365,133226,E,1,132861,2,7,ok
1749,365,133954,E,729,133589,2,7,ok
1749,133416,2611,O,,-130805,0,8,ok
1749,133570,2613,O,,-130957,1,8,ok
1749,133876,2617,O,,-131259,1,8,ok
1749,2611,6817322,E,1,6814711,1,9,ok
1749,2611,6822542,E,5221,6819931,1,9,ok
1749,2613,6827770,E,1,6825157,0,9,ok
1749,2613,6832994,E,5225,6830381,0,9,ok
1749,2617,6848690,E,1,6846073,1,9,ok
1749,2617,6853922,E,5233,6851305,1,9,ok
1749,6817716,35955,O,,-6781761,0,10,ok
1749,6818854,35959,O,,-6782895,1,10,ok
1749,6819992,35963,O,,-6784029,2,10,ok
1749,6820560,35965,O,,-6784595,0,10,ok
1749,6821698,35969,O,,-6785729,1,10,ok
1749,6827958,35991,O,,-6791967,0,10,ok
1749,6829096,35995,O,,-6793101,1,10,ok
1749,6830804,36001,O,,-6794803,2,10,ok
1749,6831942,36005,O,,-6795937,0,10,ok
1749,6832512,36007,O,,-6796505,0,10,ok
1749,6850166,36069,O,,-6814097,2,10,ok
1749,6850736,36071,O,,-6814665,2,10,ok
1749,6851306,36073,O,,-6815233,2,10,ok
1749,6851876,36075,O,,-6815801,2,10,ok
1749,6852446,36077,O,,-6816369,2,10,ok
1999,1999,3996002,E,1,3994003,1,1,ok
1999,1999,3999998,E,3997,3997999,1,1,ok
1999,3996328,25183,O,,-3971145,1,2,ok
1999,3996804,25185,O,,-3971619,0,2,ok
1999,3997280,25187,O,,-3972093,2,2,ok
1999,3997756,25189,O,,-3972567,1,2,ok
2183,2183,4765490,E,1,4763307,2,1,ok
2183,2183,4769854,E,4365,4767671,2,1,ok
2183,4765592,28319,O,,-4737273,2,2,ok
2183,4766096,28321,O,,-4737775,2,2,ok
2183,4767106,28325,O,,-4738781,1,2,ok
2183,4768116,28329,O,,-4739787,0,2,ok
2183,4769126,28333,O,,-4740793,2,2,ok
